model,threshold,tp,fp,tn,fn,precision,recall,specificity,f1
mlp,0.0,199,1045,0,0,0.159967845659164,1.0,0.0,0.2758142758142758
mlp,1.928749847963918e-22,199,1045,0,0,0.159967845659164,1.0,0.0,0.2758142758142758
mlp,6.548961113172359e-22,199,1043,2,0,0.16022544283413848,1.0,0.0019138755980861245,0.2761970853573907
mlp,1.2595134997257029e-21,199,1042,3,0,0.16035455278001612,1.0,0.0028708133971291866,0.2763888888888889
mlp,1.6999540535572485e-21,199,1041,4,0,0.16048387096774194,1.0,0.003827751196172249,0.2765809589993051
mlp,2.514143276312383e-21,199,1040,5,0,0.1606133979015335,1.0,0.004784688995215311,0.2767732962447844
mlp,5.061412076999815e-21,199,1039,6,0,0.16074313408723748,1.0,0.005741626794258373,0.27696590118302017
mlp,5.333801059745094e-21,199,1038,7,0,0.1608730800323363,1.0,0.0066985645933014355,0.27715877437325903
mlp,5.427500938582116e-21,199,1037,8,0,0.1610032362459547,1.0,0.007655502392344498,0.2773519163763066
mlp,7.317445583845755e-21,199,1036,9,0,0.16113360323886639,1.0,0.00861244019138756,0.2775453277545328
mlp,1.1002695032513844e-20,199,1035,10,0,0.1612641815235008,1.0,0.009569377990430622,0.2777390090718772
mlp,1.5920643863486996e-20,199,1034,11,0,0.16139497161394972,1.0,0.010526315789473684,0.2779329608938547
mlp,2.5117551220749228e-20,199,1033,12,0,0.16152597402597402,1.0,0.011483253588516746,0.2781271837875611
mlp,2.7981942033509116e-20,199,1032,13,0,0.16165718927701056,1.0,0.012440191387559809,0.27832167832167837
mlp,3.7121256818948807e-20,199,1031,14,0,0.16178861788617885,1.0,0.013397129186602871,0.27851644506648
mlp,4.837297822569752e-20,199,1030,15,0,0.16192026037428803,1.0,0.014354066985645933,0.27871148459383754
mlp,5.2745695135095456e-20,199,1029,16,0,0.16205211726384364,1.0,0.015311004784688996,0.2789067974772249
mlp,9.688098477662826e-20,199,1028,17,0,0.1621841890790546,1.0,0.016267942583732056,0.2791023842917251
mlp,1.5944880518988517e-19,199,1027,18,0,0.16231647634584012,1.0,0.01722488038277512,0.27929824561403505
mlp,2.049501254016482e-19,199,1026,19,0,0.16244897959183674,1.0,0.01818181818181818,0.27949438202247195
mlp,2.7319296957732094e-19,199,1025,20,0,0.16258169934640523,1.0,0.019138755980861243,0.2796907940969782
mlp,4.252206925034366e-19,199,1024,21,0,0.16271463614063778,1.0,0.020095693779904306,0.279887482419128
mlp,4.722133849499959e-19,199,1023,22,0,0.16284779050736498,1.0,0.021052631578947368,0.2800844475721323
mlp,4.854612339851883e-19,199,1022,23,0,0.16298116298116297,1.0,0.02200956937799043,0.28028169014084503
mlp,5.261705160642939e-19,199,1021,24,0,0.16311475409836065,1.0,0.022966507177033493,0.28047921071176884
mlp,6.701692931648665e-19,199,1020,25,0,0.16324856439704677,1.0,0.023923444976076555,0.28067700987306066
mlp,1.3823337457523995e-18,199,1019,26,0,0.16338259441707717,1.0,0.024880382775119617,0.2808750882145377
mlp,1.7023106592818005e-18,199,1018,27,0,0.16351684470008218,1.0,0.02583732057416268,0.28107344632768366
mlp,1.7101508161881741e-18,199,1017,28,0,0.16365131578947367,1.0,0.026794258373205742,0.2812720848056537
mlp,2.4811060898998707e-18,199,1016,29,0,0.16378600823045267,1.0,0.027751196172248804,0.2814710042432814
mlp,2.5365687035836265e-18,199,1015,30,0,0.16392092257001648,1.0,0.028708133971291867,0.28167020523708425
mlp,3.0112339913322654e-18,199,1014,31,0,0.1640560593569662,1.0,0.02966507177033493,0.28186968838526916
mlp,3.2024985965770887e-18,199,1013,32,0,0.16419141914191418,1.0,0.03062200956937799,0.28206945428773916
mlp,5.243012535645006e-18,199,1012,33,0,0.16432700247729148,1.0,0.031578947368421054,0.2822695035460993
mlp,6.386113779187453e-18,199,1011,34,0,0.16446280991735537,1.0,0.03253588516746411,0.2824698367636622
mlp,6.672765014634506e-18,199,1010,35,0,0.16459884201819686,1.0,0.03349282296650718,0.2826704545454546
mlp,7.440645315972573e-18,199,1009,36,0,0.16473509933774835,1.0,0.03444976076555024,0.2828713574982232
mlp,8.002337137297319e-18,199,1008,37,0,0.16487158243579123,1.0,0.0354066985645933,0.283072546230441
mlp,8.875534140058332e-18,199,1007,38,0,0.16500829187396351,1.0,0.03636363636363636,0.28327402135231317
mlp,2.1492627527352335e-17,199,1006,39,0,0.16514522821576763,1.0,0.03732057416267943,0.28347578347578345
mlp,2.2466188309762407e-17,199,1005,40,0,0.16528239202657807,1.0,0.03827751196172249,0.28367783321454026
mlp,2.825634360183687e-17,199,1004,41,0,0.16541978387364922,1.0,0.03923444976076555,0.2838801711840228
mlp,2.931513714775751e-17,199,1003,42,0,0.16555740432612312,1.0,0.04019138755980861,0.2840827980014275
mlp,2.9521366780787276e-17,199,1002,43,0,0.16569525395503748,1.0,0.04114832535885168,0.2842857142857143
mlp,4.4028034370420995e-17,199,1001,44,0,0.16583333333333333,1.0,0.042105263157894736,0.2844889206576126
mlp,5.462711745326037e-17,199,1000,45,0,0.16597164303586323,1.0,0.0430622009569378,0.28469241773962806
mlp,7.245144247336572e-17,199,999,46,0,0.166110183639399,1.0,0.04401913875598086,0.28489620615604866
mlp,8.358642553604682e-17,199,998,47,0,0.16624895572263992,1.0,0.044976076555023926,0.2851002865329513
mlp,8.659294346076783e-17,199,997,48,0,0.16638795986622074,1.0,0.045933014354066985,0.2853046594982079
mlp,2.028770984382766e-16,199,996,49,0,0.16652719665271967,1.0,0.04688995215311005,0.2855093256814921
mlp,2.1526596939188506e-16,199,995,50,0,0.16666666666666666,1.0,0.04784688995215311,0.2857142857142857
mlp,2.602745447537364e-16,199,994,51,0,0.16680637049455155,1.0,0.04880382775119617,0.2859195402298851
mlp,2.8382496576224566e-16,199,993,52,0,0.1669463087248322,1.0,0.049760765550239235,0.2861250898634076
mlp,2.882788960379992e-16,199,992,53,0,0.1670864819479429,1.0,0.05071770334928229,0.28633093525179854
mlp,3.458533344963202e-16,199,991,54,0,0.1672268907563025,1.0,0.05167464114832536,0.28653707703383724
mlp,3.896114537732617e-16,199,990,55,0,0.16736753574432295,1.0,0.05263157894736842,0.28674351585014407
mlp,4.910287887479814e-16,199,989,56,0,0.1675084175084175,1.0,0.053588516746411484,0.2869502523431867
mlp,5.007512418184104e-16,199,988,57,0,0.16764953664700927,1.0,0.05454545454545454,0.28715728715728717
mlp,5.867044216155104e-16,199,987,58,0,0.16779089376053963,1.0,0.05550239234449761,0.28736462093862813
mlp,6.670669217052662e-16,199,986,59,0,0.1679324894514768,1.0,0.05645933014354067,0.28757225433526007
mlp,9.608219007903275e-16,199,984,61,0,0.16821639898562976,1.0,0.05837320574162679,0.28798842257597684
mlp,3.158947761360537e-15,199,983,62,0,0.16835871404399322,1.0,0.05933014354066986,0.28819695872556117
mlp,3.5399068981831896e-15,199,982,63,0,0.1685012701100762,1.0,0.06028708133971292,0.2884057971014493
mlp,3.7668742876095886e-15,199,981,64,0,0.16864406779661018,1.0,0.06124401913875598,0.2886149383611313
mlp,4.729453259899342e-15,199,980,65,0,0.16878710771840544,1.0,0.06220095693779904,0.2888243831640058
mlp,5.8067015555103e-15,199,979,66,0,0.16893039049235994,1.0,0.06315789473684211,0.28903413217138707
mlp,6.7688606473337014e-15,199,978,67,0,0.16907391673746813,1.0,0.06411483253588517,0.2892441860465116
mlp,6.803791635237037e-15,199,977,68,0,0.16921768707482993,1.0,0.06507177033492823,0.28945454545454546
mlp,7.426840949483273e-15,199,975,70,0,0.1695059625212947,1.0,0.06698564593301436,0.2898761835396941
mlp,7.602928652210068e-15,199,974,71,0,0.16965046888320545,1.0,0.06794258373205742,0.29008746355685133
mlp,9.499341541724514e-15,199,972,73,0,0.1699402220324509,1.0,0.06985645933014355,0.29051094890510953
mlp,1.1013245467508203e-14,199,971,74,0,0.1700854700854701,1.0,0.0708133971291866,0.2907231555880204
mlp,1.1665265454466336e-14,199,970,75,0,0.17023096663815226,1.0,0.07177033492822966,0.2909356725146199
mlp,1.339830160211591e-14,199,969,76,0,0.1703767123287671,1.0,0.07272727272727272,0.2911485003657644
mlp,1.5935665542704222e-14,199,968,77,0,0.17052270779777207,1.0,0.07368421052631578,0.2913616398243046
mlp,2.3684107367178724e-14,199,967,78,0,0.17066895368782162,1.0,0.07464114832535886,0.2915750915750916
mlp,3.045342870481999e-14,199,966,79,0,0.17081545064377682,1.0,0.07559808612440191,0.2917888563049853
mlp,3.589402801178675e-14,199,965,80,0,0.17096219931271478,1.0,0.07655502392344497,0.2920029347028613
mlp,3.8033765292623365e-14,199,964,81,0,0.1711092003439381,1.0,0.07751196172248803,0.2922173274596182
mlp,4.17509043939424e-14,199,963,82,0,0.1712564543889845,1.0,0.0784688995215311,0.2924320352681852
mlp,4.1865579462465436e-14,199,962,83,0,0.17140396210163653,1.0,0.07942583732057416,0.2926470588235294
mlp,4.5828345585250826e-14,199,961,84,0,0.17155172413793104,1.0,0.08038277511961722,0.29286239882266374
mlp,4.716286772744557e-14,199,960,85,0,0.17169974115616912,1.0,0.08133971291866028,0.2930780559646539
mlp,4.947123687795851e-14,199,959,86,0,0.17184801381692574,1.0,0.08229665071770335,0.2932940309506264
mlp,4.971306673452675e-14,199,958,87,0,0.17199654278305965,1.0,0.08325358851674641,0.29351032448377584
mlp,5.131098538128847e-14,199,957,88,0,0.17214532871972318,1.0,0.08421052631578947,0.2937269372693727
mlp,5.802416458642204e-14,199,956,89,0,0.1722943722943723,1.0,0.08516746411483253,0.29394387001477107
mlp,5.962059916403729e-14,199,955,90,0,0.17244367417677642,1.0,0.0861244019138756,0.2941611234294161
mlp,6.307917574123379e-14,199,954,91,0,0.17259323503902863,1.0,0.08708133971291866,0.2943786982248521
mlp,1.285907826657445e-13,199,953,92,0,0.17274305555555555,1.0,0.08803827751196172,0.2945965951147298
mlp,1.2932204081030193e-13,199,952,93,0,0.17289313640312773,1.0,0.08899521531100478,0.29481481481481486
mlp,2.4018964967616526e-13,199,951,94,0,0.17304347826086958,1.0,0.08995215311004785,0.2950333580429948
mlp,2.472657897913249e-13,199,950,95,0,0.1731940818102698,1.0,0.09090909090909091,0.2952522255192878
mlp,2.8451310502662607e-13,199,949,96,0,0.17334494773519163,1.0,0.09186602870813397,0.29547141796585
mlp,2.9400908462587504e-13,199,948,97,0,0.17349607672188316,1.0,0.09282296650717703,0.29569093610698366
mlp,4.109593451311935e-13,199,947,98,0,0.1736474694589878,1.0,0.0937799043062201,0.295910780669145
mlp,5.04309393923144e-13,199,946,99,0,0.1737991266375546,1.0,0.09473684210526316,0.29613095238095244
mlp,5.266503580138092e-13,199,945,100,0,0.17395104895104896,1.0,0.09569377990430622,0.29635145197319435
mlp,5.934628929749337e-13,199,944,101,0,0.17410323709536307,1.0,0.09665071770334928,0.2965722801788376
mlp,5.962938713280854e-13,199,943,102,0,0.17425569176882663,1.0,0.09760765550239234,0.29679343773303507
mlp,7.633669773594156e-13,199,942,103,0,0.17440841367221735,1.0,0.09856459330143541,0.29701492537313434
mlp,9.03687535966419e-13,199,941,104,0,0.17456140350877192,1.0,0.09952153110047847,0.2972367438386856
mlp,9.364949096116945e-13,199,940,105,0,0.17471466198419666,1.0,0.10047846889952153,0.2974588938714499
mlp,1.0321584112134953e-12,199,939,106,0,0.17486818980667837,1.0,0.10143540669856459,0.2976813762154076
mlp,1.662817815561728e-12,199,938,107,0,0.17502198768689534,1.0,0.10239234449760766,0.2979041916167665
mlp,1.9199455622973537e-12,199,937,108,0,0.17517605633802816,1.0,0.10334928229665072,0.29812734082397
mlp,2.0116970176941117e-12,199,936,109,0,0.17533039647577092,1.0,0.10430622009569378,0.2983508245877062
mlp,2.1228235823660733e-12,199,935,110,0,0.17548500881834214,1.0,0.10526315789473684,0.2985746436609152
mlp,2.3537800083938246e-12,199,934,111,0,0.17563989408649602,1.0,0.10622009569377991,0.2987987987987988
mlp,2.8913525655170517e-12,199,933,112,0,0.17579505300353357,1.0,0.10717703349282297,0.299023290758828
mlp,3.1066030015910377e-12,198,933,112,1,0.17506631299734748,0.9949748743718593,0.10717703349282297,0.29774436090225564
mlp,3.8232060785467255e-12,198,932,113,1,0.1752212389380531,0.9949748743718593,0.10813397129186603,0.2979683972911964
mlp,3.8758355480665134e-12,198,931,114,1,0.1753764393268379,0.9949748743718593,0.10909090909090909,0.29819277108433734
mlp,5.107110655176199e-12,198,930,115,1,0.17553191489361702,0.9949748743718593,0.11004784688995216,0.29841748304446114
mlp,5.575099093682509e-12,198,929,116,1,0.1756876663708962,0.9949748743718593,0.11100478468899522,0.2986425339366516
mlp,8.897696551122713e-12,198,928,117,1,0.17584369449378331,0.9949748743718593,0.11196172248803828,0.2988679245283019
mlp,9.4495512430468e-12,198,927,118,1,0.176,0.9949748743718593,0.11291866028708133,0.2990936555891239
mlp,9.797790748189827e-12,198,926,119,1,0.17615658362989323,0.9949748743718593,0.11387559808612441,0.29931972789115646
mlp,1.0480289859399523e-11,198,925,120,1,0.176313446126447,0.9949748743718593,0.11483253588516747,0.29954614220877457
mlp,1.067999624795368e-11,198,924,121,1,0.17647058823529413,0.9949748743718593,0.11578947368421053,0.299772899318698
mlp,1.2943335907841116e-11,198,923,122,1,0.17662801070472792,0.9949748743718593,0.11674641148325358,0.3
mlp,1.4399380840129313e-11,198,922,123,1,0.1767857142857143,0.9949748743718593,0.11770334928229666,0.3002274450341168
mlp,1.494254226684203e-11,198,921,124,1,0.1769436997319035,0.9949748743718593,0.11866028708133972,0.30045523520485584
mlp,1.7057490182127272e-11,198,920,125,1,0.1771019677996422,0.9949748743718593,0.11961722488038277,0.30068337129840544
mlp,1.7127681091262264e-11,198,919,126,1,0.17726051924798567,0.9949748743718593,0.12057416267942583,0.3009118541033435
mlp,2.0718499630482814e-11,198,918,127,1,0.1774193548387097,0.9949748743718593,0.1215311004784689,0.30114068441064645
mlp,2.3667164042810805e-11,198,917,128,1,0.17757847533632287,0.9949748743718593,0.12248803827751197,0.30136986301369867
mlp,2.371625440837082e-11,198,916,129,1,0.17773788150807898,0.9949748743718593,0.12344497607655502,0.3015993907083016
mlp,2.4951064399194525e-11,198,915,130,1,0.1778975741239892,0.9949748743718593,0.12440191387559808,0.3018292682926829
mlp,3.029886295298417e-11,198,914,131,1,0.17805755395683454,0.9949748743718593,0.12535885167464114,0.3020594965675057
mlp,3.249930089182318e-11,198,913,132,1,0.1782178217821782,0.9949748743718593,0.12631578947368421,0.30229007633587784
mlp,3.702355488915916e-11,198,912,133,1,0.1783783783783784,0.9949748743718593,0.12727272727272726,0.3025210084033613
mlp,3.8256008937689695e-11,198,911,134,1,0.17853922452660054,0.9949748743718593,0.12822966507177033,0.30275229357798167
mlp,5.705881450437604e-11,198,910,135,1,0.17870036101083034,0.9949748743718593,0.1291866028708134,0.3029839326702372
mlp,6.048372891009279e-11,198,909,136,1,0.17886178861788618,0.9949748743718593,0.13014354066985645,0.30321592649310875
mlp,7.759545610112293e-11,198,908,137,1,0.17902350813743217,0.9949748743718593,0.13110047846889952,0.30344827586206896
mlp,1.0414363859537469e-10,198,907,138,1,0.17918552036199095,0.9949748743718593,0.1320574162679426,0.30368098159509205
mlp,1.0580047376193393e-10,198,906,139,1,0.1793478260869565,0.9949748743718593,0.13301435406698564,0.3039140445126631
mlp,1.1252809120790319e-10,198,905,140,1,0.17951042611060744,0.9949748743718593,0.1339712918660287,0.30414746543778803
mlp,1.126519329890948e-10,198,900,145,1,0.18032786885245902,0.9949748743718593,0.13875598086124402,0.305319969159599
mlp,1.1518999356654339e-10,198,899,146,1,0.1804922515952598,0.9949748743718593,0.1397129186602871,0.3055555555555556
mlp,1.204856497107668e-10,198,898,147,1,0.18065693430656934,0.9949748743718593,0.14066985645933014,0.30579150579150577
mlp,1.3359507327813325e-10,198,897,148,1,0.18082191780821918,0.9949748743718593,0.1416267942583732,0.30602782071097373
mlp,1.4309381420056412e-10,198,896,149,1,0.1809872029250457,0.9949748743718593,0.14258373205741626,0.3062645011600928
mlp,1.4663524570393198e-10,198,895,150,1,0.18115279048490393,0.9949748743718593,0.14354066985645933,0.30650154798761614
mlp,1.5170024386410117e-10,198,894,151,1,0.1813186813186813,0.9949748743718593,0.1444976076555024,0.30673896204492646
mlp,1.6853064474166823e-10,198,893,152,1,0.18148487626031165,0.9949748743718593,0.14545454545454545,0.3069767441860465
mlp,1.70507764024004e-10,198,892,153,1,0.181651376146789,0.9949748743718593,0.14641148325358852,0.3072148952676494
mlp,1.850987554707078e-10,198,891,154,1,0.18181818181818182,0.9949748743718593,0.14736842105263157,0.30745341614906835
mlp,1.9698634098064574e-10,198,890,155,1,0.18198529411764705,0.9949748743718593,0.14832535885167464,0.30769230769230765
mlp,2.0035543553845498e-10,198,889,156,1,0.18215271389144433,0.9949748743718593,0.1492822966507177,0.30793157076205285
mlp,2.0181427351132832e-10,198,888,157,1,0.18232044198895028,0.9949748743718593,0.15023923444976076,0.30817120622568095
mlp,2.2539062673920235e-10,198,887,158,1,0.1824884792626728,0.9949748743718593,0.15119617224880383,0.308411214953271
mlp,2.5175666121986416e-10,198,886,159,1,0.18265682656826568,0.9949748743718593,0.1521531100478469,0.3086515978176149
mlp,2.640603174363485e-10,198,885,160,1,0.18282548476454294,0.9949748743718593,0.15311004784688995,0.3088923556942278
mlp,2.908161877302911e-10,198,884,161,1,0.18299445471349354,0.9949748743718593,0.15406698564593302,0.3091334894613583
mlp,2.929169120167417e-10,198,883,162,1,0.18316373728029603,0.9949748743718593,0.15502392344497606,0.309375
mlp,3.1658433427178316e-10,198,882,163,1,0.18333333333333332,0.9949748743718593,0.15598086124401914,0.3096168881939015
mlp,3.4025030983636907e-10,198,881,164,1,0.1835032437442076,0.9949748743718593,0.1569377990430622,0.30985915492957744
mlp,3.840467931463325e-10,198,880,165,1,0.1836734693877551,0.9949748743718593,0.15789473684210525,0.3101018010963195
mlp,3.9359958706514897e-10,198,879,166,1,0.18384401114206128,0.9949748743718593,0.15885167464114833,0.3103448275862069
mlp,3.980951251599951e-10,198,878,167,1,0.18401486988847585,0.9949748743718593,0.1598086124401914,0.31058823529411766
mlp,4.804515623896832e-10,198,877,168,1,0.1841860465116279,0.9949748743718593,0.16076555023923444,0.3108320251177394
mlp,6.742497881557776e-10,198,876,169,1,0.18435754189944134,0.9949748743718593,0.16172248803827752,0.3110761979575805
mlp,7.459738496003628e-10,198,875,170,1,0.18452935694315004,0.9949748743718593,0.16267942583732056,0.3113207547169811
mlp,7.742343921476554e-10,198,874,171,1,0.18470149253731344,0.9949748743718593,0.16363636363636364,0.31156569630212433
mlp,9.054154319455171e-10,198,873,172,1,0.18487394957983194,0.9949748743718593,0.1645933014354067,0.31181102362204727
mlp,9.55691094255748e-10,198,872,173,1,0.18504672897196262,0.9949748743718593,0.16555023923444975,0.31205673758865243
mlp,9.945485457071886e-10,198,871,174,1,0.18521983161833488,0.9949748743718593,0.16650717703349283,0.3123028391167193
mlp,1.2706729891984093e-09,198,870,175,1,0.1853932584269663,0.9949748743718593,0.1674641148325359,0.3125493291239148
mlp,1.2975564645460365e-09,198,869,176,1,0.18556701030927836,0.9949748743718593,0.16842105263157894,0.31279620853080575
mlp,1.3589549930019022e-09,198,868,177,1,0.18574108818011256,0.9949748743718593,0.16937799043062202,0.31304347826086953
mlp,1.393096876051386e-09,198,867,178,1,0.18591549295774648,0.9949748743718593,0.17033492822966506,0.3132911392405063
mlp,1.4817803461656054e-09,198,866,179,1,0.18609022556390978,0.9949748743718593,0.17129186602870813,0.3135391923990499
mlp,1.4913903189088472e-09,198,865,180,1,0.18626528692380057,0.9949748743718593,0.1722488038277512,0.31378763866877973
mlp,1.6314225718559667e-09,198,864,181,1,0.1864406779661017,0.9949748743718593,0.17320574162679425,0.3140364789849326
mlp,1.6395172599245828e-09,198,863,182,1,0.18661639962299717,0.9949748743718593,0.17416267942583732,0.3142857142857143
mlp,1.6472687810554467e-09,198,862,183,1,0.18679245283018867,0.9949748743718593,0.17511961722488037,0.3145353455123113
mlp,1.6559833457216944e-09,198,861,184,1,0.18696883852691218,0.9949748743718593,0.17607655502392344,0.314785373608903
mlp,1.8021449426132195e-09,198,860,185,1,0.18714555765595464,0.9949748743718593,0.17703349282296652,0.3150357995226731
mlp,1.8037350209125318e-09,198,859,186,1,0.18732261116367077,0.9949748743718593,0.17799043062200956,0.31528662420382164
mlp,1.9735198760764395e-09,198,858,187,1,0.1875,0.9949748743718593,0.17894736842105263,0.31553784860557765
mlp,2.48849739692375e-09,198,857,188,1,0.1876777251184834,0.9949748743718593,0.1799043062200957,0.3157894736842105
mlp,2.548872728321903e-09,198,856,189,1,0.18785578747628084,0.9949748743718593,0.18086124401913875,0.31604150039904233
mlp,2.7298620760079756e-09,198,855,190,1,0.18803418803418803,0.9949748743718593,0.18181818181818182,0.31629392971246006
mlp,3.0399967037548156e-09,198,854,191,1,0.188212927756654,0.9949748743718593,0.18277511961722487,0.3165467625899281
mlp,3.1615524908332763e-09,198,853,192,1,0.18839200761179828,0.9949748743718593,0.18373205741626794,0.31679999999999997
mlp,3.2705491032632906e-09,198,852,193,1,0.18857142857142858,0.9949748743718593,0.184688995215311,0.3170536429143315
mlp,3.928725195822385e-09,198,851,194,1,0.18875119161105816,0.9949748743718593,0.18564593301435406,0.3173076923076923
mlp,4.400750693362777e-09,198,850,195,1,0.18893129770992367,0.9949748743718593,0.18660287081339713,0.31756214915797915
mlp,5.427568910680415e-09,198,849,196,1,0.18911174785100288,0.9949748743718593,0.1875598086124402,0.31781701444622795
mlp,6.632856172812616e-09,198,848,197,1,0.18929254302103252,0.9949748743718593,0.18851674641148325,0.31807228915662655
mlp,6.973418874854519e-09,198,847,198,1,0.18947368421052632,0.9949748743718593,0.18947368421052632,0.3183279742765273
mlp,7.715730899271622e-09,198,846,199,1,0.1896551724137931,0.9949748743718593,0.19043062200956937,0.3185840707964602
mlp,8.214107719420852e-09,198,845,200,1,0.18983700862895495,0.9949748743718593,0.19138755980861244,0.3188405797101449
mlp,8.225661083466911e-09,198,844,201,1,0.19001919385796545,0.9949748743718593,0.1923444976076555,0.31909750201450443
mlp,8.303532898534679e-09,198,843,202,1,0.19020172910662825,0.9949748743718593,0.19330143540669856,0.31935483870967746
mlp,8.411437910746334e-09,198,842,203,1,0.19038461538461537,0.9949748743718593,0.19425837320574163,0.31961259079903154
mlp,8.683289238025617e-09,198,841,204,1,0.19056785370548604,0.9949748743718593,0.19521531100478468,0.3198707592891761
mlp,9.78416801328619e-09,198,840,205,1,0.1907514450867052,0.9949748743718593,0.19617224880382775,0.3201293451899757
mlp,1.12349043796248e-08,198,839,206,1,0.1909353905496625,0.9949748743718593,0.19712918660287082,0.32038834951456313
mlp,1.2270538506655038e-08,198,838,207,1,0.19111969111969113,0.9949748743718593,0.19808612440191387,0.32064777327935223
mlp,1.2419904243830619e-08,198,837,208,1,0.19130434782608696,0.9949748743718593,0.19904306220095694,0.32090761750405195
mlp,1.2419989970908518e-08,198,836,209,1,0.19148936170212766,0.9949748743718593,0.2,0.32116788321167883
mlp,1.293407442307455e-08,198,835,210,1,0.19167473378509198,0.9949748743718593,0.20095693779904306,0.3214285714285714
mlp,1.3639407140725484e-08,198,834,211,1,0.19186046511627908,0.9949748743718593,0.20191387559808613,0.32168968318440294
mlp,1.4512782343323554e-08,198,833,212,1,0.19204655674102813,0.9949748743718593,0.20287081339712917,0.32195121951219513
mlp,1.4522122104725124e-08,198,832,213,1,0.19223300970873786,0.9949748743718593,0.20382775119617225,0.32221318144833194
mlp,1.4679718716336987e-08,198,831,214,1,0.1924198250728863,0.9949748743718593,0.20478468899521532,0.32247557003257327
mlp,1.527509991265839e-08,198,830,215,1,0.1926070038910506,0.9949748743718593,0.20574162679425836,0.32273838630806845
mlp,1.8739792359986982e-08,198,829,216,1,0.19279454722492698,0.9949748743718593,0.20669856459330144,0.32300163132137033
mlp,1.930567530831741e-08,198,828,217,1,0.19298245614035087,0.9949748743718593,0.2076555023923445,0.32326530612244897
mlp,1.9438395496294426e-08,198,827,218,1,0.19317073170731708,0.9949748743718593,0.20861244019138755,0.32352941176470584
mlp,2.0488490784605853e-08,198,826,219,1,0.193359375,0.9949748743718593,0.20956937799043063,0.32379394930498767
mlp,2.156047608108312e-08,198,825,220,1,0.1935483870967742,0.9949748743718593,0.21052631578947367,0.32405891980360063
mlp,2.460165651812714e-08,198,824,221,1,0.19373776908023482,0.9949748743718593,0.21148325358851675,0.32432432432432434
mlp,2.553945763156618e-08,198,823,222,1,0.1939275220372184,0.9949748743718593,0.21244019138755982,0.32459016393442625
mlp,2.5861135230810164e-08,198,822,223,1,0.19411764705882353,0.9949748743718593,0.21339712918660286,0.3248564397046759
mlp,2.6427648760172174e-08,198,821,224,1,0.1943081452404318,0.9949748743718593,0.21435406698564594,0.3251231527093596
mlp,3.444073332190114e-08,198,820,225,1,0.1944990176817289,0.9949748743718593,0.215311004784689,0.3253903040262942
mlp,3.78850017139523e-08,198,819,226,1,0.19469026548672566,0.9949748743718593,0.21626794258373205,0.3256578947368421
mlp,4.242406326487943e-08,198,818,227,1,0.19488188976377951,0.9949748743718593,0.21722488038277513,0.3259259259259259
mlp,5.4239010108585385e-08,198,817,228,1,0.19507389162561575,0.9949748743718593,0.21818181818181817,0.32619439868204286
mlp,5.537404078685104e-08,198,816,229,1,0.1952662721893491,0.9949748743718593,0.21913875598086124,0.32646331409727947
mlp,5.630965232479566e-08,198,815,230,1,0.19545903257650543,0.9949748743718593,0.22009569377990432,0.32673267326732675
mlp,5.635796862314894e-08,198,814,231,1,0.1956521739130435,0.9949748743718593,0.22105263157894736,0.3270024772914946
mlp,6.467523468618687e-08,198,813,232,1,0.19584569732937684,0.9949748743718593,0.22200956937799043,0.3272727272727272
mlp,7.465900713740818e-08,198,812,233,1,0.19603960396039605,0.9949748743718593,0.22296650717703348,0.32754342431761785
mlp,7.873276292054508e-08,198,811,234,1,0.1962338949454906,0.9949748743718593,0.22392344497607655,0.32781456953642385
mlp,7.994991247947205e-08,198,810,235,1,0.19642857142857142,0.9949748743718593,0.22488038277511962,0.328086164043082
mlp,8.788761177070782e-08,198,809,236,1,0.19662363455809334,0.9949748743718593,0.22583732057416267,0.3283582089552239
mlp,8.947181094165331e-08,198,808,237,1,0.19681908548707752,0.9949748743718593,0.22679425837320574,0.3286307053941908
mlp,9.184550954429418e-08,198,807,238,1,0.19701492537313434,0.9949748743718593,0.22775119617224882,0.3289036544850499
mlp,9.276385651316437e-08,198,806,239,1,0.19721115537848605,0.9949748743718593,0.22870813397129186,0.3291770573566085
mlp,1.1208767243313167e-07,198,805,240,1,0.19740777666999004,0.9949748743718593,0.22966507177033493,0.32945091514143093
mlp,1.199233549117465e-07,198,804,241,1,0.19760479041916168,0.9949748743718593,0.23062200956937798,0.3297252289758535
mlp,1.2462294875830626e-07,198,803,242,1,0.1978021978021978,0.9949748743718593,0.23157894736842105,0.32999999999999996
mlp,1.2607290140778337e-07,198,802,243,1,0.198,0.9949748743718593,0.23253588516746412,0.3302752293577982
mlp,1.344498859403617e-07,198,801,244,1,0.1981981981981982,0.9949748743718593,0.23349282296650717,0.330550918196995
mlp,1.409153449742464e-07,198,800,245,1,0.19839679358717435,0.9949748743718593,0.23444976076555024,0.33082706766917297
mlp,1.7004100521499755e-07,198,799,246,1,0.19859578736208625,0.9949748743718593,0.23540669856459331,0.3311036789297659
mlp,1.755893499221625e-07,198,798,247,1,0.19879518072289157,0.9949748743718593,0.23636363636363636,0.33138075313807536
mlp,1.8297003326026166e-07,198,797,248,1,0.19899497487437187,0.9949748743718593,0.23732057416267943,0.3316582914572864
mlp,1.8584876612110145e-07,198,796,249,1,0.19919517102615694,0.9949748743718593,0.23827751196172248,0.3319362950544845
mlp,1.8684455171224667e-07,198,795,250,1,0.19939577039274925,0.9949748743718593,0.23923444976076555,0.33221476510067116
mlp,1.9453941616928988e-07,198,794,251,1,0.19959677419354838,0.9949748743718593,0.24019138755980862,0.33249370277078083
mlp,2.0201971067651848e-07,198,793,252,1,0.19979818365287588,0.9949748743718593,0.24114832535885167,0.3327731092436975
mlp,2.0351209919608155e-07,198,792,253,1,0.2,0.9949748743718593,0.24210526315789474,0.3330529857022708
mlp,2.402346865576612e-07,197,792,253,2,0.19919110212335692,0.9899497487437185,0.24210526315789474,0.3316498316498316
mlp,2.4284420988801864e-07,197,791,254,2,0.19939271255060728,0.9899497487437185,0.2430622009569378,0.3319292333614154
mlp,2.5753622732692294e-07,197,790,255,2,0.19959473150962512,0.9899497487437185,0.24401913875598086,0.33220910623946037
mlp,2.9723056251060776e-07,197,789,256,2,0.1997971602434077,0.9899497487437185,0.24497607655502393,0.33248945147679326
mlp,3.2637553433606375e-07,197,788,257,2,0.2,0.9899497487437185,0.24593301435406698,0.33277027027027034
mlp,3.424818223918859e-07,197,787,258,2,0.20020325203252032,0.9899497487437185,0.24688995215311005,0.3330515638207946
mlp,3.5331882283366423e-07,197,786,259,2,0.20040691759918616,0.9899497487437185,0.24784688995215312,0.33333333333333326
mlp,3.7011471203321276e-07,197,785,260,2,0.20061099796334012,0.9899497487437185,0.24880382775119617,0.33361558001693475
mlp,4.0663900477854613e-07,197,784,261,2,0.20081549439347604,0.9899497487437185,0.24976076555023924,0.3338983050847457
mlp,4.445785814264939e-07,197,783,262,2,0.2010204081632653,0.9899497487437185,0.2507177033492823,0.3341815097540288
mlp,4.7764121784194e-07,197,782,263,2,0.20122574055158324,0.9899497487437185,0.2516746411483254,0.33446519524617996
mlp,4.788932520548774e-07,197,781,264,2,0.20143149284253578,0.9899497487437185,0.25263157894736843,0.33474936278674594
mlp,4.857938204902288e-07,197,780,265,2,0.2016376663254862,0.9899497487437185,0.2535885167464115,0.3350340136054422
mlp,5.042783709720581e-07,197,779,266,2,0.20184426229508196,0.9899497487437185,0.2545454545454545,0.3353191489361702
mlp,5.849390502576571e-07,197,778,267,2,0.20205128205128206,0.9899497487437185,0.2555023923444976,0.33560477001703576
mlp,6.01289617782035e-07,197,777,268,2,0.20225872689938398,0.9899497487437185,0.25645933014354066,0.33589087809036655
mlp,6.653870676232192e-07,197,776,269,2,0.20246659815005139,0.9899497487437185,0.2574162679425837,0.3361774744027304
mlp,6.978930476500274e-07,197,775,270,2,0.20267489711934156,0.9899497487437185,0.2583732057416268,0.3364645602049531
mlp,7.694574384520851e-07,197,774,271,2,0.20288362512873326,0.9899497487437185,0.25933014354066986,0.3367521367521367
mlp,7.892356270451555e-07,197,773,272,2,0.20309278350515464,0.9899497487437185,0.2602870813397129,0.33704020530367834
mlp,7.97385554613479e-07,197,772,273,2,0.20330237358101136,0.9899497487437185,0.261244019138756,0.3373287671232877
mlp,8.031751588384628e-07,197,771,274,2,0.20351239669421486,0.9899497487437185,0.26220095693779905,0.337617823479006
mlp,8.652779319554348e-07,197,770,275,2,0.20372285418821096,0.9899497487437185,0.2631578947368421,0.3379073756432247
mlp,9.244554012969433e-07,196,770,275,3,0.2028985507246377,0.9849246231155779,0.2631578947368421,0.33648068669527903
mlp,1.0421314808461444e-06,196,769,276,3,0.20310880829015543,0.9849246231155779,0.2641148325358852,0.33676975945017185
mlp,1.091943486331904e-06,196,768,277,3,0.2033195020746888,0.9849246231155779,0.26507177033492824,0.3370593293207223
mlp,1.1658994772941316e-06,196,767,278,3,0.2035306334371755,0.9849246231155779,0.2660287081339713,0.3373493975903614
mlp,1.17136796133909e-06,196,766,279,3,0.20374220374220375,0.9849246231155779,0.2669856459330144,0.3376399655469423
mlp,1.1764165956519657e-06,196,765,280,3,0.20395421436004163,0.9849246231155779,0.2679425837320574,0.33793103448275863
mlp,1.1925483025610398e-06,196,764,281,3,0.20416666666666666,0.9849246231155779,0.26889952153110047,0.3382226056945643
mlp,1.2132046016359506e-06,196,763,282,3,0.20437956204379562,0.9849246231155779,0.2698564593301435,0.3385146804835924
mlp,1.242869715895265e-06,196,762,283,3,0.2045929018789144,0.9849246231155779,0.2708133971291866,0.3388072601555748
mlp,1.328120830204789e-06,196,761,284,3,0.20480668756530826,0.9849246231155779,0.27177033492822966,0.3391003460207613
mlp,1.3839654557039275e-06,196,760,285,3,0.20502092050209206,0.9849246231155779,0.2727272727272727,0.3393939393939394
mlp,1.4377915854380326e-06,196,759,286,3,0.20523560209424083,0.9849246231155779,0.2736842105263158,0.3396880415944541
mlp,1.5517463857385201e-06,196,758,287,3,0.20545073375262055,0.9849246231155779,0.27464114832535885,0.33998265394622723
mlp,1.6483437247162e-06,196,757,288,3,0.20566631689401887,0.9849246231155779,0.2755980861244019,0.34027777777777773
mlp,1.8154849691240673e-06,196,756,289,3,0.20588235294117646,0.9849246231155779,0.276555023923445,0.34057341442224154
mlp,1.883459196821115e-06,196,755,290,3,0.20609884332281808,0.9849246231155779,0.27751196172248804,0.34086956521739126
mlp,1.9702330983199203e-06,196,754,291,3,0.2063157894736842,0.9849246231155779,0.2784688995215311,0.3411662315056571
mlp,2.067407445550295e-06,196,753,292,3,0.2065331928345627,0.9849246231155779,0.2794258373205742,0.34146341463414637
mlp,2.0929446267102276e-06,196,752,293,3,0.20675105485232068,0.9849246231155779,0.28038277511961723,0.3417611159546644
mlp,2.148572748504512e-06,196,751,294,3,0.20696937697993664,0.9849246231155779,0.2813397129186603,0.34205933682373474
mlp,2.152595540470537e-06,196,750,295,3,0.20718816067653276,0.9849246231155779,0.2822966507177033,0.34235807860262013
mlp,2.1973836106945903e-06,196,749,296,3,0.2074074074074074,0.9849246231155779,0.2832535885167464,0.3426573426573426
mlp,2.277654936730984e-06,196,748,297,3,0.2076271186440678,0.9849246231155779,0.28421052631578947,0.34295713035870523
mlp,2.3600670788942706e-06,196,747,298,3,0.20784729586426298,0.9849246231155779,0.2851674641148325,0.34325744308231176
mlp,2.427621534205867e-06,196,746,299,3,0.208067940552017,0.9849246231155779,0.2861244019138756,0.34355828220858897
mlp,2.6283224331632566e-06,196,745,300,3,0.20828905419766205,0.9849246231155779,0.28708133971291866,0.34385964912280703
mlp,3.0069996409018188e-06,195,745,300,4,0.2074468085106383,0.9798994974874372,0.28708133971291866,0.3424056189640035
mlp,3.148781921243192e-06,195,744,301,4,0.20766773162939298,0.9798994974874372,0.2880382775119617,0.34270650263620384
mlp,3.1703199568320035e-06,195,743,302,4,0.20788912579957355,0.9798994974874372,0.2889952153110048,0.34300791556728233
mlp,3.2464998389781683e-06,194,743,302,5,0.20704375667022412,0.9748743718592965,0.2889952153110048,0.3415492957746479
mlp,3.282708831903151e-06,194,742,303,5,0.20726495726495728,0.9748743718592965,0.28995215311004785,0.3418502202643172
mlp,3.5082588844849584e-06,194,741,304,5,0.20748663101604278,0.9748743718592965,0.2909090909090909,0.3421516754850088
mlp,3.508356910718114e-06,194,740,305,5,0.20770877944325483,0.9748743718592965,0.291866028708134,0.3424536628420124
mlp,4.863665182734892e-06,194,739,306,5,0.20793140407288319,0.9748743718592965,0.29282296650717704,0.34275618374558303
mlp,4.952543329528504e-06,194,738,307,5,0.20815450643776823,0.9748743718592965,0.2937799043062201,0.34305923961096374
mlp,6.9972886681221285e-06,194,737,308,5,0.2083780880773362,0.9748743718592965,0.29473684210526313,0.34336283185840705
mlp,7.182968947110417e-06,194,736,309,5,0.2086021505376344,0.9748743718592965,0.29569377990430623,0.3436669619131975
mlp,7.547967201904013e-06,194,735,310,5,0.20882669537136705,0.9748743718592965,0.2966507177033493,0.34397163120567376
mlp,8.204444691744058e-06,194,734,311,5,0.20905172413793102,0.9748743718592965,0.2976076555023923,0.34427684117125107
mlp,8.356392499575551e-06,194,733,312,5,0.209277238403452,0.9748743718592965,0.2985645933014354,0.34458259325044405
mlp,8.434986792009583e-06,194,732,313,5,0.20950323974082075,0.9748743718592965,0.29952153110047847,0.34488888888888886
mlp,8.448534037357003e-06,194,731,314,5,0.20972972972972972,0.9748743718592965,0.3004784688995215,0.3451957295373665
mlp,9.127942666194714e-06,194,730,315,5,0.20995670995670995,0.9748743718592965,0.3014354066985646,0.3455031166518255
mlp,1.0157513705342495e-05,194,729,316,5,0.21018418201516792,0.9748743718592965,0.30239234449760766,0.3458110516934046
mlp,1.1740859613073383e-05,194,728,317,5,0.210412147505423,0.9748743718592965,0.3033492822966507,0.34611953612845675
mlp,1.2007799469413673e-05,194,727,318,5,0.21064060803474485,0.9748743718592965,0.3043062200956938,0.3464285714285714
mlp,1.2047774406826557e-05,194,726,319,5,0.2108695652173913,0.9748743718592965,0.30526315789473685,0.34673815907059874
mlp,1.2088659646234603e-05,194,725,320,5,0.21109902067464636,0.9748743718592965,0.3062200956937799,0.3470483005366726
mlp,1.2376886509229377e-05,194,724,321,5,0.2113289760348584,0.9748743718592965,0.307177033492823,0.34735899731423453
mlp,1.2882072035046749e-05,194,723,322,5,0.21155943293347873,0.9748743718592965,0.30813397129186604,0.34767025089605735
mlp,1.2950273445668187e-05,194,722,323,5,0.21179039301310043,0.9748743718592965,0.3090909090909091,0.34798206278026905
mlp,1.4792981458795103e-05,194,716,329,5,0.21318681318681318,0.9748743718592965,0.31483253588516746,0.34986474301172227
mlp,1.4843728856748801e-05,194,715,330,5,0.21342134213421343,0.9748743718592965,0.3157894736842105,0.3501805054151625
mlp,1.5011695075583564e-05,194,714,331,5,0.21365638766519823,0.9748743718592965,0.3167464114832536,0.35049683830171635
mlp,1.5691734478917294e-05,194,713,332,5,0.21389195148842338,0.9748743718592965,0.31770334928229665,0.3508137432188065
mlp,1.797224572648891e-05,193,712,333,6,0.2132596685082873,0.9698492462311558,0.3186602870813397,0.3496376811594203
mlp,1.798203760172685e-05,193,711,334,6,0.21349557522123894,0.9698492462311558,0.3196172248803828,0.3499546690843155
mlp,1.9191973269003354e-05,193,710,335,6,0.21373200442967885,0.9698492462311558,0.32057416267942584,0.3502722323049002
mlp,1.9331706053414744e-05,193,709,336,6,0.2139689578713969,0.9698492462311558,0.3215311004784689,0.35059037238873747
mlp,2.035284678020618e-05,193,708,337,6,0.2142064372918979,0.9698492462311558,0.32248803827751193,0.35090909090909095
mlp,2.0458764826366383e-05,193,707,338,6,0.21444444444444444,0.9698492462311558,0.32344497607655504,0.35122838944494994
mlp,2.206649811472045e-05,192,707,338,7,0.2135706340378198,0.964824120603015,0.32344497607655504,0.34972677595628415
mlp,2.2325438729559024e-05,192,706,339,7,0.21380846325167038,0.964824120603015,0.3244019138755981,0.35004557885141296
mlp,2.2660298127951992e-05,192,705,340,7,0.2140468227424749,0.964824120603015,0.3253588516746411,0.3503649635036496
mlp,2.3597166336912158e-05,192,704,341,7,0.21428571428571427,0.964824120603015,0.3263157894736842,0.3506849315068493
mlp,2.369119297032621e-05,192,703,342,7,0.21452513966480447,0.964824120603015,0.32727272727272727,0.3510054844606947
mlp,2.645131181666047e-05,192,702,343,7,0.21476510067114093,0.964824120603015,0.3282296650717703,0.3513266239707228
mlp,2.67092027584236e-05,192,701,344,7,0.21500559910414332,0.964824120603015,0.3291866028708134,0.3516483516483517
mlp,2.767093276729046e-05,192,700,345,7,0.21524663677130046,0.964824120603015,0.33014354066985646,0.35197066911090746
mlp,2.7735692456975286e-05,192,699,346,7,0.21548821548821548,0.964824120603015,0.3311004784688995,0.3522935779816514
mlp,3.040271024830486e-05,192,698,347,7,0.2157303370786517,0.964824120603015,0.3320574162679426,0.3526170798898072
mlp,3.218753638734851e-05,192,697,348,7,0.21597300337457817,0.964824120603015,0.33301435406698565,0.35294117647058826
mlp,3.23925671385783e-05,192,696,349,7,0.21621621621621623,0.964824120603015,0.3339712918660287,0.3532658693652254
mlp,3.2844074227239846e-05,192,695,350,7,0.21645997745208567,0.964824120603015,0.3349282296650718,0.35359116022099446
mlp,3.42556482296135e-05,192,694,351,7,0.21670428893905191,0.964824120603015,0.33588516746411484,0.3539170506912442
mlp,3.63040293301481e-05,192,693,352,7,0.21694915254237288,0.964824120603015,0.3368421052631579,0.3542435424354244
mlp,4.0453392998714775e-05,192,692,353,7,0.2171945701357466,0.964824120603015,0.33779904306220093,0.35457063711911363
mlp,4.1741119604710155e-05,192,691,354,7,0.217440543601359,0.964824120603015,0.33875598086124403,0.354898336414048
mlp,4.3449259412092336e-05,192,690,355,7,0.21768707482993196,0.964824120603015,0.3397129186602871,0.3552266419981498
mlp,4.632170949449993e-05,192,689,356,7,0.21793416572077184,0.964824120603015,0.3406698564593301,0.3555555555555555
mlp,5.412179668453653e-05,192,688,357,7,0.21818181818181817,0.964824120603015,0.3416267942583732,0.355885078776645
mlp,5.682436704906235e-05,192,687,358,7,0.21843003412969283,0.964824120603015,0.34258373205741627,0.35621521335807055
mlp,5.764981620645547e-05,192,686,359,7,0.21867881548974943,0.964824120603015,0.3435406698564593,0.3565459610027855
mlp,5.943693694150278e-05,192,685,360,7,0.21892816419612315,0.964824120603015,0.3444976076555024,0.3568773234200744
mlp,6.02399856920474e-05,192,674,371,7,0.22170900692840648,0.964824120603015,0.3550239234449761,0.36056338028169016
mlp,6.135991326755614e-05,192,673,372,7,0.22196531791907514,0.964824120603015,0.3559808612440191,0.3609022556390977
mlp,6.204636008924902e-05,192,672,373,7,0.2222222222222222,0.964824120603015,0.3569377990430622,0.36124176857949203
mlp,6.359199945452338e-05,192,671,374,7,0.22247972190034762,0.964824120603015,0.35789473684210527,0.3615819209039548
mlp,6.628002883033495e-05,192,670,375,7,0.22273781902552203,0.964824120603015,0.3588516746411483,0.36192271442035817
mlp,7.427313190959906e-05,192,669,376,7,0.2229965156794425,0.964824120603015,0.3598086124401914,0.36226415094339626
mlp,7.76984454471966e-05,192,668,377,7,0.22325581395348837,0.964824120603015,0.36076555023923446,0.3626062322946176
mlp,7.861802793959836e-05,192,667,378,7,0.22351571594877764,0.964824120603015,0.3617224880382775,0.36294896030245744
mlp,8.859856602003452e-05,192,666,379,7,0.22377622377622378,0.964824120603015,0.3626794258373206,0.3632923368022706
mlp,0.000107360404925928,192,665,380,7,0.22403733955659277,0.964824120603015,0.36363636363636365,0.3636363636363636
mlp,0.00011431031396039189,191,665,380,8,0.22313084112149534,0.9597989949748744,0.36363636363636365,0.36208530805687206
mlp,0.00011656603736756731,191,664,381,8,0.22339181286549709,0.9597989949748744,0.3645933014354067,0.3624288425047439
mlp,0.0001197447336438973,191,663,382,8,0.22365339578454332,0.9597989949748744,0.36555023923444974,0.36277302943969614
mlp,0.00011975580159292232,191,662,383,8,0.223915592028136,0.9597989949748744,0.36650717703349284,0.36311787072243346
mlp,0.0001218252729954477,190,662,383,9,0.22300469483568075,0.9547738693467337,0.36650717703349284,0.3615604186489058
mlp,0.0001357867954037116,190,661,384,9,0.22326674500587543,0.9547738693467337,0.3674641148325359,0.36190476190476184
mlp,0.00014455142123215168,190,660,385,9,0.2235294117647059,0.9547738693467337,0.3684210526315789,0.3622497616777884
mlp,0.00016934742333841858,190,659,386,9,0.22379269729093051,0.9547738693467337,0.369377990430622,0.3625954198473283
mlp,0.00017339915817586978,190,658,387,9,0.2240566037735849,0.9547738693467337,0.3703349282296651,0.3629417382999045
mlp,0.0001938055465359837,190,657,388,9,0.2243211334120425,0.9547738693467337,0.3712918660287081,0.36328871892925435
mlp,0.000196810498981749,190,656,389,9,0.22458628841607564,0.9547738693467337,0.3722488038277512,0.3636363636363636
mlp,0.00020101050657891895,190,655,390,9,0.22485207100591717,0.9547738693467337,0.37320574162679426,0.363984674329502
mlp,0.00020952444952452274,190,654,391,9,0.22511848341232227,0.9547738693467337,0.3741626794258373,0.36433365292425696
mlp,0.00021105833075945368,190,653,392,9,0.22538552787663108,0.9547738693467337,0.3751196172248804,0.3646833013435701
mlp,0.0002190904549824668,190,652,393,9,0.22565320665083136,0.9547738693467337,0.37607655502392345,0.3650336215177714
mlp,0.0002264209056663417,190,651,394,9,0.2259215219976219,0.9547738693467337,0.3770334928229665,0.36538461538461536
mlp,0.00023278353135081827,190,650,395,9,0.2261904761904762,0.9547738693467337,0.37799043062200954,0.36573628488931664
mlp,0.00023528033489362467,190,649,396,9,0.22646007151370678,0.9547738693467337,0.37894736842105264,0.36608863198458574
mlp,0.0002356102704349402,190,648,397,9,0.22673031026252982,0.9547738693467337,0.3799043062200957,0.36644165863066536
mlp,0.0002377594213836522,190,647,398,9,0.2270011947431302,0.9547738693467337,0.38086124401913873,0.3667953667953668
mlp,0.00024734351821557643,190,646,399,9,0.22727272727272727,0.9547738693467337,0.38181818181818183,0.3671497584541063
mlp,0.0002501379528545619,190,645,400,9,0.2275449101796407,0.9547738693467337,0.3827751196172249,0.36750483558994196
mlp,0.0002512383952130915,190,644,401,9,0.2278177458033573,0.9547738693467337,0.3837320574162679,0.36786060019361083
mlp,0.00025274628978928456,190,643,402,9,0.22809123649459784,0.9547738693467337,0.384688995215311,0.3682170542635659
mlp,0.0002568080296569,190,642,403,9,0.2283653846153846,0.9547738693467337,0.38564593301435407,0.3685741998060136
mlp,0.0002831684935669043,190,641,404,9,0.2286401925391095,0.9547738693467337,0.3866028708133971,0.3689320388349515
mlp,0.0002920538973251985,190,640,405,9,0.2289156626506024,0.9547738693467337,0.3875598086124402,0.369290573372206
mlp,0.0002920570291711121,190,639,406,9,0.22919179734620024,0.9547738693467337,0.38851674641148326,0.36964980544747084
mlp,0.0003069433697155864,190,638,407,9,0.22946859903381642,0.9547738693467337,0.3894736842105263,0.37000973709834467
mlp,0.00030859257365720117,190,637,408,9,0.22974607013301088,0.9547738693467337,0.39043062200956935,0.37037037037037035
mlp,0.0003165372736978763,190,636,409,9,0.23002421307506055,0.9547738693467337,0.39138755980861245,0.37073170731707317
mlp,0.00033730739290471914,190,635,410,9,0.23030303030303031,0.9547738693467337,0.3923444976076555,0.37109375
mlp,0.00033834902787294435,190,633,412,9,0.23086269744835966,0.9547738693467337,0.39425837320574164,0.37181996086105673
mlp,0.00036730865334014886,190,632,413,9,0.23114355231143552,0.9547738693467337,0.3952153110047847,0.3721841332027424
mlp,0.0003674402882583323,190,631,414,9,0.23142509135200975,0.9547738693467337,0.39617224880382773,0.3725490196078431
mlp,0.00037281855990658173,190,630,415,9,0.23170731707317074,0.9547738693467337,0.39712918660287083,0.3729146221786065
mlp,0.0003830128716373838,190,629,416,9,0.231990231990232,0.9547738693467337,0.3980861244019139,0.37328094302554027
mlp,0.00045108905175856104,190,628,417,9,0.23227383863080683,0.9547738693467337,0.3990430622009569,0.37364798426745327
mlp,0.0004570169484076263,190,627,418,9,0.23255813953488372,0.9547738693467337,0.4,0.374015748031496
mlp,0.0004801855414762059,190,626,419,9,0.23284313725490197,0.9547738693467337,0.40095693779904307,0.374384236453202
mlp,0.0004896796211813386,190,625,420,9,0.2331288343558282,0.9547738693467337,0.4019138755980861,0.3747534516765286
mlp,0.000530572019037666,190,624,421,9,0.2334152334152334,0.9547738693467337,0.4028708133971292,0.3751233958538993
mlp,0.0005359144801631222,190,623,422,9,0.23370233702337023,0.9547738693467337,0.40382775119617226,0.375494071146245
mlp,0.0005487877855335011,190,622,423,9,0.23399014778325122,0.9547738693467337,0.4047846889952153,0.37586547972304646
mlp,0.0005502680918050921,190,621,424,9,0.2342786683107275,0.9547738693467337,0.40574162679425835,0.37623762376237624
mlp,0.0005547169877805555,190,620,425,9,0.2345679012345679,0.9547738693467337,0.40669856459330145,0.3766105054509415
mlp,0.0005711421888472692,190,619,426,9,0.23485784919653893,0.9547738693467337,0.4076555023923445,0.376984126984127
mlp,0.0005870821694882716,190,618,427,9,0.23514851485148514,0.9547738693467337,0.40861244019138754,0.37735849056603776
mlp,0.0005921405672498977,190,617,428,9,0.23543990086741015,0.9547738693467337,0.40956937799043064,0.3777335984095428
mlp,0.0006036592088867426,190,616,429,9,0.23573200992555832,0.9547738693467337,0.4105263157894737,0.3781094527363184
mlp,0.0006240890101023274,190,615,430,9,0.2360248447204969,0.9547738693467337,0.41148325358851673,0.3784860557768924
mlp,0.0006329311155105643,190,614,431,9,0.236318407960199,0.9547738693467337,0.41244019138755983,0.3788634097706879
mlp,0.0006501652350628192,190,613,432,9,0.23661270236612703,0.9547738693467337,0.4133971291866029,0.3792415169660679
mlp,0.0007242802333979339,190,612,433,9,0.23690773067331672,0.9547738693467337,0.4143540669856459,0.3796203796203796
mlp,0.0007269194780129008,190,611,434,9,0.23720349563046192,0.9547738693467337,0.415311004784689,0.38
mlp,0.0007312414330599047,190,610,435,9,0.2375,0.9547738693467337,0.41626794258373206,0.3803803803803804
mlp,0.0007563770975114156,190,609,436,9,0.23779724655819776,0.9547738693467337,0.4172248803827751,0.3807615230460922
mlp,0.0008081280749131877,190,607,438,9,0.2383939774153074,0.9547738693467337,0.41913875598086126,0.3815261044176707
mlp,0.0008737807171108775,190,606,439,9,0.23869346733668342,0.9547738693467337,0.4200956937799043,0.38190954773869346
mlp,0.0009316040240239837,190,605,440,9,0.2389937106918239,0.9547738693467337,0.42105263157894735,0.3822937625754527
mlp,0.0009323648705649517,190,604,441,9,0.23929471032745592,0.9547738693467337,0.42200956937799045,0.3826787512588117
mlp,0.0009473041538018795,190,603,442,9,0.23959646910466584,0.9547738693467337,0.4229665071770335,0.3830645161290323
mlp,0.0009606254619080083,189,603,442,10,0.23863636363636365,0.949748743718593,0.4229665071770335,0.3814328960645812
mlp,0.0009855477244253847,189,602,443,10,0.23893805309734514,0.949748743718593,0.42392344497607654,0.3818181818181819
mlp,0.0009963032949225751,188,602,443,11,0.2379746835443038,0.9447236180904522,0.42392344497607654,0.38018200202224467
mlp,0.0010384540113443216,188,601,444,11,0.23827629911280102,0.9447236180904522,0.42488038277511964,0.3805668016194332
mlp,0.0011370227242570063,188,600,445,11,0.23857868020304568,0.9447236180904522,0.4258373205741627,0.38095238095238093
mlp,0.001141160387742866,188,599,446,11,0.2388818297331639,0.9447236180904522,0.4267942583732057,0.3813387423935091
mlp,0.0012695957093074217,188,598,447,11,0.23918575063613232,0.9447236180904522,0.4277511961722488,0.3817258883248731
mlp,0.0012959415422284081,188,597,448,11,0.2394904458598726,0.9447236180904522,0.42870813397129187,0.38211382113821135
mlp,0.001342950472878581,187,597,448,12,0.2385204081632653,0.9396984924623115,0.42870813397129187,0.38046795523906407
mlp,0.0014270327171946326,187,596,449,12,0.2388250319284802,0.9396984924623115,0.4296650717703349,0.3808553971486762
mlp,0.0014549258220702633,187,595,450,12,0.2391304347826087,0.9396984924623115,0.430622009569378,0.381243628950051
mlp,0.0014778496310512998,186,595,450,13,0.23815620998719592,0.9346733668341709,0.430622009569378,0.3795918367346939
mlp,0.0014924814608635443,186,594,451,13,0.23846153846153847,0.9346733668341709,0.43157894736842106,0.3799795709908069
mlp,0.0014937823666059443,186,593,452,13,0.23876765083440307,0.9346733668341709,0.4325358851674641,0.3803680981595092
mlp,0.0016473913820973546,186,592,453,13,0.2390745501285347,0.9346733668341709,0.43349282296650715,0.38075742067553736
mlp,0.0016605895336970886,185,592,453,14,0.23809523809523808,0.9296482412060302,0.43349282296650715,0.3790983606557377
mlp,0.001731726091111836,185,591,454,14,0.23840206185567012,0.9296482412060302,0.43444976076555025,0.3794871794871795
mlp,0.0017875553241597187,185,590,455,14,0.23870967741935484,0.9296482412060302,0.4354066985645933,0.3798767967145791
mlp,0.00191862176860302,185,589,456,14,0.23901808785529716,0.9296482412060302,0.43636363636363634,0.3802672147995889
mlp,0.0019465501759869462,185,588,457,14,0.23932729624838292,0.9296482412060302,0.43732057416267944,0.38065843621399176
mlp,0.001948594200046144,185,587,458,14,0.23963730569948186,0.9296482412060302,0.4382775119617225,0.3810504634397528
mlp,0.0019784087107312864,185,586,459,14,0.23994811932555124,0.9296482412060302,0.43923444976076553,0.3814432989690722
mlp,0.0020694020584536617,185,585,460,14,0.24025974025974026,0.9296482412060302,0.44019138755980863,0.38183694530443757
mlp,0.0021198783758822515,185,584,461,14,0.24057217165149544,0.9296482412060302,0.4411483253588517,0.3822314049586777
mlp,0.002136623380454863,184,584,461,15,0.23958333333333334,0.9246231155778895,0.4411483253588517,0.38055842812823165
mlp,0.0021399135411400874,183,584,461,16,0.23859191655801826,0.9195979899497487,0.4411483253588517,0.3788819875776398
mlp,0.0021589068778339483,182,584,461,17,0.23759791122715404,0.914572864321608,0.4411483253588517,0.3772020725388601
mlp,0.0021761506290309783,182,581,464,17,0.23853211009174313,0.914572864321608,0.44401913875598087,0.37837837837837834
mlp,0.0021818538229669542,182,580,465,17,0.2388451443569554,0.914572864321608,0.4449760765550239,0.3787721123829344
mlp,0.0021945189752465392,182,579,466,17,0.23915900131406045,0.914572864321608,0.44593301435406696,0.37916666666666665
mlp,0.002249908316125565,181,579,466,18,0.2381578947368421,0.9095477386934674,0.44593301435406696,0.37747653806047965
mlp,0.0022970276274543824,181,578,467,18,0.23847167325428195,0.9095477386934674,0.44688995215311006,0.3778705636743215
mlp,0.002312814795888057,181,574,471,18,0.23973509933774834,0.9095477386934674,0.4507177033492823,0.37945492662473795
mlp,0.0023389761285923885,181,573,472,18,0.24005305039787797,0.9095477386934674,0.45167464114832534,0.37985309548793283
mlp,0.002360781358138053,181,572,473,18,0.2403718459495352,0.9095477386934674,0.45263157894736844,0.3802521008403361
mlp,0.0025460451420445097,181,570,475,18,0.24101198402130491,0.9095477386934674,0.45454545454545453,0.3810526315789473
mlp,0.0025667350706411285,181,569,476,18,0.24133333333333334,0.9095477386934674,0.45550239234449763,0.3814541622760801
mlp,0.0025775278951379963,181,568,477,18,0.2416555407209613,0.9095477386934674,0.4564593301435407,0.3818565400843882
mlp,0.0025863296158700573,181,567,478,18,0.24197860962566844,0.9095477386934674,0.4574162679425837,0.382259767687434
mlp,0.002653483994342519,181,566,479,18,0.24230254350736277,0.9095477386934674,0.4583732057416268,0.38266384778012685
mlp,0.002682228933886314,181,564,481,18,0.24295302013422818,0.9095477386934674,0.4602870813397129,0.38347457627118636
mlp,0.002704677075411212,181,563,482,18,0.24327956989247312,0.9095477386934674,0.46124401913875596,0.383881230116649
mlp,0.002804262557652096,181,562,483,18,0.24360699865410498,0.9095477386934674,0.46220095693779906,0.3842887473460722
mlp,0.002817584953783171,181,561,484,18,0.24393530997304583,0.9095477386934674,0.4631578947368421,0.3846971307120085
mlp,0.002822976815145477,181,560,485,18,0.24426450742240216,0.9095477386934674,0.46411483253588515,0.3851063829787234
mlp,0.002930194646368828,181,559,486,18,0.2445945945945946,0.9095477386934674,0.46507177033492825,0.3855165069222577
mlp,0.0029654093122452397,180,559,486,19,0.2435723951285521,0.9045226130653267,0.46507177033492825,0.3837953091684435
mlp,0.0032116024681112707,180,557,488,19,0.24423337856173677,0.9045226130653267,0.46698564593301434,0.3846153846153846
mlp,0.0035361408351475667,180,556,489,19,0.24456521739130435,0.9045226130653267,0.46794258373205744,0.3850267379679144
mlp,0.0037348109184296443,180,555,490,19,0.24489795918367346,0.9045226130653267,0.4688995215311005,0.3854389721627409
mlp,0.0038078590804715155,180,554,491,19,0.2452316076294278,0.9045226130653267,0.4698564593301435,0.38585209003215437
mlp,0.003861962340645713,180,552,493,19,0.2459016393442623,0.9045226130653267,0.4717703349282297,0.3866809881847476
mlp,0.003929013570848025,180,551,494,19,0.24623803009575923,0.9045226130653267,0.4727272727272727,0.3870967741935484
mlp,0.004088309390066864,180,550,495,19,0.2465753424657534,0.9045226130653267,0.47368421052631576,0.38751345532831
mlp,0.004127717904218096,180,549,496,19,0.24691358024691357,0.9045226130653267,0.47464114832535886,0.38793103448275856
mlp,0.0041411493102736716,180,548,497,19,0.24725274725274726,0.9045226130653267,0.4755980861244019,0.38834951456310685
mlp,0.004197754358655358,180,547,498,19,0.24759284731774414,0.9045226130653267,0.47655502392344495,0.3887688984881209
mlp,0.0046449141058081955,180,546,499,19,0.24793388429752067,0.9045226130653267,0.47751196172248805,0.38918918918918927
mlp,0.004668185146450927,180,545,500,19,0.2482758620689655,0.9045226130653267,0.4784688995215311,0.38961038961038963
mlp,0.004719698417067213,180,544,501,19,0.24861878453038674,0.9045226130653267,0.47942583732057414,0.39003250270855905
mlp,0.005165359542712488,180,543,502,19,0.24896265560165975,0.9045226130653267,0.48038277511961724,0.3904555314533623
mlp,0.005218026050692913,180,542,503,19,0.24930747922437674,0.9045226130653267,0.4813397129186603,0.3908794788273616
mlp,0.005336320549732609,180,541,504,19,0.24965325936199723,0.9045226130653267,0.48229665071770333,0.391304347826087
mlp,0.005442924324308867,179,541,504,20,0.24861111111111112,0.8994974874371859,0.48229665071770333,0.3895538628944505
mlp,0.006001533654103693,179,540,505,20,0.24895688456189152,0.8994974874371859,0.48325358851674644,0.3899782135076253
mlp,0.006275737959764867,179,539,506,20,0.24930362116991645,0.8994974874371859,0.4842105263157895,0.3904034896401309
mlp,0.00630366404546231,179,538,507,20,0.2496513249651325,0.8994974874371859,0.4851674641148325,0.39082969432314413
mlp,0.006329143601320464,179,537,508,20,0.25,0.8994974874371859,0.4861244019138756,0.3912568306010929
mlp,0.006368866508419317,179,536,509,20,0.25034965034965034,0.8994974874371859,0.48708133971291867,0.3916849015317287
mlp,0.006709115424077768,179,535,510,20,0.2507002801120448,0.8994974874371859,0.4880382775119617,0.39211391018619934
mlp,0.006824429126104423,179,534,511,20,0.25105189340813466,0.8994974874371859,0.48899521531100476,0.3925438596491228
mlp,0.006892467792532315,179,533,512,20,0.25140449438202245,0.8994974874371859,0.48995215311004786,0.3929747530186608
mlp,0.007037664632498364,179,532,513,20,0.2517580872011252,0.8994974874371859,0.4909090909090909,0.39340659340659345
mlp,0.007181830913443669,179,531,514,20,0.252112676056338,0.8994974874371859,0.49186602870813395,0.39383938393839385
mlp,0.007377985861156177,179,530,515,20,0.2524682651622003,0.8994974874371859,0.49282296650717705,0.394273127753304
mlp,0.007432671259073821,179,529,516,20,0.2528248587570621,0.8994974874371859,0.4937799043062201,0.3947078280044101
mlp,0.007444142412873346,178,529,516,21,0.25176803394625175,0.8944723618090452,0.4937799043062201,0.39293598233995586
mlp,0.007515825986955455,178,528,517,21,0.2521246458923513,0.8944723618090452,0.49473684210526314,0.39337016574585637
mlp,0.007856204120689485,178,527,518,21,0.2524822695035461,0.8944723618090452,0.49569377990430624,0.3938053097345132
mlp,0.008133210400005144,178,526,519,21,0.2528409090909091,0.8944723618090452,0.4966507177033493,0.3942414174972315
mlp,0.008168644129154946,178,525,520,21,0.2532005689900427,0.8944723618090452,0.49760765550239233,0.3946784922394679
mlp,0.00830615460766751,178,524,521,21,0.2535612535612536,0.8944723618090452,0.49856459330143543,0.39511653718091017
mlp,0.008500764576019766,178,523,522,21,0.25392296718972895,0.8944723618090452,0.4995215311004785,0.3955555555555555
mlp,0.008651841801705612,178,522,523,21,0.2542857142857143,0.8944723618090452,0.5004784688995215,0.3959955506117908
mlp,0.008652827861380066,178,521,524,21,0.25464949928469244,0.8944723618090452,0.5014354066985646,0.39643652561247217
mlp,0.008890411048208464,178,520,525,21,0.25501432664756446,0.8944723618090452,0.5023923444976076,0.3968784838350055
mlp,0.008915304375027123,178,519,526,21,0.25538020086083213,0.8944723618090452,0.5033492822966508,0.3973214285714285
mlp,0.009015805832560597,178,518,527,21,0.2557471264367816,0.8944723618090452,0.5043062200956938,0.39776536312849164
mlp,0.009031114182720021,177,518,527,22,0.25467625899280577,0.8894472361809045,0.5043062200956938,0.39597315436241615
mlp,0.009625453639422682,177,517,528,22,0.25504322766570603,0.8894472361809045,0.5052631578947369,0.39641657334826425
mlp,0.00984365781566932,177,516,529,22,0.2554112554112554,0.8894472361809045,0.5062200956937799,0.3968609865470852
mlp,0.010778140040218388,177,515,530,22,0.25578034682080925,0.8894472361809045,0.507177033492823,0.3973063973063973
mlp,0.010951083827425417,177,514,531,22,0.25615050651230103,0.8894472361809045,0.508133971291866,0.3977528089887641
mlp,0.011084073247857812,177,513,532,22,0.2565217391304348,0.8894472361809045,0.509090909090909,0.3982002249718785
mlp,0.011778891672507393,177,511,534,22,0.25726744186046513,0.8894472361809045,0.5110047846889952,0.39909808342728303
mlp,0.011982586554502279,177,510,535,22,0.2576419213973799,0.8894472361809045,0.5119617224880383,0.3995485327313769
mlp,0.012037799064138193,177,509,536,22,0.25801749271137026,0.8894472361809045,0.5129186602870813,0.39999999999999997
mlp,0.012592990534669866,177,508,537,22,0.2583941605839416,0.8894472361809045,0.5138755980861244,0.4004524886877829
mlp,0.012856881723787307,177,507,538,22,0.25877192982456143,0.8894472361809045,0.5148325358851674,0.40090600226500567
mlp,0.012940896904976337,177,506,539,22,0.2591508052708638,0.8894472361809045,0.5157894736842106,0.4013605442176871
mlp,0.013020245773623972,177,505,540,22,0.2595307917888563,0.8894472361809045,0.5167464114832536,0.4018161180476731
mlp,0.013302313161582778,177,504,541,22,0.2599118942731278,0.8894472361809045,0.5177033492822967,0.4022727272727273
mlp,0.013365669017325015,177,503,542,22,0.26029411764705884,0.8894472361809045,0.5186602870813397,0.4027303754266212
mlp,0.01337908204549862,177,502,543,22,0.2606774668630339,0.8894472361809045,0.5196172248803828,0.40318906605922555
mlp,0.013659913155774358,177,501,544,22,0.2610619469026549,0.8894472361809045,0.5205741626794258,0.4036488027366021
mlp,0.013670115019136819,177,494,551,22,0.2637853949329359,0.8894472361809045,0.5272727272727272,0.40689655172413797
mlp,0.014185152074080594,177,493,552,22,0.26417910447761195,0.8894472361809045,0.5282296650717704,0.40736478711162255
mlp,0.015731051215173732,177,492,553,22,0.2645739910313901,0.8894472361809045,0.5291866028708134,0.40783410138248855
mlp,0.015957411230833524,177,491,554,22,0.26497005988023953,0.8894472361809045,0.5301435406698565,0.4083044982698962
mlp,0.016109634383271693,177,490,555,22,0.2653673163418291,0.8894472361809045,0.5311004784688995,0.40877598152424943
mlp,0.016351568483833307,177,489,556,22,0.26576576576576577,0.8894472361809045,0.5320574162679426,0.4092485549132948
mlp,0.016742830556213617,177,488,557,22,0.2661654135338346,0.8894472361809045,0.5330143540669856,0.40972222222222227
mlp,0.017194788238363966,177,487,558,22,0.26656626506024095,0.8894472361809045,0.5339712918660288,0.4101969872537659
mlp,0.017220046586168034,177,486,559,22,0.2669683257918552,0.8894472361809045,0.5349282296650718,0.41067285382830626
mlp,0.017341179777079795,177,485,560,22,0.2673716012084592,0.8894472361809045,0.5358851674641149,0.41114982578397213
mlp,0.017504300495437802,177,484,561,22,0.26777609682299547,0.8894472361809045,0.5368421052631579,0.41162790697674423
mlp,0.01754529761990067,177,483,562,22,0.2681818181818182,0.8894472361809045,0.5377990430622009,0.4121071012805588
mlp,0.01769598135737011,177,482,563,22,0.26858877086494687,0.8894472361809045,0.538755980861244,0.4125874125874126
mlp,0.0178532656415829,177,481,564,22,0.2689969604863222,0.8894472361809045,0.539712918660287,0.4130688448074679
mlp,0.0181536059243819,177,480,565,22,0.2694063926940639,0.8894472361809045,0.5406698564593302,0.41355140186915884
mlp,0.01835312411830975,177,479,566,22,0.2698170731707317,0.8894472361809045,0.5416267942583732,0.4140350877192983
mlp,0.018907557474460383,177,478,567,22,0.27022900763358776,0.8894472361809045,0.5425837320574163,0.414519906323185
mlp,0.018914127573037388,177,477,568,22,0.2706422018348624,0.8894472361809045,0.5435406698564593,0.41500586166471276
mlp,0.01910598038178306,177,476,569,22,0.27105666156202146,0.8894472361809045,0.5444976076555024,0.4154929577464789
mlp,0.019452804368473815,177,475,570,22,0.2714723926380368,0.8894472361809045,0.5454545454545454,0.41598119858989424
mlp,0.019987168223595114,177,474,571,22,0.271889400921659,0.8894472361809045,0.5464114832535886,0.41647058823529404
mlp,0.020485701441320704,177,473,572,22,0.2723076923076923,0.8894472361809045,0.5473684210526316,0.41696113074204944
mlp,0.020583671085463027,177,472,573,22,0.2727272727272727,0.8894472361809045,0.5483253588516747,0.4174528301886792
mlp,0.02145734379124728,177,471,574,22,0.27314814814814814,0.8894472361809045,0.5492822966507177,0.4179456906729634
mlp,0.021582295463009927,177,470,575,22,0.2735703245749614,0.8894472361809045,0.5502392344497608,0.41843971631205673
mlp,0.02185108401554229,177,469,576,22,0.2739938080495356,0.8894472361809045,0.5511961722488038,0.4189349112426035
mlp,0.022308677001363842,176,469,576,23,0.27286821705426356,0.8844221105527639,0.5511961722488038,0.4170616113744076
mlp,0.0223805546196273,176,468,577,23,0.2732919254658385,0.8844221105527639,0.5521531100478468,0.4175563463819692
mlp,0.022430807766520247,176,467,578,23,0.2737169517884914,0.8844221105527639,0.55311004784689,0.4180522565320665
mlp,0.022695643325565985,176,466,579,23,0.27414330218068533,0.8844221105527639,0.554066985645933,0.41854934601664684
mlp,0.02296968466155336,176,465,580,23,0.2745709828393136,0.8844221105527639,0.5550239234449761,0.4190476190476191
mlp,0.02431346221686425,176,464,581,23,0.275,0.8844221105527639,0.5559808612440191,0.4195470798569726
mlp,0.024765936025671953,175,464,581,24,0.27386541471048514,0.8793969849246231,0.5559808612440191,0.41766109785202865
mlp,0.02478246266460962,175,463,582,24,0.274294670846395,0.8793969849246231,0.5569377990430622,0.4181600955794504
mlp,0.024851718559170163,174,463,582,25,0.2731554160125589,0.8743718592964824,0.5569377990430622,0.41626794258373206
mlp,0.025330508679626454,174,462,583,25,0.27358490566037735,0.8743718592964824,0.5578947368421052,0.41676646706586823
mlp,0.026197848258738127,174,461,584,25,0.2740157480314961,0.8743718592964824,0.5588516746411484,0.4172661870503597
mlp,0.026286023840673557,174,460,585,25,0.2744479495268139,0.8743718592964824,0.5598086124401914,0.41776710684273705
mlp,0.02708202139319668,174,459,586,25,0.27488151658767773,0.8743718592964824,0.5607655502392345,0.41826923076923084
mlp,0.027118419578217767,174,458,587,25,0.27531645569620256,0.8743718592964824,0.5617224880382775,0.4187725631768953
mlp,0.027463972491765107,174,457,588,25,0.2757527733755943,0.8743718592964824,0.5626794258373206,0.41927710843373495
mlp,0.029016577382605227,174,456,589,25,0.2761904761904762,0.8743718592964824,0.5636363636363636,0.41978287092883
mlp,0.029505591081361388,174,455,590,25,0.2766295707472178,0.8743718592964824,0.5645933014354066,0.4202898550724638
mlp,0.02975460611889775,174,454,591,25,0.2770700636942675,0.8743718592964824,0.5655502392344498,0.4207980652962515
mlp,0.030468030041371573,174,453,592,25,0.27751196172248804,0.8743718592964824,0.5665071770334928,0.4213075060532688
mlp,0.03142958635810402,174,452,593,25,0.2779552715654952,0.8743718592964824,0.5674641148325359,0.4218181818181818
mlp,0.03170266060797434,174,451,594,25,0.2784,0.8743718592964824,0.5684210526315789,0.4223300970873786
mlp,0.03208469612534885,173,451,594,26,0.27724358974358976,0.8693467336683417,0.5684210526315789,0.4204131227217497
mlp,0.0322359721946332,173,449,596,26,0.27813504823151125,0.8693467336683417,0.570334928229665,0.4214372716199757
mlp,0.03305722897968216,173,448,597,26,0.2785829307568438,0.8693467336683417,0.5712918660287082,0.42195121951219516
mlp,0.033202169489367536,172,448,597,27,0.27741935483870966,0.864321608040201,0.5712918660287082,0.42002442002442003
mlp,0.03423040506866541,172,447,598,27,0.2778675282714055,0.864321608040201,0.5722488038277512,0.4205378973105134
mlp,0.03544131781301637,172,446,599,27,0.2783171521035599,0.864321608040201,0.5732057416267943,0.4210526315789474
mlp,0.03739966495770353,171,446,599,28,0.2771474878444084,0.8592964824120602,0.5732057416267943,0.41911764705882354
mlp,0.037676218833609,171,445,600,28,0.2775974025974026,0.8592964824120602,0.5741626794258373,0.4196319018404909
mlp,0.03800417841218296,171,444,601,28,0.2780487804878049,0.8592964824120602,0.5751196172248804,0.4201474201474201
mlp,0.03812267858265446,171,443,602,28,0.2785016286644951,0.8592964824120602,0.5760765550239234,0.42066420664206644
mlp,0.04010512014612894,170,443,602,29,0.27732463295269166,0.8542713567839196,0.5760765550239234,0.4187192118226601
mlp,0.04019350759832172,170,442,603,29,0.2777777777777778,0.8542713567839196,0.5770334928229665,0.4192355117139334
mlp,0.04308518610579281,170,441,604,29,0.27823240589198034,0.8542713567839196,0.5779904306220096,0.419753086419753
mlp,0.043279083048564794,170,440,605,29,0.2786885245901639,0.8542713567839196,0.5789473684210527,0.4202719406674907
mlp,0.04386173812933193,170,439,606,29,0.2791461412151067,0.8542713567839196,0.5799043062200957,0.4207920792079208
mlp,0.04401663622280828,170,438,607,29,0.27960526315789475,0.8542713567839196,0.5808612440191387,0.42131350681536556
mlp,0.0466044921562165,170,437,608,29,0.2800658978583196,0.8542713567839196,0.5818181818181818,0.4218362282878412
mlp,0.04686217815930592,170,436,609,29,0.28052805280528054,0.8542713567839196,0.5827751196172248,0.42236024844720493
mlp,0.04705851686258394,169,436,609,30,0.2793388429752066,0.8492462311557789,0.5827751196172248,0.4203980099502488
mlp,0.04709584183031688,169,435,610,30,0.27980132450331124,0.8492462311557789,0.583732057416268,0.4209215442092154
mlp,0.047329815860571306,169,434,611,30,0.2802653399668325,0.8492462311557789,0.584688995215311,0.42144638403990026
mlp,0.04802015626308611,169,433,612,30,0.2807308970099668,0.8492462311557789,0.5856459330143541,0.4219725343320848
mlp,0.04843982262975229,169,432,613,30,0.281198003327787,0.8492462311557789,0.5866028708133971,0.42249999999999993
mlp,0.04901244652832958,169,431,614,30,0.2816666666666667,0.8492462311557789,0.5875598086124402,0.4230287859824781
mlp,0.04957749121119442,169,430,615,30,0.28213689482470783,0.8492462311557789,0.5885167464114832,0.42355889724310775
mlp,0.05087408502879711,169,429,616,30,0.2826086956521739,0.8492462311557789,0.5894736842105263,0.42409033877038893
mlp,0.05142116553689343,169,428,617,30,0.2830820770519263,0.8492462311557789,0.5904306220095694,0.42462311557788945
mlp,0.0518957710428267,169,427,618,30,0.2835570469798658,0.8492462311557789,0.5913875598086125,0.42515723270440253
mlp,0.05274484755111168,169,426,619,30,0.28403361344537814,0.8492462311557789,0.5923444976076555,0.42569269521410585
mlp,0.053770992990341514,169,425,620,30,0.2845117845117845,0.8492462311557789,0.5933014354066986,0.4262295081967213
mlp,0.0537805243805301,169,424,621,30,0.28499156829679595,0.8492462311557789,0.5942583732057416,0.42676767676767674
mlp,0.05448486487758985,169,423,622,30,0.28547297297297297,0.8492462311557789,0.5952153110047846,0.427307206068268
mlp,0.05557080946176827,168,423,622,31,0.28426395939086296,0.8442211055276382,0.5952153110047846,0.4253164556962025
mlp,0.05779701724714185,168,422,623,31,0.2847457627118644,0.8442211055276382,0.5961722488038278,0.42585551330798477
mlp,0.0586132877179193,168,420,625,31,0.2857142857142857,0.8442211055276382,0.5980861244019139,0.4269377382465057
mlp,0.05899031315476441,168,419,626,31,0.28620102214650767,0.8442211055276382,0.5990430622009569,0.4274809160305344
mlp,0.05938350999953638,168,418,627,31,0.28668941979522183,0.8442211055276382,0.6,0.4280254777070064
mlp,0.059806880276292565,168,417,628,31,0.28717948717948716,0.8442211055276382,0.600956937799043,0.42857142857142855
mlp,0.06034159883816079,168,416,629,31,0.2876712328767123,0.8442211055276382,0.6019138755980862,0.42911877394636017
mlp,0.06161562873850751,168,415,630,31,0.2881646655231561,0.8442211055276382,0.6028708133971292,0.4296675191815857
mlp,0.0664042109239828,168,414,631,31,0.28865979381443296,0.8442211055276382,0.6038277511961723,0.43021766965428937
mlp,0.06645642951631558,168,413,632,31,0.2891566265060241,0.8442211055276382,0.6047846889952153,0.4307692307692308
mlp,0.06661030325154205,168,412,633,31,0.2896551724137931,0.8442211055276382,0.6057416267942584,0.43132220795892173
mlp,0.06673032986983356,167,412,633,32,0.28842832469775476,0.8391959798994975,0.6057416267942584,0.429305912596401
mlp,0.06719791345701238,167,411,634,32,0.2889273356401384,0.8391959798994975,0.6066985645933014,0.4298584298584299
mlp,0.07168916899601399,167,410,635,32,0.28942807625649913,0.8391959798994975,0.6076555023923444,0.43041237113402064
mlp,0.07171726360089116,167,409,636,32,0.2899305555555556,0.8391959798994975,0.6086124401913876,0.4309677419354839
mlp,0.07240385659790148,167,408,637,32,0.29043478260869565,0.8391959798994975,0.6095693779904306,0.43152454780361754
mlp,0.0725551640177231,167,402,643,32,0.29349736379613356,0.8391959798994975,0.615311004784689,0.4348958333333333
mlp,0.07271055947004051,167,400,645,32,0.2945326278659612,0.8391959798994975,0.6172248803827751,0.43603133159268925
mlp,0.07400144662667947,167,399,646,32,0.2950530035335689,0.8391959798994975,0.6181818181818182,0.43660130718954243
mlp,0.07482209408433316,167,398,647,32,0.29557522123893804,0.8391959798994975,0.6191387559808612,0.43717277486910994
mlp,0.07762051296481551,166,398,647,33,0.29432624113475175,0.8341708542713567,0.6191387559808612,0.4351245085190039
mlp,0.08147925052974775,166,397,648,33,0.29484902309058614,0.8341708542713567,0.6200956937799043,0.4356955380577428
mlp,0.08155592830215797,166,396,649,33,0.29537366548042704,0.8341708542713567,0.6210526315789474,0.43626806833114323
mlp,0.08409343205634201,166,395,650,33,0.29590017825311943,0.8341708542713567,0.6220095693779905,0.4368421052631579
mlp,0.08410712053262827,166,394,651,33,0.29642857142857143,0.8341708542713567,0.6229665071770335,0.43741765480895917
mlp,0.08435873177092068,166,393,652,33,0.29695885509839,0.8341708542713567,0.6239234449760765,0.4379947229551451
mlp,0.08437509607769643,166,392,653,33,0.2974910394265233,0.8341708542713567,0.6248803827751196,0.4385733157199471
mlp,0.08557810613837669,166,391,654,33,0.2980251346499102,0.8341708542713567,0.6258373205741626,0.43915343915343913
mlp,0.08645792518544261,166,390,655,33,0.29856115107913667,0.8341708542713567,0.6267942583732058,0.4397350993377483
mlp,0.0901527979114717,166,389,656,33,0.2990990990990991,0.8341708542713567,0.6277511961722488,0.44031830238726793
mlp,0.09121717497307996,166,388,657,33,0.2996389891696751,0.8341708542713567,0.6287081339712919,0.4409030544488712
mlp,0.09149525959876646,166,387,658,33,0.30018083182640143,0.8341708542713567,0.6296650717703349,0.44148936170212755
mlp,0.09225092740974199,166,386,659,33,0.3007246376811594,0.8341708542713567,0.630622009569378,0.44207723035952057
mlp,0.09401537009162693,166,385,660,33,0.30127041742286753,0.8341708542713567,0.631578947368421,0.4426666666666667
mlp,0.09551596331719672,166,384,661,33,0.3018181818181818,0.8341708542713567,0.6325358851674641,0.44325767690253665
mlp,0.0963329429945361,166,383,662,33,0.302367941712204,0.8341708542713567,0.6334928229665072,0.44385026737967914
mlp,0.09668382811261385,166,382,663,33,0.3029197080291971,0.8341708542713567,0.6344497607655503,0.4444444444444445
mlp,0.09672652742653919,166,381,664,33,0.30347349177330896,0.8341708542713567,0.6354066985645933,0.4450402144772118
mlp,0.09824744011593593,166,380,665,33,0.304029304029304,0.8341708542713567,0.6363636363636364,0.4456375838926175
mlp,0.09904229393597631,166,379,666,33,0.30458715596330277,0.8341708542713567,0.6373205741626794,0.44623655913978494
mlp,0.10151236818703492,166,378,667,33,0.30514705882352944,0.8341708542713567,0.6382775119617224,0.44683714670255725
mlp,0.10375495682714918,165,378,667,34,0.30386740331491713,0.8291457286432161,0.6382775119617224,0.44474393530997297
mlp,0.10481404103339036,165,377,668,34,0.3044280442804428,0.8291457286432161,0.6392344497607656,0.44534412955465585
mlp,0.10500199718454627,165,376,669,34,0.3049907578558225,0.8291457286432161,0.6401913875598086,0.44594594594594594
mlp,0.10528290699618151,165,375,670,34,0.3055555555555556,0.8291457286432161,0.6411483253588517,0.44654939106901215
mlp,0.10543723429516876,165,374,671,34,0.30612244897959184,0.8291457286432161,0.6421052631578947,0.44715447154471544
mlp,0.10790297625959552,165,373,672,34,0.3066914498141264,0.8291457286432161,0.6430622009569378,0.44776119402985076
mlp,0.10847478377402359,165,372,673,34,0.30726256983240224,0.8291457286432161,0.6440191387559808,0.44836956521739135
mlp,0.10917590275002291,165,371,674,34,0.30783582089552236,0.8291457286432161,0.6449760765550239,0.44897959183673464
mlp,0.11191215717609901,165,368,677,34,0.30956848030018763,0.8291457286432161,0.6478468899521531,0.4508196721311476
mlp,0.111994688690952,165,367,678,34,0.3101503759398496,0.8291457286432161,0.6488038277511962,0.45143638850889195
mlp,0.11293023716579015,164,367,678,35,0.3088512241054614,0.8241206030150754,0.6488038277511962,0.44931506849315067
mlp,0.1129333040120211,163,367,678,36,0.30754716981132074,0.8190954773869347,0.6488038277511962,0.44718792866941015
mlp,0.11498512689526928,163,366,679,36,0.30812854442344045,0.8190954773869347,0.6497607655502392,0.4478021978021978
mlp,0.11558014967002056,163,365,680,36,0.3087121212121212,0.8190954773869347,0.6507177033492823,0.4484181568088033
mlp,0.11703298047352415,163,364,681,36,0.3092979127134725,0.8190954773869347,0.6516746411483254,0.44903581267217635
mlp,0.11745745229376174,162,364,681,37,0.30798479087452474,0.8140703517587939,0.6516746411483254,0.4468965517241379
mlp,0.11761969264197555,161,364,681,38,0.30666666666666664,0.8090452261306532,0.6516746411483254,0.44475138121546964
mlp,0.12121044794718734,161,363,682,38,0.30725190839694655,0.8090452261306532,0.6526315789473685,0.4453665283540802
mlp,0.12234100482857464,161,362,683,38,0.3078393881453155,0.8090452261306532,0.6535885167464115,0.445983379501385
mlp,0.12359627487099913,161,360,685,38,0.30902111324376197,0.8090452261306532,0.6555023923444976,0.4472222222222222
mlp,0.12399380062557294,161,359,686,38,0.3096153846153846,0.8090452261306532,0.6564593301435406,0.4478442280945758
mlp,0.12485122337721859,161,358,687,38,0.31021194605009633,0.8090452261306532,0.6574162679425838,0.44846796657381605
mlp,0.12662074773352855,161,357,688,38,0.3108108108108108,0.8090452261306532,0.6583732057416268,0.44909344490934444
mlp,0.12744750698497576,161,356,689,38,0.3114119922630561,0.8090452261306532,0.6593301435406699,0.44972067039106145
mlp,0.12769485955167506,160,356,689,39,0.31007751937984496,0.8040201005025126,0.6593301435406699,0.44755244755244755
mlp,0.1281280936037058,160,355,690,39,0.3106796116504854,0.8040201005025126,0.6602870813397129,0.44817927170868344
mlp,0.13226520997151447,160,354,691,39,0.311284046692607,0.8040201005025126,0.661244019138756,0.44880785413744734
mlp,0.13312068604740424,160,353,692,39,0.31189083820662766,0.8040201005025126,0.662200956937799,0.4494382022471911
mlp,0.14206115138293213,160,352,693,39,0.3125,0.8040201005025126,0.6631578947368421,0.4500703234880451
mlp,0.14302857120807763,160,348,697,39,0.31496062992125984,0.8040201005025126,0.6669856459330143,0.45261669024045265
mlp,0.1450297741651352,160,347,698,39,0.3155818540433925,0.8040201005025126,0.6679425837320574,0.45325779036827196
mlp,0.14524546557762033,160,346,699,39,0.31620553359683795,0.8040201005025126,0.6688995215311004,0.45390070921985815
mlp,0.14877388404075564,160,345,700,39,0.31683168316831684,0.8040201005025126,0.6698564593301436,0.45454545454545453
mlp,0.14969232596094526,160,344,701,39,0.31746031746031744,0.8040201005025126,0.6708133971291866,0.45519203413940246
mlp,0.15031379637787762,159,344,701,40,0.31610337972166996,0.7989949748743719,0.6708133971291866,0.45299145299145305
mlp,0.15136345951395366,159,343,702,40,0.31673306772908366,0.7989949748743719,0.6717703349282297,0.4536376604850214
mlp,0.15169546744208465,159,342,703,40,0.31736526946107785,0.7989949748743719,0.6727272727272727,0.4542857142857143
mlp,0.1560439683552125,159,341,704,40,0.318,0.7989949748743719,0.6736842105263158,0.4549356223175966
mlp,0.15877735317710165,159,340,705,40,0.3186372745490982,0.7989949748743719,0.6746411483253588,0.4555873925501433
mlp,0.1594371741051139,159,339,706,40,0.3192771084337349,0.7989949748743719,0.6755980861244019,0.4562410329985652
mlp,0.1608922906676907,158,339,706,41,0.317907444668008,0.7939698492462312,0.6755980861244019,0.45402298850574707
mlp,0.16306598176727766,158,338,707,41,0.3185483870967742,0.7939698492462312,0.676555023923445,0.4546762589928058
mlp,0.1668516405480477,158,337,708,41,0.3191919191919192,0.7939698492462312,0.6775119617224881,0.45533141210374645
mlp,0.16888595221588873,158,336,709,41,0.31983805668016196,0.7939698492462312,0.6784688995215311,0.455988455988456
mlp,0.1740948001720283,158,335,710,41,0.3204868154158215,0.7939698492462312,0.6794258373205742,0.45664739884393074
mlp,0.17451197626909412,158,334,711,41,0.32113821138211385,0.7939698492462312,0.6803827751196172,0.45730824891461647
mlp,0.17519208704019065,158,333,712,41,0.32179226069246436,0.7939698492462312,0.6813397129186602,0.4579710144927536
mlp,0.17590508934097934,158,332,713,41,0.3224489795918367,0.7939698492462312,0.6822966507177034,0.4586357039187228
mlp,0.17716252854898026,158,331,714,41,0.3231083844580777,0.7939698492462312,0.6832535885167464,0.45930232558139533
mlp,0.17803804461470968,158,330,715,41,0.3237704918032787,0.7939698492462312,0.6842105263157895,0.4599708879184862
mlp,0.18023763214347455,158,329,716,41,0.324435318275154,0.7939698492462312,0.6851674641148325,0.4606413994169096
mlp,0.18121535535046532,158,328,717,41,0.32510288065843623,0.7939698492462312,0.6861244019138756,0.46131386861313867
mlp,0.18129112398512195,158,327,718,41,0.32577319587628867,0.7939698492462312,0.6870813397129186,0.4619883040935673
mlp,0.18395652031163634,157,323,722,42,0.32708333333333334,0.7889447236180904,0.6909090909090909,0.4624447717231222
mlp,0.18566228409317653,157,322,723,42,0.3277661795407098,0.7889447236180904,0.691866028708134,0.46312684365781703
mlp,0.1867472516291803,156,322,723,43,0.3263598326359833,0.7839195979899497,0.691866028708134,0.4608567208271787
mlp,0.1883128590682433,156,321,724,43,0.3270440251572327,0.7839195979899497,0.692822966507177,0.4615384615384615
mlp,0.1884511043949458,156,320,725,43,0.3277310924369748,0.7839195979899497,0.69377990430622,0.46222222222222226
mlp,0.1898287695519528,156,319,726,43,0.32842105263157895,0.7839195979899497,0.6947368421052632,0.4629080118694362
mlp,0.1915893032078204,156,318,727,43,0.3291139240506329,0.7839195979899497,0.6956937799043063,0.4635958395245171
mlp,0.20180442168714635,156,317,728,43,0.3298097251585624,0.7839195979899497,0.6966507177033493,0.46428571428571425
mlp,0.20275721096526822,156,316,729,43,0.3305084745762712,0.7839195979899497,0.6976076555023923,0.4649776453055142
mlp,0.20765837198451,156,315,730,43,0.33121019108280253,0.7839195979899497,0.6985645933014354,0.46567164179104475
mlp,0.21217402866434498,156,314,731,43,0.33191489361702126,0.7839195979899497,0.6995215311004784,0.46636771300448426
mlp,0.2135906702406148,156,313,732,43,0.3326226012793177,0.7839195979899497,0.7004784688995215,0.467065868263473
mlp,0.21718630940285263,155,313,732,44,0.3311965811965812,0.7788944723618091,0.7004784688995215,0.46476761619190404
mlp,0.2173902917832663,155,312,733,44,0.33190578158458245,0.7788944723618091,0.7014354066985646,0.4654654654654655
mlp,0.22250858906534765,155,311,734,44,0.33261802575107297,0.7788944723618091,0.7023923444976077,0.46616541353383456
mlp,0.22364283254429776,155,310,735,44,0.3333333333333333,0.7788944723618091,0.7033492822966507,0.466867469879518
mlp,0.22714208281621084,155,306,739,44,0.3362255965292842,0.7788944723618091,0.707177033492823,0.46969696969696967
mlp,0.22852348795378424,155,305,740,44,0.33695652173913043,0.7788944723618091,0.7081339712918661,0.47040971168437024
mlp,0.2343720676770495,155,304,741,44,0.33769063180827885,0.7788944723618091,0.7090909090909091,0.4711246200607903
mlp,0.23811349709314686,155,303,742,44,0.3384279475982533,0.7788944723618091,0.7100478468899522,0.4718417047184171
mlp,0.24157685746468302,155,302,743,44,0.33916849015317285,0.7788944723618091,0.7110047846889952,0.472560975609756
mlp,0.24267508928754208,154,302,743,45,0.33771929824561403,0.7738693467336684,0.7110047846889952,0.4702290076335877
mlp,0.24332185208704643,153,302,743,46,0.3362637362637363,0.7688442211055276,0.7110047846889952,0.4678899082568808
mlp,0.24379981790303154,153,301,744,46,0.3370044052863436,0.7688442211055276,0.7119617224880382,0.4686064318529862
mlp,0.2444689896007516,152,300,745,47,0.336283185840708,0.7638190954773869,0.7129186602870813,0.46697388632872505
mlp,0.2479763443448896,152,299,746,47,0.3370288248337029,0.7638190954773869,0.7138755980861244,0.4676923076923077
mlp,0.25159152666056545,151,299,746,48,0.33555555555555555,0.7587939698492462,0.7138755980861244,0.46533127889060094
mlp,0.25292215839953314,151,298,747,48,0.3363028953229399,0.7587939698492462,0.7148325358851675,0.4660493827160494
mlp,0.2533165277574787,151,297,748,48,0.33705357142857145,0.7587939698492462,0.7157894736842105,0.4667697063369397
mlp,0.25742852535519,151,296,749,48,0.3378076062639821,0.7587939698492462,0.7167464114832536,0.4674922600619194
mlp,0.2591814981552826,150,296,749,49,0.336322869955157,0.7537688442211056,0.7167464114832536,0.46511627906976755
mlp,0.26262880159314295,150,295,750,49,0.33707865168539325,0.7537688442211056,0.7177033492822966,0.4658385093167702
mlp,0.264369474575568,150,294,751,49,0.33783783783783783,0.7537688442211056,0.7186602870813397,0.46656298600311036
mlp,0.2663799193003728,150,293,752,49,0.33860045146726864,0.7537688442211056,0.7196172248803828,0.46728971962616833
mlp,0.27015030413868735,150,292,753,49,0.3393665158371041,0.7537688442211056,0.7205741626794259,0.46801872074883
mlp,0.2709806942618167,150,288,757,49,0.3424657534246575,0.7537688442211056,0.724401913875598,0.47095761381475665
mlp,0.271756141826958,150,287,758,49,0.34324942791762014,0.7537688442211056,0.7253588516746412,0.4716981132075472
mlp,0.27276068953397187,150,286,759,49,0.3440366972477064,0.7537688442211056,0.7263157894736842,0.4724409448818898
mlp,0.27874885758324347,150,285,760,49,0.3448275862068966,0.7537688442211056,0.7272727272727273,0.473186119873817
mlp,0.28178418281253836,150,284,761,49,0.3456221198156682,0.7537688442211056,0.7282296650717703,0.47393364928909953
mlp,0.28322813543113917,150,282,763,49,0.3472222222222222,0.7537688442211056,0.7301435406698564,0.4754358161648178
mlp,0.2846221795447043,150,281,764,49,0.3480278422273782,0.7537688442211056,0.7311004784688995,0.47619047619047616
mlp,0.28804221307426975,150,280,765,49,0.3488372093023256,0.7537688442211056,0.7320574162679426,0.4769475357710652
mlp,0.2903750586352279,150,279,766,49,0.34965034965034963,0.7537688442211056,0.7330143540669857,0.47770700636942676
mlp,0.29067749402534104,150,278,767,49,0.35046728971962615,0.7537688442211056,0.7339712918660287,0.47846889952153115
mlp,0.2921815326391546,150,277,768,49,0.351288056206089,0.7537688442211056,0.7349282296650718,0.4792332268370607
mlp,0.3044714596117017,150,276,769,49,0.352112676056338,0.7537688442211056,0.7358851674641148,0.48000000000000004
mlp,0.3047395169284198,149,276,769,50,0.35058823529411764,0.7487437185929648,0.7358851674641148,0.47756410256410253
mlp,0.3056649329502716,149,275,770,50,0.35141509433962265,0.7487437185929648,0.7368421052631579,0.478330658105939
mlp,0.3063032593785335,149,273,772,50,0.35308056872037913,0.7487437185929648,0.738755980861244,0.4798711755233494
mlp,0.30682416618068037,148,272,773,51,0.3523809523809524,0.7437185929648241,0.7397129186602871,0.4781906300484653
mlp,0.30752991269580787,148,270,775,51,0.35406698564593303,0.7437185929648241,0.7416267942583732,0.4797406807131281
mlp,0.317149245337121,148,269,776,51,0.354916067146283,0.7437185929648241,0.7425837320574162,0.48051948051948046
mlp,0.3194875287734915,148,268,777,51,0.3557692307692308,0.7437185929648241,0.7435406698564593,0.4813008130081301
mlp,0.31952653175992135,147,268,777,52,0.3542168674698795,0.7386934673366834,0.7435406698564593,0.47882736156351785
mlp,0.3203334015896836,147,267,778,52,0.35507246376811596,0.7386934673366834,0.7444976076555024,0.4796084828711256
mlp,0.3233324499928586,147,264,781,52,0.35766423357664234,0.7386934673366834,0.7473684210526316,0.48196721311475405
mlp,0.32434602860875195,147,263,782,52,0.35853658536585364,0.7386934673366834,0.7483253588516746,0.48275862068965514
mlp,0.32479049722780423,147,262,783,52,0.3594132029339853,0.7386934673366834,0.7492822966507177,0.48355263157894735
mlp,0.328401625969867,147,261,784,52,0.3602941176470588,0.7386934673366834,0.7502392344497608,0.48434925864909384
mlp,0.32980647076347125,146,261,784,53,0.35872235872235875,0.7336683417085427,0.7502392344497608,0.4818481848184818
mlp,0.33023625846687266,146,260,785,53,0.35960591133004927,0.7336683417085427,0.7511961722488039,0.4826446280991736
mlp,0.33111412475386176,146,259,786,53,0.36049382716049383,0.7336683417085427,0.7521531100478469,0.48344370860927155
mlp,0.3311889873281697,145,259,786,54,0.3589108910891089,0.7286432160804021,0.7521531100478469,0.4809286898839138
mlp,0.3434808547670845,145,258,787,54,0.3598014888337469,0.7286432160804021,0.75311004784689,0.48172757475083056
mlp,0.3445831753628938,145,257,788,54,0.36069651741293535,0.7286432160804021,0.754066985645933,0.4825291181364393
mlp,0.3450710204120018,145,256,789,54,0.36159600997506236,0.7286432160804021,0.755023923444976,0.48333333333333334
mlp,0.35668126629623237,145,255,790,54,0.3625,0.7286432160804021,0.7559808612440191,0.4841402337228715
mlp,0.357027846560428,145,254,791,54,0.3634085213032581,0.7286432160804021,0.7569377990430622,0.48494983277591974
mlp,0.362393855260578,142,233,812,57,0.37866666666666665,0.7135678391959799,0.7770334928229665,0.494773519163763
mlp,0.3629279881978242,142,232,813,57,0.37967914438502676,0.7135678391959799,0.7779904306220096,0.49563699825479934
mlp,0.36364401894624576,142,231,814,57,0.3806970509383378,0.7135678391959799,0.7789473684210526,0.49650349650349646
mlp,0.3663251345036837,142,230,815,57,0.3817204301075269,0.7135678391959799,0.7799043062200957,0.4973730297723293
mlp,0.3702966077553424,141,230,815,58,0.38005390835579517,0.7085427135678392,0.7799043062200957,0.4947368421052632
mlp,0.37226228964321806,141,229,816,58,0.3810810810810811,0.7085427135678392,0.7808612440191387,0.49560632688927936
mlp,0.3762511060414976,140,229,816,59,0.3794037940379404,0.7035175879396985,0.7808612440191387,0.4929577464788733
mlp,0.3781724490407731,140,228,817,59,0.3804347826086957,0.7035175879396985,0.7818181818181819,0.49382716049382713
mlp,0.37834682831910543,140,227,818,59,0.3814713896457766,0.7035175879396985,0.7827751196172249,0.49469964664310956
mlp,0.3805890918796611,140,226,819,59,0.3825136612021858,0.7035175879396985,0.783732057416268,0.4955752212389381
mlp,0.38316049782590006,140,225,820,59,0.3835616438356164,0.7035175879396985,0.784688995215311,0.4964539007092198
mlp,0.38410319660462366,139,225,820,60,0.38186813186813184,0.6984924623115578,0.784688995215311,0.4937833037300178
mlp,0.384290107070067,138,225,820,61,0.38016528925619836,0.6934673366834171,0.784688995215311,0.4911032028469752
mlp,0.38695343738434457,138,224,821,61,0.3812154696132597,0.6934673366834171,0.785645933014354,0.49197860962566853
mlp,0.39287674580484894,138,222,823,61,0.38333333333333336,0.6934673366834171,0.7875598086124402,0.4937388193202147
mlp,0.3929498837344078,138,221,824,61,0.38440111420612816,0.6934673366834171,0.7885167464114833,0.4946236559139785
mlp,0.3935832245203714,138,220,825,61,0.3854748603351955,0.6934673366834171,0.7894736842105263,0.49551166965888693
mlp,0.3936321331544452,138,219,826,61,0.3865546218487395,0.6934673366834171,0.7904306220095694,0.49640287769784175
mlp,0.40017902714237735,136,217,828,63,0.38526912181303113,0.6834170854271356,0.7923444976076555,0.4927536231884057
mlp,0.4020380080036253,136,216,829,63,0.38636363636363635,0.6834170854271356,0.7933014354066986,0.4936479128856624
mlp,0.4040535166482865,136,215,830,63,0.38746438746438744,0.6834170854271356,0.7942583732057417,0.49454545454545457
mlp,0.40570177563317833,136,214,831,63,0.38857142857142857,0.6834170854271356,0.7952153110047847,0.4954462659380691
mlp,0.40782751477967,136,213,832,63,0.38968481375358166,0.6834170854271356,0.7961722488038278,0.49635036496350365
mlp,0.4134733723216055,136,212,833,63,0.39080459770114945,0.6834170854271356,0.7971291866028708,0.49725776965265084
mlp,0.42477163375242527,136,211,834,63,0.3919308357348703,0.6834170854271356,0.7980861244019138,0.4981684981684981
mlp,0.4254687648450057,136,210,835,63,0.3930635838150289,0.6834170854271356,0.7990430622009569,0.49908256880733953
mlp,0.4298191405328584,135,210,835,64,0.391304347826087,0.678391959798995,0.7990430622009569,0.4963235294117647
mlp,0.42986645825582737,134,210,835,65,0.38953488372093026,0.6733668341708543,0.7990430622009569,0.4935543278084715
mlp,0.43374469500107143,134,209,836,65,0.39067055393586003,0.6733668341708543,0.8,0.4944649446494465
mlp,0.4385598730517364,133,209,836,66,0.3888888888888889,0.6683417085427136,0.8,0.4916820702402957
mlp,0.4394851874137112,133,208,837,66,0.39002932551319647,0.6683417085427136,0.8009569377990431,0.4925925925925925
mlp,0.4425919640242935,133,206,839,66,0.39233038348082594,0.6683417085427136,0.8028708133971292,0.4944237918215614
mlp,0.45124492101640606,133,205,840,66,0.39349112426035504,0.6683417085427136,0.8038277511961722,0.49534450651769085
mlp,0.4527492659803061,132,205,840,67,0.3916913946587537,0.6633165829145728,0.8038277511961722,0.4925373134328358
mlp,0.4559355746976726,132,204,841,67,0.39285714285714285,0.6633165829145728,0.8047846889952153,0.4934579439252337
mlp,0.4560229321969534,131,204,841,68,0.39104477611940297,0.6582914572864321,0.8047846889952153,0.4906367041198501
mlp,0.4569880803498519,131,203,842,68,0.39221556886227543,0.6582914572864321,0.8057416267942584,0.4915572232645404
mlp,0.4643273419688598,131,202,843,68,0.3933933933933934,0.6582914572864321,0.8066985645933015,0.49248120300751874
mlp,0.46433747285843774,131,201,844,68,0.39457831325301207,0.6582914572864321,0.8076555023923445,0.49340866290018837
mlp,0.46618638347399655,131,200,845,68,0.3957703927492447,0.6582914572864321,0.8086124401913876,0.4943396226415093
mlp,0.4673415737644252,131,198,847,68,0.3981762917933131,0.6582914572864321,0.8105263157894737,0.49621212121212127
mlp,0.4680488768680731,131,197,848,68,0.39939024390243905,0.6582914572864321,0.8114832535885167,0.49715370018975336
mlp,0.4705856300338941,131,196,849,68,0.40061162079510704,0.6582914572864321,0.8124401913875599,0.4980988593155894
mlp,0.4772379117695702,131,195,850,68,0.401840490797546,0.6582914572864321,0.8133971291866029,0.4990476190476191
mlp,0.47750541797224777,131,194,851,68,0.40307692307692305,0.6582914572864321,0.8143540669856459,0.5
mlp,0.47937736132463066,131,193,852,68,0.404320987654321,0.6582914572864321,0.815311004784689,0.5009560229445507
mlp,0.48321692620519185,131,192,853,68,0.4055727554179567,0.6582914572864321,0.816267942583732,0.5019157088122606
mlp,0.48427763070570573,131,191,854,68,0.40683229813664595,0.6582914572864321,0.8172248803827751,0.5028790786948176
mlp,0.4858317855438479,131,190,855,68,0.40809968847352024,0.6582914572864321,0.8181818181818182,0.5038461538461538
mlp,0.4874330459541667,130,190,855,69,0.40625,0.6532663316582915,0.8181818181818182,0.5009633911368016
mlp,0.4886996493778818,130,189,856,69,0.40752351097178685,0.6532663316582915,0.8191387559808613,0.501930501930502
mlp,0.48957487468453276,130,188,857,69,0.4088050314465409,0.6532663316582915,0.8200956937799043,0.5029013539651838
mlp,0.5014760781244579,130,187,858,69,0.41009463722397477,0.6532663316582915,0.8210526315789474,0.5038759689922481
mlp,0.5019131947886789,130,186,859,69,0.41139240506329117,0.6532663316582915,0.8220095693779904,0.5048543689320388
mlp,0.5023436837585095,130,185,860,69,0.4126984126984127,0.6532663316582915,0.8229665071770335,0.5058365758754864
mlp,0.5056478323871586,129,184,861,70,0.41214057507987223,0.6482412060301508,0.8239234449760765,0.5039062500000001
mlp,0.5108596547941221,128,184,861,71,0.41025641025641024,0.6432160804020101,0.8239234449760765,0.5009784735812134
mlp,0.5201241142257311,128,183,862,71,0.4115755627009646,0.6432160804020101,0.8248803827751197,0.5019607843137255
mlp,0.5276245479278359,128,182,863,71,0.4129032258064516,0.6432160804020101,0.8258373205741627,0.5029469548133595
mlp,0.528457283240786,128,181,864,71,0.41423948220064727,0.6432160804020101,0.8267942583732057,0.5039370078740157
mlp,0.5290206422289848,128,180,865,71,0.4155844155844156,0.6432160804020101,0.8277511961722488,0.504930966469428
mlp,0.5300972114090872,121,171,874,78,0.4143835616438356,0.6080402010050251,0.8363636363636363,0.4928716904276985
mlp,0.5333251879646461,121,170,875,78,0.41580756013745707,0.6080402010050251,0.8373205741626795,0.49387755102040815
mlp,0.5347541096484892,121,169,876,78,0.41724137931034483,0.6080402010050251,0.8382775119617225,0.49488752556237225
mlp,0.5357200711699279,121,168,877,78,0.4186851211072664,0.6080402010050251,0.8392344497607656,0.4959016393442623
mlp,0.5360038820083861,120,168,877,79,0.4166666666666667,0.6030150753768844,0.8392344497607656,0.49281314168377816
mlp,0.5373787467561925,120,167,878,79,0.4181184668989547,0.6030150753768844,0.8401913875598086,0.4938271604938271
mlp,0.5388893288496843,120,166,879,79,0.4195804195804196,0.6030150753768844,0.8411483253588516,0.4948453608247423
mlp,0.5434298049317253,120,165,880,79,0.42105263157894735,0.6030150753768844,0.8421052631578947,0.4958677685950412
mlp,0.5498649365510172,120,164,881,79,0.4225352112676056,0.6030150753768844,0.8430622009569378,0.49689440993788825
mlp,0.5498922696821508,120,163,882,79,0.42402826855123676,0.6030150753768844,0.8440191387559809,0.49792531120331956
mlp,0.5539526359201122,120,162,883,79,0.425531914893617,0.6030150753768844,0.8449760765550239,0.49896049896049893
mlp,0.5553604229481323,119,162,883,80,0.4234875444839858,0.5979899497487438,0.8449760765550239,0.4958333333333333
mlp,0.5556927194969818,118,162,883,81,0.42142857142857143,0.592964824120603,0.8449760765550239,0.4926931106471817
mlp,0.5589262996236547,117,159,886,82,0.42391304347826086,0.5879396984924623,0.8478468899521531,0.49263157894736836
mlp,0.5614893419376024,116,157,888,83,0.4249084249084249,0.5829145728643216,0.8497607655502393,0.4915254237288136
mlp,0.5632756110160453,116,156,889,83,0.4264705882352941,0.5829145728643216,0.8507177033492823,0.49256900212314225
mlp,0.564786916442786,116,155,890,83,0.4280442804428044,0.5829145728643216,0.8516746411483254,0.49361702127659574
mlp,0.5700481825968152,114,153,892,85,0.42696629213483145,0.5728643216080402,0.8535885167464115,0.4892703862660945
mlp,0.577104795804689,114,152,893,85,0.42857142857142855,0.5728643216080402,0.8545454545454545,0.49032258064516127
mlp,0.5798781303786444,113,151,894,86,0.42803030303030304,0.5678391959798995,0.8555023923444977,0.48812095032397407
mlp,0.5810767776779431,113,150,895,86,0.4296577946768061,0.5678391959798995,0.8564593301435407,0.4891774891774892
mlp,0.5836694129720449,112,150,895,87,0.42748091603053434,0.5628140703517588,0.8564593301435407,0.48590021691973967
mlp,0.5838480320369701,112,149,896,87,0.42911877394636017,0.5628140703517588,0.8574162679425837,0.4869565217391304
mlp,0.5883033222484647,112,148,897,87,0.4307692307692308,0.5628140703517588,0.8583732057416268,0.4880174291938998
mlp,0.5891448068727848,111,148,897,88,0.42857142857142855,0.5577889447236181,0.8583732057416268,0.48471615720524014
mlp,0.5908890159856967,111,146,899,88,0.43190661478599224,0.5577889447236181,0.8602870813397129,0.4868421052631579
mlp,0.5910734585874253,110,145,900,89,0.43137254901960786,0.5527638190954773,0.861244019138756,0.4845814977973568
mlp,0.5922700749671959,109,145,900,90,0.42913385826771655,0.5477386934673367,0.861244019138756,0.48123620309050774
mlp,0.594378445289971,109,144,901,90,0.4308300395256917,0.5477386934673367,0.8622009569377991,0.4823008849557523
mlp,0.5970796542860846,108,144,901,91,0.42857142857142855,0.542713567839196,0.8622009569377991,0.4789356984478936
mlp,0.5977818993266599,107,144,901,92,0.4262948207171315,0.5376884422110553,0.8622009569377991,0.47555555555555556
mlp,0.5992426993631028,107,143,902,92,0.428,0.5376884422110553,0.8631578947368421,0.4766146993318485
mlp,0.5995321726449876,106,143,902,93,0.42570281124497994,0.5326633165829145,0.8631578947368421,0.47321428571428564
mlp,0.5998919320267913,106,142,903,93,0.4274193548387097,0.5326633165829145,0.8641148325358852,0.47427293064876963
mlp,0.6025493733999412,106,141,904,93,0.4291497975708502,0.5326633165829145,0.8650717703349282,0.4753363228699552
mlp,0.6057006435550282,105,141,904,94,0.4268292682926829,0.5276381909547738,0.8650717703349282,0.4719101123595506
mlp,0.6109491325995435,105,140,905,94,0.42857142857142855,0.5276381909547738,0.8660287081339713,0.4729729729729729
mlp,0.612423980253306,105,139,906,94,0.430327868852459,0.5276381909547738,0.8669856459330143,0.47404063205417607
mlp,0.615024163461514,105,138,907,94,0.43209876543209874,0.5276381909547738,0.8679425837320575,0.4751131221719457
mlp,0.6153557504423776,105,137,908,94,0.43388429752066116,0.5276381909547738,0.8688995215311005,0.47619047619047616
mlp,0.61821077271381,104,137,908,95,0.4315352697095436,0.5226130653266332,0.8688995215311005,0.4727272727272728
mlp,0.6205618195607655,104,136,909,95,0.43333333333333335,0.5226130653266332,0.8698564593301435,0.47380410022779046
mlp,0.6230636680162464,104,135,910,95,0.4351464435146444,0.5226130653266332,0.8708133971291866,0.4748858447488585
mlp,0.6233843006230073,104,131,914,95,0.4425531914893617,0.5226130653266332,0.8746411483253589,0.4792626728110599
mlp,0.6238312670737677,104,130,915,95,0.4444444444444444,0.5226130653266332,0.8755980861244019,0.48036951501154734
mlp,0.626682833560883,104,129,916,95,0.44635193133047213,0.5226130653266332,0.876555023923445,0.4814814814814815
mlp,0.6313146425011962,104,128,917,95,0.4482758620689655,0.5226130653266332,0.877511961722488,0.4825986078886311
mlp,0.6342007945309402,104,127,918,95,0.45021645021645024,0.5226130653266332,0.8784688995215311,0.48372093023255813
mlp,0.6368952372608869,103,119,926,96,0.46396396396396394,0.5175879396984925,0.8861244019138756,0.4893111638954869
mlp,0.6424128668455706,102,119,926,97,0.46153846153846156,0.5125628140703518,0.8861244019138756,0.4857142857142857
mlp,0.6453395955196524,102,118,927,97,0.4636363636363636,0.5125628140703518,0.8870813397129187,0.48687350835322196
mlp,0.6457544095925433,102,117,928,97,0.4657534246575342,0.5125628140703518,0.8880382775119617,0.48803827751196166
mlp,0.6592667988529848,102,116,929,97,0.46788990825688076,0.5125628140703518,0.8889952153110048,0.4892086330935252
mlp,0.663603965587305,101,115,930,98,0.4675925925925926,0.507537688442211,0.8899521531100478,0.4867469879518072
mlp,0.6685568890379281,100,115,930,99,0.46511627906976744,0.5025125628140703,0.8899521531100478,0.4830917874396135
mlp,0.6772511006823086,99,115,930,100,0.46261682242990654,0.49748743718592964,0.8899521531100478,0.47941888619854717
mlp,0.6774983960439467,98,115,930,101,0.460093896713615,0.49246231155778897,0.8899521531100478,0.47572815533980584
mlp,0.6829977893796281,97,114,931,102,0.4597156398104265,0.48743718592964824,0.8909090909090909,0.47317073170731705
mlp,0.6836323503900533,97,113,932,102,0.46190476190476193,0.48743718592964824,0.8918660287081339,0.4743276283618582
mlp,0.690844824917355,96,113,932,103,0.45933014354066987,0.4824120603015075,0.8918660287081339,0.47058823529411764
mlp,0.6920317442415495,96,112,933,103,0.46153846153846156,0.4824120603015075,0.8928229665071771,0.47174447174447176
mlp,0.6956208590308813,95,112,933,104,0.45893719806763283,0.47738693467336685,0.8928229665071771,0.46798029556650245
mlp,0.7003950594384,95,111,934,104,0.46116504854368934,0.47738693467336685,0.8937799043062201,0.46913580246913583
mlp,0.7072203096388073,90,106,939,109,0.45918367346938777,0.45226130653266333,0.8985645933014355,0.4556962025316456
mlp,0.7113573083116381,90,105,940,109,0.46153846153846156,0.45226130653266333,0.8995215311004785,0.45685279187817257
mlp,0.7211193182889878,90,104,941,109,0.4639175257731959,0.45226130653266333,0.9004784688995215,0.4580152671755725
mlp,0.721456205985494,89,104,941,110,0.46113989637305697,0.4472361809045226,0.9004784688995215,0.45408163265306123
mlp,0.7274846938195935,89,103,942,110,0.4635416666666667,0.4472361809045226,0.9014354066985646,0.45524296675191817
mlp,0.7275491290004166,89,102,943,110,0.46596858638743455,0.4472361809045226,0.9023923444976076,0.4564102564102564
mlp,0.7277514319399654,89,101,944,110,0.46842105263157896,0.4472361809045226,0.9033492822966507,0.45758354755784064
mlp,0.7279309584061971,89,100,945,110,0.4708994708994709,0.4472361809045226,0.9043062200956937,0.4587628865979382
mlp,0.730074966308644,89,99,946,110,0.4734042553191489,0.4472361809045226,0.9052631578947369,0.4599483204134367
mlp,0.7313842451197841,88,99,946,111,0.47058823529411764,0.44221105527638194,0.9052631578947369,0.45595854922279794
mlp,0.7335206319164069,88,98,947,111,0.4731182795698925,0.44221105527638194,0.9062200956937799,0.4571428571428572
mlp,0.7342672709612482,88,97,948,111,0.4756756756756757,0.44221105527638194,0.907177033492823,0.45833333333333337
mlp,0.7349865117435719,87,97,948,112,0.47282608695652173,0.4371859296482412,0.907177033492823,0.45430809399477806
mlp,0.7353166072517427,87,96,949,112,0.47540983606557374,0.4371859296482412,0.908133971291866,0.45549738219895286
mlp,0.7353478767641511,87,95,950,112,0.47802197802197804,0.4371859296482412,0.9090909090909091,0.45669291338582674
mlp,0.7372642779139349,87,92,953,112,0.4860335195530726,0.4371859296482412,0.9119617224880383,0.4603174603174603
mlp,0.7388154009201858,87,91,954,112,0.4887640449438202,0.4371859296482412,0.9129186602870814,0.4615384615384615
mlp,0.7406740748467274,86,91,954,113,0.4858757062146893,0.4321608040201005,0.9129186602870814,0.45744680851063824
mlp,0.7424130691508354,85,91,954,114,0.48295454545454547,0.4271356783919598,0.9129186602870814,0.4533333333333333
mlp,0.7446024859485787,85,90,955,114,0.4857142857142857,0.4271356783919598,0.9138755980861244,0.4545454545454546
mlp,0.7477397853500112,84,90,955,115,0.4827586206896552,0.4221105527638191,0.9138755980861244,0.450402144772118
mlp,0.7508981517248137,82,90,955,117,0.47674418604651164,0.4120603015075377,0.9138755980861244,0.4420485175202157
mlp,0.7516338873335336,82,89,956,117,0.47953216374269003,0.4120603015075377,0.9148325358851674,0.4432432432432432
mlp,0.7605110826262855,80,87,958,119,0.47904191616766467,0.4020100502512563,0.9167464114832536,0.43715846994535523
mlp,0.7633085958718719,80,86,959,119,0.4819277108433735,0.4020100502512563,0.9177033492822967,0.4383561643835617
mlp,0.7696871703374599,80,85,960,119,0.48484848484848486,0.4020100502512563,0.9186602870813397,0.4395604395604396
mlp,0.7700890701711105,75,81,964,124,0.4807692307692308,0.3768844221105528,0.9224880382775119,0.4225352112676056
mlp,0.7706327962665458,75,80,965,124,0.4838709677419355,0.3768844221105528,0.9234449760765551,0.42372881355932207
mlp,0.7742977813530418,75,79,966,124,0.487012987012987,0.3768844221105528,0.9244019138755981,0.42492917847025496
mlp,0.7765002696343842,75,78,967,124,0.49019607843137253,0.3768844221105528,0.9253588516746412,0.42613636363636365
mlp,0.7782104044305436,74,78,967,125,0.4868421052631579,0.37185929648241206,0.9253588516746412,0.42165242165242167
mlp,0.7784490366055806,73,78,967,126,0.48344370860927155,0.36683417085427134,0.9253588516746412,0.4171428571428572
mlp,0.7796646353225954,72,78,967,127,0.48,0.36180904522613067,0.9253588516746412,0.4126074498567335
mlp,0.7797524000370641,71,78,967,128,0.47651006711409394,0.35678391959798994,0.9253588516746412,0.4080459770114942
mlp,0.7812860763946601,71,77,968,128,0.4797297297297297,0.35678391959798994,0.9263157894736842,0.4092219020172911
mlp,0.7832122798154185,71,76,969,128,0.48299319727891155,0.35678391959798994,0.9272727272727272,0.4104046242774566
mlp,0.7838047547112,70,76,969,129,0.4794520547945205,0.35175879396984927,0.9272727272727272,0.4057971014492754
mlp,0.7855640678232453,70,75,970,129,0.4827586206896552,0.35175879396984927,0.9282296650717703,0.40697674418604657
mlp,0.7859801601820221,70,74,971,129,0.4861111111111111,0.35175879396984927,0.9291866028708134,0.4081632653061225
mlp,0.7863215433568702,70,73,972,129,0.48951048951048953,0.35175879396984927,0.9301435406698565,0.40935672514619886
mlp,0.7882881192226252,70,71,974,129,0.49645390070921985,0.35175879396984927,0.9320574162679426,0.411764705882353
mlp,0.7914334885775353,70,70,975,129,0.5,0.35175879396984927,0.9330143540669856,0.4129793510324484
mlp,0.7923111944196112,70,69,976,129,0.5035971223021583,0.35175879396984927,0.9339712918660287,0.41420118343195267
mlp,0.7985657294484358,69,68,977,130,0.5036496350364964,0.34673366834170855,0.9349282296650717,0.41071428571428575
mlp,0.7989273857802844,68,68,977,131,0.5,0.3417085427135678,0.9349282296650717,0.40597014925373137
mlp,0.8036628833925673,67,68,977,132,0.4962962962962963,0.33668341708542715,0.9349282296650717,0.4011976047904192
mlp,0.8043066760311345,66,68,977,133,0.4925373134328358,0.3316582914572864,0.9349282296650717,0.3963963963963964
mlp,0.8049027469026678,65,68,977,134,0.48872180451127817,0.32663316582914576,0.9349282296650717,0.391566265060241
mlp,0.8063286654893214,64,68,977,135,0.48484848484848486,0.32160804020100503,0.9349282296650717,0.3867069486404834
mlp,0.806446374713372,64,67,978,135,0.48854961832061067,0.32160804020100503,0.9358851674641149,0.3878787878787879
mlp,0.8076370080367121,64,66,979,135,0.49230769230769234,0.32160804020100503,0.9368421052631579,0.3890577507598784
mlp,0.8088307625184774,64,65,980,135,0.49612403100775193,0.32160804020100503,0.937799043062201,0.39024390243902435
mlp,0.8101986423619569,64,64,981,135,0.5,0.32160804020100503,0.938755980861244,0.39143730886850153
mlp,0.8117364307430576,62,63,982,137,0.496,0.31155778894472363,0.939712918660287,0.38271604938271603
mlp,0.812514905149632,61,63,982,138,0.49193548387096775,0.3065326633165829,0.939712918660287,0.3777089783281734
mlp,0.8172845542793623,61,62,983,138,0.4959349593495935,0.3065326633165829,0.9406698564593301,0.3788819875776397
mlp,0.8217573399573022,60,62,983,139,0.4918032786885246,0.3015075376884422,0.9406698564593301,0.37383177570093457
mlp,0.8279081218516244,59,61,984,140,0.49166666666666664,0.2964824120603015,0.9416267942583733,0.36990595611285265
mlp,0.8290526440620288,58,61,984,141,0.48739495798319327,0.2914572864321608,0.9416267942583733,0.36477987421383645
mlp,0.8333697283913004,58,60,985,141,0.4915254237288136,0.2914572864321608,0.9425837320574163,0.36593059936908523
mlp,0.835278326828763,58,59,986,141,0.49572649572649574,0.2914572864321608,0.9435406698564593,0.3670886075949367
mlp,0.8361318877303915,57,59,986,142,0.49137931034482757,0.2864321608040201,0.9435406698564593,0.3619047619047619
mlp,0.8375117945661344,56,59,986,143,0.48695652173913045,0.2814070351758794,0.9435406698564593,0.356687898089172
mlp,0.8378533208270144,56,58,987,143,0.49122807017543857,0.2814070351758794,0.9444976076555024,0.35782747603833864
mlp,0.8412771150973978,56,57,988,143,0.49557522123893805,0.2814070351758794,0.9454545454545454,0.358974358974359
mlp,0.8449948959646664,55,57,988,144,0.49107142857142855,0.27638190954773867,0.9454545454545454,0.3536977491961414
mlp,0.8472409826399513,55,56,989,144,0.4954954954954955,0.27638190954773867,0.9464114832535885,0.3548387096774193
mlp,0.8503891283007509,54,56,989,145,0.4909090909090909,0.271356783919598,0.9464114832535885,0.34951456310679613
mlp,0.8522417868287953,54,55,990,145,0.4954128440366973,0.271356783919598,0.9473684210526315,0.3506493506493507
mlp,0.8532572559795398,53,55,990,146,0.49074074074074076,0.2663316582914573,0.9473684210526315,0.34527687296416937
mlp,0.8548158449343242,53,54,991,146,0.4953271028037383,0.2663316582914573,0.9483253588516747,0.34640522875816987
mlp,0.8558264172953827,53,53,992,146,0.5,0.2663316582914573,0.9492822966507177,0.3475409836065574
mlp,0.8577749753265146,51,48,997,148,0.5151515151515151,0.2562814070351759,0.9540669856459331,0.3422818791946309
mlp,0.8601281992334247,50,48,997,149,0.5102040816326531,0.25125628140703515,0.9540669856459331,0.3367003367003367
mlp,0.8627815361006849,49,48,997,150,0.5051546391752577,0.24623115577889448,0.9540669856459331,0.33108108108108103
mlp,0.8633130170678518,49,47,998,150,0.5104166666666666,0.24623115577889448,0.9550239234449761,0.3322033898305085
mlp,0.8638158304510272,49,46,999,150,0.5157894736842106,0.24623115577889448,0.9559808612440192,0.3333333333333333
mlp,0.8646026126257818,48,46,999,151,0.5106382978723404,0.24120603015075376,0.9559808612440192,0.32764505119453924
mlp,0.8662683354351753,47,46,999,152,0.5053763440860215,0.23618090452261306,0.9559808612440192,0.3219178082191781
mlp,0.8741580348702311,46,46,999,153,0.5,0.23115577889447236,0.9559808612440192,0.3161512027491409
mlp,0.8761071639492483,46,45,1000,153,0.5054945054945055,0.23115577889447236,0.9569377990430622,0.3172413793103448
mlp,0.8858795446855164,46,44,1001,153,0.5111111111111111,0.23115577889447236,0.9578947368421052,0.31833910034602075
mlp,0.8859767558622788,45,44,1001,154,0.5056179775280899,0.22613065326633167,0.9578947368421052,0.3125
mlp,0.8909929140030899,45,43,1002,154,0.5113636363636364,0.22613065326633167,0.9588516746411483,0.31358885017421606
mlp,0.8917982215596462,45,42,1003,154,0.5172413793103449,0.22613065326633167,0.9598086124401913,0.31468531468531474
mlp,0.8924686757655511,45,41,1004,154,0.5232558139534884,0.22613065326633167,0.9607655502392345,0.31578947368421056
mlp,0.8946287349651227,45,40,1005,154,0.5294117647058824,0.22613065326633167,0.9617224880382775,0.31690140845070425
mlp,0.896851782317948,44,40,1005,155,0.5238095238095238,0.22110552763819097,0.9617224880382775,0.3109540636042403
mlp,0.8973270343065614,44,39,1006,155,0.5301204819277109,0.22110552763819097,0.9626794258373206,0.3120567375886525
mlp,0.8974690831537888,44,38,1007,155,0.5365853658536586,0.22110552763819097,0.9636363636363636,0.31316725978647686
mlp,0.8980697186102684,44,37,1008,155,0.5432098765432098,0.22110552763819097,0.9645933014354067,0.3142857142857143
mlp,0.9020795852671877,43,37,1008,156,0.5375,0.21608040201005024,0.9645933014354067,0.3082437275985663
mlp,0.9024279304896652,43,36,1009,156,0.5443037974683544,0.21608040201005024,0.9655502392344497,0.30935251798561153
mlp,0.9024858505319555,42,36,1009,157,0.5384615384615384,0.21105527638190955,0.9655502392344497,0.30324909747292417
mlp,0.9028335607767298,42,35,1010,157,0.5454545454545454,0.21105527638190955,0.9665071770334929,0.3043478260869565
mlp,0.9032563857485851,42,34,1011,157,0.5526315789473685,0.21105527638190955,0.9674641148325359,0.3054545454545454
mlp,0.9040868748791557,41,34,1011,158,0.5466666666666666,0.20603015075376885,0.9674641148325359,0.29927007299270075
mlp,0.9058005797704963,41,33,1012,158,0.5540540540540541,0.20603015075376885,0.968421052631579,0.30036630036630035
mlp,0.9058583302892838,40,33,1012,159,0.547945205479452,0.20100502512562815,0.968421052631579,0.29411764705882354
mlp,0.9112547261574062,40,32,1013,159,0.5555555555555556,0.20100502512562815,0.969377990430622,0.2952029520295203
mlp,0.9120454932091472,40,31,1014,159,0.5633802816901409,0.20100502512562815,0.970334928229665,0.29629629629629634
mlp,0.9133671760371984,39,31,1014,160,0.5571428571428572,0.19597989949748743,0.970334928229665,0.2899628252788104
mlp,0.9153765718736669,38,31,1014,161,0.5507246376811594,0.19095477386934673,0.970334928229665,0.28358208955223885
mlp,0.9183343402593377,38,30,1015,161,0.5588235294117647,0.19095477386934673,0.9712918660287081,0.28464419475655434
mlp,0.9202791984071458,38,29,1016,161,0.5671641791044776,0.19095477386934673,0.9722488038277513,0.2857142857142857
mlp,0.9224677649702917,38,28,1017,161,0.5757575757575758,0.19095477386934673,0.9732057416267943,0.2867924528301886
mlp,0.9247539769751967,37,28,1017,162,0.5692307692307692,0.18592964824120603,0.9732057416267943,0.2803030303030303
mlp,0.9259535191327545,36,28,1017,163,0.5625,0.18090452261306533,0.9732057416267943,0.2737642585551331
mlp,0.9311295777161454,35,28,1017,164,0.5555555555555556,0.17587939698492464,0.9732057416267943,0.267175572519084
mlp,0.9313037533299549,35,27,1018,164,0.5645161290322581,0.17587939698492464,0.9741626794258373,0.26819923371647514
mlp,0.9322568218344981,35,26,1019,164,0.5737704918032787,0.17587939698492464,0.9751196172248804,0.2692307692307692
mlp,0.9326821408461299,34,25,1020,165,0.576271186440678,0.1708542713567839,0.9760765550239234,0.2635658914728682
mlp,0.9343296315438523,34,24,1021,165,0.5862068965517241,0.1708542713567839,0.9770334928229665,0.26459143968871596
mlp,0.9344723129165259,34,23,1022,165,0.5964912280701754,0.1708542713567839,0.9779904306220095,0.265625
mlp,0.9349859671141371,33,23,1022,166,0.5892857142857143,0.1658291457286432,0.9779904306220095,0.2588235294117647
mlp,0.9392774855328936,33,22,1023,166,0.6,0.1658291457286432,0.9789473684210527,0.25984251968503935
mlp,0.9401241483232148,32,22,1023,167,0.5925925925925926,0.16080402010050251,0.9789473684210527,0.25296442687747034
mlp,0.944615368550185,31,22,1023,168,0.5849056603773585,0.15577889447236182,0.9789473684210527,0.24603174603174605
mlp,0.953954697992633,31,21,1024,168,0.5961538461538461,0.15577889447236182,0.9799043062200957,0.24701195219123506
mlp,0.9564240203740194,30,21,1024,169,0.5882352941176471,0.1507537688442211,0.9799043062200957,0.23999999999999996
mlp,0.9579352993606827,30,20,1025,169,0.6,0.1507537688442211,0.9808612440191388,0.24096385542168672
mlp,0.9596985255888453,30,19,1026,169,0.6122448979591837,0.1507537688442211,0.9818181818181818,0.24193548387096772
mlp,0.9629222095547851,29,19,1026,170,0.6041666666666666,0.1457286432160804,0.9818181818181818,0.23481781376518218
mlp,0.9631350135292598,29,18,1027,170,0.6170212765957447,0.1457286432160804,0.9827751196172249,0.23577235772357724
mlp,0.9638405999289784,27,16,1029,172,0.627906976744186,0.135678391959799,0.9846889952153111,0.22314049586776857
mlp,0.9659499346992553,26,16,1029,173,0.6190476190476191,0.1306532663316583,0.9846889952153111,0.2157676348547718
mlp,0.9660348033498649,25,16,1029,174,0.6097560975609756,0.12562814070351758,0.9846889952153111,0.20833333333333331
mlp,0.9664821279224199,25,15,1030,174,0.625,0.12562814070351758,0.9856459330143541,0.20920502092050208
mlp,0.9702332084975358,25,14,1031,174,0.6410256410256411,0.12562814070351758,0.9866028708133971,0.21008403361344535
mlp,0.9722437031087887,24,14,1031,175,0.631578947368421,0.12060301507537688,0.9866028708133971,0.20253164556962025
mlp,0.9730052281638479,23,14,1031,176,0.6216216216216216,0.11557788944723618,0.9866028708133971,0.19491525423728812
mlp,0.9737342893926223,22,14,1031,177,0.6111111111111112,0.11055276381909548,0.9866028708133971,0.18723404255319148
mlp,0.9737841022945526,22,13,1032,177,0.6285714285714286,0.11055276381909548,0.9875598086124402,0.18803418803418803
mlp,0.97398534899257,21,13,1032,178,0.6176470588235294,0.10552763819095477,0.9875598086124402,0.18025751072961374
mlp,0.9744037800182371,20,13,1032,179,0.6060606060606061,0.10050251256281408,0.9875598086124402,0.1724137931034483
mlp,0.9748613492079451,19,13,1032,180,0.59375,0.09547738693467336,0.9875598086124402,0.1645021645021645
mlp,0.9766142532848833,19,12,1033,180,0.6129032258064516,0.09547738693467336,0.9885167464114832,0.16521739130434782
mlp,0.9768551544359668,18,12,1033,181,0.6,0.09045226130653267,0.9885167464114832,0.15720524017467247
mlp,0.9794419196262258,17,12,1033,182,0.5862068965517241,0.08542713567839195,0.9885167464114832,0.14912280701754385
mlp,0.9799261862546075,17,11,1034,182,0.6071428571428571,0.08542713567839195,0.9894736842105263,0.14977973568281935
mlp,0.9842769249252635,16,8,1037,183,0.6666666666666666,0.08040201005025126,0.9923444976076555,0.14349775784753363
mlp,0.9843813205376308,15,8,1037,184,0.6521739130434783,0.07537688442211055,0.9923444976076555,0.13513513513513511
mlp,0.9854180195484646,15,7,1038,184,0.6818181818181818,0.07537688442211055,0.9933014354066986,0.13574660633484162
mlp,0.9854608410251543,15,6,1039,184,0.7142857142857143,0.07537688442211055,0.9942583732057416,0.13636363636363635
mlp,0.9867229971284297,15,5,1040,184,0.75,0.07537688442211055,0.9952153110047847,0.136986301369863
mlp,0.9877210876790892,14,5,1040,185,0.7368421052631579,0.07035175879396985,0.9952153110047847,0.12844036697247707
mlp,0.9878749273646406,13,5,1040,186,0.7222222222222222,0.06532663316582915,0.9952153110047847,0.11981566820276499
mlp,0.9880720655572293,13,4,1041,186,0.7647058823529411,0.06532663316582915,0.9961722488038277,0.12037037037037039
mlp,0.9892960739625971,13,3,1042,186,0.8125,0.06532663316582915,0.9971291866028709,0.12093023255813955
mlp,0.9893868081178455,12,3,1042,187,0.8,0.06030150753768844,0.9971291866028709,0.11214953271028036
mlp,0.9901762400467354,11,3,1042,188,0.7857142857142857,0.05527638190954774,0.9971291866028709,0.10328638497652583
mlp,0.991038801325812,11,2,1043,188,0.8461538461538461,0.05527638190954774,0.9980861244019139,0.10377358490566038
mlp,0.9921377680723472,10,2,1043,189,0.8333333333333334,0.05025125628140704,0.9980861244019139,0.09478672985781991
mlp,0.9926800134860064,8,2,1043,191,0.8,0.04020100502512563,0.9980861244019139,0.07655502392344499
mlp,0.9926896135764135,8,1,1044,191,0.8888888888888888,0.04020100502512563,0.999043062200957,0.07692307692307693
mlp,0.9938528738949017,7,1,1044,192,0.875,0.035175879396984924,0.999043062200957,0.06763285024154589
mlp,0.9938530557060896,6,1,1044,193,0.8571428571428571,0.03015075376884422,0.999043062200957,0.058252427184466014
mlp,0.9941382708570555,5,1,1044,194,0.8333333333333334,0.02512562814070352,0.999043062200957,0.04878048780487805
mlp,0.9955136290942274,5,0,1045,194,1.0,0.02512562814070352,1.0,0.049019607843137254
mlp,0.9975481964005518,4,0,1045,195,1.0,0.020100502512562814,1.0,0.03940886699507389
mlp,0.9976004694732619,3,0,1045,196,1.0,0.01507537688442211,1.0,0.0297029702970297
mlp,0.9980680383288798,2,0,1045,197,1.0,0.010050251256281407,1.0,0.01990049751243781
mlp,0.9984329448672706,1,0,1045,198,1.0,0.005025125628140704,1.0,0.01
mlp,1.0,0,0,1045,199,0.0,0.0,1.0,0.0
