split,map_seed,step,obstacle_probability,true_shortest_path_length,map_detour_extra,action_instability,path_unknown_ratio,near_unknown_ratio,global_unknown_fraction,local_unknown_ratio,previous_path_unknown_ratio,path_unknown_delta,ema_path_unknown_ratio,distance_to_goal_norm,path_length_norm,local_wall_ratio,branching_factor_norm,action_up,action_down,action_left,action_right,label_inadequate,meta_decision_regret,meta_normalized_regret,meta_collision,meta_decision_diverged
train,0,0,0.18,20,2,0.0,0.9411764705882353,0.75,0.9629629629629629,0.7058823529411765,0.9411764705882353,0.0,0.9411764705882353,0.8181818181818182,0.13333333333333333,0.17647058823529413,0.25,0.0,0.0,0.0,1.0,0,0,0.0,0,0
train,0,1,0.18,20,2,0.0,0.9375,0.75,0.9407407407407408,0.6,0.9411764705882353,-0.003676470588235281,0.9397058823529412,0.7727272727272727,0.1259259259259259,0.2,0.75,0.0,1.0,0.0,0.0,0,0,0.0,0,0
train,0,2,0.18,20,2,0.0,0.9333333333333333,0.75,0.9259259259259259,0.5652173913043478,0.9375,-0.004166666666666652,0.9371568627450981,0.7272727272727273,0.11851851851851852,0.17391304347826086,0.75,0.0,1.0,0.0,0.0,0,0,0.0,0,0
train,0,3,0.18,20,2,0.0,0.9285714285714286,0.75,0.9037037037037037,0.5416666666666666,0.9333333333333333,-0.004761904761904745,0.9337226890756303,0.6818181818181818,0.1111111111111111,0.08333333333333333,1.0,0.0,1.0,0.0,0.0,1,2,0.11764705882352941,0,1
train,0,4,0.18,20,2,0.0,0.9230769230769231,0.75,0.8814814814814815,0.5416666666666666,0.9285714285714286,-0.005494505494505475,0.9294643826761474,0.6363636363636364,0.1037037037037037,0.08333333333333333,0.75,0.0,0.0,0.0,1.0,0,0,0.0,0,0
train,0,5,0.18,20,2,0.0,0.9166666666666666,0.75,0.8666666666666667,0.52,0.9230769230769231,-0.0064102564102564985,0.9243452962723551,0.5909090909090909,0.0962962962962963,0.08,0.75,0.0,1.0,0.0,0.0,1,2,0.11764705882352941,0,1
train,0,6,0.18,20,2,0.0,0.9090909090909091,0.75,0.8518518518518519,0.56,0.9166666666666666,-0.007575757575757569,0.9182435413997767,0.5454545454545454,0.08888888888888889,0.08,0.75,0.0,1.0,0.0,0.0,1,2,0.1111111111111111,0,1
train,0,7,0.18,20,2,0.13636363636363635,0.9,0.75,0.8296296296296296,0.5416666666666666,0.9090909090909091,-0.009090909090909038,0.910946124839866,0.5,0.08148148148148149,0.125,0.75,0.0,1.0,0.0,0.0,1,2,0.10526315789473684,0,1
train,0,8,0.18,20,2,0.0,0.8888888888888888,0.75,0.8074074074074075,0.47619047619047616,0.9,-0.011111111111111183,0.9021232304594751,0.45454545454545453,0.07407407407407407,0.14285714285714285,0.75,0.0,0.0,0.0,1.0,0,0,0.0,0,0
train,0,9,0.18,20,2,0.0,0.9,0.75,0.7925925925925926,0.42857142857142855,0.8888888888888888,0.011111111111111183,0.9012739382756851,0.4090909090909091,0.08148148148148149,0.23809523809523808,0.5,1.0,0.0,0.0,0.0,0,0,0.0,0,0
train,0,10,0.18,20,2,0.0,0.8888888888888888,0.75,0.7851851851851852,0.375,0.9,-0.011111111111111183,0.8963199185209667,0.45454545454545453,0.07407407407407407,0.25,1.0,0.0,0.0,0.0,1.0,0,0,0.0,0,0
train,0,11,0.18,20,2,0.0,0.9,0.75,0.7703703703703704,0.4583333333333333,0.8888888888888888,0.011111111111111183,0.89779195111258,0.4090909090909091,0.08148148148148149,0.20833333333333334,0.5,1.0,0.0,0.0,0.0,0,0,0.0,0,0
train,0,12,0.18,20,2,0.0,0.8888888888888888,0.75,0.7555555555555555,0.44,0.9,-0.011111111111111183,0.8942307262231035,0.45454545454545453,0.07407407407407407,0.16,1.0,0.0,0.0,0.0,1.0,0,0,0.0,0,0
train,0,13,0.18,20,2,0.0,0.875,0.75,0.7407407407407407,0.52,0.8888888888888888,-0.01388888888888884,0.8865384357338622,0.4090909090909091,0.06666666666666667,0.12,0.75,0.0,0.0,0.0,1.0,0,0,0.0,0,0
train,0,14,0.18,20,2,0.0,0.8571428571428571,0.75,0.7185185185185186,0.56,0.875,-0.017857142857142905,0.8747802042974602,0.36363636363636365,0.05925925925925926,0.08,0.75,0.0,0.0,0.0,1.0,1,2,0.14285714285714285,0,1
train,0,15,0.18,20,2,0.0,0.8333333333333334,0.75,0.6962962962962963,0.56,0.8571428571428571,-0.023809523809523725,0.8582014559118094,0.3181818181818182,0.05185185185185185,0.16,0.5,0.0,1.0,0.0,0.0,1,2,0.13333333333333333,0,1
train,0,16,0.18,20,2,0.0,0.7692307692307693,0.25,0.6814814814814815,0.5,0.8333333333333334,-0.0641025641025641,0.8226131812393933,0.2727272727272727,0.1037037037037037,0.25,0.25,1.0,0.0,0.0,0.0,0,0,0.0,0,0
train,0,17,0.18,20,2,0.0,0.8333333333333334,0.5,0.6814814814814815,0.48,0.7692307692307693,0.0641025641025641,0.8269012420769694,0.3181818181818182,0.0962962962962963,0.24,0.5,0.0,0.0,1.0,0.0,0,0,0.0,0,0
train,0,18,0.18,20,2,0.050000000000000044,0.9090909090909091,0.75,0.6814814814814815,0.36,0.8333333333333334,0.07575757575757569,0.8597771088825452,0.36363636363636365,0.08888888888888889,0.24,0.75,1.0,0.0,0.0,0.0,0,0,0.0,0,0
train,0,19,0.18,20,2,0.0,0.9,0.75,0.674074074074074,0.44,0.9090909090909091,-0.009090909090909038,0.875866265329527,0.4090909090909091,0.08148148148148149,0.2,0.75,1.0,0.0,0.0,0.0,0,0,0.0,0,0
train,0,20,0.18,20,2,0.0,0.8888888888888888,0.75,0.6518518518518519,0.52,0.9,-0.011111111111111183,0.8810753147532717,0.45454545454545453,0.07407407407407407,0.08,1.0,0.0,0.0,0.0,1.0,0,0,0.0,0,0
train,0,21,0.18,20,2,0.0,0.875,0.75,0.6370370370370371,0.48,0.8888888888888888,-0.01388888888888884,0.8786451888519631,0.4090909090909091,0.06666666666666667,0.08,0.75,0.0,0.0,0.0,1.0,0,0,0.0,0,0
train,0,22,0.18,20,2,0.04347826086956519,0.8571428571428571,0.75,0.6148148148148148,0.44,0.875,-0.017857142857142905,0.8700442561683207,0.36363636363636365,0.05925925925925926,0.16,0.75,0.0,1.0,0.0,0.0,1,2,0.2,0,1
train,0,23,0.18,20,2,0.0,0.8,0.5,0.6074074074074074,0.36,0.8571428571428571,-0.05714285714285705,0.8420265537009924,0.3181818181818182,0.08148148148148149,0.2,0.25,1.0,0.0,0.0,0.0,0,0,0.0,0,0
train,0,24,0.18,20,2,0.0,0.8888888888888888,0.75,0.6074074074074074,0.4,0.8,0.0888888888888888,0.860771487776151,0.36363636363636365,0.07407407407407407,0.2,0.75,1.0,0.0,0.0,0.0,0,0,0.0,0,0
train,0,25,0.18,20,2,0.0,0.875,0.75,0.5925925925925926,0.4583333333333333,0.8888888888888888,-0.01388888888888884,0.8664628926656905,0.4090909090909091,0.06666666666666667,0.16666666666666666,1.0,0.0,0.0,0.0,1.0,0,0,0.0,0,0
train,0,26,0.18,20,2,0.0,0.8571428571428571,0.75,0.5777777777777777,0.5,0.875,-0.017857142857142905,0.8627348784565572,0.36363636363636365,0.05925925925925926,0.125,0.5,0.0,0.0,0.0,1.0,0,0,0.0,0,0
train,0,27,0.18,20,2,0.0,0.8333333333333334,0.75,0.5555555555555556,0.5,0.8571428571428571,-0.023809523809523725,0.8509742604072676,0.3181818181818182,0.05185185185185185,0.125,1.0,0.0,1.0,0.0,0.0,0,0,0.0,0,0
train,0,28,0.18,20,2,0.0,0.8,0.75,0.5407407407407407,0.44,0.8333333333333334,-0.033333333333333326,0.8305845562443607,0.2727272727272727,0.044444444444444446,0.16,0.5,0.0,0.0,0.0,1.0,0,0,0.0,0,0
train,0,29,0.18,20,2,0.0,0.75,0.75,0.5259259259259259,0.5,0.8,-0.050000000000000044,0.7983507337466165,0.22727272727272727,0.037037037037037035,0.125,1.0,0.0,1.0,0.0,0.0,0,0,0.0,0,0
train,0,30,0.18,20,2,0.0,0.6666666666666666,0.6666666666666666,0.5111111111111111,0.5,0.75,-0.08333333333333337,0.7456771069146365,0.18181818181818182,0.02962962962962963,0.125,0.75,0.0,1.0,0.0,0.0,0,0,0.0,0,0
train,0,31,0.18,20,2,0.0,0.5,0.5,0.4888888888888889,0.4583333333333333,0.6666666666666666,-0.16666666666666663,0.6474062641487819,0.13636363636363635,0.022222222222222223,0.125,1.0,0.0,1.0,0.0,0.0,0,0,0.0,0,0
train,0,32,0.18,20,2,0.0,0.0,0.0,0.4666666666666667,0.4782608695652174,0.5,-0.5,0.3884437584892691,0.09090909090909091,0.014814814814814815,0.08695652173913043,1.0,0.0,1.0,0.0,0.0,0,0,0.0,0,0
train,0,33,0.18,20,2,0.0,0.0,0.0,0.4444444444444444,0.45,0.0,0.0,0.23306625509356144,0.045454545454545456,0.007407407407407408,0.05,0.75,0.0,0.0,0.0,1.0,0,0,0.0,0,0
train,1,0,0.22,20,2,0.0,0.9411764705882353,0.75,0.9629629629629629,0.7058823529411765,0.9411764705882353,0.0,0.9411764705882353,0.8181818181818182,0.13333333333333333,0.17647058823529413,0.25,0.0,1.0,0.0,0.0,0,0,0.0,0,0
train,1,1,0.22,20,2,0.0,0.9375,0.75,0.9407407407407408,0.6,0.9411764705882353,-0.003676470588235281,0.9397058823529412,0.7727272727272727,0.1259259259259259,0.2,0.75,0.0,1.0,0.0,0.0,1,2,0.10526315789473684,0,1
train,1,2,0.22,20,2,0.0,0.9333333333333333,0.75,0.9185185185185185,0.47619047619047616,0.9375,-0.004166666666666652,0.9371568627450981,0.7272727272727273,0.11851851851851852,0.23809523809523808,0.75,0.0,1.0,0.0,0.0,0,0,0.0,0,0
train,1,3,0.22,20,2,0.0,0.9285714285714286,0.75,0.8962962962962963,0.47619047619047616,0.9333333333333333,-0.004761904761904745,0.9337226890756303,0.6818181818181818,0.1111111111111111,0.14285714285714285,0.75,0.0,1.0,0.0,0.0,0,0,0.0,0,0
train,1,4,0.22,20,2,0.0,0.9230769230769231,0.75,0.8740740740740741,0.47619047619047616,0.9285714285714286,-0.005494505494505475,0.9294643826761474,0.6363636363636364,0.1037037037037037,0.19047619047619047,0.5,0.0,1.0,0.0,0.0,0,0,0.0,0,0
train,1,5,0.22,20,2,0.2142857142857143,0.9166666666666666,0.75,0.8518518518518519,0.45,0.9230769230769231,-0.0064102564102564985,0.9243452962723551,0.5909090909090909,0.0962962962962963,0.2,0.75,0.0,1.0,0.0,0.0,1,2,0.11764705882352941,0,1
train,1,6,0.22,20,2,0.0,0.9090909090909091,0.75,0.8296296296296296,0.35294117647058826,0.9166666666666666,-0.007575757575757569,0.9182435413997767,0.5454545454545454,0.08888888888888889,0.29411764705882354,0.5,0.0,0.0,0.0,1.0,0,0,0.0,0,0
train,1,7,0.22,20,2,0.0,0.9,0.75,0.8148148148148148,0.4,0.9090909090909091,-0.009090909090909038,0.910946124839866,0.5,0.08148148148148149,0.25,0.75,0.0,0.0,0.0,1.0,0,0,0.0,0,0
train,1,8,0.22,20,2,0.0,0.9090909090909091,0.75,0.7925925925925926,0.42857142857142855,0.9,0.009090909090909038,0.9102040385402832,0.45454545454545453,0.08888888888888889,0.2857142857142857,0.5,1.0,0.0,0.0,0.0,0,0,0.0,0,0
train,1,9,0.22,20,2,0.0,0.9,0.75,0.7777777777777778,0.375,0.9090909090909091,-0.009090909090909038,0.90612242312417,0.5,0.08148148148148149,0.20833333333333334,1.0,0.0,0.0,0.0,1.0,0,0,0.0,0,0
train,1,10,0.22,20,2,0.0,0.8888888888888888,0.75,0.762962962962963,0.5,0.9,-0.011111111111111183,0.8992290094300575,0.45454545454545453,0.07407407407407407,0.16666666666666666,0.5,0.0,0.0,0.0,1.0,0,0,0.0,0,0
train,1,11,0.22,20,2,0.13636363636363635,0.875,0.75,0.7407407407407407,0.5416666666666666,0.8888888888888888,-0.01388888888888884,0.8895374056580345,0.4090909090909091,0.06666666666666667,0.08333333333333333,1.0,0.0,1.0,0.0,0.0,1,2,0.15384615384615385,0,1
train,1,12,0.22,20,2,0.0,0.7777777777777778,0.5,0.725925925925926,0.38095238095238093,0.875,-0.09722222222222221,0.8448335545059318,0.36363636363636365,0.07407407407407407,0.23809523809523808,0.25,1.0,0.0,0.0,0.0,0,0,0.0,0,0
train,1,13,0.22,20,2,0.0,0.875,0.75,0.725925925925926,0.4583333333333333,0.7777777777777778,0.09722222222222221,0.856900132703559,0.4090909090909091,0.06666666666666667,0.16666666666666666,1.0,0.0,0.0,0.0,1.0,0,0,0.0,0,0
train,1,14,0.22,20,2,0.0,0.8571428571428571,0.75,0.7111111111111111,0.5,0.875,-0.017857142857142905,0.8569972224792782,0.36363636363636365,0.05925925925925926,0.16666666666666666,0.75,0.0,0.0,0.0,1.0,0,0,0.0,0,0
train,1,15,0.22,20,2,0.09090909090909094,0.8333333333333334,0.75,0.6888888888888889,0.5416666666666666,0.8571428571428571,-0.023809523809523725,0.8475316668209003,0.3181818181818182,0.05185185185185185,0.08333333333333333,0.75,0.0,1.0,0.0,0.0,0,0,0.0,0,0
train,1,16,0.22,20,2,0.0,0.8,0.75,0.674074074074074,0.38095238095238093,0.8333333333333334,-0.033333333333333326,0.8285190000925402,0.2727272727272727,0.044444444444444446,0.23809523809523808,0.5,0.0,0.0,0.0,1.0,0,0,0.0,0,0
train,1,17,0.22,20,2,0.0,0.75,0.75,0.6592592592592592,0.47619047619047616,0.8,-0.050000000000000044,0.7971114000555242,0.22727272727272727,0.037037037037037035,0.19047619047619047,0.5,0.0,0.0,0.0,1.0,0,0,0.0,0,0
train,1,18,0.22,20,2,0.0,0.8,0.75,0.6370370370370371,0.47619047619047616,0.75,0.050000000000000044,0.7982668400333146,0.18181818181818182,0.044444444444444446,0.2857142857142857,0.5,1.0,0.0,0.0,0.0,0,0,0.0,0,0
train,1,19,0.22,20,2,0.0,0.8333333333333334,0.75,0.6222222222222222,0.4583333333333333,0.8,0.033333333333333326,0.8122934373533222,0.22727272727272727,0.05185185185185185,0.20833333333333334,0.5,1.0,0.0,0.0,0.0,0,0,0.0,0,0
train,1,20,0.22,20,2,0.0,0.8,0.75,0.6,0.44,0.8333333333333334,-0.033333333333333326,0.8073760624119933,0.2727272727272727,0.044444444444444446,0.24,0.5,0.0,0.0,0.0,1.0,0,0,0.0,0,0
train,1,21,0.22,20,2,0.0,0.75,0.75,0.5851851851851851,0.52,0.8,-0.050000000000000044,0.7844256374471961,0.22727272727272727,0.037037037037037035,0.2,0.75,0.0,0.0,0.0,1.0,0,0,0.0,0,0
train,1,22,0.22,20,2,0.0,0.6666666666666666,0.6666666666666666,0.562962962962963,0.52,0.75,-0.08333333333333337,0.7373220491349843,0.18181818181818182,0.02962962962962963,0.2,0.75,0.0,0.0,0.0,1.0,0,0,0.0,0,0
train,1,23,0.22,20,2,0.0,0.5,0.5,0.5407407407407407,0.5416666666666666,0.6666666666666666,-0.16666666666666663,0.6423932294809906,0.13636363636363635,0.022222222222222223,0.16666666666666666,0.5,0.0,0.0,0.0,1.0,0,0,0.0,0,0
train,1,24,0.22,20,2,0.0,0.0,0.0,0.5185185185185185,0.47619047619047616,0.5,-0.5,0.38543593768859435,0.09090909090909091,0.014814814814814815,0.19047619047619047,0.75,0.0,1.0,0.0,0.0,0,0,0.0,0,0
train,1,25,0.22,20,2,0.0,0.0,0.0,0.5037037037037037,0.4,0.0,0.0,0.2312615626131566,0.045454545454545456,0.007407407407407408,0.3,0.5,0.0,1.0,0.0,0.0,0,0,0.0,0,0
train,2,0,0.26,20,2,0.0,0.9411764705882353,0.75,0.9629629629629629,0.7058823529411765,0.9411764705882353,0.0,0.9411764705882353,0.8181818181818182,0.13333333333333333,0.17647058823529413,0.25,0.0,0.0,0.0,1.0,0,0,0.0,0,0
train,2,1,0.26,20,2,0.0,0.9375,0.75,0.9407407407407408,0.6,0.9411764705882353,-0.003676470588235281,0.9397058823529412,0.7727272727272727,0.1259259259259259,0.2,0.75,0.0,1.0,0.0,0.0,0,0,0.0,0,0
train,2,2,0.26,20,2,0.0,0.9333333333333333,0.75,0.9259259259259259,0.5652173913043478,0.9375,-0.004166666666666652,0.9371568627450981,0.7272727272727273,0.11851851851851852,0.17391304347826086,0.75,0.0,1.0,0.0,0.0,0,0,0.0,0,0
train,2,3,0.26,20,2,0.0,0.9285714285714286,0.75,0.9037037037037037,0.5416666666666666,0.9333333333333333,-0.004761904761904745,0.9337226890756303,0.6818181818181818,0.1111111111111111,0.125,0.75,0.0,1.0,0.0,0.0,0,0,0.0,0,0
train,2,4,0.26,20,2,0.0,0.9230769230769231,0.75,0.8814814814814815,0.5416666666666666,0.9285714285714286,-0.005494505494505475,0.9294643826761474,0.6363636363636364,0.1037037037037037,0.08333333333333333,1.0,0.0,1.0,0.0,0.0,0,0,0.0,0,0
train,2,5,0.26,20,2,0.0,0.9166666666666666,0.75,0.8592592592592593,0.5416666666666666,0.9230769230769231,-0.0064102564102564985,0.9243452962723551,0.5909090909090909,0.0962962962962963,0.041666666666666664,1.0,0.0,1.0,0.0,0.0,1,2,0.13333333333333333,0,1
train,2,6,0.26,20,2,0.1578947368421053,0.9090909090909091,0.75,0.837037037037037,0.5217391304347826,0.9166666666666666,-0.007575757575757569,0.9182435413997767,0.5454545454545454,0.08888888888888889,0.0,1.0,0.0,1.0,0.0,0.0,1,2,0.125,0,1
train,2,7,0.26,20,2,0.0,0.9,0.75,0.8148148148148148,0.45,0.9090909090909091,-0.009090909090909038,0.910946124839866,0.5,0.08148148148148149,0.1,0.5,0.0,0.0,0.0,1.0,0,0,0.0,0,0
train,2,8,0.26,20,2,0.0,0.9090909090909091,0.75,0.8,0.42857142857142855,0.9,0.009090909090909038,0.9102040385402832,0.45454545454545453,0.08888888888888889,0.19047619047619047,0.5,1.0,0.0,0.0,0.0,0,0,0.0,0,0
train,2,9,0.26,20,2,0.0,0.9,0.75,0.7925925925925926,0.3333333333333333,0.9090909090909091,-0.009090909090909038,0.90612242312417,0.5,0.08148148148148149,0.16666666666666666,1.0,0.0,0.0,0.0,1.0,0,0,0.0,0,0
train,2,10,0.26,20,2,0.0,0.9090909090909091,0.75,0.7777777777777778,0.4583333333333333,0.9,0.009090909090909038,0.9073098175108656,0.45454545454545453,0.08888888888888889,0.125,0.5,1.0,0.0,0.0,0.0,0,0,0.0,0,0
train,2,11,0.26,20,2,0.0,0.9,0.75,0.762962962962963,0.4,0.9090909090909091,-0.009090909090909038,0.9043858905065194,0.5,0.08148148148148149,0.08,1.0,0.0,0.0,0.0,1.0,0,0,0.0,0,0
train,2,12,0.26,20,2,0.0,0.8888888888888888,0.75,0.7481481481481481,0.52,0.9,-0.011111111111111183,0.8981870898594673,0.45454545454545453,0.07407407407407407,0.12,0.5,0.0,0.0,0.0,1.0,0,0,0.0,0,0
train,2,13,0.26,20,2,0.0,0.875,0.75,0.725925925925926,0.56,0.8888888888888888,-0.01388888888888884,0.8889122539156804,0.4090909090909091,0.06666666666666667,0.08,1.0,0.0,1.0,0.0,0.0,1,2,0.18181818181818182,0,1
train,2,14,0.26,20,2,0.0,0.8571428571428571,0.75,0.7111111111111111,0.4583333333333333,0.875,-0.017857142857142905,0.8762044952065511,0.36363636363636365,0.05925925925925926,0.16666666666666666,0.5,0.0,0.0,0.0,1.0,0,0,0.0,0,0
train,2,15,0.26,20,2,0.0,0.8333333333333334,0.75,0.6962962962962963,0.5416666666666666,0.8571428571428571,-0.023809523809523725,0.859056030457264,0.3181818181818182,0.05185185185185185,0.125,0.75,0.0,0.0,0.0,1.0,0,0,0.0,0,0
train,2,16,0.26,20,2,0.0,0.8,0.75,0.674074074074074,0.5416666666666666,0.8333333333333334,-0.033333333333333326,0.8354336182743585,0.2727272727272727,0.044444444444444446,0.16666666666666666,0.75,0.0,0.0,0.0,1.0,0,0,0.0,0,0
train,2,17,0.26,20,2,0.0,0.8333333333333334,0.75,0.6518518518518519,0.5416666666666666,0.8,0.033333333333333326,0.8345935042979484,0.22727272727272727,0.05185185185185185,0.16666666666666666,0.5,1.0,0.0,0.0,0.0,0,0,0.0,0,0
train,2,18,0.26,20,2,0.0,0.8571428571428571,0.75,0.6370370370370371,0.52,0.8333333333333334,0.023809523809523725,0.8436132454359119,0.2727272727272727,0.05925925925925926,0.16,0.75,1.0,0.0,0.0,0.0,0,0,0.0,0,0
train,2,19,0.26,20,2,0.0,0.8333333333333334,0.75,0.6148148148148148,0.48,0.8571428571428571,-0.023809523809523725,0.8395012805948805,0.3181818181818182,0.05185185185185185,0.16,0.75,0.0,0.0,0.0,1.0,0,0,0.0,0,0
train,2,20,0.26,20,2,0.0,0.8,0.75,0.6,0.56,0.8333333333333334,-0.033333333333333326,0.8237007683569283,0.2727272727272727,0.044444444444444446,0.12,0.75,0.0,0.0,0.0,1.0,0,0,0.0,0,0
train,2,21,0.26,20,2,0.0,0.75,0.75,0.5777777777777777,0.52,0.8,-0.050000000000000044,0.794220461014157,0.22727272727272727,0.037037037037037035,0.2,0.5,0.0,1.0,0.0,0.0,0,0,0.0,0,0
train,2,22,0.26,20,2,0.0,0.6666666666666666,0.6666666666666666,0.562962962962963,0.44,0.75,-0.08333333333333337,0.7431989432751609,0.18181818181818182,0.02962962962962963,0.2,0.5,0.0,0.0,0.0,1.0,0,0,0.0,0,0
train,2,23,0.26,20,2,0.0,0.5,0.5,0.5481481481481482,0.5,0.6666666666666666,-0.16666666666666663,0.6459193659650966,0.13636363636363635,0.022222222222222223,0.25,0.5,0.0,0.0,0.0,1.0,0,0,0.0,0,0
train,2,24,0.26,20,2,0.0,0.0,0.0,0.5259259259259259,0.47619047619047616,0.5,-0.5,0.3875516195790579,0.09090909090909091,0.014814814814814815,0.23809523809523808,0.75,0.0,1.0,0.0,0.0,0,0,0.0,0,0
train,2,25,0.26,20,2,0.0,0.0,0.0,0.5111111111111111,0.4,0.0,0.0,0.23253097174743476,0.045454545454545456,0.007407407407407408,0.3,0.5,0.0,1.0,0.0,0.0,0,0,0.0,0,0
train,3,0,0.3,26,8,0.0,0.9411764705882353,0.75,0.9629629629629629,0.7058823529411765,0.9411764705882353,0.0,0.9411764705882353,0.8181818181818182,0.13333333333333333,0.11764705882352941,0.5,0.0,1.0,0.0,0.0,0,0,0.0,0,0
train,3,1,0.3,26,8,0.0,0.9375,0.75,0.9407407407407408,0.6,0.9411764705882353,-0.003676470588235281,0.9397058823529412,0.7727272727272727,0.1259259259259259,0.2,0.5,0.0,0.0,0.0,1.0,0,0,0.0,0,0
train,3,2,0.3,26,8,0.0,0.9333333333333333,0.75,0.9259259259259259,0.5652173913043478,0.9375,-0.004166666666666652,0.9371568627450981,0.7272727272727273,0.11851851851851852,0.21739130434782608,0.75,0.0,0.0,0.0,1.0,0,0,0.0,0,0
train,3,3,0.3,26,8,0.0,0.9285714285714286,0.75,0.9037037037037037,0.5416666666666666,0.9333333333333333,-0.004761904761904745,0.9337226890756303,0.6818181818181818,0.1111111111111111,0.20833333333333334,0.5,0.0,0.0,0.0,1.0,0,0,0.0,0,0
train,3,4,0.3,26,8,0.0,0.9230769230769231,0.75,0.8814814814814815,0.5416666666666666,0.9285714285714286,-0.005494505494505475,0.9294643826761474,0.6363636363636364,0.1037037037037037,0.20833333333333334,0.5,0.0,1.0,0.0,0.0,0,0,0.0,0,0
train,3,5,0.3,26,8,0.0,0.9166666666666666,0.75,0.8666666666666667,0.52,0.9230769230769231,-0.0064102564102564985,0.9243452962723551,0.5909090909090909,0.0962962962962963,0.24,0.75,0.0,1.0,0.0,0.0,0,0,0.0,0,0
train,3,6,0.3,26,8,0.0,0.9090909090909091,0.75,0.8444444444444444,0.52,0.9166666666666666,-0.007575757575757569,0.9182435413997767,0.5454545454545454,0.08888888888888889,0.2,0.75,0.0,1.0,0.0,0.0,0,0,0.0,0,0
train,3,7,0.3,26,8,0.0,0.9,0.75,0.8222222222222222,0.56,0.9090909090909091,-0.009090909090909038,0.910946124839866,0.5,0.08148148148148149,0.12,0.75,0.0,0.0,0.0,1.0,0,0,0.0,0,0
train,3,8,0.3,26,8,0.0,0.8888888888888888,0.75,0.8074074074074075,0.52,0.9,-0.011111111111111183,0.9021232304594751,0.45454545454545453,0.07407407407407407,0.12,0.75,0.0,1.0,0.0,0.0,1,2,0.1111111111111111,0,1
train,3,9,0.3,26,8,0.13043478260869568,0.875,0.75,0.7925925925925926,0.5416666666666666,0.8888888888888888,-0.01388888888888884,0.8912739382756851,0.4090909090909091,0.06666666666666667,0.08333333333333333,0.75,0.0,1.0,0.0,0.0,1,2,0.10526315789473684,0,1
train,3,10,0.3,26,8,0.0,0.8571428571428571,0.75,0.7703703703703704,0.47619047619047616,0.875,-0.017857142857142905,0.8776215058225539,0.36363636363636365,0.05925925925925926,0.14285714285714285,0.75,0.0,0.0,0.0,1.0,0,0,0.0,0,0
train,3,11,0.3,26,8,0.0,0.875,0.75,0.7555555555555555,0.47619047619047616,0.8571428571428571,0.017857142857142905,0.8765729034935323,0.3181818181818182,0.06666666666666667,0.19047619047619047,0.5,1.0,0.0,0.0,0.0,0,0,0.0,0,0
train,3,12,0.3,26,8,0.0,0.8571428571428571,0.75,0.7481481481481481,0.4166666666666667,0.875,-0.017857142857142905,0.8688008849532622,0.36363636363636365,0.05925925925925926,0.20833333333333334,1.0,0.0,0.0,0.0,1.0,0,0,0.0,0,0
train,3,13,0.3,26,8,0.0,0.875,0.75,0.7333333333333333,0.5,0.8571428571428571,0.017857142857142905,0.8712805309719573,0.3181818181818182,0.06666666666666667,0.16666666666666666,0.5,1.0,0.0,0.0,0.0,0,0,0.0,0,0
train,3,14,0.3,26,8,0.0,0.8571428571428571,0.75,0.7185185185185186,0.48,0.875,-0.017857142857142905,0.8656254614403173,0.36363636363636365,0.05925925925925926,0.12,1.0,0.0,0.0,0.0,1.0,0,0,0.0,0,0
train,3,15,0.3,26,8,0.0,0.8333333333333334,0.75,0.7037037037037037,0.56,0.8571428571428571,-0.023809523809523725,0.8527086101975238,0.3181818181818182,0.05185185185185185,0.08,0.75,0.0,0.0,0.0,1.0,1,2,0.13333333333333333,0,1
train,3,16,0.3,26,8,0.0,0.8,0.75,0.6814814814814815,0.56,0.8333333333333334,-0.033333333333333326,0.8316251661185143,0.2727272727272727,0.044444444444444446,0.08,0.75,0.0,0.0,0.0,1.0,1,2,0.125,0,1
train,3,17,0.3,26,8,0.0,0.75,0.75,0.6592592592592592,0.56,0.8,-0.050000000000000044,0.7989750996711087,0.22727272727272727,0.037037037037037035,0.16,0.5,0.0,1.0,0.0,0.0,1,2,0.11764705882352941,0,1
train,3,18,0.3,26,8,0.0,0.7272727272727273,0.25,0.6444444444444445,0.5,0.75,-0.022727272727272707,0.7702941507117562,0.18181818181818182,0.08888888888888889,0.25,0.25,1.0,0.0,0.0,0.0,0,0,0.0,0,0
train,3,19,0.3,26,8,0.0,0.8,0.5,0.6444444444444445,0.48,0.7272727272727273,0.07272727272727275,0.7821764904270538,0.22727272727272727,0.08148148148148149,0.24,0.5,0.0,0.0,1.0,0.0,0,0,0.0,0,0
train,3,20,0.3,26,8,0.04761904761904767,0.8888888888888888,0.75,0.6444444444444445,0.36,0.8,0.0888888888888888,0.8248614498117879,0.2727272727272727,0.07407407407407407,0.24,0.75,1.0,0.0,0.0,0.0,0,0,0.0,0,1
train,3,21,0.3,26,8,0.0,0.9166666666666666,0.75,0.6370370370370371,0.48,0.8888888888888888,0.02777777777777779,0.8615835365537394,0.3181818181818182,0.0962962962962963,0.2,0.5,0.0,0.0,1.0,0.0,0,0,0.0,0,0
train,3,22,0.3,26,8,0.052631578947368474,0.9090909090909091,0.75,0.6296296296296297,0.4,0.9166666666666666,-0.007575757575757569,0.8805864855686073,0.36363636363636365,0.08888888888888889,0.2,1.0,1.0,0.0,0.0,0.0,0,0,0.0,0,0
train,3,23,0.3,26,8,0.0,0.9,0.75,0.6148148148148148,0.48,0.9090909090909091,-0.009090909090909038,0.8883518913411643,0.4090909090909091,0.08148148148148149,0.12,0.75,1.0,0.0,0.0,0.0,0,0,0.0,0,0
train,3,24,0.3,26,8,0.0,0.8888888888888888,0.75,0.5925925925925926,0.5,0.9,-0.011111111111111183,0.888566690360254,0.45454545454545453,0.07407407407407407,0.16666666666666666,0.5,0.0,0.0,0.0,1.0,0,0,0.0,0,0
train,3,25,0.3,26,8,0.0,0.875,0.75,0.5777777777777777,0.4583333333333333,0.8888888888888888,-0.01388888888888884,0.8831400142161525,0.4090909090909091,0.06666666666666667,0.16666666666666666,0.75,0.0,0.0,0.0,1.0,0,0,0.0,0,0
train,3,26,0.3,26,8,0.0,0.8888888888888888,0.75,0.5555555555555556,0.4166666666666667,0.875,0.01388888888888884,0.885439564085247,0.36363636363636365,0.07407407407407407,0.25,0.5,1.0,0.0,0.0,0.0,0,0,0.0,0,0
train,3,27,0.3,26,8,0.0,0.875,0.75,0.5407407407407407,0.42857142857142855,0.8888888888888888,-0.01388888888888884,0.8812637384511481,0.4090909090909091,0.06666666666666667,0.2857142857142857,0.75,0.0,0.0,0.0,1.0,0,0,0.0,0,0
train,3,28,0.3,26,8,0.0,0.8571428571428571,0.75,0.5259259259259259,0.47619047619047616,0.875,-0.017857142857142905,0.8716153859278317,0.36363636363636365,0.05925925925925926,0.23809523809523808,0.5,0.0,0.0,0.0,1.0,0,0,0.0,0,0
train,3,29,0.3,26,8,0.0,0.8333333333333334,0.75,0.5037037037037037,0.45,0.8571428571428571,-0.023809523809523725,0.8563025648900324,0.3181818181818182,0.05185185185185185,0.25,0.5,0.0,0.0,0.0,1.0,0,0,0.0,0,0
train,3,30,0.3,26,8,0.0,0.8,0.75,0.48148148148148145,0.35294117647058826,0.8333333333333334,-0.033333333333333326,0.8337815389340195,0.2727272727272727,0.044444444444444446,0.35294117647058826,0.5,0.0,1.0,0.0,0.0,0,0,0.0,0,0
train,3,31,0.3,26,8,0.0,0.75,0.75,0.4666666666666667,0.4,0.8,-0.050000000000000044,0.8002689233604118,0.22727272727272727,0.037037037037037035,0.3,0.5,0.0,1.0,0.0,0.0,0,0,0.0,0,0
train,3,32,0.3,26,8,0.0,0.6666666666666666,0.6666666666666666,0.4444444444444444,0.38095238095238093,0.75,-0.08333333333333337,0.7468280206829137,0.18181818181818182,0.02962962962962963,0.3333333333333333,0.75,0.0,1.0,0.0,0.0,0,0,0.0,0,0
train,3,33,0.3,26,8,0.0,0.5,0.5,0.4222222222222222,0.38095238095238093,0.6666666666666666,-0.16666666666666663,0.6480968124097481,0.13636363636363635,0.022222222222222223,0.2857142857142857,0.75,0.0,1.0,0.0,0.0,0,0,0.0,0,0
train,3,34,0.3,26,8,0.0,0.0,0.0,0.4,0.3333333333333333,0.5,-0.5,0.3888580874458489,0.09090909090909091,0.014814814814814815,0.23809523809523808,0.75,0.0,1.0,0.0,0.0,0,0,0.0,0,0
train,3,35,0.3,26,8,0.0,0.0,0.0,0.37777777777777777,0.3,0.0,0.0,0.23331485246750933,0.045454545454545456,0.007407407407407408,0.3,0.5,0.0,1.0,0.0,0.0,0,0,0.0,0,0
train,4,0,0.34,20,2,0.0,0.9411764705882353,0.75,0.9629629629629629,0.7058823529411765,0.9411764705882353,0.0,0.9411764705882353,0.8181818181818182,0.13333333333333333,0.11764705882352941,0.5,0.0,1.0,0.0,0.0,0,0,0.0,0,0
train,4,1,0.34,20,2,0.0,0.9375,0.75,0.9407407407407408,0.6,0.9411764705882353,-0.003676470588235281,0.9397058823529412,0.7727272727272727,0.1259259259259259,0.15,0.75,0.0,1.0,0.0,0.0,0,0,0.0,0,0
train,4,2,0.34,20,2,0.0,0.9333333333333333,0.75,0.9185185185185185,0.47619047619047616,0.9375,-0.004166666666666652,0.9371568627450981,0.7272727272727273,0.11851851851851852,0.23809523809523808,0.5,0.0,0.0,0.0,1.0,0,0,0.0,0,0
train,4,3,0.34,20,2,0.0,0.9285714285714286,0.75,0.9037037037037037,0.5416666666666666,0.9333333333333333,-0.004761904761904745,0.9337226890756303,0.6818181818181818,0.1111111111111111,0.125,1.0,0.0,1.0,0.0,0.0,0,0,0.0,0,0
train,4,4,0.34,20,2,0.0,0.9230769230769231,0.75,0.8888888888888888,0.5416666666666666,0.9285714285714286,-0.005494505494505475,0.9294643826761474,0.6363636363636364,0.1037037037037037,0.125,0.5,0.0,0.0,0.0,1.0,0,0,0.0,0,0
train,4,5,0.34,20,2,0.0,0.9166666666666666,0.75,0.8740740740740741,0.6,0.9230769230769231,-0.0064102564102564985,0.9243452962723551,0.5909090909090909,0.0962962962962963,0.12,0.75,0.0,1.0,0.0,0.0,0,0,0.0,0,0
train,4,6,0.34,20,2,0.0,0.9090909090909091,0.75,0.8592592592592593,0.6,0.9166666666666666,-0.007575757575757569,0.9182435413997767,0.5454545454545454,0.08888888888888889,0.12,0.75,0.0,1.0,0.0,0.0,1,2,0.14285714285714285,0,1
train,4,7,0.34,20,2,0.13043478260869568,0.9,0.75,0.837037037037037,0.5416666666666666,0.9090909090909091,-0.009090909090909038,0.910946124839866,0.5,0.08148148148148149,0.08333333333333333,1.0,0.0,1.0,0.0,0.0,1,2,0.13333333333333333,0,1
train,4,8,0.34,20,2,0.0,0.8888888888888888,0.75,0.8148148148148148,0.47619047619047616,0.9,-0.011111111111111183,0.9021232304594751,0.45454545454545453,0.07407407407407407,0.09523809523809523,0.75,0.0,0.0,0.0,1.0,0,0,0.0,0,0
train,4,9,0.34,20,2,0.0,0.9,0.75,0.8,0.42857142857142855,0.8888888888888888,0.011111111111111183,0.9012739382756851,0.4090909090909091,0.08148148148148149,0.19047619047619047,0.5,1.0,0.0,0.0,0.0,0,0,0.0,0,0
train,4,10,0.34,20,2,0.050000000000000044,0.9090909090909091,0.75,0.7925925925925926,0.375,0.9,0.009090909090909038,0.9044007266017747,0.45454545454545453,0.08888888888888889,0.25,0.75,1.0,0.0,0.0,0.0,0,0,0.0,0,0
train,4,11,0.34,20,2,0.0,0.9,0.75,0.7851851851851852,0.36,0.9090909090909091,-0.009090909090909038,0.9026404359610649,0.5,0.08148148148148149,0.2,0.75,0.0,0.0,0.0,1.0,0,0,0.0,0,0
train,4,12,0.34,20,2,0.0,0.9090909090909091,0.75,0.7703703703703704,0.48,0.9,0.009090909090909038,0.9052206252130026,0.45454545454545453,0.08888888888888889,0.2,0.5,1.0,0.0,0.0,0.0,0,0,0.0,0,0
train,4,13,0.34,20,2,0.0,0.9,0.75,0.7555555555555555,0.44,0.9090909090909091,-0.009090909090909038,0.9031323751278015,0.5,0.08148148148148149,0.2,0.5,0.0,0.0,0.0,1.0,0,0,0.0,0,0
train,4,14,0.34,20,2,0.0,0.8888888888888888,0.75,0.7407407407407407,0.56,0.9,-0.011111111111111183,0.8974349806322364,0.45454545454545453,0.07407407407407407,0.2,0.5,0.0,0.0,0.0,1.0,0,0,0.0,0,0
train,4,15,0.34,20,2,0.0,0.875,0.75,0.7185185185185186,0.56,0.8888888888888888,-0.01388888888888884,0.8884609883793417,0.4090909090909091,0.06666666666666667,0.2,0.75,0.0,1.0,0.0,0.0,0,0,0.0,0,0
train,4,16,0.34,20,2,0.0,0.8571428571428571,0.75,0.7037037037037037,0.48,0.875,-0.017857142857142905,0.8759337358847479,0.36363636363636365,0.05925925925925926,0.16,0.75,0.0,1.0,0.0,0.0,0,0,0.0,0,0
train,4,17,0.34,20,2,0.17647058823529416,0.8333333333333334,0.75,0.6814814814814815,0.375,0.8571428571428571,-0.023809523809523725,0.858893574864182,0.3181818181818182,0.05185185185185185,0.16666666666666666,1.0,0.0,1.0,0.0,0.0,1,2,0.2857142857142857,0,1
train,4,18,0.34,20,2,0.0,0.7142857142857143,0.5,0.6592592592592592,0.3333333333333333,0.8333333333333334,-0.11904761904761907,0.801050430632795,0.2727272727272727,0.05925925925925926,0.23809523809523808,0.5,1.0,0.0,0.0,0.0,0,0,0.0,0,0
train,4,19,0.34,20,2,0.0,0.8333333333333334,0.75,0.6592592592592592,0.25,0.7142857142857143,0.11904761904761907,0.8139635917130104,0.3181818181818182,0.05185185185185185,0.25,1.0,0.0,0.0,0.0,1.0,0,0,0.0,0,0
train,4,20,0.34,20,2,0.0,0.8,0.75,0.6518518518518519,0.4166666666666667,0.8333333333333334,-0.033333333333333326,0.8083781550278062,0.2727272727272727,0.044444444444444446,0.20833333333333334,0.75,0.0,0.0,0.0,1.0,0,0,0.0,0,0
train,4,21,0.34,20,2,0.15000000000000002,0.75,0.75,0.6296296296296297,0.5,0.8,-0.050000000000000044,0.7850268930166837,0.22727272727272727,0.037037037037037035,0.08333333333333333,1.0,0.0,1.0,0.0,0.0,0,0,0.0,0,0
train,4,22,0.34,20,2,0.0,0.6666666666666666,0.6666666666666666,0.6148148148148148,0.38095238095238093,0.75,-0.08333333333333337,0.7376828024766768,0.18181818181818182,0.02962962962962963,0.14285714285714285,0.5,0.0,0.0,0.0,1.0,0,0,0.0,0,0
train,4,23,0.34,20,2,0.0,0.5,0.5,0.6,0.47619047619047616,0.6666666666666666,-0.16666666666666663,0.6426096814860061,0.13636363636363635,0.022222222222222223,0.14285714285714285,0.75,0.0,0.0,0.0,1.0,0,0,0.0,0,0
train,4,24,0.34,20,2,0.0,0.0,0.0,0.5777777777777777,0.47619047619047616,0.5,-0.5,0.38556580889160363,0.09090909090909091,0.014814814814814815,0.23809523809523808,0.5,0.0,0.0,0.0,1.0,0,0,0.0,0,0
train,4,25,0.34,20,2,0.0,0.0,0.0,0.5555555555555556,0.45,0.0,0.0,0.23133948533496218,0.045454545454545456,0.007407407407407408,0.2,0.75,0.0,0.0,0.0,1.0,0,0,0.0,0,0
train,5,0,0.18,20,2,0.0,0.9411764705882353,0.75,0.9629629629629629,0.7058823529411765,0.9411764705882353,0.0,0.9411764705882353,0.8181818181818182,0.13333333333333333,0.11764705882352941,0.5,0.0,1.0,0.0,0.0,0,0,0.0,0,0
train,5,1,0.18,20,2,0.0,0.9375,0.75,0.9407407407407408,0.6,0.9411764705882353,-0.003676470588235281,0.9397058823529412,0.7727272727272727,0.1259259259259259,0.15,0.75,0.0,1.0,0.0,0.0,0,0,0.0,0,0
train,5,2,0.18,20,2,0.0,0.9333333333333333,0.75,0.9185185185185185,0.47619047619047616,0.9375,-0.004166666666666652,0.9371568627450981,0.7272727272727273,0.11851851851851852,0.19047619047619047,0.75,0.0,1.0,0.0,0.0,0,0,0.0,0,0
train,5,3,0.18,20,2,0.0,0.9285714285714286,0.75,0.8962962962962963,0.47619047619047616,0.9333333333333333,-0.004761904761904745,0.9337226890756303,0.6818181818181818,0.1111111111111111,0.14285714285714285,0.75,0.0,1.0,0.0,0.0,0,0,0.0,0,0
train,5,4,0.18,20,2,0.0,0.9230769230769231,0.75,0.8740740740740741,0.47619047619047616,0.9285714285714286,-0.005494505494505475,0.9294643826761474,0.6363636363636364,0.1037037037037037,0.14285714285714285,0.75,0.0,1.0,0.0,0.0,0,0,0.0,0,0
train,5,5,0.18,20,2,0.0,0.9166666666666666,0.75,0.8518518518518519,0.45,0.9230769230769231,-0.0064102564102564985,0.9243452962723551,0.5909090909090909,0.0962962962962963,0.2,0.5,0.0,0.0,0.0,1.0,0,0,0.0,0,0
train,5,6,0.18,20,2,0.16666666666666663,0.9090909090909091,0.75,0.837037037037037,0.4782608695652174,0.9166666666666666,-0.007575757575757569,0.9182435413997767,0.5454545454545454,0.08888888888888889,0.13043478260869565,1.0,0.0,1.0,0.0,0.0,0,0,0.0,0,0
train,5,7,0.18,20,2,0.0,0.9,0.75,0.8222222222222222,0.45,0.9090909090909091,-0.009090909090909038,0.910946124839866,0.5,0.08148148148148149,0.15,0.5,0.0,0.0,0.0,1.0,0,0,0.0,0,0
train,5,8,0.18,20,2,0.0,0.8888888888888888,0.75,0.8074074074074075,0.5238095238095238,0.9,-0.011111111111111183,0.9021232304594751,0.45454545454545453,0.07407407407407407,0.14285714285714285,0.75,0.0,0.0,0.0,1.0,0,0,0.0,0,0
train,5,9,0.18,20,2,0.0,0.875,0.75,0.7851851851851852,0.47619047619047616,0.8888888888888888,-0.01388888888888884,0.8912739382756851,0.4090909090909091,0.06666666666666667,0.19047619047619047,0.75,0.0,0.0,0.0,1.0,0,0,0.0,0,0
train,5,10,0.18,20,2,0.0,0.8571428571428571,0.75,0.762962962962963,0.47619047619047616,0.875,-0.017857142857142905,0.8776215058225539,0.36363636363636365,0.05925925925925926,0.19047619047619047,0.5,0.0,0.0,0.0,1.0,0,0,0.0,0,0
train,5,11,0.18,20,2,0.0,0.8333333333333334,0.75,0.7407407407407407,0.47619047619047616,0.8571428571428571,-0.023809523809523725,0.8599062368268657,0.3181818181818182,0.05185185185185185,0.19047619047619047,0.75,0.0,0.0,0.0,1.0,0,0,0.0,0,0
train,5,12,0.18,20,2,0.0,0.8,0.75,0.7185185185185186,0.47619047619047616,0.8333333333333334,-0.033333333333333326,0.8359437420961194,0.2727272727272727,0.044444444444444446,0.23809523809523808,0.5,0.0,0.0,0.0,1.0,0,0,0.0,0,0
train,5,13,0.18,20,2,0.0,0.75,0.75,0.6962962962962963,0.47619047619047616,0.8,-0.050000000000000044,0.8015662452576717,0.22727272727272727,0.037037037037037035,0.19047619047619047,0.75,0.0,0.0,0.0,1.0,0,0,0.0,0,0
train,5,14,0.18,20,2,0.0,0.8,0.75,0.674074074074074,0.47619047619047616,0.75,0.050000000000000044,0.8009397471546031,0.18181818181818182,0.044444444444444446,0.23809523809523808,0.5,1.0,0.0,0.0,0.0,0,0,0.0,0,0
train,5,15,0.18,20,2,0.0,0.75,0.75,0.6592592592592592,0.5,0.8,-0.050000000000000044,0.7805638482927619,0.22727272727272727,0.037037037037037035,0.16666666666666666,1.0,0.0,0.0,0.0,1.0,0,0,0.0,0,0
train,5,16,0.18,20,2,0.0,0.6666666666666666,0.6666666666666666,0.6444444444444445,0.5416666666666666,0.75,-0.08333333333333337,0.7350049756423238,0.18181818181818182,0.02962962962962963,0.125,0.75,0.0,0.0,0.0,1.0,0,0,0.0,0,0
train,5,17,0.18,20,2,0.04761904761904767,0.5,0.5,0.6222222222222222,0.5416666666666666,0.6666666666666666,-0.16666666666666663,0.6410029853853942,0.13636363636363635,0.022222222222222223,0.041666666666666664,1.0,0.0,1.0,0.0,0.0,0,0,0.0,0,0
train,5,18,0.18,20,2,0.0,0.0,0.0,0.6074074074074074,0.38095238095238093,0.5,-0.5,0.38460179123123656,0.09090909090909091,0.014814814814814815,0.14285714285714285,0.5,0.0,0.0,0.0,1.0,0,0,0.0,0,0
train,5,19,0.18,20,2,0.0,0.0,0.0,0.5925925925925926,0.45,0.0,0.0,0.2307610747387419,0.045454545454545456,0.007407407407407408,0.15,0.75,0.0,0.0,0.0,1.0,0,0,0.0,0,0
train,6,0,0.22,20,2,0.0,0.9411764705882353,0.75,0.9629629629629629,0.7058823529411765,0.9411764705882353,0.0,0.9411764705882353,0.8181818181818182,0.13333333333333333,0.11764705882352941,0.5,0.0,1.0,0.0,0.0,0,0,0.0,0,0
train,6,1,0.22,20,2,0.0,0.9375,0.75,0.9407407407407408,0.6,0.9411764705882353,-0.003676470588235281,0.9397058823529412,0.7727272727272727,0.1259259259259259,0.2,0.5,0.0,1.0,0.0,0.0,0,0,0.0,0,0
train,6,2,0.22,20,2,0.0,0.9333333333333333,0.75,0.9185185185185185,0.47619047619047616,0.9375,-0.004166666666666652,0.9371568627450981,0.7272727272727273,0.11851851851851852,0.23809523809523808,0.75,0.0,1.0,0.0,0.0,0,0,0.0,0,0
train,6,3,0.22,20,2,0.0,0.9285714285714286,0.75,0.8962962962962963,0.47619047619047616,0.9333333333333333,-0.004761904761904745,0.9337226890756303,0.6818181818181818,0.1111111111111111,0.19047619047619047,0.75,0.0,1.0,0.0,0.0,0,0,0.0,0,0
train,6,4,0.22,20,2,0.0,0.9230769230769231,0.75,0.8740740740740741,0.47619047619047616,0.9285714285714286,-0.005494505494505475,0.9294643826761474,0.6363636363636364,0.1037037037037037,0.14285714285714285,0.75,0.0,1.0,0.0,0.0,1,2,0.125,0,1
train,6,5,0.22,20,2,0.2142857142857143,0.9166666666666666,0.75,0.8518518518518519,0.45,0.9230769230769231,-0.0064102564102564985,0.9243452962723551,0.5909090909090909,0.0962962962962963,0.15,0.75,0.0,1.0,0.0,0.0,1,2,0.11764705882352941,0,1
train,6,6,0.22,20,2,0.0,0.9090909090909091,0.75,0.8296296296296296,0.35294117647058826,0.9166666666666666,-0.007575757575757569,0.9182435413997767,0.5454545454545454,0.08888888888888889,0.23529411764705882,0.5,0.0,0.0,0.0,1.0,0,0,0.0,0,0
train,6,7,0.22,20,2,0.0,0.9,0.75,0.8148148148148148,0.4,0.9090909090909091,-0.009090909090909038,0.910946124839866,0.5,0.08148148148148149,0.2,0.75,0.0,0.0,0.0,1.0,0,0,0.0,0,0
train,6,8,0.22,20,2,0.0,0.8888888888888888,0.75,0.7925925925925926,0.42857142857142855,0.9,-0.011111111111111183,0.9021232304594751,0.45454545454545453,0.07407407407407407,0.19047619047619047,0.75,0.0,0.0,0.0,1.0,0,0,0.0,0,0
train,6,9,0.22,20,2,0.0,0.875,0.75,0.7703703703703704,0.47619047619047616,0.8888888888888888,-0.01388888888888884,0.8912739382756851,0.4090909090909091,0.06666666666666667,0.14285714285714285,0.75,0.0,0.0,0.0,1.0,0,0,0.0,0,0
train,6,10,0.22,20,2,0.0,0.8571428571428571,0.75,0.7481481481481481,0.47619047619047616,0.875,-0.017857142857142905,0.8776215058225539,0.36363636363636365,0.05925925925925926,0.14285714285714285,0.75,0.0,0.0,0.0,1.0,0,0,0.0,0,0
train,6,11,0.22,20,2,0.0,0.8333333333333334,0.75,0.725925925925926,0.47619047619047616,0.8571428571428571,-0.023809523809523725,0.8599062368268657,0.3181818181818182,0.05185185185185185,0.14285714285714285,0.75,0.0,0.0,0.0,1.0,0,0,0.0,0,0
train,6,12,0.22,20,2,0.0,0.8,0.75,0.7037037037037037,0.47619047619047616,0.8333333333333334,-0.033333333333333326,0.8359437420961194,0.2727272727272727,0.044444444444444446,0.14285714285714285,0.75,0.0,0.0,0.0,1.0,0,0,0.0,0,0
train,6,13,0.22,20,2,0.0,0.8333333333333334,0.75,0.6814814814814815,0.47619047619047616,0.8,0.033333333333333326,0.834899578591005,0.22727272727272727,0.05185185185185185,0.19047619047619047,0.5,1.0,0.0,0.0,0.0,0,0,0.0,0,0
train,6,14,0.22,20,2,0.0,0.8571428571428571,0.75,0.6666666666666666,0.5,0.8333333333333334,0.023809523809523725,0.8437968900117458,0.2727272727272727,0.05925925925925926,0.16666666666666666,0.75,1.0,0.0,0.0,0.0,0,0,0.0,0,0
train,6,15,0.22,20,2,0.0,0.8333333333333334,0.75,0.6444444444444445,0.52,0.8571428571428571,-0.023809523809523725,0.8396114673403808,0.3181818181818182,0.05185185185185185,0.12,1.0,0.0,0.0,0.0,1.0,0,0,0.0,0,0
train,6,16,0.22,20,2,0.0,0.8,0.75,0.6296296296296297,0.56,0.8333333333333334,-0.033333333333333326,0.8237668804042285,0.2727272727272727,0.044444444444444446,0.12,0.5,0.0,0.0,0.0,1.0,0,0,0.0,0,0
train,6,17,0.22,20,2,0.0,0.75,0.75,0.6074074074074074,0.52,0.8,-0.050000000000000044,0.7942601282425371,0.22727272727272727,0.037037037037037035,0.16,0.75,0.0,1.0,0.0,0.0,1,2,0.2857142857142857,0,1
train,6,18,0.22,20,2,0.11764705882352944,0.6666666666666666,0.6666666666666666,0.5925925925925926,0.4166666666666667,0.75,-0.08333333333333337,0.743222743612189,0.18181818181818182,0.02962962962962963,0.16666666666666666,0.75,0.0,1.0,0.0,0.0,1,2,0.25,0,1
train,6,19,0.22,20,2,0.0,0.5,0.5,0.5777777777777777,0.2857142857142857,0.6666666666666666,-0.16666666666666663,0.6459336461673134,0.13636363636363635,0.022222222222222223,0.23809523809523808,0.5,0.0,0.0,0.0,1.0,1,2,0.2222222222222222,0,1
train,6,20,0.22,20,2,0.07692307692307687,0.6666666666666666,0.6666666666666666,0.562962962962963,0.42857142857142855,0.5,0.16666666666666663,0.6542268543670546,0.09090909090909091,0.02962962962962963,0.2857142857142857,0.5,1.0,0.0,0.0,0.0,0,0,0.0,0,1
train,6,21,0.22,20,2,0.0,0.625,0.25,0.5555555555555556,0.375,0.6666666666666666,-0.04166666666666663,0.6425361126202327,0.13636363636363635,0.06666666666666667,0.2916666666666667,0.5,0.0,0.0,1.0,0.0,0,0,0.0,0,0
train,6,22,0.22,20,2,0.0,0.7142857142857143,0.5,0.5555555555555556,0.20833333333333334,0.625,0.0892857142857143,0.6712359532864254,0.18181818181818182,0.05925925925925926,0.3333333333333333,0.75,1.0,0.0,0.0,0.0,0,0,0.0,0,0
train,6,23,0.22,20,2,0.0,0.8333333333333334,0.75,0.5555555555555556,0.32,0.7142857142857143,0.11904761904761907,0.7360749053051886,0.22727272727272727,0.05185185185185185,0.24,0.75,1.0,0.0,0.0,0.0,0,0,0.0,0,0
train,6,24,0.22,20,2,0.0,0.8,0.75,0.5407407407407407,0.48,0.8333333333333334,-0.033333333333333326,0.7616449431831132,0.2727272727272727,0.044444444444444446,0.12,0.75,0.0,0.0,0.0,1.0,0,0,0.0,0,0
train,6,25,0.22,20,2,0.0,0.75,0.75,0.5259259259259259,0.44,0.8,-0.050000000000000044,0.7569869659098679,0.22727272727272727,0.037037037037037035,0.12,0.75,0.0,0.0,0.0,1.0,0,0,0.0,0,0
train,6,26,0.22,20,2,0.05555555555555558,0.6666666666666666,0.6666666666666666,0.5037037037037037,0.4166666666666667,0.75,-0.08333333333333337,0.7208588462125873,0.18181818181818182,0.02962962962962963,0.16666666666666666,1.0,0.0,1.0,0.0,0.0,0,0,0.0,0,0
train,6,27,0.22,20,2,0.0,0.5,0.5,0.4962962962962963,0.3333333333333333,0.6666666666666666,-0.16666666666666663,0.6325153077275524,0.13636363636363635,0.022222222222222223,0.125,0.5,0.0,0.0,0.0,1.0,0,0,0.0,0,0
train,6,28,0.22,20,2,0.0,0.0,0.0,0.48148148148148145,0.38095238095238093,0.5,-0.5,0.37950918463653144,0.09090909090909091,0.014814814814814815,0.19047619047619047,0.75,0.0,1.0,0.0,0.0,0,0,0.0,0,0
train,6,29,0.22,20,2,0.0,0.0,0.0,0.4666666666666667,0.3,0.0,0.0,0.22770551078191886,0.045454545454545456,0.007407407407407408,0.25,0.5,0.0,1.0,0.0,0.0,0,0,0.0,0,0
train,7,0,0.26,20,2,0.0,0.9411764705882353,0.75,0.9629629629629629,0.7058823529411765,0.9411764705882353,0.0,0.9411764705882353,0.8181818181818182,0.13333333333333333,0.11764705882352941,0.5,0.0,1.0,0.0,0.0,0,0,0.0,0,0
train,7,1,0.26,20,2,0.0,0.9375,0.75,0.9407407407407408,0.6,0.9411764705882353,-0.003676470588235281,0.9397058823529412,0.7727272727272727,0.1259259259259259,0.2,0.5,0.0,1.0,0.0,0.0,0,0,0.0,0,0
train,7,2,0.26,20,2,0.0,0.9333333333333333,0.75,0.9185185185185185,0.47619047619047616,0.9375,-0.004166666666666652,0.9371568627450981,0.7272727272727273,0.11851851851851852,0.23809523809523808,0.75,0.0,1.0,0.0,0.0,0,0,0.0,0,0
train,7,3,0.26,20,2,0.0,0.9285714285714286,0.75,0.8962962962962963,0.47619047619047616,0.9333333333333333,-0.004761904761904745,0.9337226890756303,0.6818181818181818,0.1111111111111111,0.19047619047619047,0.75,0.0,1.0,0.0,0.0,0,0,0.0,0,0
train,7,4,0.26,20,2,0.0,0.9230769230769231,0.75,0.8740740740740741,0.47619047619047616,0.9285714285714286,-0.005494505494505475,0.9294643826761474,0.6363636363636364,0.1037037037037037,0.14285714285714285,0.75,0.0,1.0,0.0,0.0,0,0,0.0,0,0
train,7,5,0.26,20,2,0.2142857142857143,0.9166666666666666,0.75,0.8518518518518519,0.45,0.9230769230769231,-0.0064102564102564985,0.9243452962723551,0.5909090909090909,0.0962962962962963,0.15,0.75,0.0,1.0,0.0,0.0,1,2,0.13333333333333333,0,1
train,7,6,0.26,20,2,0.0,0.9090909090909091,0.75,0.8296296296296296,0.35294117647058826,0.9166666666666666,-0.007575757575757569,0.9182435413997767,0.5454545454545454,0.08888888888888889,0.23529411764705882,0.5,0.0,0.0,0.0,1.0,0,0,0.0,0,0
train,7,7,0.26,20,2,0.0,0.9166666666666666,0.75,0.8148148148148148,0.4,0.9090909090909091,0.007575757575757569,0.9176127915065327,0.5,0.0962962962962963,0.25,0.5,1.0,0.0,0.0,0.0,0,0,0.0,0,0
train,7,8,0.26,20,2,0.0,0.9090909090909091,0.75,0.8074074074074075,0.30434782608695654,0.9166666666666666,-0.007575757575757569,0.9142040385402833,0.5454545454545454,0.08888888888888889,0.2608695652173913,1.0,0.0,0.0,0.0,1.0,0,0,0.0,0,0
train,7,9,0.26,20,2,0.0,0.9,0.75,0.7925925925925926,0.4583333333333333,0.9090909090909091,-0.009090909090909038,0.90852242312417,0.5,0.08148148148148149,0.125,0.75,0.0,0.0,0.0,1.0,0,0,0.0,0,0
train,7,10,0.26,20,2,0.0,0.8888888888888888,0.75,0.7703703703703704,0.5416666666666666,0.9,-0.011111111111111183,0.9006690094300576,0.45454545454545453,0.07407407407407407,0.08333333333333333,0.75,0.0,0.0,0.0,1.0,0,0,0.0,0,0
train,7,11,0.26,20,2,0.13043478260869568,0.875,0.75,0.7481481481481481,0.5416666666666666,0.8888888888888888,-0.01388888888888884,0.8904014056580345,0.4090909090909091,0.06666666666666667,0.08333333333333333,1.0,0.0,1.0,0.0,0.0,1,2,0.18181818181818182,0,1
train,7,12,0.26,20,2,0.0,0.7777777777777778,0.5,0.7333333333333333,0.42857142857142855,0.875,-0.09722222222222221,0.8453519545059318,0.36363636363636365,0.07407407407407407,0.19047619047619047,0.25,1.0,0.0,0.0,0.0,0,0,0.0,0,0
train,7,13,0.26,20,2,0.0,0.875,0.75,0.7333333333333333,0.4583333333333333,0.7777777777777778,0.09722222222222221,0.8572111727035592,0.4090909090909091,0.06666666666666667,0.16666666666666666,1.0,0.0,0.0,0.0,1.0,0,0,0.0,0,0
train,7,14,0.26,20,2,0.0,0.8571428571428571,0.75,0.7185185185185186,0.5,0.875,-0.017857142857142905,0.8571838464792784,0.36363636363636365,0.05925925925925926,0.125,0.75,0.0,0.0,0.0,1.0,0,0,0.0,0,0
train,7,15,0.26,20,2,0.09090909090909094,0.8333333333333334,0.75,0.6962962962962963,0.5416666666666666,0.8571428571428571,-0.023809523809523725,0.8476436412209004,0.3181818181818182,0.05185185185185185,0.08333333333333333,0.75,0.0,1.0,0.0,0.0,0,0,0.0,0,0
train,7,16,0.26,20,2,0.0,0.8,0.75,0.6814814814814815,0.38095238095238093,0.8333333333333334,-0.033333333333333326,0.8285861847325403,0.2727272727272727,0.044444444444444446,0.23809523809523808,0.5,0.0,0.0,0.0,1.0,0,0,0.0,0,0
train,7,17,0.26,20,2,0.0,0.75,0.75,0.6666666666666666,0.47619047619047616,0.8,-0.050000000000000044,0.7971517108395242,0.22727272727272727,0.037037037037037035,0.19047619047619047,0.5,0.0,0.0,0.0,1.0,0,0,0.0,0,0
train,7,18,0.26,20,2,0.0,0.6666666666666666,0.6666666666666666,0.6444444444444445,0.47619047619047616,0.75,-0.08333333333333337,0.7449576931703812,0.18181818181818182,0.02962962962962963,0.23809523809523808,0.75,0.0,0.0,0.0,1.0,0,0,0.0,0,0
train,7,19,0.26,20,2,0.0,0.75,0.75,0.6222222222222222,0.47619047619047616,0.6666666666666666,0.08333333333333337,0.7469746159022288,0.13636363636363635,0.037037037037037035,0.23809523809523808,0.5,1.0,0.0,0.0,0.0,0,0,0.0,0,0
train,7,20,0.26,20,2,0.0,0.6666666666666666,0.6666666666666666,0.6074074074074074,0.5,0.75,-0.08333333333333337,0.714851436208004,0.18181818181818182,0.02962962962962963,0.16666666666666666,1.0,0.0,0.0,0.0,1.0,0,0,0.0,0,0
train,7,21,0.26,20,2,0.0,0.5,0.5,0.5925925925925926,0.5416666666666666,0.6666666666666666,-0.16666666666666663,0.6289108617248024,0.13636363636363635,0.022222222222222223,0.125,0.75,0.0,0.0,0.0,1.0,0,0,0.0,0,0
train,7,22,0.26,20,2,0.0,0.0,0.0,0.5703703703703704,0.5217391304347826,0.5,-0.5,0.3773465170348814,0.09090909090909091,0.014814814814814815,0.043478260869565216,1.0,0.0,1.0,0.0,0.0,0,0,0.0,0,0
train,7,23,0.26,20,2,0.0,0.0,0.0,0.5555555555555556,0.35,0.0,0.0,0.22640791022092885,0.045454545454545456,0.007407407407407408,0.15,0.5,0.0,0.0,0.0,1.0,0,0,0.0,0,0
train,8,0,0.3,22,4,0.0,0.9411764705882353,0.75,0.9629629629629629,0.7058823529411765,0.9411764705882353,0.0,0.9411764705882353,0.8181818181818182,0.13333333333333333,0.17647058823529413,0.25,0.0,1.0,0.0,0.0,0,0,0.0,0,0
train,8,1,0.3,22,4,0.0,0.9375,0.75,0.9407407407407408,0.6,0.9411764705882353,-0.003676470588235281,0.9397058823529412,0.7727272727272727,0.1259259259259259,0.25,0.5,0.0,1.0,0.0,0.0,0,0,0.0,0,0
train,8,2,0.3,22,4,0.0,0.9333333333333333,0.75,0.9185185185185185,0.47619047619047616,0.9375,-0.004166666666666652,0.9371568627450981,0.7272727272727273,0.11851851851851852,0.2857142857142857,0.75,0.0,1.0,0.0,0.0,0,0,0.0,0,0
train,8,3,0.3,22,4,0.0,0.9285714285714286,0.75,0.8962962962962963,0.47619047619047616,0.9333333333333333,-0.004761904761904745,0.9337226890756303,0.6818181818181818,0.1111111111111111,0.23809523809523808,0.5,0.0,0.0,0.0,1.0,0,0,0.0,0,0
train,8,4,0.3,22,4,0.0,0.9230769230769231,0.75,0.8814814814814815,0.5,0.9285714285714286,-0.005494505494505475,0.9294643826761474,0.6363636363636364,0.1037037037037037,0.20833333333333334,1.0,0.0,1.0,0.0,0.0,0,0,0.0,0,0
train,8,5,0.3,22,4,0.0,0.9166666666666666,0.75,0.8666666666666667,0.5416666666666666,0.9230769230769231,-0.0064102564102564985,0.9243452962723551,0.5909090909090909,0.0962962962962963,0.16666666666666666,0.5,0.0,1.0,0.0,0.0,0,0,0.0,0,0
train,8,6,0.3,22,4,0.0,0.9090909090909091,0.75,0.8444444444444444,0.5217391304347826,0.9166666666666666,-0.007575757575757569,0.9182435413997767,0.5454545454545454,0.08888888888888889,0.13043478260869565,0.75,0.0,0.0,0.0,1.0,0,0,0.0,0,0
train,8,7,0.3,22,4,0.0,0.9,0.75,0.8296296296296296,0.5416666666666666,0.9090909090909091,-0.009090909090909038,0.910946124839866,0.5,0.08148148148148149,0.16666666666666666,0.5,0.0,0.0,0.0,1.0,0,0,0.0,0,0
train,8,8,0.3,22,4,0.13043478260869568,0.8888888888888888,0.75,0.8074074074074075,0.5,0.9,-0.011111111111111183,0.9021232304594751,0.45454545454545453,0.07407407407407407,0.125,1.0,0.0,1.0,0.0,0.0,1,2,0.14285714285714285,0,1
train,8,9,0.3,22,4,0.0,0.875,0.75,0.7925925925925926,0.47619047619047616,0.8888888888888888,-0.01388888888888884,0.8912739382756851,0.4090909090909091,0.06666666666666667,0.19047619047619047,0.5,0.0,0.0,0.0,1.0,0,0,0.0,0,0
train,8,10,0.3,22,4,0.0,0.8888888888888888,0.75,0.7777777777777778,0.47619047619047616,0.875,0.01388888888888884,0.8903199185209667,0.36363636363636365,0.07407407407407407,0.23809523809523808,0.5,1.0,0.0,0.0,0.0,0,0,0.0,0,0
train,8,11,0.3,22,4,0.0,0.875,0.75,0.762962962962963,0.4166666666666667,0.8888888888888888,-0.01388888888888884,0.88419195111258,0.4090909090909091,0.06666666666666667,0.25,0.75,0.0,0.0,0.0,1.0,0,0,0.0,0,0
train,8,12,0.3,22,4,0.0,0.8571428571428571,0.75,0.7481481481481481,0.5,0.875,-0.017857142857142905,0.8733723135246908,0.36363636363636365,0.05925925925925926,0.125,0.75,0.0,0.0,0.0,1.0,0,0,0.0,0,0
train,8,13,0.3,22,4,0.13636363636363635,0.8333333333333334,0.75,0.725925925925926,0.5416666666666666,0.8571428571428571,-0.023809523809523725,0.8573567214481478,0.3181818181818182,0.05185185185185185,0.08333333333333333,1.0,0.0,1.0,0.0,0.0,1,2,0.18181818181818182,0,1
train,8,14,0.3,22,4,0.0,0.7142857142857143,0.5,0.7111111111111111,0.38095238095238093,0.8333333333333334,-0.11904761904761907,0.8001283185831745,0.2727272727272727,0.05925925925925926,0.19047619047619047,0.25,1.0,0.0,0.0,0.0,0,0,0.0,0,0
train,8,15,0.3,22,4,0.0,0.8333333333333334,0.75,0.7111111111111111,0.4583333333333333,0.7142857142857143,0.11904761904761907,0.813410324483238,0.3181818181818182,0.05185185185185185,0.16666666666666666,1.0,0.0,0.0,0.0,1.0,0,0,0.0,0,0
train,8,16,0.3,22,4,0.0,0.8,0.75,0.6962962962962963,0.5,0.8333333333333334,-0.033333333333333326,0.8080461946899429,0.2727272727272727,0.044444444444444446,0.125,0.75,0.0,0.0,0.0,1.0,1,2,0.2,0,1
train,8,17,0.3,22,4,0.0,0.8,0.5,0.674074074074074,0.5416666666666666,0.8,0.0,0.8048277168139657,0.22727272727272727,0.08148148148148149,0.16666666666666666,0.25,0.0,0.0,1.0,0.0,0,0,0.0,0,0
train,8,18,0.3,22,4,0.052631578947368474,0.8888888888888888,0.75,0.674074074074074,0.375,0.8,0.0888888888888888,0.838452185643935,0.2727272727272727,0.07407407407407407,0.25,0.75,1.0,0.0,0.0,0.0,0,0,0.0,0,0
train,8,19,0.3,22,4,0.0,0.875,0.75,0.6666666666666666,0.44,0.8888888888888888,-0.01388888888888884,0.853071311386361,0.3181818181818182,0.06666666666666667,0.2,0.75,1.0,0.0,0.0,0.0,0,0,0.0,0,0
train,8,20,0.3,22,4,0.0,0.8571428571428571,0.75,0.6444444444444445,0.52,0.875,-0.017857142857142905,0.8546999296889595,0.36363636363636365,0.05925925925925926,0.08,1.0,0.0,0.0,0.0,1.0,0,0,0.0,0,0
train,8,21,0.3,22,4,0.0,0.8333333333333334,0.75,0.6296296296296297,0.48,0.8571428571428571,-0.023809523809523725,0.846153291146709,0.3181818181818182,0.05185185185185185,0.12,0.75,0.0,0.0,0.0,1.0,0,0,0.0,0,0
train,8,22,0.3,22,4,0.040000000000000036,0.8,0.75,0.6074074074074074,0.48,0.8333333333333334,-0.033333333333333326,0.8276919746880255,0.2727272727272727,0.044444444444444446,0.08,1.0,0.0,1.0,0.0,0.0,0,0,0.0,0,0
train,8,23,0.3,22,4,0.0,0.75,0.75,0.6,0.4,0.8,-0.050000000000000044,0.7966151848128153,0.22727272727272727,0.037037037037037035,0.12,0.5,0.0,0.0,0.0,1.0,0,0,0.0,0,0
train,8,24,0.3,22,4,0.0,0.6666666666666666,0.6666666666666666,0.5851851851851851,0.52,0.75,-0.08333333333333337,0.7446357775543558,0.18181818181818182,0.02962962962962963,0.08,1.0,0.0,1.0,0.0,0.0,0,0,0.0,0,0
train,8,25,0.3,22,4,0.05882352941176472,0.5,0.5,0.5703703703703704,0.4583333333333333,0.6666666666666666,-0.16666666666666663,0.6467814665326135,0.13636363636363635,0.022222222222222223,0.125,0.75,0.0,1.0,0.0,0.0,0,0,0.0,0,0
train,8,26,0.3,22,4,0.0,0.0,0.0,0.5481481481481482,0.3333333333333333,0.5,-0.5,0.38806887991956807,0.09090909090909091,0.014814814814814815,0.23809523809523808,0.5,0.0,0.0,0.0,1.0,0,0,0.0,0,0
train,8,27,0.3,22,4,0.0,0.0,0.0,0.5333333333333333,0.4,0.0,0.0,0.23284132795174084,0.045454545454545456,0.007407407407407408,0.25,0.75,0.0,0.0,0.0,1.0,0,0,0.0,0,0
train,9,0,0.34,20,2,0.0,0.9411764705882353,0.75,0.9629629629629629,0.7058823529411765,0.9411764705882353,0.0,0.9411764705882353,0.8181818181818182,0.13333333333333333,0.17647058823529413,0.25,0.0,1.0,0.0,0.0,0,0,0.0,0,0
train,9,1,0.34,20,2,0.0,0.9375,0.75,0.9407407407407408,0.6,0.9411764705882353,-0.003676470588235281,0.9397058823529412,0.7727272727272727,0.1259259259259259,0.2,0.75,0.0,1.0,0.0,0.0,0,0,0.0,0,0
train,9,2,0.34,20,2,0.0,0.9333333333333333,0.75,0.9185185185185185,0.47619047619047616,0.9375,-0.004166666666666652,0.9371568627450981,0.7272727272727273,0.11851851851851852,0.2857142857142857,0.5,0.0,1.0,0.0,0.0,0,0,0.0,0,0
train,9,3,0.34,20,2,0.0,0.9285714285714286,0.75,0.8962962962962963,0.47619047619047616,0.9333333333333333,-0.004761904761904745,0.9337226890756303,0.6818181818181818,0.1111111111111111,0.19047619047619047,0.75,0.0,1.0,0.0,0.0,0,0,0.0,0,0
train,9,4,0.34,20,2,0.0,0.9230769230769231,0.75,0.8740740740740741,0.47619047619047616,0.9285714285714286,-0.005494505494505475,0.9294643826761474,0.6363636363636364,0.1037037037037037,0.19047619047619047,0.75,0.0,1.0,0.0,0.0,0,0,0.0,0,0
train,9,5,0.34,20,2,0.1428571428571429,0.9166666666666666,0.75,0.8518518518518519,0.45,0.9230769230769231,-0.0064102564102564985,0.9243452962723551,0.5909090909090909,0.0962962962962963,0.2,0.5,0.0,1.0,0.0,0.0,0,0,0.0,0,0
train,9,6,0.34,20,2,0.0,0.9090909090909091,0.75,0.8296296296296296,0.35294117647058826,0.9166666666666666,-0.007575757575757569,0.9182435413997767,0.5454545454545454,0.08888888888888889,0.29411764705882354,0.5,0.0,0.0,0.0,1.0,0,0,0.0,0,0
train,9,7,0.34,20,2,0.0,0.9,0.75,0.8148148148148148,0.4,0.9090909090909091,-0.009090909090909038,0.910946124839866,0.5,0.08148148148148149,0.25,0.5,0.0,0.0,0.0,1.0,0,0,0.0,0,0
train,9,8,0.34,20,2,0.0,0.8888888888888888,0.75,0.7925925925925926,0.42857142857142855,0.9,-0.011111111111111183,0.9021232304594751,0.45454545454545453,0.07407407407407407,0.2857142857142857,0.5,0.0,0.0,0.0,1.0,0,0,0.0,0,0
train,9,9,0.34,20,2,0.0,0.875,0.75,0.7703703703703704,0.47619047619047616,0.8888888888888888,-0.01388888888888884,0.8912739382756851,0.4090909090909091,0.06666666666666667,0.23809523809523808,0.75,0.0,0.0,0.0,1.0,0,0,0.0,0,0
train,9,10,0.34,20,2,0.0,0.8888888888888888,0.75,0.7481481481481481,0.47619047619047616,0.875,0.01388888888888884,0.8903199185209667,0.36363636363636365,0.07407407407407407,0.23809523809523808,0.5,1.0,0.0,0.0,0.0,0,0,0.0,0,0
train,9,11,0.34,20,2,0.0,0.875,0.75,0.7333333333333333,0.5,0.8888888888888888,-0.01388888888888884,0.88419195111258,0.4090909090909091,0.06666666666666667,0.20833333333333334,1.0,0.0,0.0,0.0,1.0,0,0,0.0,0,0
train,9,12,0.34,20,2,0.0,0.8571428571428571,0.75,0.7185185185185186,0.5416666666666666,0.875,-0.017857142857142905,0.8733723135246908,0.36363636363636365,0.05925925925925926,0.125,0.75,0.0,0.0,0.0,1.0,0,0,0.0,0,0
train,9,13,0.34,20,2,0.0,0.8333333333333334,0.75,0.6962962962962963,0.5416666666666666,0.8571428571428571,-0.023809523809523725,0.8573567214481478,0.3181818181818182,0.05185185185185185,0.125,0.5,0.0,0.0,0.0,1.0,0,0,0.0,0,0
train,9,14,0.34,20,2,0.13043478260869568,0.8,0.75,0.674074074074074,0.5416666666666666,0.8333333333333334,-0.033333333333333326,0.8344140328688887,0.2727272727272727,0.044444444444444446,0.125,1.0,0.0,1.0,0.0,0.0,0,0,0.0,0,0
train,9,15,0.34,20,2,0.0,0.75,0.75,0.6592592592592592,0.42857142857142855,0.8,-0.050000000000000044,0.8006484197213333,0.22727272727272727,0.037037037037037035,0.19047619047619047,0.5,0.0,0.0,0.0,1.0,0,0,0.0,0,0
train,9,16,0.34,20,2,0.0,0.6666666666666666,0.6666666666666666,0.6444444444444445,0.47619047619047616,0.75,-0.08333333333333337,0.7470557184994666,0.18181818181818182,0.02962962962962963,0.19047619047619047,0.75,0.0,0.0,0.0,1.0,0,0,0.0,0,0
train,9,17,0.34,20,2,0.0,0.5,0.5,0.6222222222222222,0.47619047619047616,0.6666666666666666,-0.16666666666666663,0.64823343109968,0.13636363636363635,0.022222222222222223,0.19047619047619047,0.75,0.0,0.0,0.0,1.0,0,0,0.0,0,0
train,9,18,0.34,20,2,0.0,0.0,0.0,0.6,0.47619047619047616,0.5,-0.5,0.388940058659808,0.09090909090909091,0.014814814814814815,0.14285714285714285,0.75,0.0,0.0,0.0,1.0,0,0,0.0,0,0
train,9,19,0.34,20,2,0.0,0.0,0.0,0.5777777777777777,0.45,0.0,0.0,0.2333640351958848,0.045454545454545456,0.007407407407407408,0.15,0.75,0.0,0.0,0.0,1.0,0,0,0.0,0,0
train,10,0,0.18,20,2,0.0,0.9411764705882353,0.75,0.9629629629629629,0.7058823529411765,0.9411764705882353,0.0,0.9411764705882353,0.8181818181818182,0.13333333333333333,0.11764705882352941,0.5,0.0,1.0,0.0,0.0,0,0,0.0,0,0
train,10,1,0.18,20,2,0.0,0.9375,0.75,0.9407407407407408,0.6,0.9411764705882353,-0.003676470588235281,0.9397058823529412,0.7727272727272727,0.1259259259259259,0.15,0.75,0.0,1.0,0.0,0.0,0,0,0.0,0,0
train,10,2,0.18,20,2,0.0,0.9333333333333333,0.75,0.9185185185185185,0.47619047619047616,0.9375,-0.004166666666666652,0.9371568627450981,0.7272727272727273,0.11851851851851852,0.19047619047619047,0.75,0.0,1.0,0.0,0.0,0,0,0.0,0,0
train,10,3,0.18,20,2,0.0,0.9285714285714286,0.75,0.8962962962962963,0.47619047619047616,0.9333333333333333,-0.004761904761904745,0.9337226890756303,0.6818181818181818,0.1111111111111111,0.14285714285714285,0.75,0.0,1.0,0.0,0.0,1,2,0.11764705882352941,0,1
train,10,4,0.18,20,2,0.0,0.9230769230769231,0.75,0.8740740740740741,0.47619047619047616,0.9285714285714286,-0.005494505494505475,0.9294643826761474,0.6363636363636364,0.1037037037037037,0.14285714285714285,0.75,0.0,1.0,0.0,0.0,1,2,0.1111111111111111,0,1
train,10,5,0.18,20,2,0.1428571428571429,0.9166666666666666,0.75,0.8518518518518519,0.45,0.9230769230769231,-0.0064102564102564985,0.9243452962723551,0.5909090909090909,0.0962962962962963,0.2,0.5,0.0,1.0,0.0,0.0,0,0,0.0,0,0
train,10,6,0.18,20,2,0.0,0.9090909090909091,0.75,0.8296296296296296,0.35294117647058826,0.9166666666666666,-0.007575757575757569,0.9182435413997767,0.5454545454545454,0.08888888888888889,0.29411764705882354,0.5,0.0,0.0,0.0,1.0,0,0,0.0,0,0
train,10,7,0.18,20,2,0.0,0.9,0.75,0.8148148148148148,0.4,0.9090909090909091,-0.009090909090909038,0.910946124839866,0.5,0.08148148148148149,0.25,0.5,0.0,0.0,0.0,1.0,0,0,0.0,0,0
train,10,8,0.18,20,2,0.0,0.9090909090909091,0.75,0.7925925925925926,0.42857142857142855,0.9,0.009090909090909038,0.9102040385402832,0.45454545454545453,0.08888888888888889,0.2857142857142857,0.5,1.0,0.0,0.0,0.0,0,0,0.0,0,0
train,10,9,0.18,20,2,0.0,0.9,0.75,0.7777777777777778,0.375,0.9090909090909091,-0.009090909090909038,0.90612242312417,0.5,0.08148148148148149,0.25,0.5,0.0,0.0,0.0,1.0,0,0,0.0,0,0
train,10,10,0.18,20,2,0.0,0.8888888888888888,0.75,0.762962962962963,0.5,0.9,-0.011111111111111183,0.8992290094300575,0.45454545454545453,0.07407407407407407,0.20833333333333334,0.5,0.0,0.0,0.0,1.0,0,0,0.0,0,0
train,10,11,0.18,20,2,0.13636363636363635,0.875,0.75,0.7407407407407407,0.5416666666666666,0.8888888888888888,-0.01388888888888884,0.8895374056580345,0.4090909090909091,0.06666666666666667,0.16666666666666666,1.0,0.0,1.0,0.0,0.0,1,2,0.15384615384615385,0,1
train,10,12,0.18,20,2,0.0,0.8571428571428571,0.75,0.725925925925926,0.38095238095238093,0.875,-0.017857142857142905,0.8765795862519635,0.36363636363636365,0.05925925925925926,0.19047619047619047,0.5,0.0,0.0,0.0,1.0,0,0,0.0,0,0
train,10,13,0.18,20,2,0.0,0.875,0.75,0.7111111111111111,0.47619047619047616,0.8571428571428571,0.017857142857142905,0.8759477517511782,0.3181818181818182,0.06666666666666667,0.19047619047619047,0.5,1.0,0.0,0.0,0.0,0,0,0.0,0,0
train,10,14,0.18,20,2,0.0,0.8571428571428571,0.75,0.6962962962962963,0.4166666666666667,0.875,-0.017857142857142905,0.8684257939078498,0.36363636363636365,0.05925925925925926,0.20833333333333334,1.0,0.0,0.0,0.0,1.0,0,0,0.0,0,0
train,10,15,0.18,20,2,0.0,0.875,0.75,0.6814814814814815,0.5,0.8571428571428571,0.017857142857142905,0.8710554763447098,0.3181818181818182,0.06666666666666667,0.125,0.5,1.0,0.0,0.0,0.0,0,0,0.0,0,0
train,10,16,0.18,20,2,0.0,0.8571428571428571,0.75,0.6666666666666666,0.52,0.875,-0.017857142857142905,0.8654904286639687,0.36363636363636365,0.05925925925925926,0.16,0.75,0.0,0.0,0.0,1.0,0,0,0.0,0,0
train,10,17,0.18,20,2,0.0,0.875,0.75,0.6518518518518519,0.56,0.8571428571428571,0.017857142857142905,0.8692942571983813,0.3181818181818182,0.06666666666666667,0.16,0.5,1.0,0.0,0.0,0.0,0,0,0.0,0,0
train,10,18,0.18,20,2,0.0,0.8571428571428571,0.75,0.6370370370370371,0.6,0.875,-0.017857142857142905,0.8644336971761716,0.36363636363636365,0.05925925925925926,0.12,0.75,0.0,0.0,0.0,1.0,0,0,0.0,0,0
train,10,19,0.18,20,2,0.0,0.8333333333333334,0.75,0.6222222222222222,0.6,0.8571428571428571,-0.023809523809523725,0.8519935516390363,0.3181818181818182,0.05185185185185185,0.12,0.75,0.0,0.0,0.0,1.0,0,0,0.0,0,0
train,10,20,0.18,20,2,0.0,0.8,0.75,0.6,0.56,0.8333333333333334,-0.033333333333333326,0.8311961309834218,0.2727272727272727,0.044444444444444446,0.08,1.0,0.0,1.0,0.0,0.0,0,0,0.0,0,0
train,10,21,0.18,20,2,0.0,0.75,0.75,0.5851851851851851,0.48,0.8,-0.050000000000000044,0.7987176785900532,0.22727272727272727,0.037037037037037035,0.12,0.5,0.0,1.0,0.0,0.0,0,0,0.0,0,0
train,10,22,0.18,20,2,0.0,0.6666666666666666,0.6666666666666666,0.562962962962963,0.4166666666666667,0.75,-0.08333333333333337,0.7458972738206986,0.18181818181818182,0.02962962962962963,0.16666666666666666,0.75,0.0,0.0,0.0,1.0,0,0,0.0,0,0
train,10,23,0.18,20,2,0.052631578947368474,0.5,0.5,0.5481481481481482,0.5,0.6666666666666666,-0.16666666666666663,0.6475383642924192,0.13636363636363635,0.022222222222222223,0.16666666666666666,0.75,0.0,1.0,0.0,0.0,0,0,0.0,0,0
train,10,24,0.18,20,2,0.0,0.0,0.0,0.5333333333333333,0.47619047619047616,0.5,-0.5,0.3885230185754515,0.09090909090909091,0.014814814814814815,0.14285714285714285,0.5,0.0,0.0,0.0,1.0,0,0,0.0,0,0
train,10,25,0.18,20,2,0.0,0.0,0.0,0.5185185185185185,0.5,0.0,0.0,0.2331138111452709,0.045454545454545456,0.007407407407407408,0.2,0.75,0.0,0.0,0.0,1.0,0,0,0.0,0,0
train,11,0,0.22,22,4,0.0,0.9411764705882353,0.75,0.9629629629629629,0.7058823529411765,0.9411764705882353,0.0,0.9411764705882353,0.8181818181818182,0.13333333333333333,0.17647058823529413,0.25,0.0,0.0,0.0,1.0,0,0,0.0,0,0
train,11,1,0.22,22,4,0.0,0.9375,0.75,0.9407407407407408,0.6,0.9411764705882353,-0.003676470588235281,0.9397058823529412,0.7727272727272727,0.1259259259259259,0.2,0.75,0.0,1.0,0.0,0.0,0,0,0.0,0,0
train,11,2,0.22,22,4,0.0,0.9333333333333333,0.75,0.9259259259259259,0.5652173913043478,0.9375,-0.004166666666666652,0.9371568627450981,0.7272727272727273,0.11851851851851852,0.21739130434782608,0.5,0.0,1.0,0.0,0.0,0,0,0.0,0,0
train,11,3,0.22,22,4,0.0,0.9285714285714286,0.75,0.9037037037037037,0.5416666666666666,0.9333333333333333,-0.004761904761904745,0.9337226890756303,0.6818181818181818,0.1111111111111111,0.16666666666666666,0.75,0.0,1.0,0.0,0.0,0,0,0.0,0,0
train,11,4,0.22,22,4,0.0,0.9230769230769231,0.75,0.8814814814814815,0.5416666666666666,0.9285714285714286,-0.005494505494505475,0.9294643826761474,0.6363636363636364,0.1037037037037037,0.125,1.0,0.0,1.0,0.0,0.0,1,2,0.1111111111111111,0,1
train,11,5,0.22,22,4,0.0,0.9166666666666666,0.75,0.8592592592592593,0.5416666666666666,0.9230769230769231,-0.0064102564102564985,0.9243452962723551,0.5909090909090909,0.0962962962962963,0.08333333333333333,0.75,0.0,1.0,0.0,0.0,1,2,0.10526315789473684,0,1
train,11,6,0.22,22,4,0.1578947368421053,0.9090909090909091,0.75,0.837037037037037,0.5217391304347826,0.9166666666666666,-0.007575757575757569,0.9182435413997767,0.5454545454545454,0.08888888888888889,0.043478260869565216,1.0,0.0,1.0,0.0,0.0,1,2,0.1,0,1
train,11,7,0.22,22,4,0.0,0.8333333333333334,0.5,0.8148148148148148,0.45,0.9090909090909091,-0.07575757575757569,0.8842794581731994,0.5,0.0962962962962963,0.15,0.5,1.0,0.0,0.0,0.0,0,0,0.0,0,0
train,11,8,0.22,22,4,0.0,0.9090909090909091,0.75,0.8148148148148148,0.391304347826087,0.8333333333333334,0.07575757575757569,0.8942040385402833,0.5454545454545454,0.08888888888888889,0.13043478260869565,1.0,0.0,0.0,0.0,1.0,0,0,0.0,0,0
train,11,9,0.22,22,4,0.0,0.9,0.75,0.8074074074074075,0.4166666666666667,0.9090909090909091,-0.009090909090909038,0.89652242312417,0.5,0.08148148148148149,0.16666666666666666,0.75,0.0,0.0,0.0,1.0,0,0,0.0,0,0
train,11,10,0.22,22,4,0.15000000000000002,0.8888888888888888,0.75,0.7851851851851852,0.5,0.9,-0.011111111111111183,0.8934690094300575,0.45454545454545453,0.07407407407407407,0.041666666666666664,1.0,0.0,1.0,0.0,0.0,1,2,0.1111111111111111,0,1
train,11,11,0.22,22,4,0.0,0.875,0.75,0.7703703703703704,0.38095238095238093,0.8888888888888888,-0.01388888888888884,0.8860814056580344,0.4090909090909091,0.06666666666666667,0.14285714285714285,0.5,0.0,0.0,0.0,1.0,0,0,0.0,0,0
train,11,12,0.22,22,4,0.0,0.8571428571428571,0.75,0.7555555555555555,0.47619047619047616,0.875,-0.017857142857142905,0.8745059862519635,0.36363636363636365,0.05925925925925926,0.14285714285714285,0.75,0.0,0.0,0.0,1.0,0,0,0.0,0,0
train,11,13,0.22,22,4,0.0,0.875,0.75,0.7333333333333333,0.47619047619047616,0.8571428571428571,0.017857142857142905,0.8747035917511781,0.3181818181818182,0.06666666666666667,0.23809523809523808,0.5,1.0,0.0,0.0,0.0,0,0,0.0,0,0
train,11,14,0.22,22,4,0.0,0.8888888888888888,0.75,0.7185185185185186,0.4583333333333333,0.875,0.01388888888888884,0.8803777106062625,0.36363636363636365,0.07407407407407407,0.16666666666666666,0.75,1.0,0.0,0.0,0.0,0,0,0.0,0,0
train,11,15,0.22,22,4,0.0,0.875,0.75,0.6962962962962963,0.44,0.8888888888888888,-0.01388888888888884,0.8782266263637575,0.4090909090909091,0.06666666666666667,0.12,1.0,0.0,0.0,0.0,1.0,0,0,0.0,0,0
train,11,16,0.22,22,4,0.0,0.8888888888888888,0.75,0.6814814814814815,0.52,0.875,0.01388888888888884,0.88249153137381,0.36363636363636365,0.07407407407407407,0.12,0.5,1.0,0.0,0.0,0.0,0,0,0.0,0,0
train,11,17,0.22,22,4,0.0,0.9,0.75,0.6666666666666666,0.56,0.8888888888888888,0.011111111111111183,0.889494918824286,0.4090909090909091,0.08148148148148149,0.16,0.75,1.0,0.0,0.0,0.0,0,0,0.0,0,0
train,11,18,0.22,22,4,0.0,0.9090909090909091,0.75,0.6444444444444445,0.56,0.9,0.009090909090909038,0.8973333149309353,0.45454545454545453,0.08888888888888889,0.2,0.5,1.0,0.0,0.0,0.0,0,0,0.0,0,0
train,11,19,0.22,22,4,0.0,0.9,0.75,0.6222222222222222,0.5416666666666666,0.9090909090909091,-0.009090909090909038,0.8983999889585612,0.5,0.08148148148148149,0.16666666666666666,0.75,0.0,0.0,0.0,1.0,0,0,0.0,0,0
train,11,20,0.22,22,4,0.0,0.8888888888888888,0.75,0.6074074074074074,0.5,0.9,-0.011111111111111183,0.8945955489306923,0.45454545454545453,0.07407407407407407,0.20833333333333334,0.75,0.0,0.0,0.0,1.0,0,0,0.0,0,0
train,11,21,0.22,22,4,0.0,0.875,0.75,0.5851851851851851,0.5,0.8888888888888888,-0.01388888888888884,0.8867573293584154,0.4090909090909091,0.06666666666666667,0.20833333333333334,0.5,0.0,1.0,0.0,0.0,0,0,0.0,0,0
train,11,22,0.22,22,4,0.0,0.8571428571428571,0.75,0.5703703703703704,0.4,0.875,-0.017857142857142905,0.8749115404721921,0.36363636363636365,0.05925925925925926,0.28,0.5,0.0,1.0,0.0,0.0,0,0,0.0,0,0
train,11,23,0.22,22,4,0.0,0.8333333333333334,0.75,0.5555555555555556,0.36,0.8571428571428571,-0.023809523809523725,0.8582802576166486,0.3181818181818182,0.05185185185185185,0.28,0.5,0.0,1.0,0.0,0.0,0,0,0.0,0,0
train,11,24,0.22,22,4,0.0,0.8,0.75,0.5407407407407407,0.4,0.8333333333333334,-0.033333333333333326,0.8349681545699892,0.2727272727272727,0.044444444444444446,0.28,0.5,0.0,1.0,0.0,0.0,0,0,0.0,0,0
train,11,25,0.22,22,4,0.19999999999999996,0.75,0.75,0.5185185185185185,0.375,0.8,-0.050000000000000044,0.8009808927419936,0.22727272727272727,0.037037037037037035,0.25,1.0,0.0,1.0,0.0,0.0,0,0,0.0,0,0
train,11,26,0.22,22,4,0.0,0.6666666666666666,0.6666666666666666,0.4962962962962963,0.3333333333333333,0.75,-0.08333333333333337,0.7472552023118628,0.18181818181818182,0.02962962962962963,0.23809523809523808,0.75,0.0,0.0,0.0,1.0,0,0,0.0,0,0
train,11,27,0.22,22,4,0.0,0.5,0.5,0.48148148148148145,0.38095238095238093,0.6666666666666666,-0.16666666666666663,0.6483531213871176,0.13636363636363635,0.022222222222222223,0.23809523809523808,0.75,0.0,0.0,0.0,1.0,0,0,0.0,0,0
train,11,28,0.22,22,4,0.0,0.0,0.0,0.45925925925925926,0.42857142857142855,0.5,-0.5,0.38901187283227057,0.09090909090909091,0.014814814814814815,0.19047619047619047,0.75,0.0,0.0,0.0,1.0,0,0,0.0,0,0
train,11,29,0.22,22,4,0.0,0.0,0.0,0.43703703703703706,0.45,0.0,0.0,0.23340712369936234,0.045454545454545456,0.007407407407407408,0.15,0.75,0.0,0.0,0.0,1.0,0,0,0.0,0,0
train,12,0,0.26,28,10,0.0,0.9411764705882353,0.75,0.9629629629629629,0.7058823529411765,0.9411764705882353,0.0,0.9411764705882353,0.8181818181818182,0.13333333333333333,0.11764705882352941,0.5,0.0,1.0,0.0,0.0,0,0,0.0,0,0
train,12,1,0.26,28,10,0.0,0.9375,0.75,0.9407407407407408,0.6,0.9411764705882353,-0.003676470588235281,0.9397058823529412,0.7727272727272727,0.1259259259259259,0.15,0.75,0.0,1.0,0.0,0.0,0,0,0.0,0,0
train,12,2,0.26,28,10,0.0,0.9333333333333333,0.75,0.9185185185185185,0.47619047619047616,0.9375,-0.004166666666666652,0.9371568627450981,0.7272727272727273,0.11851851851851852,0.19047619047619047,0.75,0.0,1.0,0.0,0.0,0,0,0.0,0,0
train,12,3,0.26,28,10,0.0,0.9285714285714286,0.75,0.8962962962962963,0.47619047619047616,0.9333333333333333,-0.004761904761904745,0.9337226890756303,0.6818181818181818,0.1111111111111111,0.19047619047619047,0.5,0.0,1.0,0.0,0.0,0,0,0.0,0,0
train,12,4,0.26,28,10,0.0,0.9230769230769231,0.75,0.8740740740740741,0.47619047619047616,0.9285714285714286,-0.005494505494505475,0.9294643826761474,0.6363636363636364,0.1037037037037037,0.19047619047619047,0.75,0.0,1.0,0.0,0.0,0,0,0.0,0,0
train,12,5,0.26,28,10,0.2142857142857143,0.9166666666666666,0.75,0.8518518518518519,0.45,0.9230769230769231,-0.0064102564102564985,0.9243452962723551,0.5909090909090909,0.0962962962962963,0.2,0.75,0.0,1.0,0.0,0.0,1,2,0.08695652173913043,0,1
train,12,6,0.26,28,10,0.0,0.8461538461538461,0.5,0.8296296296296296,0.35294117647058826,0.9166666666666666,-0.07051282051282048,0.8930687162249515,0.5454545454545454,0.1037037037037037,0.29411764705882354,0.25,1.0,0.0,0.0,0.0,0,0,0.0,0,0
train,12,7,0.26,28,10,0.0,0.9166666666666666,0.75,0.8296296296296296,0.3,0.8461538461538461,0.07051282051282048,0.9025078964016376,0.5909090909090909,0.0962962962962963,0.35,0.75,0.0,0.0,0.0,1.0,0,0,0.0,0,0
train,12,8,0.26,28,10,0.0,0.9090909090909091,0.75,0.8222222222222222,0.391304347826087,0.9166666666666666,-0.007575757575757569,0.9051411014773462,0.5454545454545454,0.08888888888888889,0.2608695652173913,0.75,0.0,0.0,0.0,1.0,0,0,0.0,0,0
train,12,9,0.26,28,10,0.0,0.9,0.75,0.8,0.5,0.9090909090909091,-0.009090909090909038,0.9030846608864078,0.5,0.08148148148148149,0.16666666666666666,0.75,0.0,0.0,0.0,1.0,0,0,0.0,0,0
train,12,10,0.26,28,10,0.0,0.8888888888888888,0.75,0.7777777777777778,0.5416666666666666,0.9,-0.011111111111111183,0.8974063520874003,0.45454545454545453,0.07407407407407407,0.16666666666666666,0.5,0.0,0.0,0.0,1.0,0,0,0.0,0,0
train,12,11,0.26,28,10,0.13043478260869568,0.875,0.75,0.7555555555555555,0.5416666666666666,0.8888888888888888,-0.01388888888888884,0.8884438112524402,0.4090909090909091,0.06666666666666667,0.125,1.0,0.0,1.0,0.0,0.0,1,2,0.10526315789473684,0,1
train,12,12,0.26,28,10,0.0,0.8571428571428571,0.75,0.7407407407407407,0.42857142857142855,0.875,-0.017857142857142905,0.8759234296086069,0.36363636363636365,0.05925925925925926,0.23809523809523808,0.5,0.0,0.0,0.0,1.0,0,0,0.0,0,0
train,12,13,0.26,28,10,0.0,0.8333333333333334,0.75,0.725925925925926,0.47619047619047616,0.8571428571428571,-0.023809523809523725,0.8588873910984975,0.3181818181818182,0.05185185185185185,0.19047619047619047,0.75,0.0,0.0,0.0,1.0,0,0,0.0,0,0
train,12,14,0.26,28,10,0.0,0.8,0.75,0.7037037037037037,0.47619047619047616,0.8333333333333334,-0.033333333333333326,0.8353324346590986,0.2727272727272727,0.044444444444444446,0.19047619047619047,0.75,0.0,0.0,0.0,1.0,0,0,0.0,0,0
train,12,15,0.26,28,10,0.0,0.75,0.75,0.6814814814814815,0.47619047619047616,0.8,-0.050000000000000044,0.8011994607954591,0.22727272727272727,0.037037037037037035,0.19047619047619047,0.5,0.0,0.0,0.0,1.0,0,0,0.0,0,0
train,12,16,0.26,28,10,0.0,0.8,0.75,0.6592592592592592,0.47619047619047616,0.75,0.050000000000000044,0.8007196764772755,0.18181818181818182,0.044444444444444446,0.23809523809523808,0.5,1.0,0.0,0.0,0.0,0,0,0.0,0,0
train,12,17,0.26,28,10,0.0,0.8333333333333334,0.75,0.6444444444444445,0.5,0.8,0.033333333333333326,0.8137651392196986,0.22727272727272727,0.05185185185185185,0.20833333333333334,0.5,1.0,0.0,0.0,0.0,0,0,0.0,0,0
train,12,18,0.26,28,10,0.0,0.8,0.75,0.6222222222222222,0.52,0.8333333333333334,-0.033333333333333326,0.8082590835318192,0.2727272727272727,0.044444444444444446,0.2,0.75,0.0,0.0,0.0,1.0,1,2,0.14285714285714285,0,1
train,12,19,0.26,28,10,0.0,0.8333333333333334,0.75,0.6074074074074074,0.56,0.8,0.033333333333333326,0.8182887834524248,0.22727272727272727,0.05185185185185185,0.2,0.5,1.0,0.0,0.0,0.0,0,0,0.0,0,1
train,12,20,0.26,28,10,0.0,0.9090909090909091,0.75,0.5925925925925926,0.56,0.8333333333333334,0.07575757575757569,0.8546096337078185,0.2727272727272727,0.08888888888888889,0.24,0.5,0.0,0.0,1.0,0.0,0,0,0.0,0,0
train,12,21,0.26,28,10,0.04347826086956519,0.9,0.75,0.5777777777777777,0.44,0.9090909090909091,-0.009090909090909038,0.8727657802246911,0.3181818181818182,0.08148148148148149,0.24,1.0,1.0,0.0,0.0,0.0,0,0,0.0,0,0
train,12,22,0.26,28,10,0.0,0.8888888888888888,0.75,0.562962962962963,0.52,0.9,-0.011111111111111183,0.8792150236903702,0.36363636363636365,0.07407407407407407,0.16,0.5,1.0,0.0,0.0,0.0,0,0,0.0,0,0
train,12,23,0.26,28,10,0.0,0.875,0.75,0.5407407407407407,0.5416666666666666,0.8888888888888888,-0.01388888888888884,0.877529014214222,0.4090909090909091,0.06666666666666667,0.125,0.75,0.0,0.0,0.0,1.0,0,0,0.0,0,0
train,12,24,0.26,28,10,0.0,0.8888888888888888,0.75,0.5259259259259259,0.4583333333333333,0.875,0.01388888888888884,0.8820729640840888,0.36363636363636365,0.07407407407407407,0.20833333333333334,0.5,1.0,0.0,0.0,0.0,0,0,0.0,0,0
train,12,25,0.26,28,10,0.0,0.875,0.75,0.5111111111111111,0.47619047619047616,0.8888888888888888,-0.01388888888888884,0.8792437784504532,0.4090909090909091,0.06666666666666667,0.19047619047619047,0.75,0.0,0.0,0.0,1.0,0,0,0.0,0,0
train,12,26,0.26,28,10,0.0,0.8571428571428571,0.75,0.4962962962962963,0.47619047619047616,0.875,-0.017857142857142905,0.8704034099274147,0.36363636363636365,0.05925925925925926,0.23809523809523808,0.5,0.0,0.0,0.0,1.0,0,0,0.0,0,0
train,12,27,0.26,28,10,0.0,0.8333333333333334,0.75,0.4740740740740741,0.45,0.8571428571428571,-0.023809523809523725,0.8555753792897822,0.3181818181818182,0.05185185185185185,0.25,0.5,0.0,1.0,0.0,0.0,0,0,0.0,0,0
train,12,28,0.26,28,10,0.0,0.8,0.75,0.45925925925925926,0.391304347826087,0.8333333333333334,-0.033333333333333326,0.8333452275738694,0.2727272727272727,0.044444444444444446,0.2608695652173913,0.75,0.0,1.0,0.0,0.0,0,0,0.0,0,0
train,12,29,0.26,28,10,0.0,0.75,0.75,0.43703703703703706,0.2916666666666667,0.8,-0.050000000000000044,0.8000071365443217,0.22727272727272727,0.037037037037037035,0.2916666666666667,0.75,0.0,0.0,0.0,1.0,0,0,0.0,0,0
train,12,30,0.26,28,10,0.0,0.6666666666666666,0.6666666666666666,0.4222222222222222,0.38095238095238093,0.75,-0.08333333333333337,0.7466709485932597,0.18181818181818182,0.02962962962962963,0.2857142857142857,0.75,0.0,1.0,0.0,0.0,0,0,0.0,0,0
train,12,31,0.26,28,10,0.0,0.5,0.5,0.4074074074074074,0.3333333333333333,0.6666666666666666,-0.16666666666666663,0.6480025691559558,0.13636363636363635,0.022222222222222223,0.2857142857142857,0.5,0.0,1.0,0.0,0.0,0,0,0.0,0,0
train,12,32,0.26,28,10,0.0,0.0,0.0,0.3851851851851852,0.3333333333333333,0.5,-0.5,0.38880154149357343,0.09090909090909091,0.014814814814814815,0.2857142857142857,0.75,0.0,1.0,0.0,0.0,0,0,0.0,0,0
train,12,33,0.26,28,10,0.0,0.0,0.0,0.362962962962963,0.35,0.0,0.0,0.23328092489614405,0.045454545454545456,0.007407407407407408,0.35,0.5,0.0,1.0,0.0,0.0,0,0,0.0,0,0
train,13,0,0.3,20,2,0.0,0.9411764705882353,0.75,0.9629629629629629,0.7058823529411765,0.9411764705882353,0.0,0.9411764705882353,0.8181818181818182,0.13333333333333333,0.17647058823529413,0.25,0.0,1.0,0.0,0.0,0,0,0.0,0,0
train,13,1,0.3,20,2,0.0,0.9375,0.75,0.9407407407407408,0.6,0.9411764705882353,-0.003676470588235281,0.9397058823529412,0.7727272727272727,0.1259259259259259,0.2,0.75,0.0,1.0,0.0,0.0,0,0,0.0,0,0
train,13,2,0.3,20,2,0.0,0.9333333333333333,0.75,0.9185185185185185,0.47619047619047616,0.9375,-0.004166666666666652,0.9371568627450981,0.7272727272727273,0.11851851851851852,0.23809523809523808,0.75,0.0,1.0,0.0,0.0,1,2,0.1111111111111111,0,1
train,13,3,0.3,20,2,0.0,0.9285714285714286,0.75,0.8962962962962963,0.47619047619047616,0.9333333333333333,-0.004761904761904745,0.9337226890756303,0.6818181818181818,0.1111111111111111,0.19047619047619047,0.5,0.0,1.0,0.0,0.0,0,0,0.0,0,0
train,13,4,0.3,20,2,0.0,0.9230769230769231,0.75,0.8740740740740741,0.47619047619047616,0.9285714285714286,-0.005494505494505475,0.9294643826761474,0.6363636363636364,0.1037037037037037,0.19047619047619047,0.75,0.0,1.0,0.0,0.0,1,2,0.1111111111111111,0,1
train,13,5,0.3,20,2,0.0,0.9166666666666666,0.75,0.8518518518518519,0.45,0.9230769230769231,-0.0064102564102564985,0.9243452962723551,0.5909090909090909,0.0962962962962963,0.25,0.5,0.0,0.0,0.0,1.0,0,0,0.0,0,0
train,13,6,0.3,20,2,0.0,0.9090909090909091,0.75,0.837037037037037,0.4782608695652174,0.9166666666666666,-0.007575757575757569,0.9182435413997767,0.5454545454545454,0.08888888888888889,0.21739130434782608,0.75,0.0,0.0,0.0,1.0,0,0,0.0,0,0
train,13,7,0.3,20,2,0.09523809523809523,0.9,0.75,0.8148148148148148,0.5,0.9090909090909091,-0.009090909090909038,0.910946124839866,0.5,0.08148148148148149,0.20833333333333334,0.75,0.0,1.0,0.0,0.0,1,2,0.11764705882352941,0,1
train,13,8,0.3,20,2,0.0,0.8461538461538461,0.5,0.8,0.47619047619047616,0.9,-0.05384615384615388,0.885029213365458,0.45454545454545453,0.1037037037037037,0.23809523809523808,0.25,1.0,0.0,0.0,0.0,0,0,0.0,0,0
train,13,9,0.3,20,2,0.0,0.9166666666666666,0.75,0.8,0.4166666666666667,0.8461538461538461,0.07051282051282048,0.8976841946859415,0.5,0.0962962962962963,0.2916666666666667,0.75,1.0,0.0,0.0,0.0,0,0,0.0,0,0
train,13,10,0.3,20,2,0.0,0.9090909090909091,0.75,0.7851851851851852,0.32,0.9166666666666666,-0.007575757575757569,0.9022468804479286,0.5454545454545454,0.08888888888888889,0.28,0.75,0.0,0.0,0.0,1.0,0,0,0.0,0,0
train,13,11,0.3,20,2,0.0,0.9,0.75,0.7703703703703704,0.48,0.9090909090909091,-0.009090909090909038,0.9013481282687572,0.5,0.08148148148148149,0.2,0.5,0.0,0.0,0.0,1.0,0,0,0.0,0,0
train,13,12,0.3,20,2,0.0,0.8888888888888888,0.75,0.7481481481481481,0.52,0.9,-0.011111111111111183,0.8963644325168099,0.45454545454545453,0.07407407407407407,0.16,1.0,0.0,1.0,0.0,0.0,1,2,0.14285714285714285,0,1
train,13,13,0.3,20,2,0.0,0.8,0.5,0.7333333333333333,0.4166666666666667,0.8888888888888888,-0.0888888888888888,0.857818659510086,0.4090909090909091,0.08148148148148149,0.20833333333333334,0.25,1.0,0.0,0.0,0.0,0,0,0.0,0,0
train,13,14,0.3,20,2,0.0,0.8888888888888888,0.75,0.7333333333333333,0.44,0.8,0.0888888888888888,0.8702467512616072,0.45454545454545453,0.07407407407407407,0.24,1.0,0.0,0.0,0.0,1.0,0,0,0.0,0,0
train,13,15,0.3,20,2,0.0,0.875,0.75,0.7185185185185186,0.52,0.8888888888888888,-0.01388888888888884,0.8721480507569643,0.4090909090909091,0.06666666666666667,0.16,0.75,0.0,0.0,0.0,1.0,0,0,0.0,0,0
train,13,16,0.3,20,2,0.0,0.8571428571428571,0.75,0.6962962962962963,0.56,0.875,-0.017857142857142905,0.8661459733113215,0.36363636363636365,0.05925925925925926,0.08,0.75,0.0,1.0,0.0,0.0,1,2,0.16666666666666666,0,1
train,13,17,0.3,20,2,0.0,0.8333333333333334,0.75,0.6814814814814815,0.4583333333333333,0.8571428571428571,-0.023809523809523725,0.8530209173201262,0.3181818181818182,0.05185185185185185,0.20833333333333334,0.5,0.0,0.0,0.0,1.0,0,0,0.0,0,0
train,13,18,0.3,20,2,0.13636363636363635,0.8,0.75,0.6666666666666666,0.5416666666666666,0.8333333333333334,-0.033333333333333326,0.8318125503920758,0.2727272727272727,0.044444444444444446,0.125,0.75,0.0,1.0,0.0,0.0,1,2,0.16666666666666666,0,1
train,13,19,0.3,20,2,0.0,0.75,0.75,0.6518518518518519,0.47619047619047616,0.8,-0.050000000000000044,0.7990875302352455,0.22727272727272727,0.037037037037037035,0.23809523809523808,0.5,0.0,0.0,0.0,1.0,0,0,0.0,0,0
train,13,20,0.3,20,2,0.0,0.8,0.75,0.6370370370370371,0.5238095238095238,0.75,0.050000000000000044,0.7994525181411474,0.18181818181818182,0.044444444444444446,0.23809523809523808,0.5,1.0,0.0,0.0,0.0,0,0,0.0,0,0
train,13,21,0.3,20,2,0.0,0.8333333333333334,0.75,0.6222222222222222,0.4166666666666667,0.8,0.033333333333333326,0.8130048442180218,0.22727272727272727,0.05185185185185185,0.2916666666666667,0.75,1.0,0.0,0.0,0.0,0,0,0.0,0,0
train,13,22,0.3,20,2,0.0,0.8,0.75,0.6074074074074074,0.4,0.8333333333333334,-0.033333333333333326,0.8078029065308131,0.2727272727272727,0.044444444444444446,0.16,0.75,0.0,0.0,0.0,1.0,0,0,0.0,0,0
train,13,23,0.3,20,2,0.0,0.8333333333333334,0.75,0.5925925925925926,0.52,0.8,0.033333333333333326,0.8180150772518212,0.22727272727272727,0.05185185185185185,0.16,0.5,1.0,0.0,0.0,0.0,0,0,0.0,0,0
train,13,24,0.3,20,2,0.0,0.8,0.75,0.5777777777777777,0.52,0.8333333333333334,-0.033333333333333326,0.8108090463510927,0.2727272727272727,0.044444444444444446,0.16,1.0,0.0,0.0,0.0,1.0,0,0,0.0,0,0
train,13,25,0.3,20,2,0.0,0.8333333333333334,0.75,0.562962962962963,0.6,0.8,0.033333333333333326,0.819818761143989,0.22727272727272727,0.05185185185185185,0.12,0.5,1.0,0.0,0.0,0.0,0,0,0.0,0,0
train,13,26,0.3,20,2,0.0,0.8,0.75,0.5481481481481482,0.6,0.8333333333333334,-0.033333333333333326,0.8118912566863934,0.2727272727272727,0.044444444444444446,0.08,1.0,0.0,0.0,0.0,1.0,0,0,0.0,0,0
train,13,27,0.3,20,2,0.0,0.75,0.75,0.5333333333333333,0.5833333333333334,0.8,-0.050000000000000044,0.7871347540118361,0.22727272727272727,0.037037037037037035,0.125,0.5,0.0,0.0,0.0,1.0,0,0,0.0,0,0
train,13,28,0.3,20,2,0.0,0.6666666666666666,0.6666666666666666,0.5111111111111111,0.47619047619047616,0.75,-0.08333333333333337,0.7389475190737682,0.18181818181818182,0.02962962962962963,0.14285714285714285,0.75,0.0,1.0,0.0,0.0,0,0,0.0,0,0
train,13,29,0.3,20,2,0.0,0.5,0.5,0.4962962962962963,0.38095238095238093,0.6666666666666666,-0.16666666666666663,0.6433685114442609,0.13636363636363635,0.022222222222222223,0.23809523809523808,0.5,0.0,1.0,0.0,0.0,0,0,0.0,0,0
train,13,30,0.3,20,2,0.0,0.0,0.0,0.4740740740740741,0.3333333333333333,0.5,-0.5,0.3860211068665565,0.09090909090909091,0.014814814814814815,0.23809523809523808,0.75,0.0,1.0,0.0,0.0,0,0,0.0,0,0
train,13,31,0.3,20,2,0.0,0.0,0.0,0.45185185185185184,0.35,0.0,0.0,0.2316126641199339,0.045454545454545456,0.007407407407407408,0.3,0.75,0.0,1.0,0.0,0.0,0,0,0.0,0,0
train,14,0,0.34,20,2,0.0,0.9411764705882353,0.75,0.9629629629629629,0.7058823529411765,0.9411764705882353,0.0,0.9411764705882353,0.8181818181818182,0.13333333333333333,0.17647058823529413,0.25,0.0,0.0,0.0,1.0,0,0,0.0,0,0
train,14,1,0.34,20,2,0.0,0.9375,0.75,0.9407407407407408,0.6,0.9411764705882353,-0.003676470588235281,0.9397058823529412,0.7727272727272727,0.1259259259259259,0.25,0.5,0.0,1.0,0.0,0.0,0,0,0.0,0,0
train,14,2,0.34,20,2,0.0,0.9333333333333333,0.75,0.9259259259259259,0.5652173913043478,0.9375,-0.004166666666666652,0.9371568627450981,0.7272727272727273,0.11851851851851852,0.2608695652173913,0.5,0.0,1.0,0.0,0.0,0,0,0.0,0,0
train,14,3,0.34,20,2,0.0,0.9285714285714286,0.75,0.9037037037037037,0.5416666666666666,0.9333333333333333,-0.004761904761904745,0.9337226890756303,0.6818181818181818,0.1111111111111111,0.25,0.5,0.0,1.0,0.0,0.0,0,0,0.0,0,0
train,14,4,0.34,20,2,0.0,0.9230769230769231,0.75,0.8814814814814815,0.5416666666666666,0.9285714285714286,-0.005494505494505475,0.9294643826761474,0.6363636363636364,0.1037037037037037,0.16666666666666666,1.0,0.0,1.0,0.0,0.0,1,2,0.125,0,1
train,14,5,0.34,20,2,0.0,0.8571428571428571,0.5,0.8592592592592593,0.5416666666666666,0.9230769230769231,-0.06593406593406603,0.9005357724628312,0.5909090909090909,0.1111111111111111,0.20833333333333334,0.25,1.0,0.0,0.0,0.0,0,0,0.0,0,0
train,14,6,0.34,20,2,0.050000000000000044,0.9230769230769231,0.75,0.8592592592592593,0.4166666666666667,0.8571428571428571,0.06593406593406603,0.909552232708468,0.6363636363636364,0.1037037037037037,0.2916666666666667,1.0,0.0,0.0,0.0,1.0,0,0,0.0,0,0
train,14,7,0.34,20,2,0.0,0.9166666666666666,0.75,0.8518518518518519,0.44,0.9230769230769231,-0.0064102564102564985,0.9123980062917475,0.5909090909090909,0.0962962962962963,0.28,0.5,0.0,0.0,0.0,1.0,0,0,0.0,0,0
train,14,8,0.34,20,2,0.0,0.9090909090909091,0.75,0.8296296296296296,0.52,0.9166666666666666,-0.007575757575757569,0.9110751674114121,0.5454545454545454,0.08888888888888889,0.16,0.75,0.0,1.0,0.0,0.0,0,0,0.0,0,0
train,14,9,0.34,20,2,0.0,0.9,0.75,0.8148148148148148,0.48,0.9090909090909091,-0.009090909090909038,0.9066451004468472,0.5,0.08148148148148149,0.24,0.5,0.0,0.0,0.0,1.0,0,0,0.0,0,0
train,14,10,0.34,20,2,0.0,0.8888888888888888,0.75,0.8,0.56,0.9,-0.011111111111111183,0.8995426158236639,0.45454545454545453,0.07407407407407407,0.12,0.75,0.0,1.0,0.0,0.0,1,2,0.16666666666666666,0,1
train,14,11,0.34,20,2,0.13043478260869568,0.875,0.75,0.7851851851851852,0.5416666666666666,0.8888888888888888,-0.01388888888888884,0.8897255694941983,0.4090909090909091,0.06666666666666667,0.16666666666666666,0.75,0.0,1.0,0.0,0.0,1,2,0.15384615384615385,0,1
train,14,12,0.34,20,2,0.0,0.7777777777777778,0.5,0.762962962962963,0.47619047619047616,0.875,-0.09722222222222221,0.8449464528076301,0.36363636363636365,0.07407407407407407,0.19047619047619047,0.5,1.0,0.0,0.0,0.0,0,0,0.0,0,0
train,14,13,0.34,20,2,0.0,0.875,0.75,0.762962962962963,0.4166666666666667,0.7777777777777778,0.09722222222222221,0.8569678716845781,0.4090909090909091,0.06666666666666667,0.25,0.75,0.0,0.0,0.0,1.0,0,0,0.0,0,0
train,14,14,0.34,20,2,0.0,0.8571428571428571,0.75,0.7555555555555555,0.5,0.875,-0.017857142857142905,0.8570378658678897,0.36363636363636365,0.05925925925925926,0.16666666666666666,0.75,0.0,0.0,0.0,1.0,1,2,0.16666666666666666,0,1
train,14,15,0.34,20,2,0.0,0.8333333333333334,0.5,0.7333333333333333,0.5416666666666666,0.8571428571428571,-0.023809523809523725,0.8475560528540671,0.3181818181818182,0.0962962962962963,0.20833333333333334,0.25,0.0,0.0,1.0,0.0,0,0,0.0,0,0
train,14,16,0.34,20,2,0.052631578947368474,0.9090909090909091,0.75,0.7333333333333333,0.375,0.8333333333333334,0.07575757575757569,0.8721699953488039,0.36363636363636365,0.08888888888888889,0.2916666666666667,0.75,1.0,0.0,0.0,0.0,0,0,0.0,0,0
train,14,17,0.34,20,2,0.0,0.9,0.75,0.725925925925926,0.36,0.9090909090909091,-0.009090909090909038,0.8833019972092824,0.4090909090909091,0.08148148148148149,0.28,0.75,1.0,0.0,0.0,0.0,0,0,0.0,0,0
train,14,18,0.34,20,2,0.0,0.8888888888888888,0.75,0.7111111111111111,0.4,0.9,-0.011111111111111183,0.885536753881125,0.45454545454545453,0.07407407407407407,0.12,0.75,0.0,0.0,0.0,1.0,0,0,0.0,0,0
train,14,19,0.34,20,2,0.0,0.875,0.75,0.6962962962962963,0.44,0.8888888888888888,-0.01388888888888884,0.8813220523286749,0.4090909090909091,0.06666666666666667,0.16,0.75,0.0,0.0,0.0,1.0,0,0,0.0,0,0
train,14,20,0.34,20,2,0.04166666666666663,0.8571428571428571,0.75,0.674074074074074,0.48,0.875,-0.017857142857142905,0.8716503742543478,0.36363636363636365,0.05925925925925926,0.12,1.0,0.0,1.0,0.0,0.0,0,0,0.0,0,0
train,14,21,0.34,20,2,0.0,0.8333333333333334,0.75,0.6666666666666666,0.4,0.8571428571428571,-0.023809523809523725,0.856323557885942,0.3181818181818182,0.05185185185185185,0.12,0.5,0.0,0.0,0.0,1.0,0,0,0.0,0,0
train,14,22,0.34,20,2,0.0,0.8,0.75,0.6518518518518519,0.52,0.8333333333333334,-0.033333333333333326,0.8337941347315653,0.2727272727272727,0.044444444444444446,0.08,1.0,0.0,1.0,0.0,0.0,0,0,0.0,0,0
train,14,23,0.34,20,2,0.0,0.75,0.75,0.6370370370370371,0.4583333333333333,0.8,-0.050000000000000044,0.8002764808389392,0.22727272727272727,0.037037037037037035,0.16666666666666666,0.5,0.0,0.0,0.0,1.0,0,0,0.0,0,0
train,14,24,0.34,20,2,0.0,0.6666666666666666,0.6666666666666666,0.6222222222222222,0.5416666666666666,0.75,-0.08333333333333337,0.7468325551700301,0.18181818181818182,0.02962962962962963,0.125,0.75,0.0,0.0,0.0,1.0,0,0,0.0,0,0
train,14,25,0.34,20,2,0.0,0.5,0.5,0.6,0.5416666666666666,0.6666666666666666,-0.16666666666666663,0.6480995331020181,0.13636363636363635,0.022222222222222223,0.16666666666666666,0.75,0.0,0.0,0.0,1.0,0,0,0.0,0,0
train,14,26,0.34,20,2,0.0,0.0,0.0,0.5777777777777777,0.5217391304347826,0.5,-0.5,0.3888597198612108,0.09090909090909091,0.014814814814814815,0.13043478260869565,0.75,0.0,1.0,0.0,0.0,0,0,0.0,0,0
train,14,27,0.34,20,2,0.0,0.0,0.0,0.562962962962963,0.4,0.0,0.0,0.23331583191672647,0.045454545454545456,0.007407407407407408,0.25,0.5,0.0,0.0,0.0,1.0,0,0,0.0,0,0
train,15,0,0.18,24,6,0.0,0.9411764705882353,0.75,0.9629629629629629,0.7058823529411765,0.9411764705882353,0.0,0.9411764705882353,0.8181818181818182,0.13333333333333333,0.11764705882352941,0.5,0.0,1.0,0.0,0.0,0,0,0.0,0,0
train,15,1,0.18,24,6,0.0,0.9375,0.75,0.9407407407407408,0.6,0.9411764705882353,-0.003676470588235281,0.9397058823529412,0.7727272727272727,0.1259259259259259,0.15,0.75,0.0,1.0,0.0,0.0,0,0,0.0,0,0
train,15,2,0.18,24,6,0.0,0.9333333333333333,0.75,0.9185185185185185,0.47619047619047616,0.9375,-0.004166666666666652,0.9371568627450981,0.7272727272727273,0.11851851851851852,0.23809523809523808,0.5,0.0,1.0,0.0,0.0,0,0,0.0,0,0
train,15,3,0.18,24,6,0.0,0.9285714285714286,0.75,0.8962962962962963,0.47619047619047616,0.9333333333333333,-0.004761904761904745,0.9337226890756303,0.6818181818181818,0.1111111111111111,0.19047619047619047,0.75,0.0,1.0,0.0,0.0,0,0,0.0,0,0
train,15,4,0.18,24,6,0.0,0.9230769230769231,0.75,0.8740740740740741,0.47619047619047616,0.9285714285714286,-0.005494505494505475,0.9294643826761474,0.6363636363636364,0.1037037037037037,0.23809523809523808,0.5,0.0,0.0,0.0,1.0,0,0,0.0,0,0
train,15,5,0.18,24,6,0.0,0.9166666666666666,0.75,0.8592592592592593,0.5,0.9230769230769231,-0.0064102564102564985,0.9243452962723551,0.5909090909090909,0.0962962962962963,0.16666666666666666,1.0,0.0,1.0,0.0,0.0,0,0,0.0,0,0
train,15,6,0.18,24,6,0.0,0.9090909090909091,0.75,0.8444444444444444,0.5217391304347826,0.9166666666666666,-0.007575757575757569,0.9182435413997767,0.5454545454545454,0.08888888888888889,0.17391304347826086,0.5,0.0,0.0,0.0,1.0,0,0,0.0,0,0
train,15,7,0.18,24,6,0.13043478260869568,0.9,0.75,0.8296296296296296,0.5833333333333334,0.9090909090909091,-0.009090909090909038,0.910946124839866,0.5,0.08148148148148149,0.08333333333333333,1.0,0.0,1.0,0.0,0.0,1,2,0.11764705882352941,0,1
train,15,8,0.18,24,6,0.0,0.8888888888888888,0.75,0.8148148148148148,0.5238095238095238,0.9,-0.011111111111111183,0.9021232304594751,0.45454545454545453,0.07407407407407407,0.14285714285714285,0.5,0.0,0.0,0.0,1.0,0,0,0.0,0,0
train,15,9,0.18,24,6,0.0,0.875,0.75,0.8,0.5238095238095238,0.8888888888888888,-0.01388888888888884,0.8912739382756851,0.4090909090909091,0.06666666666666667,0.14285714285714285,0.75,0.0,0.0,0.0,1.0,0,0,0.0,0,0
train,15,10,0.18,24,6,0.0,0.8571428571428571,0.75,0.7777777777777778,0.47619047619047616,0.875,-0.017857142857142905,0.8776215058225539,0.36363636363636365,0.05925925925925926,0.19047619047619047,0.75,0.0,0.0,0.0,1.0,0,0,0.0,0,0
train,15,11,0.18,24,6,0.0,0.8333333333333334,0.75,0.7555555555555555,0.47619047619047616,0.8571428571428571,-0.023809523809523725,0.8599062368268657,0.3181818181818182,0.05185185185185185,0.14285714285714285,0.75,0.0,0.0,0.0,1.0,0,0,0.0,0,0
train,15,12,0.18,24,6,0.0,0.8,0.75,0.7333333333333333,0.47619047619047616,0.8333333333333334,-0.033333333333333326,0.8359437420961194,0.2727272727272727,0.044444444444444446,0.14285714285714285,0.75,0.0,0.0,0.0,1.0,1,2,0.14285714285714285,0,1
train,15,13,0.18,24,6,0.0,0.75,0.75,0.7111111111111111,0.47619047619047616,0.8,-0.050000000000000044,0.8015662452576717,0.22727272727272727,0.037037037037037035,0.14285714285714285,0.75,0.0,0.0,0.0,1.0,1,2,0.13333333333333333,0,1
train,15,14,0.18,24,6,0.0,0.7777777777777778,0.5,0.6888888888888889,0.47619047619047616,0.75,0.02777777777777779,0.7920508582657142,0.18181818181818182,0.07407407407407407,0.23809523809523808,0.25,0.0,0.0,1.0,0.0,0,0,0.0,0,0
train,15,15,0.18,24,6,0.06666666666666665,0.875,0.75,0.6888888888888889,0.3333333333333333,0.7777777777777778,0.09722222222222221,0.8252305149594286,0.22727272727272727,0.06666666666666667,0.2857142857142857,0.75,1.0,0.0,0.0,0.0,0,0,0.0,0,1
train,15,16,0.18,24,6,0.0,0.8571428571428571,0.75,0.6814814814814815,0.4166666666666667,0.875,-0.017857142857142905,0.8379954518328,0.2727272727272727,0.05925925925925926,0.20833333333333334,0.75,1.0,0.0,0.0,0.0,0,0,0.0,0,1
train,15,17,0.18,24,6,0.0,0.9166666666666666,0.75,0.6592592592592592,0.52,0.8571428571428571,0.059523809523809534,0.8694639377663467,0.3181818181818182,0.0962962962962963,0.16,0.5,0.0,0.0,1.0,0.0,0,0,0.0,0,0
train,15,18,0.18,24,6,0.0,0.9090909090909091,0.75,0.6444444444444445,0.4,0.9166666666666666,-0.007575757575757569,0.8853147262961716,0.36363636363636365,0.08888888888888889,0.2,0.75,1.0,0.0,0.0,0.0,0,0,0.0,0,0
train,15,19,0.18,24,6,0.0,0.9,0.75,0.6296296296296297,0.52,0.9090909090909091,-0.009090909090909038,0.8911888357777029,0.4090909090909091,0.08148148148148149,0.12,0.75,1.0,0.0,0.0,0.0,0,0,0.0,0,0
train,15,20,0.18,24,6,0.0,0.8888888888888888,0.75,0.6074074074074074,0.56,0.9,-0.011111111111111183,0.8902688570221773,0.45454545454545453,0.07407407407407407,0.08,1.0,0.0,0.0,0.0,1.0,0,0,0.0,0,0
train,15,21,0.18,24,6,0.0,0.875,0.75,0.5925925925925926,0.48,0.8888888888888888,-0.01388888888888884,0.8841613142133065,0.4090909090909091,0.06666666666666667,0.08,0.75,0.0,0.0,0.0,1.0,0,0,0.0,0,0
train,15,22,0.18,24,6,0.045454545454545414,0.8571428571428571,0.75,0.5703703703703704,0.44,0.875,-0.017857142857142905,0.8733539313851267,0.36363636363636365,0.05925925925925926,0.12,1.0,0.0,1.0,0.0,0.0,0,0,0.0,0,0
train,15,23,0.18,24,6,0.0,0.8333333333333334,0.75,0.562962962962963,0.32,0.8571428571428571,-0.023809523809523725,0.8573456921644094,0.3181818181818182,0.05185185185185185,0.12,0.5,0.0,0.0,0.0,1.0,0,0,0.0,0,0
train,15,24,0.18,24,6,0.0,0.8,0.75,0.5481481481481482,0.44,0.8333333333333334,-0.033333333333333326,0.8344074152986457,0.2727272727272727,0.044444444444444446,0.16,1.0,0.0,1.0,0.0,0.0,0,0,0.0,0,0
train,15,25,0.18,24,6,0.05882352941176472,0.75,0.75,0.5333333333333333,0.36,0.8,-0.050000000000000044,0.8006444491791874,0.22727272727272727,0.037037037037037035,0.16,0.75,0.0,1.0,0.0,0.0,0,0,0.0,0,0
train,15,26,0.18,24,6,0.0,0.6666666666666666,0.6666666666666666,0.5259259259259259,0.2916666666666667,0.75,-0.08333333333333337,0.7470533361741791,0.18181818181818182,0.02962962962962963,0.16666666666666666,0.5,0.0,0.0,0.0,1.0,0,0,0.0,0,0
train,15,27,0.18,24,6,0.0625,0.5,0.5,0.5111111111111111,0.4583333333333333,0.6666666666666666,-0.16666666666666663,0.6482320017045075,0.13636363636363635,0.022222222222222223,0.125,1.0,0.0,1.0,0.0,0.0,0,0,0.0,0,0
train,15,28,0.18,24,6,0.0,0.0,0.0,0.4962962962962963,0.3333333333333333,0.5,-0.5,0.38893920102270446,0.09090909090909091,0.014814814814814815,0.19047619047619047,0.5,0.0,0.0,0.0,1.0,0,0,0.0,0,0
train,15,29,0.18,24,6,0.0,0.0,0.0,0.48148148148148145,0.45,0.0,0.0,0.23336352061362267,0.045454545454545456,0.007407407407407408,0.15,0.75,0.0,0.0,0.0,1.0,0,0,0.0,0,0
train,16,0,0.22,24,6,0.0,0.9411764705882353,0.75,0.9629629629629629,0.7058823529411765,0.9411764705882353,0.0,0.9411764705882353,0.8181818181818182,0.13333333333333333,0.11764705882352941,0.5,0.0,1.0,0.0,0.0,0,0,0.0,0,0
train,16,1,0.22,24,6,0.0,0.9375,0.75,0.9407407407407408,0.6,0.9411764705882353,-0.003676470588235281,0.9397058823529412,0.7727272727272727,0.1259259259259259,0.2,0.5,0.0,1.0,0.0,0.0,0,0,0.0,0,0
train,16,2,0.22,24,6,0.0,0.9333333333333333,0.75,0.9185185185185185,0.47619047619047616,0.9375,-0.004166666666666652,0.9371568627450981,0.7272727272727273,0.11851851851851852,0.2857142857142857,0.5,0.0,0.0,0.0,1.0,0,0,0.0,0,0
train,16,3,0.22,24,6,0.0,0.9285714285714286,0.75,0.9037037037037037,0.5416666666666666,0.9333333333333333,-0.004761904761904745,0.9337226890756303,0.6818181818181818,0.1111111111111111,0.16666666666666666,0.75,0.0,1.0,0.0,0.0,0,0,0.0,0,0
train,16,4,0.22,24,6,0.0,0.9230769230769231,0.75,0.8888888888888888,0.5416666666666666,0.9285714285714286,-0.005494505494505475,0.9294643826761474,0.6363636363636364,0.1037037037037037,0.125,0.75,0.0,1.0,0.0,0.0,1,2,0.1,0,1
train,16,5,0.22,24,6,0.0,0.9166666666666666,0.75,0.8666666666666667,0.5416666666666666,0.9230769230769231,-0.0064102564102564985,0.9243452962723551,0.5909090909090909,0.0962962962962963,0.125,0.75,0.0,1.0,0.0,0.0,1,2,0.09523809523809523,0,1
train,16,6,0.22,24,6,0.1578947368421053,0.9090909090909091,0.75,0.8444444444444444,0.5217391304347826,0.9166666666666666,-0.007575757575757569,0.9182435413997767,0.5454545454545454,0.08888888888888889,0.08695652173913043,1.0,0.0,1.0,0.0,0.0,1,2,0.09090909090909091,0,1
train,16,7,0.22,24,6,0.0,0.8333333333333334,0.5,0.8222222222222222,0.45,0.9090909090909091,-0.07575757575757569,0.8842794581731994,0.5,0.0962962962962963,0.15,0.5,1.0,0.0,0.0,0.0,0,0,0.0,0,0
train,16,8,0.22,24,6,0.0625,0.9090909090909091,0.75,0.8222222222222222,0.391304347826087,0.8333333333333334,0.07575757575757569,0.8942040385402833,0.5454545454545454,0.08888888888888889,0.17391304347826086,1.0,0.0,0.0,0.0,1.0,0,0,0.0,0,0
train,16,9,0.22,24,6,0.0,0.9,0.75,0.8148148148148148,0.4166666666666667,0.9090909090909091,-0.009090909090909038,0.89652242312417,0.5,0.08148148148148149,0.125,0.5,0.0,0.0,0.0,1.0,0,0,0.0,0,0
train,16,10,0.22,24,6,0.09999999999999998,0.8888888888888888,0.75,0.7925925925925926,0.5,0.9,-0.011111111111111183,0.8934690094300575,0.45454545454545453,0.07407407407407407,0.125,0.75,0.0,1.0,0.0,0.0,1,2,0.1,0,1
train,16,11,0.22,24,6,0.0,0.875,0.75,0.7777777777777778,0.38095238095238093,0.8888888888888888,-0.01388888888888884,0.8860814056580344,0.4090909090909091,0.06666666666666667,0.23809523809523808,0.5,0.0,0.0,0.0,1.0,0,0,0.0,0,0
train,16,12,0.22,24,6,0.0,0.8571428571428571,0.75,0.762962962962963,0.47619047619047616,0.875,-0.017857142857142905,0.8745059862519635,0.36363636363636365,0.05925925925925926,0.19047619047619047,0.5,0.0,0.0,0.0,1.0,0,0,0.0,0,0
train,16,13,0.22,24,6,0.0,0.8333333333333334,0.75,0.7407407407407407,0.47619047619047616,0.8571428571428571,-0.023809523809523725,0.8580369250845115,0.3181818181818182,0.05185185185185185,0.23809523809523808,0.75,0.0,0.0,0.0,1.0,0,0,0.0,0,0
train,16,14,0.22,24,6,0.0,0.8,0.75,0.7185185185185186,0.47619047619047616,0.8333333333333334,-0.033333333333333326,0.8348221550507069,0.2727272727272727,0.044444444444444446,0.19047619047619047,0.75,0.0,0.0,0.0,1.0,0,0,0.0,0,0
train,16,15,0.22,24,6,0.0,0.75,0.75,0.6962962962962963,0.47619047619047616,0.8,-0.050000000000000044,0.8008932930304241,0.22727272727272727,0.037037037037037035,0.14285714285714285,0.75,0.0,0.0,0.0,1.0,0,0,0.0,0,0
train,16,16,0.22,24,6,0.0,0.6666666666666666,0.6666666666666666,0.674074074074074,0.47619047619047616,0.75,-0.08333333333333337,0.7472026424849212,0.18181818181818182,0.02962962962962963,0.14285714285714285,0.75,0.0,0.0,0.0,1.0,1,2,0.125,0,1
train,16,17,0.22,24,6,0.0,0.75,0.75,0.6518518518518519,0.47619047619047616,0.6666666666666666,0.08333333333333337,0.7483215854909527,0.13636363636363635,0.037037037037037035,0.19047619047619047,0.5,1.0,0.0,0.0,0.0,0,0,0.0,0,1
train,16,18,0.22,24,6,0.0,0.6666666666666666,0.6666666666666666,0.6370370370370371,0.5,0.75,-0.08333333333333337,0.7156596179612382,0.18181818181818182,0.02962962962962963,0.125,1.0,0.0,0.0,0.0,1.0,1,2,0.125,0,1
train,16,19,0.22,24,6,0.0,0.75,0.5,0.6222222222222222,0.5416666666666666,0.6666666666666666,0.08333333333333337,0.7293957707767429,0.13636363636363635,0.06666666666666667,0.16666666666666666,0.25,0.0,0.0,1.0,0.0,0,0,0.0,0,0
train,16,20,0.22,24,6,0.052631578947368474,0.8571428571428571,0.75,0.6222222222222222,0.4166666666666667,0.75,0.1071428571428571,0.7804946053231886,0.18181818181818182,0.05925925925925926,0.20833333333333334,1.0,1.0,0.0,0.0,0.0,0,0,0.0,0,1
train,16,21,0.22,24,6,0.0,0.8333333333333334,0.75,0.6074074074074074,0.48,0.8571428571428571,-0.023809523809523725,0.8016300965272465,0.22727272727272727,0.05185185185185185,0.16,0.75,1.0,0.0,0.0,0.0,0,0,0.0,0,1
train,16,22,0.22,24,6,0.0,0.9090909090909091,0.75,0.5851851851851851,0.56,0.8333333333333334,0.07575757575757569,0.8446144215527115,0.2727272727272727,0.08888888888888889,0.12,0.5,0.0,0.0,1.0,0.0,0,0,0.0,0,0
train,16,23,0.22,24,6,0.0,0.9,0.75,0.5703703703703704,0.48,0.9090909090909091,-0.009090909090909038,0.866768652931627,0.3181818181818182,0.08148148148148149,0.16,0.75,1.0,0.0,0.0,0.0,0,0,0.0,0,0
train,16,24,0.22,24,6,0.0,0.8888888888888888,0.75,0.5555555555555556,0.56,0.9,-0.011111111111111183,0.8756167473145318,0.36363636363636365,0.07407407407407407,0.16,0.5,1.0,0.0,0.0,0.0,0,0,0.0,0,0
train,16,25,0.22,24,6,0.0,0.875,0.75,0.5333333333333333,0.5416666666666666,0.8888888888888888,-0.01388888888888884,0.875370048388719,0.4090909090909091,0.06666666666666667,0.16666666666666666,0.75,0.0,0.0,0.0,1.0,0,0,0.0,0,0
train,16,26,0.22,24,6,0.0,0.8888888888888888,0.75,0.5185185185185185,0.4583333333333333,0.875,0.01388888888888884,0.8807775845887869,0.36363636363636365,0.07407407407407407,0.20833333333333334,0.5,1.0,0.0,0.0,0.0,0,0,0.0,0,0
train,16,27,0.22,24,6,0.0,0.875,0.75,0.5037037037037037,0.47619047619047616,0.8888888888888888,-0.01388888888888884,0.8784665507532721,0.4090909090909091,0.06666666666666667,0.19047619047619047,0.5,0.0,0.0,0.0,1.0,0,0,0.0,0,0
train,16,28,0.22,24,6,0.0,0.8571428571428571,0.75,0.4888888888888889,0.47619047619047616,0.875,-0.017857142857142905,0.8699370733091061,0.36363636363636365,0.05925925925925926,0.2857142857142857,0.5,0.0,0.0,0.0,1.0,0,0,0.0,0,0
train,16,29,0.22,24,6,0.0,0.8333333333333334,0.75,0.4666666666666667,0.45,0.8571428571428571,-0.023809523809523725,0.855295577318797,0.3181818181818182,0.05185185185185185,0.25,0.75,0.0,1.0,0.0,0.0,0,0,0.0,0,0
train,16,30,0.22,24,6,0.0,0.8,0.75,0.45185185185185184,0.391304347826087,0.8333333333333334,-0.033333333333333326,0.8331773463912783,0.2727272727272727,0.044444444444444446,0.2608695652173913,0.5,0.0,0.0,0.0,1.0,0,0,0.0,0,0
train,16,31,0.22,24,6,0.0,0.75,0.75,0.43703703703703706,0.45,0.8,-0.050000000000000044,0.799906407834767,0.22727272727272727,0.037037037037037035,0.2,0.75,0.0,1.0,0.0,0.0,0,0,0.0,0,0
train,16,32,0.22,24,6,0.0,0.6666666666666666,0.6666666666666666,0.4222222222222222,0.42857142857142855,0.75,-0.08333333333333337,0.7466105113675268,0.18181818181818182,0.02962962962962963,0.2857142857142857,0.5,0.0,1.0,0.0,0.0,0,0,0.0,0,0
train,16,33,0.22,24,6,0.0,0.5,0.5,0.4,0.2857142857142857,0.6666666666666666,-0.16666666666666663,0.647966306820516,0.13636363636363635,0.022222222222222223,0.38095238095238093,0.5,0.0,1.0,0.0,0.0,0,0,0.0,0,0
train,16,34,0.22,24,6,0.0,0.0,0.0,0.37777777777777777,0.23809523809523808,0.5,-0.5,0.3887797840923096,0.09090909090909091,0.014814814814814815,0.38095238095238093,0.75,0.0,1.0,0.0,0.0,0,0,0.0,0,0
train,16,35,0.22,24,6,0.0,0.0,0.0,0.362962962962963,0.25,0.0,0.0,0.23326787045538577,0.045454545454545456,0.007407407407407408,0.35,0.5,0.0,1.0,0.0,0.0,0,0,0.0,0,0
train,17,0,0.26,20,2,0.0,0.9411764705882353,0.75,0.9629629629629629,0.7058823529411765,0.9411764705882353,0.0,0.9411764705882353,0.8181818181818182,0.13333333333333333,0.11764705882352941,0.5,0.0,1.0,0.0,0.0,0,0,0.0,0,0
train,17,1,0.26,20,2,0.0,0.9375,0.75,0.9407407407407408,0.6,0.9411764705882353,-0.003676470588235281,0.9397058823529412,0.7727272727272727,0.1259259259259259,0.2,0.5,0.0,0.0,0.0,1.0,0,0,0.0,0,0
train,17,2,0.26,20,2,0.0,0.9333333333333333,0.75,0.9259259259259259,0.5652173913043478,0.9375,-0.004166666666666652,0.9371568627450981,0.7272727272727273,0.11851851851851852,0.21739130434782608,0.75,0.0,1.0,0.0,0.0,0,0,0.0,0,0
train,17,3,0.26,20,2,0.0,0.9285714285714286,0.75,0.9111111111111111,0.5833333333333334,0.9333333333333333,-0.004761904761904745,0.9337226890756303,0.6818181818181818,0.1111111111111111,0.125,0.75,0.0,1.0,0.0,0.0,1,2,0.11764705882352941,0,1
train,17,4,0.26,20,2,0.0,0.9230769230769231,0.75,0.8888888888888888,0.5416666666666666,0.9285714285714286,-0.005494505494505475,0.9294643826761474,0.6363636363636364,0.1037037037037037,0.08333333333333333,1.0,0.0,1.0,0.0,0.0,1,2,0.1111111111111111,0,1
train,17,5,0.26,20,2,0.0,0.9166666666666666,0.75,0.8666666666666667,0.5416666666666666,0.9230769230769231,-0.0064102564102564985,0.9243452962723551,0.5909090909090909,0.0962962962962963,0.041666666666666664,1.0,0.0,1.0,0.0,0.0,1,2,0.10526315789473684,0,1
train,17,6,0.26,20,2,0.1578947368421053,0.9090909090909091,0.75,0.8444444444444444,0.5217391304347826,0.9166666666666666,-0.007575757575757569,0.9182435413997767,0.5454545454545454,0.08888888888888889,0.0,1.0,0.0,1.0,0.0,0.0,1,2,0.1,0,1
train,17,7,0.26,20,2,0.0,0.9,0.75,0.8222222222222222,0.45,0.9090909090909091,-0.009090909090909038,0.910946124839866,0.5,0.08148148148148149,0.05,0.75,0.0,0.0,0.0,1.0,0,0,0.0,0,0
train,17,8,0.26,20,2,0.0,0.8888888888888888,0.75,0.8074074074074075,0.42857142857142855,0.9,-0.011111111111111183,0.9021232304594751,0.45454545454545453,0.07407407407407407,0.09523809523809523,0.75,0.0,0.0,0.0,1.0,0,0,0.0,0,0
train,17,9,0.26,20,2,0.0,0.9,0.75,0.7851851851851852,0.42857142857142855,0.8888888888888888,0.011111111111111183,0.9012739382756851,0.4090909090909091,0.08148148148148149,0.19047619047619047,0.5,1.0,0.0,0.0,0.0,0,0,0.0,0,0
train,17,10,0.26,20,2,0.0,0.8888888888888888,0.75,0.7703703703703704,0.375,0.9,-0.011111111111111183,0.8963199185209667,0.45454545454545453,0.07407407407407407,0.125,1.0,0.0,0.0,0.0,1.0,0,0,0.0,0,0
train,17,11,0.26,20,2,0.0,0.875,0.75,0.7555555555555555,0.5,0.8888888888888888,-0.01388888888888884,0.88779195111258,0.4090909090909091,0.06666666666666667,0.125,0.5,0.0,0.0,0.0,1.0,0,0,0.0,0,0
train,17,12,0.26,20,2,0.13636363636363635,0.8571428571428571,0.75,0.7333333333333333,0.5416666666666666,0.875,-0.017857142857142905,0.8755323135246909,0.36363636363636365,0.05925925925925926,0.08333333333333333,1.0,0.0,1.0,0.0,0.0,1,2,0.125,0,1
train,17,13,0.26,20,2,0.0,0.75,0.5,0.7185185185185186,0.38095238095238093,0.8571428571428571,-0.1071428571428571,0.8253193881148145,0.3181818181818182,0.06666666666666667,0.23809523809523808,0.25,1.0,0.0,0.0,0.0,0,0,0.0,0,0
train,17,14,0.26,20,2,0.0,0.8571428571428571,0.75,0.7185185185185186,0.4583333333333333,0.75,0.1071428571428571,0.8380487757260315,0.36363636363636365,0.05925925925925926,0.16666666666666666,1.0,0.0,0.0,0.0,1.0,0,0,0.0,0,0
train,17,15,0.26,20,2,0.0,0.875,0.75,0.7037037037037037,0.5,0.8571428571428571,0.017857142857142905,0.8528292654356189,0.3181818181818182,0.06666666666666667,0.20833333333333334,0.5,1.0,0.0,0.0,0.0,0,0,0.0,0,0
train,17,16,0.26,20,2,0.0,0.8888888888888888,0.75,0.6888888888888889,0.52,0.875,0.01388888888888884,0.8672531148169269,0.36363636363636365,0.07407407407407407,0.16,0.75,1.0,0.0,0.0,0.0,0,0,0.0,0,0
train,17,17,0.26,20,2,0.0,0.875,0.75,0.6666666666666666,0.52,0.8888888888888888,-0.01388888888888884,0.8703518688901561,0.4090909090909091,0.06666666666666667,0.16,1.0,0.0,0.0,0.0,1.0,0,0,0.0,0,0
train,17,18,0.26,20,2,0.0,0.8888888888888888,0.75,0.6518518518518519,0.56,0.875,0.01388888888888884,0.8777666768896493,0.36363636363636365,0.07407407407407407,0.12,0.5,1.0,0.0,0.0,0.0,0,0,0.0,0,0
train,17,19,0.26,20,2,0.0,0.875,0.75,0.6370370370370371,0.56,0.8888888888888888,-0.01388888888888884,0.8766600061337895,0.4090909090909091,0.06666666666666667,0.16,0.75,0.0,0.0,0.0,1.0,0,0,0.0,0,0
train,17,20,0.26,20,2,0.0,0.8571428571428571,0.75,0.6222222222222222,0.6,0.875,-0.017857142857142905,0.8688531465374165,0.36363636363636365,0.05925925925925926,0.12,0.75,0.0,0.0,0.0,1.0,0,0,0.0,0,0
train,17,21,0.26,20,2,0.0,0.8333333333333334,0.75,0.6,0.56,0.8571428571428571,-0.023809523809523725,0.8546452212557832,0.3181818181818182,0.05185185185185185,0.12,0.75,0.0,1.0,0.0,0.0,1,2,0.2222222222222222,0,1
train,17,22,0.26,20,2,0.0,0.8,0.75,0.5851851851851851,0.48,0.8333333333333334,-0.033333333333333326,0.8327871327534699,0.2727272727272727,0.044444444444444446,0.16,0.5,0.0,0.0,0.0,1.0,1,2,0.2,0,1
train,17,23,0.26,20,2,0.0,0.75,0.75,0.5703703703703704,0.56,0.8,-0.050000000000000044,0.799672279652082,0.22727272727272727,0.037037037037037035,0.16,0.5,0.0,1.0,0.0,0.0,1,2,0.18181818181818182,0,1
train,17,24,0.26,20,2,0.0,0.6666666666666666,0.6666666666666666,0.5555555555555556,0.56,0.75,-0.08333333333333337,0.7464700344579158,0.18181818181818182,0.02962962962962963,0.24,0.5,0.0,1.0,0.0,0.0,1,2,0.16666666666666666,0,1
train,17,25,0.26,20,2,0.1578947368421053,0.8333333333333334,0.75,0.5333333333333333,0.5,0.6666666666666666,0.16666666666666674,0.7812153540080828,0.13636363636363635,0.05185185185185185,0.2916666666666667,0.5,0.0,0.0,1.0,0.0,1,2,0.15384615384615385,0,1
train,17,26,0.26,20,2,0.25,0.8,0.75,0.5185185185185185,0.3333333333333333,0.8333333333333334,-0.033333333333333326,0.7887292124048497,0.18181818181818182,0.044444444444444446,0.3333333333333333,0.5,0.0,1.0,0.0,0.0,1,2,0.14285714285714285,0,1
train,17,27,0.26,20,2,0.0,0.5,0.0,0.5037037037037037,0.38095238095238093,0.8,-0.30000000000000004,0.6732375274429099,0.13636363636363635,0.1111111111111111,0.3333333333333333,0.5,1.0,0.0,0.0,0.0,0,0,0.0,0,0
train,17,28,0.26,20,2,0.0,0.5384615384615384,0.0,0.5037037037037037,0.25,0.5,0.038461538461538436,0.6193271318503613,0.18181818181818182,0.1037037037037037,0.375,0.5,0.0,0.0,0.0,1.0,0,0,0.0,0,0
train,17,29,0.26,20,2,0.0,0.5833333333333334,0.0,0.5037037037037037,0.3333333333333333,0.5384615384615384,0.044871794871794934,0.6049296124435501,0.13636363636363635,0.0962962962962963,0.375,0.5,1.0,0.0,0.0,0.0,0,0,0.0,0,0
train,17,30,0.26,20,2,0.0,0.6363636363636364,0.0,0.5037037037037037,0.36,0.5833333333333334,0.05303030303030298,0.6175032220115846,0.18181818181818182,0.08888888888888889,0.36,0.5,1.0,0.0,0.0,0.0,0,0,0.0,0,0
train,17,31,0.26,20,2,0.0,0.7,0.25,0.5037037037037037,0.36,0.6363636363636364,0.0636363636363636,0.6505019332069507,0.22727272727272727,0.08148148148148149,0.28,0.5,0.0,0.0,1.0,0.0,0,0,0.0,0,0
train,17,32,0.26,20,2,0.0,0.7777777777777778,0.5,0.5037037037037037,0.2,0.7,0.07777777777777783,0.7014122710352815,0.2727272727272727,0.07407407407407407,0.28,0.5,1.0,0.0,0.0,0.0,0,0,0.0,0,0
train,17,33,0.26,20,2,0.0,0.875,0.75,0.5037037037037037,0.36,0.7777777777777778,0.09722222222222221,0.7708473626211689,0.3181818181818182,0.06666666666666667,0.2,0.75,1.0,0.0,0.0,0.0,0,0,0.0,0,0
train,17,34,0.26,20,2,0.0,0.8571428571428571,0.75,0.4888888888888889,0.4583333333333333,0.875,-0.017857142857142905,0.8053655604298442,0.36363636363636365,0.05925925925925926,0.20833333333333334,0.75,0.0,0.0,0.0,1.0,0,0,0.0,0,0
train,17,35,0.26,20,2,0.0,0.8333333333333334,0.75,0.4740740740740741,0.4166666666666667,0.8571428571428571,-0.023809523809523725,0.8165526695912398,0.3181818181818182,0.05185185185185185,0.20833333333333334,0.5,0.0,0.0,0.0,1.0,0,0,0.0,0,0
train,17,36,0.26,20,2,0.0714285714285714,0.8,0.75,0.45185185185185184,0.391304347826087,0.8333333333333334,-0.033333333333333326,0.809931601754744,0.2727272727272727,0.044444444444444446,0.2608695652173913,0.75,0.0,1.0,0.0,0.0,0,0,0.0,0,0
train,17,37,0.26,20,2,0.0,0.75,0.75,0.4444444444444444,0.2916666666666667,0.8,-0.050000000000000044,0.7859589610528463,0.22727272727272727,0.037037037037037035,0.25,0.5,0.0,0.0,0.0,1.0,0,0,0.0,0,0
train,17,38,0.26,20,2,0.0,0.6666666666666666,0.6666666666666666,0.42962962962962964,0.38095238095238093,0.75,-0.08333333333333337,0.7382420432983745,0.18181818181818182,0.02962962962962963,0.23809523809523808,0.75,0.0,1.0,0.0,0.0,0,0,0.0,0,0
train,17,39,0.26,20,2,0.0,0.5,0.5,0.4148148148148148,0.2857142857142857,0.6666666666666666,-0.16666666666666663,0.6429452259790247,0.13636363636363635,0.022222222222222223,0.2857142857142857,0.5,0.0,1.0,0.0,0.0,0,0,0.0,0,0
train,17,40,0.26,20,2,0.0,0.0,0.0,0.4,0.23809523809523808,0.5,-0.5,0.3857671355874148,0.09090909090909091,0.014814814814814815,0.3333333333333333,0.5,0.0,1.0,0.0,0.0,0,0,0.0,0,0
train,17,41,0.26,20,2,0.0,0.0,0.0,0.3851851851851852,0.25,0.0,0.0,0.2314602813524489,0.045454545454545456,0.007407407407407408,0.35,0.5,0.0,1.0,0.0,0.0,0,0,0.0,0,0
train,18,0,0.3,20,2,0.0,0.9411764705882353,0.75,0.9629629629629629,0.7058823529411765,0.9411764705882353,0.0,0.9411764705882353,0.8181818181818182,0.13333333333333333,0.17647058823529413,0.25,0.0,0.0,0.0,1.0,0,0,0.0,0,0
train,18,1,0.3,20,2,0.0,0.9375,0.75,0.9407407407407408,0.6,0.9411764705882353,-0.003676470588235281,0.9397058823529412,0.7727272727272727,0.1259259259259259,0.25,0.5,0.0,0.0,0.0,1.0,0,0,0.0,0,0
train,18,2,0.3,20,2,0.0,0.9333333333333333,0.75,0.9185185185185185,0.47619047619047616,0.9375,-0.004166666666666652,0.9371568627450981,0.7272727272727273,0.11851851851851852,0.3333333333333333,0.5,0.0,1.0,0.0,0.0,0,0,0.0,0,0
train,18,3,0.3,20,2,0.0,0.9285714285714286,0.75,0.9037037037037037,0.5416666666666666,0.9333333333333333,-0.004761904761904745,0.9337226890756303,0.6818181818181818,0.1111111111111111,0.25,0.5,0.0,1.0,0.0,0.0,0,0,0.0,0,0
train,18,4,0.3,20,2,0.0,0.9230769230769231,0.75,0.8814814814814815,0.52,0.9285714285714286,-0.005494505494505475,0.9294643826761474,0.6363636363636364,0.1037037037037037,0.24,0.75,0.0,1.0,0.0,0.0,0,0,0.0,0,0
train,18,5,0.3,20,2,0.0,0.9166666666666666,0.75,0.8592592592592593,0.56,0.9230769230769231,-0.0064102564102564985,0.9243452962723551,0.5909090909090909,0.0962962962962963,0.12,1.0,0.0,1.0,0.0,0.0,0,0,0.0,0,0
train,18,6,0.3,20,2,0.0,0.9090909090909091,0.75,0.837037037037037,0.56,0.9166666666666666,-0.007575757575757569,0.9182435413997767,0.5454545454545454,0.08888888888888889,0.04,1.0,0.0,1.0,0.0,0.0,0,0,0.0,0,0
train,18,7,0.3,20,2,0.13636363636363635,0.9,0.75,0.8148148148148148,0.5416666666666666,0.9090909090909091,-0.009090909090909038,0.910946124839866,0.5,0.08148148148148149,0.0,1.0,0.0,1.0,0.0,0.0,1,2,0.15384615384615385,0,1
train,18,8,0.3,20,2,0.0,0.8888888888888888,0.75,0.7925925925925926,0.47619047619047616,0.9,-0.011111111111111183,0.9021232304594751,0.45454545454545453,0.07407407407407407,0.047619047619047616,0.75,0.0,0.0,0.0,1.0,0,0,0.0,0,0
train,18,9,0.3,20,2,0.0,0.9,0.75,0.7777777777777778,0.42857142857142855,0.8888888888888888,0.011111111111111183,0.9012739382756851,0.4090909090909091,0.08148148148148149,0.14285714285714285,0.5,1.0,0.0,0.0,0.0,0,0,0.0,0,0
train,18,10,0.3,20,2,0.0,0.8888888888888888,0.75,0.7703703703703704,0.3333333333333333,0.9,-0.011111111111111183,0.8963199185209667,0.45454545454545453,0.07407407407407407,0.16666666666666666,1.0,0.0,0.0,0.0,1.0,0,0,0.0,0,0
train,18,11,0.3,20,2,0.0,0.875,0.75,0.7555555555555555,0.4583333333333333,0.8888888888888888,-0.01388888888888884,0.88779195111258,0.4090909090909091,0.06666666666666667,0.125,0.5,0.0,0.0,0.0,1.0,0,0,0.0,0,0
train,18,12,0.3,20,2,0.0,0.8571428571428571,0.75,0.7333333333333333,0.5416666666666666,0.875,-0.017857142857142905,0.8755323135246909,0.36363636363636365,0.05925925925925926,0.16666666666666666,0.5,0.0,0.0,0.0,1.0,0,0,0.0,0,0
train,18,13,0.3,20,2,0.0,0.875,0.75,0.7111111111111111,0.5416666666666666,0.8571428571428571,0.017857142857142905,0.8753193881148145,0.3181818181818182,0.06666666666666667,0.25,0.5,1.0,0.0,0.0,0.0,0,0,0.0,0,0
train,18,14,0.3,20,2,0.0,0.8571428571428571,0.75,0.6962962962962963,0.52,0.875,-0.017857142857142905,0.8680487757260316,0.36363636363636365,0.05925925925925926,0.2,0.75,0.0,0.0,0.0,1.0,0,0,0.0,0,0
train,18,15,0.3,20,2,0.0,0.8333333333333334,0.75,0.6814814814814815,0.56,0.8571428571428571,-0.023809523809523725,0.8541625987689523,0.3181818181818182,0.05185185185185185,0.16,0.75,0.0,0.0,0.0,1.0,0,0,0.0,0,0
train,18,16,0.3,20,2,0.0,0.8,0.75,0.6592592592592592,0.56,0.8333333333333334,-0.033333333333333326,0.8324975592613714,0.2727272727272727,0.044444444444444446,0.08,1.0,0.0,1.0,0.0,0.0,0,0,0.0,0,0
train,18,17,0.3,20,2,0.0,0.75,0.75,0.6444444444444445,0.4583333333333333,0.8,-0.050000000000000044,0.7994985355568228,0.22727272727272727,0.037037037037037035,0.125,0.5,0.0,0.0,0.0,1.0,0,0,0.0,0,0
train,18,18,0.3,20,2,0.09523809523809523,0.6666666666666666,0.6666666666666666,0.6296296296296297,0.5416666666666666,0.75,-0.08333333333333337,0.7463657880007604,0.18181818181818182,0.02962962962962963,0.08333333333333333,1.0,0.0,1.0,0.0,0.0,0,0,0.0,0,0
train,18,19,0.3,20,2,0.0,0.5,0.5,0.6148148148148148,0.47619047619047616,0.6666666666666666,-0.16666666666666663,0.6478194728004563,0.13636363636363635,0.022222222222222223,0.19047619047619047,0.5,0.0,0.0,0.0,1.0,0,0,0.0,0,0
train,18,20,0.3,20,2,0.0,0.0,0.0,0.6,0.5238095238095238,0.5,-0.5,0.38869168368027374,0.09090909090909091,0.014814814814814815,0.14285714285714285,0.75,0.0,0.0,0.0,1.0,0,0,0.0,0,0
train,18,21,0.3,20,2,0.0,0.0,0.0,0.5777777777777777,0.45,0.0,0.0,0.23321501020816424,0.045454545454545456,0.007407407407407408,0.2,0.75,0.0,0.0,0.0,1.0,0,0,0.0,0,0
train,19,0,0.34,22,4,0.0,0.9411764705882353,0.75,0.9629629629629629,0.7058823529411765,0.9411764705882353,0.0,0.9411764705882353,0.8181818181818182,0.13333333333333333,0.17647058823529413,0.25,0.0,1.0,0.0,0.0,0,0,0.0,0,0
train,19,1,0.34,22,4,0.0,0.9375,0.75,0.9407407407407408,0.6,0.9411764705882353,-0.003676470588235281,0.9397058823529412,0.7727272727272727,0.1259259259259259,0.25,0.5,0.0,0.0,0.0,1.0,0,0,0.0,0,0
train,19,2,0.34,22,4,0.0,0.9333333333333333,0.75,0.9259259259259259,0.5652173913043478,0.9375,-0.004166666666666652,0.9371568627450981,0.7272727272727273,0.11851851851851852,0.2608695652173913,0.5,0.0,0.0,0.0,1.0,0,0,0.0,0,0
train,19,3,0.34,22,4,0.0,0.9285714285714286,0.75,0.9037037037037037,0.5416666666666666,0.9333333333333333,-0.004761904761904745,0.9337226890756303,0.6818181818181818,0.1111111111111111,0.20833333333333334,0.75,0.0,1.0,0.0,0.0,0,0,0.0,0,0
train,19,4,0.34,22,4,0.0,0.9230769230769231,0.75,0.8888888888888888,0.56,0.9285714285714286,-0.005494505494505475,0.9294643826761474,0.6363636363636364,0.1037037037037037,0.16,0.75,0.0,1.0,0.0,0.0,0,0,0.0,0,0
train,19,5,0.34,22,4,0.0,0.9166666666666666,0.75,0.8666666666666667,0.52,0.9230769230769231,-0.0064102564102564985,0.9243452962723551,0.5909090909090909,0.0962962962962963,0.2,0.5,0.0,0.0,0.0,1.0,0,0,0.0,0,0
train,19,6,0.34,22,4,0.0,0.9090909090909091,0.75,0.8518518518518519,0.56,0.9166666666666666,-0.007575757575757569,0.9182435413997767,0.5454545454545454,0.08888888888888889,0.16,0.75,0.0,1.0,0.0,0.0,0,0,0.0,0,0
train,19,7,0.34,22,4,0.0,0.9,0.75,0.837037037037037,0.56,0.9090909090909091,-0.009090909090909038,0.910946124839866,0.5,0.08148148148148149,0.16,0.5,0.0,1.0,0.0,0.0,0,0,0.0,0,0
train,19,8,0.34,22,4,0.0,0.8888888888888888,0.75,0.8148148148148148,0.5416666666666666,0.9,-0.011111111111111183,0.9021232304594751,0.45454545454545453,0.07407407407407407,0.16666666666666666,0.75,0.0,1.0,0.0,0.0,0,0,0.0,0,0
train,19,9,0.34,22,4,0.0,0.875,0.75,0.7925925925925926,0.47619047619047616,0.8888888888888888,-0.01388888888888884,0.8912739382756851,0.4090909090909091,0.06666666666666667,0.19047619047619047,0.75,0.0,0.0,0.0,1.0,0,0,0.0,0,0
train,19,10,0.34,22,4,0.0,0.8571428571428571,0.75,0.7777777777777778,0.42857142857142855,0.875,-0.017857142857142905,0.8776215058225539,0.36363636363636365,0.05925925925925926,0.23809523809523808,0.5,0.0,0.0,0.0,1.0,0,0,0.0,0,0
train,19,11,0.34,22,4,0.0,0.8333333333333334,0.75,0.7555555555555555,0.42857142857142855,0.8571428571428571,-0.023809523809523725,0.8599062368268657,0.3181818181818182,0.05185185185185185,0.23809523809523808,0.75,0.0,0.0,0.0,1.0,0,0,0.0,0,0
train,19,12,0.34,22,4,0.0,0.8,0.75,0.7333333333333333,0.47619047619047616,0.8333333333333334,-0.033333333333333326,0.8359437420961194,0.2727272727272727,0.044444444444444446,0.23809523809523808,0.5,0.0,0.0,0.0,1.0,0,0,0.0,0,0
train,19,13,0.34,22,4,0.0,0.75,0.75,0.7111111111111111,0.47619047619047616,0.8,-0.050000000000000044,0.8015662452576717,0.22727272727272727,0.037037037037037035,0.19047619047619047,0.75,0.0,0.0,0.0,1.0,0,0,0.0,0,0
train,19,14,0.34,22,4,0.0,0.8,0.75,0.6888888888888889,0.47619047619047616,0.75,0.050000000000000044,0.8009397471546031,0.18181818181818182,0.044444444444444446,0.23809523809523808,0.5,1.0,0.0,0.0,0.0,0,0,0.0,0,0
train,19,15,0.34,22,4,0.0,0.8333333333333334,0.75,0.674074074074074,0.5,0.8,0.033333333333333326,0.8138971816260953,0.22727272727272727,0.05185185185185185,0.20833333333333334,0.75,1.0,0.0,0.0,0.0,0,0,0.0,0,0
train,19,16,0.34,22,4,0.0,0.8,0.75,0.6518518518518519,0.52,0.8333333333333334,-0.033333333333333326,0.8083383089756572,0.2727272727272727,0.044444444444444446,0.2,0.75,0.0,0.0,0.0,1.0,0,0,0.0,0,0
train,19,17,0.34,22,4,0.0,0.75,0.75,0.6370370370370371,0.56,0.8,-0.050000000000000044,0.7850029853853944,0.22727272727272727,0.037037037037037035,0.12,0.75,0.0,0.0,0.0,1.0,0,0,0.0,0,0
train,19,18,0.34,22,4,0.0,0.6666666666666666,0.6666666666666666,0.6148148148148148,0.52,0.75,-0.08333333333333337,0.7376684578979033,0.18181818181818182,0.02962962962962963,0.2,0.5,0.0,1.0,0.0,0.0,0,0,0.0,0,0
train,19,19,0.34,22,4,0.0,0.5,0.5,0.6,0.4166666666666667,0.6666666666666666,-0.16666666666666663,0.642601074738742,0.13636363636363635,0.022222222222222223,0.20833333333333334,0.5,0.0,0.0,0.0,1.0,0,0,0.0,0,0
train,19,20,0.34,22,4,0.0,0.0,0.0,0.5851851851851851,0.4782608695652174,0.5,-0.5,0.38556064484324515,0.09090909090909091,0.014814814814814815,0.21739130434782608,0.75,0.0,1.0,0.0,0.0,0,0,0.0,0,0
train,19,21,0.34,22,4,0.0,0.0,0.0,0.5703703703703704,0.4,0.0,0.0,0.23133638690594707,0.045454545454545456,0.007407407407407408,0.25,0.5,0.0,0.0,0.0,1.0,0,0,0.0,0,0
train,20,0,0.18,20,2,0.0,0.9411764705882353,0.75,0.9629629629629629,0.7058823529411765,0.9411764705882353,0.0,0.9411764705882353,0.8181818181818182,0.13333333333333333,0.11764705882352941,0.5,0.0,1.0,0.0,0.0,0,0,0.0,0,0
train,20,1,0.18,20,2,0.0,0.9375,0.75,0.9407407407407408,0.6,0.9411764705882353,-0.003676470588235281,0.9397058823529412,0.7727272727272727,0.1259259259259259,0.2,0.5,0.0,1.0,0.0,0.0,0,0,0.0,0,0
train,20,2,0.18,20,2,0.0,0.9333333333333333,0.75,0.9185185185185185,0.47619047619047616,0.9375,-0.004166666666666652,0.9371568627450981,0.7272727272727273,0.11851851851851852,0.2857142857142857,0.5,0.0,1.0,0.0,0.0,0,0,0.0,0,0
train,20,3,0.18,20,2,0.0,0.9285714285714286,0.75,0.8962962962962963,0.47619047619047616,0.9333333333333333,-0.004761904761904745,0.9337226890756303,0.6818181818181818,0.1111111111111111,0.23809523809523808,0.75,0.0,1.0,0.0,0.0,0,0,0.0,0,0
train,20,4,0.18,20,2,0.0,0.9230769230769231,0.75,0.8740740740740741,0.47619047619047616,0.9285714285714286,-0.005494505494505475,0.9294643826761474,0.6363636363636364,0.1037037037037037,0.19047619047619047,0.75,0.0,1.0,0.0,0.0,0,0,0.0,0,0
train,20,5,0.18,20,2,0.2142857142857143,0.9166666666666666,0.75,0.8518518518518519,0.45,0.9230769230769231,-0.0064102564102564985,0.9243452962723551,0.5909090909090909,0.0962962962962963,0.15,0.75,0.0,1.0,0.0,0.0,0,0,0.0,0,0
train,20,6,0.18,20,2,0.0,0.9090909090909091,0.75,0.8296296296296296,0.35294117647058826,0.9166666666666666,-0.007575757575757569,0.9182435413997767,0.5454545454545454,0.08888888888888889,0.23529411764705882,0.5,0.0,0.0,0.0,1.0,0,0,0.0,0,0
train,20,7,0.18,20,2,0.0,0.9,0.75,0.8148148148148148,0.4,0.9090909090909091,-0.009090909090909038,0.910946124839866,0.5,0.08148148148148149,0.2,0.75,0.0,0.0,0.0,1.0,0,0,0.0,0,0
train,20,8,0.18,20,2,0.0,0.8888888888888888,0.75,0.7925925925925926,0.42857142857142855,0.9,-0.011111111111111183,0.9021232304594751,0.45454545454545453,0.07407407407407407,0.19047619047619047,0.75,0.0,0.0,0.0,1.0,0,0,0.0,0,0
train,20,9,0.18,20,2,0.0,0.875,0.75,0.7703703703703704,0.47619047619047616,0.8888888888888888,-0.01388888888888884,0.8912739382756851,0.4090909090909091,0.06666666666666667,0.14285714285714285,0.75,0.0,0.0,0.0,1.0,0,0,0.0,0,0
train,20,10,0.18,20,2,0.0,0.8571428571428571,0.75,0.7481481481481481,0.47619047619047616,0.875,-0.017857142857142905,0.8776215058225539,0.36363636363636365,0.05925925925925926,0.19047619047619047,0.5,0.0,0.0,0.0,1.0,0,0,0.0,0,0
train,20,11,0.18,20,2,0.0,0.8333333333333334,0.75,0.725925925925926,0.47619047619047616,0.8571428571428571,-0.023809523809523725,0.8599062368268657,0.3181818181818182,0.05185185185185185,0.23809523809523808,0.5,0.0,0.0,0.0,1.0,0,0,0.0,0,0
train,20,12,0.18,20,2,0.0,0.8,0.75,0.7037037037037037,0.47619047619047616,0.8333333333333334,-0.033333333333333326,0.8359437420961194,0.2727272727272727,0.044444444444444446,0.23809523809523808,0.75,0.0,0.0,0.0,1.0,0,0,0.0,0,0
train,20,13,0.18,20,2,0.0,0.75,0.75,0.6814814814814815,0.47619047619047616,0.8,-0.050000000000000044,0.8015662452576717,0.22727272727272727,0.037037037037037035,0.19047619047619047,0.75,0.0,0.0,0.0,1.0,0,0,0.0,0,0
train,20,14,0.18,20,2,0.0,0.6666666666666666,0.6666666666666666,0.6592592592592592,0.47619047619047616,0.75,-0.08333333333333337,0.7476064138212697,0.18181818181818182,0.02962962962962963,0.14285714285714285,0.75,0.0,0.0,0.0,1.0,0,0,0.0,0,0
train,20,15,0.18,20,2,0.0,0.5,0.5,0.6370370370370371,0.47619047619047616,0.6666666666666666,-0.16666666666666663,0.6485638482927618,0.13636363636363635,0.022222222222222223,0.19047619047619047,0.5,0.0,0.0,0.0,1.0,0,0,0.0,0,0
train,20,16,0.18,20,2,0.0,0.6666666666666666,0.6666666666666666,0.6148148148148148,0.47619047619047616,0.5,0.16666666666666663,0.6558049756423238,0.09090909090909091,0.02962962962962963,0.23809523809523808,0.5,1.0,0.0,0.0,0.0,0,0,0.0,0,0
train,20,17,0.18,20,2,0.0,0.5,0.5,0.6,0.5,0.6666666666666666,-0.16666666666666663,0.5934829853853942,0.13636363636363635,0.022222222222222223,0.16666666666666666,0.75,0.0,0.0,0.0,1.0,0,0,0.0,0,0
train,20,18,0.18,20,2,0.0,0.0,0.0,0.5851851851851851,0.5217391304347826,0.5,-0.5,0.3560897912312365,0.09090909090909091,0.014814814814814815,0.13043478260869565,0.75,0.0,0.0,0.0,1.0,0,0,0.0,0,0
train,20,19,0.18,20,2,0.0,0.0,0.0,0.562962962962963,0.45,0.0,0.0,0.2136538747387419,0.045454545454545456,0.007407407407407408,0.15,0.75,0.0,1.0,0.0,0.0,0,0,0.0,0,0
train,21,0,0.22,20,2,0.0,0.9411764705882353,0.75,0.9629629629629629,0.7058823529411765,0.9411764705882353,0.0,0.9411764705882353,0.8181818181818182,0.13333333333333333,0.11764705882352941,0.5,0.0,1.0,0.0,0.0,0,0,0.0,0,0
train,21,1,0.22,20,2,0.0,0.9375,0.75,0.9407407407407408,0.6,0.9411764705882353,-0.003676470588235281,0.9397058823529412,0.7727272727272727,0.1259259259259259,0.2,0.5,0.0,0.0,0.0,1.0,0,0,0.0,0,0
train,21,2,0.22,20,2,0.0,0.9333333333333333,0.75,0.9259259259259259,0.5652173913043478,0.9375,-0.004166666666666652,0.9371568627450981,0.7272727272727273,0.11851851851851852,0.17391304347826086,1.0,0.0,1.0,0.0,0.0,0,0,0.0,0,0
train,21,3,0.22,20,2,0.0,0.9285714285714286,0.75,0.9111111111111111,0.5833333333333334,0.9333333333333333,-0.004761904761904745,0.9337226890756303,0.6818181818181818,0.1111111111111111,0.125,0.5,0.0,1.0,0.0,0.0,0,0,0.0,0,0
train,21,4,0.22,20,2,0.0,0.9230769230769231,0.75,0.8888888888888888,0.5416666666666666,0.9285714285714286,-0.005494505494505475,0.9294643826761474,0.6363636363636364,0.1037037037037037,0.08333333333333333,1.0,0.0,1.0,0.0,0.0,0,0,0.0,0,0
train,21,5,0.22,20,2,0.0,0.9166666666666666,0.75,0.8666666666666667,0.5416666666666666,0.9230769230769231,-0.0064102564102564985,0.9243452962723551,0.5909090909090909,0.0962962962962963,0.08333333333333333,1.0,0.0,1.0,0.0,0.0,0,0,0.0,0,0
train,21,6,0.22,20,2,0.0,0.9090909090909091,0.75,0.8444444444444444,0.5217391304347826,0.9166666666666666,-0.007575757575757569,0.9182435413997767,0.5454545454545454,0.08888888888888889,0.043478260869565216,0.75,0.0,0.0,0.0,1.0,0,0,0.0,0,0
train,21,7,0.22,20,2,0.1428571428571429,0.9,0.75,0.8296296296296296,0.5,0.9090909090909091,-0.009090909090909038,0.910946124839866,0.5,0.08148148148148149,0.08333333333333333,1.0,0.0,1.0,0.0,0.0,1,2,0.15384615384615385,0,1
train,21,8,0.22,20,2,0.0,0.8181818181818182,0.5,0.8148148148148148,0.47619047619047616,0.9,-0.08181818181818179,0.8738404021766468,0.45454545454545453,0.08888888888888889,0.14285714285714285,0.25,1.0,0.0,0.0,0.0,0,0,0.0,0,0
train,21,9,0.22,20,2,0.0,0.9,0.75,0.8148148148148148,0.4166666666666667,0.8181818181818182,0.08181818181818179,0.8843042413059881,0.5,0.08148148148148149,0.16666666666666666,1.0,0.0,0.0,0.0,1.0,0,0,0.0,0,0
train,21,10,0.22,20,2,0.0,0.8888888888888888,0.75,0.8,0.4583333333333333,0.9,-0.011111111111111183,0.8861381003391484,0.45454545454545453,0.07407407407407407,0.125,0.75,0.0,0.0,0.0,1.0,0,0,0.0,0,0
train,21,11,0.22,20,2,0.1428571428571429,0.875,0.75,0.7777777777777778,0.5416666666666666,0.8888888888888888,-0.01388888888888884,0.881682860203489,0.4090909090909091,0.06666666666666667,0.08333333333333333,0.75,0.0,1.0,0.0,0.0,1,2,0.18181818181818182,0,1
train,21,12,0.22,20,2,0.0,0.8571428571428571,0.75,0.762962962962963,0.38095238095238093,0.875,-0.017857142857142905,0.8718668589792362,0.36363636363636365,0.05925925925925926,0.23809523809523808,0.5,0.0,0.0,0.0,1.0,0,0,0.0,0,0
train,21,13,0.22,20,2,0.0,0.8333333333333334,0.75,0.7481481481481481,0.47619047619047616,0.8571428571428571,-0.023809523809523725,0.856453448720875,0.3181818181818182,0.05185185185185185,0.19047619047619047,0.75,0.0,0.0,0.0,1.0,0,0,0.0,0,0
train,21,14,0.22,20,2,0.0,0.8,0.75,0.725925925925926,0.47619047619047616,0.8333333333333334,-0.033333333333333326,0.8338720692325251,0.2727272727272727,0.044444444444444446,0.19047619047619047,0.75,0.0,0.0,0.0,1.0,0,0,0.0,0,0
train,21,15,0.22,20,2,0.0,0.75,0.75,0.7037037037037037,0.47619047619047616,0.8,-0.050000000000000044,0.8003232415395151,0.22727272727272727,0.037037037037037035,0.14285714285714285,0.75,0.0,0.0,0.0,1.0,1,2,0.2222222222222222,0,1
train,21,16,0.22,20,2,0.0,0.7777777777777778,0.5,0.6814814814814815,0.47619047619047616,0.75,0.02777777777777779,0.7913050560348202,0.18181818181818182,0.07407407407407407,0.23809523809523808,0.25,0.0,0.0,1.0,0.0,0,0,0.0,0,0
train,21,17,0.22,20,2,0.06666666666666665,0.875,0.75,0.6814814814814815,0.3333333333333333,0.7777777777777778,0.09722222222222221,0.8247830336208921,0.22727272727272727,0.06666666666666667,0.2857142857142857,0.75,1.0,0.0,0.0,0.0,0,0,0.0,0,0
train,21,18,0.22,20,2,0.0,0.8571428571428571,0.75,0.674074074074074,0.4166666666666667,0.875,-0.017857142857142905,0.8377269630296781,0.2727272727272727,0.05925925925925926,0.20833333333333334,0.75,1.0,0.0,0.0,0.0,0,0,0.0,0,0
train,21,19,0.22,20,2,0.0,0.8333333333333334,0.75,0.6518518518518519,0.48,0.8571428571428571,-0.023809523809523725,0.8359695111511402,0.3181818181818182,0.05185185185185185,0.2,0.5,0.0,0.0,0.0,1.0,0,0,0.0,0,0
train,21,20,0.22,20,2,0.0,0.8,0.75,0.6370370370370371,0.48,0.8333333333333334,-0.033333333333333326,0.8215817066906841,0.2727272727272727,0.044444444444444446,0.2,0.75,0.0,0.0,0.0,1.0,0,0,0.0,0,0
train,21,21,0.22,20,2,0.04166666666666663,0.75,0.75,0.6148148148148148,0.48,0.8,-0.050000000000000044,0.7929490240144105,0.22727272727272727,0.037037037037037035,0.16,1.0,0.0,1.0,0.0,0.0,0,0,0.0,0,0
train,21,22,0.22,20,2,0.0,0.6666666666666666,0.6666666666666666,0.6074074074074074,0.375,0.75,-0.08333333333333337,0.742436081075313,0.18181818181818182,0.02962962962962963,0.125,0.5,0.0,0.0,0.0,1.0,0,0,0.0,0,0
train,21,23,0.22,20,2,0.05555555555555558,0.5,0.5,0.5925925925925926,0.5,0.6666666666666666,-0.16666666666666663,0.6454616486451878,0.13636363636363635,0.022222222222222223,0.08333333333333333,1.0,0.0,1.0,0.0,0.0,1,2,0.6666666666666666,0,1
train,21,24,0.22,20,2,0.0,0.3333333333333333,0.3333333333333333,0.5777777777777777,0.38095238095238093,0.5,-0.16666666666666669,0.520610322520446,0.09090909090909091,0.02962962962962963,0.23809523809523808,0.25,1.0,0.0,0.0,0.0,0,0,0.0,0,0
train,21,25,0.22,20,2,0.0,0.5,0.5,0.5777777777777777,0.4166666666666667,0.3333333333333333,0.16666666666666669,0.5123661935122676,0.13636363636363635,0.022222222222222223,0.16666666666666666,1.0,0.0,0.0,0.0,1.0,0,0,0.0,0,0
train,21,26,0.22,20,2,0.0,0.0,0.0,0.562962962962963,0.4782608695652174,0.5,-0.5,0.3074197161073606,0.09090909090909091,0.014814814814814815,0.21739130434782608,0.5,0.0,0.0,0.0,1.0,0,0,0.0,0,0
train,21,27,0.22,20,2,0.0,0.0,0.0,0.5407407407407407,0.45,0.0,0.0,0.18445182966441634,0.045454545454545456,0.007407407407407408,0.15,0.75,0.0,1.0,0.0,0.0,0,0,0.0,0,0
train,22,0,0.26,20,2,0.0,0.9411764705882353,0.75,0.9629629629629629,0.7058823529411765,0.9411764705882353,0.0,0.9411764705882353,0.8181818181818182,0.13333333333333333,0.11764705882352941,0.5,0.0,1.0,0.0,0.0,0,0,0.0,0,0
train,22,1,0.26,20,2,0.0,0.9375,0.75,0.9407407407407408,0.6,0.9411764705882353,-0.003676470588235281,0.9397058823529412,0.7727272727272727,0.1259259259259259,0.2,0.5,0.0,1.0,0.0,0.0,0,0,0.0,0,0
train,22,2,0.26,20,2,0.0,0.9333333333333333,0.75,0.9185185185185185,0.47619047619047616,0.9375,-0.004166666666666652,0.9371568627450981,0.7272727272727273,0.11851851851851852,0.23809523809523808,0.75,0.0,1.0,0.0,0.0,0,0,0.0,0,0
train,22,3,0.26,20,2,0.0,0.9285714285714286,0.75,0.8962962962962963,0.47619047619047616,0.9333333333333333,-0.004761904761904745,0.9337226890756303,0.6818181818181818,0.1111111111111111,0.19047619047619047,0.75,0.0,1.0,0.0,0.0,0,0,0.0,0,0
train,22,4,0.26,20,2,0.0,0.9230769230769231,0.75,0.8740740740740741,0.47619047619047616,0.9285714285714286,-0.005494505494505475,0.9294643826761474,0.6363636363636364,0.1037037037037037,0.14285714285714285,0.75,0.0,1.0,0.0,0.0,0,0,0.0,0,0
train,22,5,0.26,20,2,0.2142857142857143,0.9166666666666666,0.75,0.8518518518518519,0.45,0.9230769230769231,-0.0064102564102564985,0.9243452962723551,0.5909090909090909,0.0962962962962963,0.15,0.75,0.0,1.0,0.0,0.0,0,0,0.0,0,0
train,22,6,0.26,20,2,0.0,0.9090909090909091,0.75,0.8296296296296296,0.35294117647058826,0.9166666666666666,-0.007575757575757569,0.9182435413997767,0.5454545454545454,0.08888888888888889,0.23529411764705882,0.5,0.0,0.0,0.0,1.0,0,0,0.0,0,0
train,22,7,0.26,20,2,0.0,0.9,0.75,0.8148148148148148,0.4,0.9090909090909091,-0.009090909090909038,0.910946124839866,0.5,0.08148148148148149,0.2,0.75,0.0,0.0,0.0,1.0,0,0,0.0,0,0
train,22,8,0.26,20,2,0.0,0.8888888888888888,0.75,0.7925925925925926,0.42857142857142855,0.9,-0.011111111111111183,0.9021232304594751,0.45454545454545453,0.07407407407407407,0.19047619047619047,0.75,0.0,0.0,0.0,1.0,0,0,0.0,0,0
train,22,9,0.26,20,2,0.0,0.875,0.75,0.7703703703703704,0.47619047619047616,0.8888888888888888,-0.01388888888888884,0.8912739382756851,0.4090909090909091,0.06666666666666667,0.14285714285714285,0.75,0.0,0.0,0.0,1.0,0,0,0.0,0,0
train,22,10,0.26,20,2,0.0,0.8571428571428571,0.75,0.7481481481481481,0.47619047619047616,0.875,-0.017857142857142905,0.8776215058225539,0.36363636363636365,0.05925925925925926,0.14285714285714285,0.75,0.0,0.0,0.0,1.0,0,0,0.0,0,0
train,22,11,0.26,20,2,0.0,0.8333333333333334,0.75,0.725925925925926,0.47619047619047616,0.8571428571428571,-0.023809523809523725,0.8599062368268657,0.3181818181818182,0.05185185185185185,0.14285714285714285,0.75,0.0,0.0,0.0,1.0,0,0,0.0,0,0
train,22,12,0.26,20,2,0.0,0.8,0.75,0.7037037037037037,0.47619047619047616,0.8333333333333334,-0.033333333333333326,0.8359437420961194,0.2727272727272727,0.044444444444444446,0.14285714285714285,0.75,0.0,0.0,0.0,1.0,0,0,0.0,0,0
train,22,13,0.26,20,2,0.0,0.75,0.75,0.6814814814814815,0.47619047619047616,0.8,-0.050000000000000044,0.8015662452576717,0.22727272727272727,0.037037037037037035,0.19047619047619047,0.5,0.0,0.0,0.0,1.0,0,0,0.0,0,0
train,22,14,0.26,20,2,0.0,0.6666666666666666,0.6666666666666666,0.6592592592592592,0.47619047619047616,0.75,-0.08333333333333337,0.7476064138212697,0.18181818181818182,0.02962962962962963,0.19047619047619047,0.75,0.0,0.0,0.0,1.0,0,0,0.0,0,0
train,22,15,0.26,20,2,0.0,0.5,0.5,0.6370370370370371,0.47619047619047616,0.6666666666666666,-0.16666666666666663,0.6485638482927618,0.13636363636363635,0.022222222222222223,0.19047619047619047,0.75,0.0,0.0,0.0,1.0,0,0,0.0,0,0
train,22,16,0.26,20,2,0.0,0.6666666666666666,0.6666666666666666,0.6148148148148148,0.47619047619047616,0.5,0.16666666666666663,0.6558049756423238,0.09090909090909091,0.02962962962962963,0.19047619047619047,0.5,1.0,0.0,0.0,0.0,0,0,0.0,0,0
train,22,17,0.26,20,2,0.0,0.5,0.5,0.6,0.5,0.6666666666666666,-0.16666666666666663,0.5934829853853942,0.13636363636363635,0.022222222222222223,0.16666666666666666,1.0,0.0,0.0,0.0,1.0,0,0,0.0,0,0
train,22,18,0.26,20,2,0.0,0.0,0.0,0.5851851851851851,0.5217391304347826,0.5,-0.5,0.3560897912312365,0.09090909090909091,0.014814814814814815,0.13043478260869565,0.5,0.0,0.0,0.0,1.0,0,0,0.0,0,0
train,22,19,0.26,20,2,0.0,0.0,0.0,0.562962962962963,0.45,0.0,0.0,0.2136538747387419,0.045454545454545456,0.007407407407407408,0.15,0.75,0.0,1.0,0.0,0.0,0,0,0.0,0,0
train,23,0,0.3,22,4,0.0,0.9411764705882353,0.75,0.9629629629629629,0.7058823529411765,0.9411764705882353,0.0,0.9411764705882353,0.8181818181818182,0.13333333333333333,0.17647058823529413,0.25,0.0,1.0,0.0,0.0,0,0,0.0,0,0
train,23,1,0.3,22,4,0.0,0.9375,0.75,0.9407407407407408,0.6,0.9411764705882353,-0.003676470588235281,0.9397058823529412,0.7727272727272727,0.1259259259259259,0.25,0.5,0.0,0.0,0.0,1.0,0,0,0.0,0,0
train,23,2,0.3,22,4,0.0,0.9333333333333333,0.75,0.9259259259259259,0.5652173913043478,0.9375,-0.004166666666666652,0.9371568627450981,0.7272727272727273,0.11851851851851852,0.2608695652173913,0.5,0.0,0.0,0.0,1.0,0,0,0.0,0,0
train,23,3,0.3,22,4,0.0,0.9285714285714286,0.75,0.9037037037037037,0.5416666666666666,0.9333333333333333,-0.004761904761904745,0.9337226890756303,0.6818181818181818,0.1111111111111111,0.20833333333333334,0.75,0.0,0.0,0.0,1.0,0,0,0.0,0,0
train,23,4,0.3,22,4,0.0,0.9230769230769231,0.75,0.8814814814814815,0.5416666666666666,0.9285714285714286,-0.005494505494505475,0.9294643826761474,0.6363636363636364,0.1037037037037037,0.16666666666666666,0.75,0.0,0.0,0.0,1.0,0,0,0.0,0,0
train,23,5,0.3,22,4,0.0,0.9166666666666666,0.75,0.8592592592592593,0.5416666666666666,0.9230769230769231,-0.0064102564102564985,0.9243452962723551,0.5909090909090909,0.0962962962962963,0.125,0.75,0.0,1.0,0.0,0.0,0,0,0.0,0,0
train,23,6,0.3,22,4,0.0,0.9090909090909091,0.75,0.8444444444444444,0.52,0.9166666666666666,-0.007575757575757569,0.9182435413997767,0.5454545454545454,0.08888888888888889,0.2,0.5,0.0,1.0,0.0,0.0,0,0,0.0,0,0
train,23,7,0.3,22,4,0.0,0.9,0.75,0.8222222222222222,0.52,0.9090909090909091,-0.009090909090909038,0.910946124839866,0.5,0.08148148148148149,0.16,1.0,0.0,1.0,0.0,0.0,1,2,0.13333333333333333,0,1
train,23,8,0.3,22,4,0.0,0.8888888888888888,0.75,0.8,0.56,0.9,-0.011111111111111183,0.9021232304594751,0.45454545454545453,0.07407407407407407,0.12,0.75,0.0,0.0,0.0,1.0,0,0,0.0,0,0
train,23,9,0.3,22,4,0.0,0.875,0.75,0.7851851851851852,0.52,0.8888888888888888,-0.01388888888888884,0.8912739382756851,0.4090909090909091,0.06666666666666667,0.16,0.75,0.0,1.0,0.0,0.0,1,2,0.13333333333333333,0,1
train,23,10,0.3,22,4,0.0,0.8571428571428571,0.75,0.7703703703703704,0.5416666666666666,0.875,-0.017857142857142905,0.8776215058225539,0.36363636363636365,0.05925925925925926,0.16666666666666666,0.5,0.0,1.0,0.0,0.0,1,2,0.125,0,1
train,23,11,0.3,22,4,0.0,0.75,0.25,0.7481481481481481,0.47619047619047616,0.8571428571428571,-0.1071428571428571,0.8265729034935324,0.3181818181818182,0.0962962962962963,0.23809523809523808,0.5,1.0,0.0,0.0,0.0,0,0,0.0,0,0
train,23,12,0.3,22,4,0.0,0.8181818181818182,0.5,0.7481481481481481,0.4166666666666667,0.75,0.06818181818181823,0.8232164693688467,0.36363636363636365,0.08888888888888889,0.25,0.5,1.0,0.0,0.0,0.0,0,0,0.0,0,0
train,23,13,0.3,22,4,0.04761904761904767,0.9,0.75,0.7481481481481481,0.32,0.8181818181818182,0.08181818181818179,0.8539298816213081,0.4090909090909091,0.08148148148148149,0.28,0.75,1.0,0.0,0.0,0.0,0,0,0.0,0,0
train,23,14,0.3,22,4,0.0,0.8888888888888888,0.75,0.7407407407407407,0.32,0.9,-0.011111111111111183,0.8679134845283405,0.45454545454545453,0.07407407407407407,0.24,0.75,0.0,0.0,0.0,1.0,0,0,0.0,0,0
train,23,15,0.3,22,4,0.0,0.875,0.75,0.725925925925926,0.4,0.8888888888888888,-0.01388888888888884,0.8707480907170042,0.4090909090909091,0.06666666666666667,0.2,0.75,0.0,0.0,0.0,1.0,0,0,0.0,0,0
train,23,16,0.3,22,4,0.0,0.8888888888888888,0.75,0.7037037037037037,0.52,0.875,0.01388888888888884,0.878004409985758,0.36363636363636365,0.07407407407407407,0.2,0.5,1.0,0.0,0.0,0.0,0,0,0.0,0,0
train,23,17,0.3,22,4,0.0,0.875,0.75,0.6888888888888889,0.48,0.8888888888888888,-0.01388888888888884,0.8768026459914549,0.4090909090909091,0.06666666666666667,0.2,1.0,0.0,0.0,0.0,1.0,0,0,0.0,0,0
train,23,18,0.3,22,4,0.0,0.8888888888888888,0.75,0.674074074074074,0.56,0.875,0.01388888888888884,0.8816371431504284,0.36363636363636365,0.07407407407407407,0.16,0.5,1.0,0.0,0.0,0.0,0,0,0.0,0,0
train,23,19,0.3,22,4,0.0,0.875,0.75,0.6592592592592592,0.5416666666666666,0.8888888888888888,-0.01388888888888884,0.878982285890257,0.4090909090909091,0.06666666666666667,0.16666666666666666,0.75,0.0,0.0,0.0,1.0,0,0,0.0,0,0
train,23,20,0.3,22,4,0.0,0.8571428571428571,0.75,0.6444444444444445,0.5833333333333334,0.875,-0.017857142857142905,0.870246514391297,0.36363636363636365,0.05925925925925926,0.16666666666666666,0.5,0.0,0.0,0.0,1.0,0,0,0.0,0,0
train,23,21,0.3,22,4,0.0,0.8333333333333334,0.75,0.6222222222222222,0.5416666666666666,0.8571428571428571,-0.023809523809523725,0.8554812419681115,0.3181818181818182,0.05185185185185185,0.125,1.0,0.0,1.0,0.0,0.0,0,0,0.0,0,0
train,23,22,0.3,22,4,0.0,0.8,0.75,0.6074074074074074,0.48,0.8333333333333334,-0.033333333333333326,0.8332887451808669,0.2727272727272727,0.044444444444444446,0.12,0.75,0.0,1.0,0.0,0.0,0,0,0.0,0,0
train,23,23,0.3,22,4,0.0,0.75,0.75,0.5851851851851851,0.44,0.8,-0.050000000000000044,0.7999732471085201,0.22727272727272727,0.037037037037037035,0.08,1.0,0.0,1.0,0.0,0.0,0,0,0.0,0,0
train,23,24,0.3,22,4,0.0,0.6666666666666666,0.6666666666666666,0.562962962962963,0.48,0.75,-0.08333333333333337,0.7466506149317786,0.18181818181818182,0.02962962962962963,0.16,0.75,0.0,1.0,0.0,0.0,0,0,0.0,0,0
train,23,25,0.3,22,4,0.05555555555555558,0.5,0.5,0.5407407407407407,0.5416666666666666,0.6666666666666666,-0.16666666666666663,0.6479903689590671,0.13636363636363635,0.022222222222222223,0.041666666666666664,1.0,0.0,1.0,0.0,0.0,0,0,0.0,0,0
train,23,26,0.3,22,4,0.0,0.0,0.0,0.5185185185185185,0.47619047619047616,0.5,-0.5,0.3887942213754403,0.09090909090909091,0.014814814814814815,0.09523809523809523,0.75,0.0,0.0,0.0,1.0,0,0,0.0,0,0
train,23,27,0.3,22,4,0.0,0.0,0.0,0.5037037037037037,0.4,0.0,0.0,0.23327653282526417,0.045454545454545456,0.007407407407407408,0.1,0.75,0.0,0.0,0.0,1.0,0,0,0.0,0,0
train,24,0,0.34,20,2,0.0,0.9411764705882353,0.75,0.9629629629629629,0.7058823529411765,0.9411764705882353,0.0,0.9411764705882353,0.8181818181818182,0.13333333333333333,0.11764705882352941,0.5,0.0,1.0,0.0,0.0,0,0,0.0,0,0
train,24,1,0.34,20,2,0.0,0.9375,0.75,0.9407407407407408,0.6,0.9411764705882353,-0.003676470588235281,0.9397058823529412,0.7727272727272727,0.1259259259259259,0.2,0.5,0.0,0.0,0.0,1.0,0,0,0.0,0,0
train,24,2,0.34,20,2,0.0,0.9333333333333333,0.75,0.9259259259259259,0.5652173913043478,0.9375,-0.004166666666666652,0.9371568627450981,0.7272727272727273,0.11851851851851852,0.17391304347826086,1.0,0.0,1.0,0.0,0.0,0,0,0.0,0,0
train,24,3,0.34,20,2,0.0,0.9285714285714286,0.75,0.9111111111111111,0.5833333333333334,0.9333333333333333,-0.004761904761904745,0.9337226890756303,0.6818181818181818,0.1111111111111111,0.08333333333333333,0.75,0.0,1.0,0.0,0.0,0,0,0.0,0,0
train,24,4,0.34,20,2,0.0,0.9230769230769231,0.75,0.8888888888888888,0.5416666666666666,0.9285714285714286,-0.005494505494505475,0.9294643826761474,0.6363636363636364,0.1037037037037037,0.125,0.5,0.0,1.0,0.0,0.0,0,0,0.0,0,0
train,24,5,0.34,20,2,0.0,0.9166666666666666,0.75,0.8666666666666667,0.5416666666666666,0.9230769230769231,-0.0064102564102564985,0.9243452962723551,0.5909090909090909,0.0962962962962963,0.16666666666666666,0.75,0.0,1.0,0.0,0.0,0,0,0.0,0,0
train,24,6,0.34,20,2,0.1578947368421053,0.9090909090909091,0.75,0.8444444444444444,0.5217391304347826,0.9166666666666666,-0.007575757575757569,0.9182435413997767,0.5454545454545454,0.08888888888888889,0.17391304347826086,0.75,0.0,1.0,0.0,0.0,1,2,0.14285714285714285,0,1
train,24,7,0.34,20,2,0.0,0.9,0.75,0.8222222222222222,0.45,0.9090909090909091,-0.009090909090909038,0.910946124839866,0.5,0.08148148148148149,0.2,0.5,0.0,0.0,0.0,1.0,0,0,0.0,0,0
train,24,8,0.34,20,2,0.0,0.8888888888888888,0.75,0.8074074074074075,0.42857142857142855,0.9,-0.011111111111111183,0.9021232304594751,0.45454545454545453,0.07407407407407407,0.2857142857142857,0.75,0.0,0.0,0.0,1.0,0,0,0.0,0,0
train,24,9,0.34,20,2,0.0,0.875,0.75,0.7851851851851852,0.42857142857142855,0.8888888888888888,-0.01388888888888884,0.8912739382756851,0.4090909090909091,0.06666666666666667,0.23809523809523808,0.75,0.0,0.0,0.0,1.0,0,0,0.0,0,0
train,24,10,0.34,20,2,0.0,0.8571428571428571,0.75,0.762962962962963,0.47619047619047616,0.875,-0.017857142857142905,0.8776215058225539,0.36363636363636365,0.05925925925925926,0.14285714285714285,0.75,0.0,0.0,0.0,1.0,0,0,0.0,0,0
train,24,11,0.34,20,2,0.0,0.8333333333333334,0.75,0.7407407407407407,0.47619047619047616,0.8571428571428571,-0.023809523809523725,0.8599062368268657,0.3181818181818182,0.05185185185185185,0.14285714285714285,0.75,0.0,0.0,0.0,1.0,0,0,0.0,0,0
train,24,12,0.34,20,2,0.0,0.8,0.75,0.7185185185185186,0.47619047619047616,0.8333333333333334,-0.033333333333333326,0.8359437420961194,0.2727272727272727,0.044444444444444446,0.14285714285714285,0.75,0.0,0.0,0.0,1.0,0,0,0.0,0,0
train,24,13,0.34,20,2,0.0,0.8333333333333334,0.75,0.6962962962962963,0.47619047619047616,0.8,0.033333333333333326,0.834899578591005,0.22727272727272727,0.05185185185185185,0.19047619047619047,0.5,1.0,0.0,0.0,0.0,0,0,0.0,0,0
train,24,14,0.34,20,2,0.0,0.8,0.75,0.6814814814814815,0.5,0.8333333333333334,-0.033333333333333326,0.820939747154603,0.2727272727272727,0.044444444444444446,0.125,1.0,0.0,0.0,0.0,1.0,0,0,0.0,0,0
train,24,15,0.34,20,2,0.0,0.8333333333333334,0.75,0.6666666666666666,0.5416666666666666,0.8,0.033333333333333326,0.8258971816260952,0.22727272727272727,0.05185185185185185,0.125,0.5,1.0,0.0,0.0,0.0,0,0,0.0,0,0
train,24,16,0.34,20,2,0.0,0.8,0.75,0.6518518518518519,0.6,0.8333333333333334,-0.033333333333333326,0.8155383089756572,0.2727272727272727,0.044444444444444446,0.08,1.0,0.0,0.0,0.0,1.0,0,0,0.0,0,0
train,24,17,0.34,20,2,0.0,0.75,0.75,0.6370370370370371,0.6,0.8,-0.050000000000000044,0.7893229853853942,0.22727272727272727,0.037037037037037035,0.12,0.5,0.0,0.0,0.0,1.0,0,0,0.0,0,0
train,24,18,0.34,20,2,0.0,0.6666666666666666,0.6666666666666666,0.6148148148148148,0.56,0.75,-0.08333333333333337,0.7402604578979032,0.18181818181818182,0.02962962962962963,0.08,1.0,0.0,1.0,0.0,0.0,0,0,0.0,0,0
train,24,19,0.34,20,2,0.0,0.5,0.5,0.6,0.4583333333333333,0.6666666666666666,-0.16666666666666663,0.6441562747387419,0.13636363636363635,0.022222222222222223,0.16666666666666666,0.5,0.0,0.0,0.0,1.0,0,0,0.0,0,0
train,24,20,0.34,20,2,0.0,0.0,0.0,0.5851851851851851,0.5217391304347826,0.5,-0.5,0.38649376484324516,0.09090909090909091,0.014814814814814815,0.13043478260869565,0.75,0.0,0.0,0.0,1.0,0,0,0.0,0,0
train,24,21,0.34,20,2,0.0,0.0,0.0,0.562962962962963,0.45,0.0,0.0,0.2318962589059471,0.045454545454545456,0.007407407407407408,0.2,0.75,0.0,1.0,0.0,0.0,0,0,0.0,0,0
train,25,0,0.18,20,2,0.0,0.9411764705882353,0.75,0.9629629629629629,0.7058823529411765,0.9411764705882353,0.0,0.9411764705882353,0.8181818181818182,0.13333333333333333,0.11764705882352941,0.5,0.0,1.0,0.0,0.0,0,0,0.0,0,0
train,25,1,0.18,20,2,0.0,0.9375,0.75,0.9407407407407408,0.6,0.9411764705882353,-0.003676470588235281,0.9397058823529412,0.7727272727272727,0.1259259259259259,0.15,0.75,0.0,1.0,0.0,0.0,0,0,0.0,0,0
train,25,2,0.18,20,2,0.0,0.9333333333333333,0.75,0.9185185185185185,0.47619047619047616,0.9375,-0.004166666666666652,0.9371568627450981,0.7272727272727273,0.11851851851851852,0.19047619047619047,0.75,0.0,1.0,0.0,0.0,1,2,0.1111111111111111,0,1
train,25,3,0.18,20,2,0.0,0.9285714285714286,0.75,0.8962962962962963,0.47619047619047616,0.9333333333333333,-0.004761904761904745,0.9337226890756303,0.6818181818181818,0.1111111111111111,0.19047619047619047,0.5,0.0,1.0,0.0,0.0,1,2,0.10526315789473684,0,1
train,25,4,0.18,20,2,0.0,0.9230769230769231,0.75,0.8740740740740741,0.47619047619047616,0.9285714285714286,-0.005494505494505475,0.9294643826761474,0.6363636363636364,0.1037037037037037,0.19047619047619047,0.75,0.0,1.0,0.0,0.0,0,0,0.0,0,0
train,25,5,0.18,20,2,0.2142857142857143,0.9166666666666666,0.75,0.8518518518518519,0.45,0.9230769230769231,-0.0064102564102564985,0.9243452962723551,0.5909090909090909,0.0962962962962963,0.2,0.75,0.0,1.0,0.0,0.0,1,2,0.10526315789473684,0,1
train,25,6,0.18,20,2,0.0,0.9090909090909091,0.75,0.8296296296296296,0.35294117647058826,0.9166666666666666,-0.007575757575757569,0.9182435413997767,0.5454545454545454,0.08888888888888889,0.23529411764705882,0.5,0.0,0.0,0.0,1.0,0,0,0.0,0,0
train,25,7,0.18,20,2,0.0,0.9,0.75,0.8148148148148148,0.4,0.9090909090909091,-0.009090909090909038,0.910946124839866,0.5,0.08148148148148149,0.25,0.75,0.0,0.0,0.0,1.0,0,0,0.0,0,0
train,25,8,0.18,20,2,0.0,0.8888888888888888,0.75,0.7925925925925926,0.42857142857142855,0.9,-0.011111111111111183,0.9021232304594751,0.45454545454545453,0.07407407407407407,0.19047619047619047,0.75,0.0,0.0,0.0,1.0,0,0,0.0,0,0
train,25,9,0.18,20,2,0.0,0.9,0.75,0.7703703703703704,0.47619047619047616,0.8888888888888888,0.011111111111111183,0.9012739382756851,0.4090909090909091,0.08148148148148149,0.19047619047619047,0.5,1.0,0.0,0.0,0.0,0,0,0.0,0,0
train,25,10,0.18,20,2,0.0,0.8888888888888888,0.75,0.7555555555555555,0.4583333333333333,0.9,-0.011111111111111183,0.8963199185209667,0.45454545454545453,0.07407407407407407,0.125,1.0,0.0,0.0,0.0,1.0,0,0,0.0,0,0
train,25,11,0.18,20,2,0.0,0.9,0.75,0.7407407407407407,0.5416666666666666,0.8888888888888888,0.011111111111111183,0.89779195111258,0.4090909090909091,0.08148148148148149,0.125,0.5,1.0,0.0,0.0,0.0,0,0,0.0,0,0
train,25,12,0.18,20,2,0.0,0.9090909090909091,0.75,0.725925925925926,0.56,0.9,0.009090909090909038,0.9023115343039116,0.45454545454545453,0.08888888888888889,0.12,0.75,1.0,0.0,0.0,0.0,0,0,0.0,0,0
train,25,13,0.18,20,2,0.0,0.9,0.75,0.7037037037037037,0.52,0.9090909090909091,-0.009090909090909038,0.901386920582347,0.5,0.08148148148148149,0.16,1.0,0.0,0.0,0.0,1.0,0,0,0.0,0,0
train,25,14,0.18,20,2,0.0,0.8888888888888888,0.75,0.6888888888888889,0.56,0.9,-0.011111111111111183,0.8963877079049638,0.45454545454545453,0.07407407407407407,0.12,0.5,0.0,0.0,0.0,1.0,0,0,0.0,0,0
train,25,15,0.18,20,2,0.0,0.875,0.75,0.6666666666666666,0.52,0.8888888888888888,-0.01388888888888884,0.8878326247429782,0.4090909090909091,0.06666666666666667,0.12,1.0,0.0,1.0,0.0,0.0,1,2,0.18181818181818182,0,1
train,25,16,0.18,20,2,0.0,0.8571428571428571,0.75,0.6518518518518519,0.44,0.875,-0.017857142857142905,0.8755567177029298,0.36363636363636365,0.05925925925925926,0.12,0.75,0.0,1.0,0.0,0.0,1,2,0.16666666666666666,0,1
train,25,17,0.18,20,2,0.17647058823529416,0.8333333333333334,0.75,0.6370370370370371,0.375,0.8571428571428571,-0.023809523809523725,0.8586673639550912,0.3181818181818182,0.05185185185185185,0.125,0.75,0.0,1.0,0.0,0.0,1,2,0.15384615384615385,0,1
train,25,18,0.18,20,2,0.0,0.8,0.75,0.6148148148148148,0.3333333333333333,0.8333333333333334,-0.033333333333333326,0.8352004183730548,0.2727272727272727,0.044444444444444446,0.19047619047619047,0.75,0.0,0.0,0.0,1.0,0,0,0.0,0,0
train,25,19,0.18,20,2,0.0,0.75,0.75,0.6,0.38095238095238093,0.8,-0.050000000000000044,0.8011202510238329,0.22727272727272727,0.037037037037037035,0.19047619047619047,0.75,0.0,0.0,0.0,1.0,0,0,0.0,0,0
train,25,20,0.18,20,2,0.0,0.6666666666666666,0.6666666666666666,0.5777777777777777,0.42857142857142855,0.75,-0.08333333333333337,0.7473388172809663,0.18181818181818182,0.02962962962962963,0.14285714285714285,0.75,0.0,0.0,0.0,1.0,1,2,0.16666666666666666,0,1
train,25,21,0.18,20,2,0.0,0.75,0.5,0.5555555555555556,0.47619047619047616,0.6666666666666666,0.08333333333333337,0.7484032903685798,0.13636363636363635,0.06666666666666667,0.23809523809523808,0.25,0.0,0.0,1.0,0.0,0,0,0.0,0,0
train,25,22,0.18,20,2,0.08333333333333337,0.8571428571428571,0.75,0.5555555555555556,0.2857142857142857,0.75,0.1071428571428571,0.7918991170782907,0.18181818181818182,0.05925925925925926,0.2857142857142857,0.75,1.0,0.0,0.0,0.0,0,0,0.0,0,0
train,25,23,0.18,20,2,0.0,0.8333333333333334,0.75,0.5481481481481482,0.2916666666666667,0.8571428571428571,-0.023809523809523725,0.8084728035803078,0.22727272727272727,0.05185185185185185,0.25,0.75,1.0,0.0,0.0,0.0,0,0,0.0,0,0
train,25,24,0.18,20,2,0.0,0.8,0.75,0.5333333333333333,0.36,0.8333333333333334,-0.033333333333333326,0.8050836821481847,0.2727272727272727,0.044444444444444446,0.12,1.0,0.0,0.0,0.0,1.0,1,2,0.2,0,1
train,25,25,0.18,20,2,0.0,0.8,0.5,0.5185185185185185,0.4,0.8,0.0,0.8030502092889109,0.22727272727272727,0.08148148148148149,0.2,0.25,0.0,0.0,1.0,0.0,0,0,0.0,0,0
train,25,26,0.18,20,2,0.0714285714285714,0.8888888888888888,0.75,0.5185185185185185,0.28,0.8,0.0888888888888888,0.8373856811289021,0.2727272727272727,0.07407407407407407,0.2,1.0,1.0,0.0,0.0,0.0,0,0,0.0,0,0
train,25,27,0.18,20,2,0.0,0.875,0.75,0.5111111111111111,0.36,0.8888888888888888,-0.01388888888888884,0.8524314086773412,0.3181818181818182,0.06666666666666667,0.12,0.75,1.0,0.0,0.0,0.0,0,0,0.0,0,0
train,25,28,0.18,20,2,0.0,0.8571428571428571,0.75,0.4888888888888889,0.44,0.875,-0.017857142857142905,0.8543159880635476,0.36363636363636365,0.05925925925925926,0.08,1.0,0.0,0.0,0.0,1.0,0,0,0.0,0,0
train,25,29,0.18,20,2,0.0,0.8333333333333334,0.75,0.4740740740740741,0.44,0.8571428571428571,-0.023809523809523725,0.8459229261714619,0.3181818181818182,0.05185185185185185,0.12,0.75,0.0,0.0,0.0,1.0,0,0,0.0,0,0
train,25,30,0.18,20,2,0.04761904761904767,0.8,0.75,0.45185185185185184,0.48,0.8333333333333334,-0.033333333333333326,0.8275537557028771,0.2727272727272727,0.044444444444444446,0.08,1.0,0.0,1.0,0.0,0.0,0,0,0.0,0,0
train,25,31,0.18,20,2,0.0,0.75,0.75,0.4444444444444444,0.36,0.8,-0.050000000000000044,0.7965322534217263,0.22727272727272727,0.037037037037037035,0.16,0.5,0.0,0.0,0.0,1.0,0,0,0.0,0,0
train,25,32,0.18,20,2,0.0,0.6666666666666666,0.6666666666666666,0.42962962962962964,0.5,0.75,-0.08333333333333337,0.7445860187197024,0.18181818181818182,0.02962962962962963,0.08333333333333333,1.0,0.0,1.0,0.0,0.0,0,0,0.0,0,0
train,25,33,0.18,20,2,0.0,0.5,0.5,0.4148148148148148,0.4166666666666667,0.6666666666666666,-0.16666666666666663,0.6467516112318215,0.13636363636363635,0.022222222222222223,0.16666666666666666,0.75,0.0,1.0,0.0,0.0,0,0,0.0,0,0
train,25,34,0.18,20,2,0.0,0.0,0.0,0.3925925925925926,0.30434782608695654,0.5,-0.5,0.38805096673909284,0.09090909090909091,0.014814814814814815,0.13043478260869565,1.0,0.0,1.0,0.0,0.0,0,0,0.0,0,0
train,25,35,0.18,20,2,0.0,0.0,0.0,0.37777777777777777,0.25,0.0,0.0,0.2328305800434557,0.045454545454545456,0.007407407407407408,0.25,0.5,0.0,0.0,0.0,1.0,0,0,0.0,0,0
train,26,0,0.22,20,2,0.0,0.9411764705882353,0.75,0.9629629629629629,0.7058823529411765,0.9411764705882353,0.0,0.9411764705882353,0.8181818181818182,0.13333333333333333,0.11764705882352941,0.5,0.0,1.0,0.0,0.0,0,0,0.0,0,0
train,26,1,0.22,20,2,0.0,0.9375,0.75,0.9407407407407408,0.6,0.9411764705882353,-0.003676470588235281,0.9397058823529412,0.7727272727272727,0.1259259259259259,0.2,0.5,0.0,1.0,0.0,0.0,0,0,0.0,0,0
train,26,2,0.22,20,2,0.0,0.9333333333333333,0.75,0.9185185185185185,0.47619047619047616,0.9375,-0.004166666666666652,0.9371568627450981,0.7272727272727273,0.11851851851851852,0.2857142857142857,0.5,0.0,0.0,0.0,1.0,0,0,0.0,0,0
train,26,3,0.22,20,2,0.0,0.9285714285714286,0.75,0.9037037037037037,0.5416666666666666,0.9333333333333333,-0.004761904761904745,0.9337226890756303,0.6818181818181818,0.1111111111111111,0.16666666666666666,0.75,0.0,1.0,0.0,0.0,0,0,0.0,0,0
train,26,4,0.22,20,2,0.0,0.9230769230769231,0.75,0.8888888888888888,0.5416666666666666,0.9285714285714286,-0.005494505494505475,0.9294643826761474,0.6363636363636364,0.1037037037037037,0.125,0.75,0.0,1.0,0.0,0.0,0,0,0.0,0,0
train,26,5,0.22,20,2,0.0,0.9166666666666666,0.75,0.8666666666666667,0.5416666666666666,0.9230769230769231,-0.0064102564102564985,0.9243452962723551,0.5909090909090909,0.0962962962962963,0.125,0.75,0.0,1.0,0.0,0.0,1,2,0.13333333333333333,0,1
train,26,6,0.22,20,2,0.1578947368421053,0.9090909090909091,0.75,0.8444444444444444,0.5217391304347826,0.9166666666666666,-0.007575757575757569,0.9182435413997767,0.5454545454545454,0.08888888888888889,0.08695652173913043,1.0,0.0,1.0,0.0,0.0,1,2,0.125,0,1
train,26,7,0.22,20,2,0.0,0.9,0.75,0.8222222222222222,0.45,0.9090909090909091,-0.009090909090909038,0.910946124839866,0.5,0.08148148148148149,0.1,0.75,0.0,0.0,0.0,1.0,0,0,0.0,0,0
train,26,8,0.22,20,2,0.0,0.8888888888888888,0.75,0.8074074074074075,0.42857142857142855,0.9,-0.011111111111111183,0.9021232304594751,0.45454545454545453,0.07407407407407407,0.09523809523809523,0.75,0.0,0.0,0.0,1.0,0,0,0.0,0,0
train,26,9,0.22,20,2,0.0,0.9,0.75,0.7851851851851852,0.42857142857142855,0.8888888888888888,0.011111111111111183,0.9012739382756851,0.4090909090909091,0.08148148148148149,0.19047619047619047,0.5,1.0,0.0,0.0,0.0,0,0,0.0,0,0
train,26,10,0.22,20,2,0.0,0.8888888888888888,0.75,0.7703703703703704,0.375,0.9,-0.011111111111111183,0.8963199185209667,0.45454545454545453,0.07407407407407407,0.125,1.0,0.0,0.0,0.0,1.0,0,0,0.0,0,0
train,26,11,0.22,20,2,0.0,0.875,0.75,0.7555555555555555,0.5,0.8888888888888888,-0.01388888888888884,0.88779195111258,0.4090909090909091,0.06666666666666667,0.08333333333333333,0.75,0.0,0.0,0.0,1.0,0,0,0.0,0,0
train,26,12,0.22,20,2,0.0,0.8888888888888888,0.75,0.7333333333333333,0.5416666666666666,0.875,0.01388888888888884,0.8882307262231035,0.36363636363636365,0.07407407407407407,0.125,0.5,1.0,0.0,0.0,0.0,0,0,0.0,0,0
train,26,13,0.22,20,2,0.0,0.875,0.75,0.7185185185185186,0.52,0.8888888888888888,-0.01388888888888884,0.8829384357338621,0.4090909090909091,0.06666666666666667,0.16,0.75,0.0,0.0,0.0,1.0,0,0,0.0,0,0
train,26,14,0.22,20,2,0.0,0.8888888888888888,0.75,0.7037037037037037,0.56,0.875,0.01388888888888884,0.8853186169958729,0.36363636363636365,0.07407407407407407,0.16,0.5,1.0,0.0,0.0,0.0,0,0,0.0,0,0
train,26,15,0.22,20,2,0.0,0.875,0.75,0.6888888888888889,0.6,0.8888888888888888,-0.01388888888888884,0.8811911701975237,0.4090909090909091,0.06666666666666667,0.12,0.75,0.0,0.0,0.0,1.0,0,0,0.0,0,0
train,26,16,0.22,20,2,0.0,0.8571428571428571,0.75,0.674074074074074,0.6,0.875,-0.017857142857142905,0.8715718449756571,0.36363636363636365,0.05925925925925926,0.12,0.75,0.0,0.0,0.0,1.0,0,0,0.0,0,0
train,26,17,0.22,20,2,0.0,0.8333333333333334,0.75,0.6518518518518519,0.56,0.8571428571428571,-0.023809523809523725,0.8562764403187276,0.3181818181818182,0.05185185185185185,0.12,0.75,0.0,1.0,0.0,0.0,0,0,0.0,0,0
train,26,18,0.22,20,2,0.0,0.8,0.75,0.6370370370370371,0.48,0.8333333333333334,-0.033333333333333326,0.8337658641912367,0.2727272727272727,0.044444444444444446,0.16,0.5,0.0,0.0,0.0,1.0,0,0,0.0,0,0
train,26,19,0.22,20,2,0.0,0.75,0.75,0.6222222222222222,0.56,0.8,-0.050000000000000044,0.800259518514742,0.22727272727272727,0.037037037037037035,0.16,0.75,0.0,0.0,0.0,1.0,0,0,0.0,0,0
train,26,20,0.22,20,2,0.0,0.6666666666666666,0.6666666666666666,0.6,0.56,0.75,-0.08333333333333337,0.7468223777755119,0.18181818181818182,0.02962962962962963,0.12,1.0,0.0,1.0,0.0,0.0,0,0,0.0,0,0
train,26,21,0.22,20,2,0.04761904761904767,0.5,0.5,0.5851851851851851,0.5416666666666666,0.6666666666666666,-0.16666666666666663,0.6480934266653071,0.13636363636363635,0.022222222222222223,0.08333333333333333,0.75,0.0,1.0,0.0,0.0,0,0,0.0,0,0
train,26,22,0.22,20,2,0.0,0.0,0.0,0.562962962962963,0.42857142857142855,0.5,-0.5,0.38885605599918427,0.09090909090909091,0.014814814814814815,0.14285714285714285,0.75,0.0,0.0,0.0,1.0,0,0,0.0,0,0
train,26,23,0.22,20,2,0.0,0.0,0.0,0.5481481481481482,0.45,0.0,0.0,0.23331363359951054,0.045454545454545456,0.007407407407407408,0.15,0.75,0.0,0.0,0.0,1.0,0,0,0.0,0,0
train,27,0,0.26,22,4,0.0,0.9411764705882353,0.75,0.9629629629629629,0.7058823529411765,0.9411764705882353,0.0,0.9411764705882353,0.8181818181818182,0.13333333333333333,0.17647058823529413,0.25,0.0,1.0,0.0,0.0,0,0,0.0,0,0
train,27,1,0.26,22,4,0.0,0.9375,0.75,0.9407407407407408,0.6,0.9411764705882353,-0.003676470588235281,0.9397058823529412,0.7727272727272727,0.1259259259259259,0.25,0.5,0.0,0.0,0.0,1.0,0,0,0.0,0,0
train,27,2,0.26,22,4,0.0,0.9333333333333333,0.75,0.9259259259259259,0.5652173913043478,0.9375,-0.004166666666666652,0.9371568627450981,0.7272727272727273,0.11851851851851852,0.21739130434782608,0.75,0.0,1.0,0.0,0.0,0,0,0.0,0,0
train,27,3,0.26,22,4,0.0,0.9285714285714286,0.75,0.9111111111111111,0.5833333333333334,0.9333333333333333,-0.004761904761904745,0.9337226890756303,0.6818181818181818,0.1111111111111111,0.125,0.75,0.0,1.0,0.0,0.0,0,0,0.0,0,0
train,27,4,0.26,22,4,0.0,0.9230769230769231,0.75,0.8888888888888888,0.5416666666666666,0.9285714285714286,-0.005494505494505475,0.9294643826761474,0.6363636363636364,0.1037037037037037,0.125,0.75,0.0,1.0,0.0,0.0,0,0,0.0,0,0
train,27,5,0.26,22,4,0.0,0.9166666666666666,0.75,0.8666666666666667,0.5416666666666666,0.9230769230769231,-0.0064102564102564985,0.9243452962723551,0.5909090909090909,0.0962962962962963,0.16666666666666666,0.5,0.0,0.0,0.0,1.0,0,0,0.0,0,0
train,27,6,0.26,22,4,0.0,0.9090909090909091,0.75,0.8518518518518519,0.52,0.9166666666666666,-0.007575757575757569,0.9182435413997767,0.5454545454545454,0.08888888888888889,0.12,0.75,0.0,1.0,0.0,0.0,0,0,0.0,0,0
train,27,7,0.26,22,4,0.13636363636363635,0.9,0.75,0.837037037037037,0.5416666666666666,0.9090909090909091,-0.009090909090909038,0.910946124839866,0.5,0.08148148148148149,0.125,0.75,0.0,1.0,0.0,0.0,1,2,0.13333333333333333,0,1
train,27,8,0.26,22,4,0.0,0.8888888888888888,0.75,0.8148148148148148,0.47619047619047616,0.9,-0.011111111111111183,0.9021232304594751,0.45454545454545453,0.07407407407407407,0.14285714285714285,0.75,0.0,0.0,0.0,1.0,0,0,0.0,0,0
train,27,9,0.26,22,4,0.0,0.875,0.75,0.8,0.47619047619047616,0.8888888888888888,-0.01388888888888884,0.8912739382756851,0.4090909090909091,0.06666666666666667,0.14285714285714285,0.75,0.0,0.0,0.0,1.0,0,0,0.0,0,0
train,27,10,0.26,22,4,0.0,0.8571428571428571,0.75,0.7777777777777778,0.42857142857142855,0.875,-0.017857142857142905,0.8776215058225539,0.36363636363636365,0.05925925925925926,0.14285714285714285,0.75,0.0,0.0,0.0,1.0,0,0,0.0,0,0
train,27,11,0.26,22,4,0.0,0.875,0.75,0.7555555555555555,0.47619047619047616,0.8571428571428571,0.017857142857142905,0.8765729034935323,0.3181818181818182,0.06666666666666667,0.19047619047619047,0.5,1.0,0.0,0.0,0.0,0,0,0.0,0,0
train,27,12,0.26,22,4,0.0,0.8571428571428571,0.75,0.7407407407407407,0.4583333333333333,0.875,-0.017857142857142905,0.8688008849532622,0.36363636363636365,0.05925925925925926,0.16666666666666666,0.75,0.0,0.0,0.0,1.0,0,0,0.0,0,0
train,27,13,0.26,22,4,0.0,0.8333333333333334,0.75,0.725925925925926,0.5416666666666666,0.8571428571428571,-0.023809523809523725,0.8546138643052907,0.3181818181818182,0.05185185185185185,0.125,0.75,0.0,0.0,0.0,1.0,0,0,0.0,0,0
train,27,14,0.26,22,4,0.0,0.8,0.75,0.7037037037037037,0.5416666666666666,0.8333333333333334,-0.033333333333333326,0.8327683185831745,0.2727272727272727,0.044444444444444446,0.125,0.75,0.0,0.0,0.0,1.0,0,0,0.0,0,0
train,27,15,0.26,22,4,0.0,0.8333333333333334,0.75,0.6814814814814815,0.5416666666666666,0.8,0.033333333333333326,0.8329943244832381,0.22727272727272727,0.05185185185185185,0.16666666666666666,0.5,1.0,0.0,0.0,0.0,0,0,0.0,0,0
train,27,16,0.26,22,4,0.0,0.8571428571428571,0.75,0.6666666666666666,0.52,0.8333333333333334,0.023809523809523725,0.8426537375470857,0.2727272727272727,0.05925925925925926,0.2,0.75,1.0,0.0,0.0,0.0,0,0,0.0,0,0
train,27,17,0.26,22,4,0.0,0.8333333333333334,0.75,0.6444444444444445,0.52,0.8571428571428571,-0.023809523809523725,0.8389255758615848,0.3181818181818182,0.05185185185185185,0.16,0.75,0.0,0.0,0.0,1.0,0,0,0.0,0,0
train,27,18,0.26,22,4,0.0,0.8,0.75,0.6296296296296297,0.56,0.8333333333333334,-0.033333333333333326,0.8233553455169509,0.2727272727272727,0.044444444444444446,0.16,0.5,0.0,0.0,0.0,1.0,0,0,0.0,0,0
train,27,19,0.26,22,4,0.0,0.75,0.75,0.6074074074074074,0.52,0.8,-0.050000000000000044,0.7940132073101706,0.22727272727272727,0.037037037037037035,0.16,1.0,0.0,1.0,0.0,0.0,0,0,0.0,0,0
train,27,20,0.26,22,4,0.0,0.6666666666666666,0.6666666666666666,0.5925925925925926,0.44,0.75,-0.08333333333333337,0.743074591052769,0.18181818181818182,0.02962962962962963,0.16,0.5,0.0,0.0,0.0,1.0,0,0,0.0,0,0
train,27,21,0.26,22,4,0.0,0.5,0.5,0.5777777777777777,0.5,0.6666666666666666,-0.16666666666666663,0.6458447546316614,0.13636363636363635,0.022222222222222223,0.125,1.0,0.0,1.0,0.0,0.0,0,0,0.0,0,0
train,27,22,0.26,22,4,0.0,0.0,0.0,0.562962962962963,0.4782608695652174,0.5,-0.5,0.3875068527789968,0.09090909090909091,0.014814814814814815,0.13043478260869565,0.75,0.0,1.0,0.0,0.0,0,0,0.0,0,0
train,27,23,0.26,22,4,0.0,0.0,0.0,0.5407407407407407,0.35,0.0,0.0,0.2325041116673981,0.045454545454545456,0.007407407407407408,0.25,0.5,0.0,0.0,0.0,1.0,0,0,0.0,0,0
train,28,0,0.3,20,2,0.0,0.9411764705882353,0.75,0.9629629629629629,0.7058823529411765,0.9411764705882353,0.0,0.9411764705882353,0.8181818181818182,0.13333333333333333,0.17647058823529413,0.25,0.0,0.0,0.0,1.0,0,0,0.0,0,0
train,28,1,0.3,20,2,0.0,0.9375,0.75,0.9407407407407408,0.6,0.9411764705882353,-0.003676470588235281,0.9397058823529412,0.7727272727272727,0.1259259259259259,0.2,0.75,0.0,1.0,0.0,0.0,0,0,0.0,0,0
train,28,2,0.3,20,2,0.0,0.9333333333333333,0.75,0.9259259259259259,0.5652173913043478,0.9375,-0.004166666666666652,0.9371568627450981,0.7272727272727273,0.11851851851851852,0.17391304347826086,0.75,0.0,1.0,0.0,0.0,0,0,0.0,0,0
train,28,3,0.3,20,2,0.0,0.9285714285714286,0.75,0.9037037037037037,0.5416666666666666,0.9333333333333333,-0.004761904761904745,0.9337226890756303,0.6818181818181818,0.1111111111111111,0.16666666666666666,0.5,0.0,1.0,0.0,0.0,0,0,0.0,0,0
train,28,4,0.3,20,2,0.0,0.9230769230769231,0.75,0.8814814814814815,0.5416666666666666,0.9285714285714286,-0.005494505494505475,0.9294643826761474,0.6363636363636364,0.1037037037037037,0.125,1.0,0.0,1.0,0.0,0.0,1,2,0.125,0,1
train,28,5,0.3,20,2,0.0,0.9166666666666666,0.75,0.8592592592592593,0.5416666666666666,0.9230769230769231,-0.0064102564102564985,0.9243452962723551,0.5909090909090909,0.0962962962962963,0.16666666666666666,0.5,0.0,1.0,0.0,0.0,0,0,0.0,0,0
train,28,6,0.3,20,2,0.1578947368421053,0.9090909090909091,0.75,0.837037037037037,0.5217391304347826,0.9166666666666666,-0.007575757575757569,0.9182435413997767,0.5454545454545454,0.08888888888888889,0.08695652173913043,1.0,0.0,1.0,0.0,0.0,1,2,0.125,0,1
train,28,7,0.3,20,2,0.0,0.9,0.75,0.8148148148148148,0.45,0.9090909090909091,-0.009090909090909038,0.910946124839866,0.5,0.08148148148148149,0.2,0.5,0.0,0.0,0.0,1.0,0,0,0.0,0,0
train,28,8,0.3,20,2,0.0,0.8888888888888888,0.75,0.8,0.42857142857142855,0.9,-0.011111111111111183,0.9021232304594751,0.45454545454545453,0.07407407407407407,0.19047619047619047,0.75,0.0,0.0,0.0,1.0,0,0,0.0,0,0
train,28,9,0.3,20,2,0.0,0.9,0.75,0.7777777777777778,0.42857142857142855,0.8888888888888888,0.011111111111111183,0.9012739382756851,0.4090909090909091,0.08148148148148149,0.2857142857142857,0.5,1.0,0.0,0.0,0.0,0,0,0.0,0,0
train,28,10,0.3,20,2,0.0,0.9090909090909091,0.75,0.762962962962963,0.375,0.9,0.009090909090909038,0.9044007266017747,0.45454545454545453,0.08888888888888889,0.20833333333333334,0.75,1.0,0.0,0.0,0.0,0,0,0.0,0,0
train,28,11,0.3,20,2,0.0,0.9,0.75,0.7481481481481481,0.32,0.9090909090909091,-0.009090909090909038,0.9026404359610649,0.5,0.08148148148148149,0.24,0.75,0.0,0.0,0.0,1.0,0,0,0.0,0,0
train,28,12,0.3,20,2,0.0,0.8888888888888888,0.75,0.7333333333333333,0.48,0.9,-0.011111111111111183,0.8971398171321945,0.45454545454545453,0.07407407407407407,0.16,0.5,0.0,0.0,0.0,1.0,0,0,0.0,0,0
train,28,13,0.3,20,2,0.0,0.875,0.75,0.7111111111111111,0.52,0.8888888888888888,-0.01388888888888884,0.8882838902793166,0.4090909090909091,0.06666666666666667,0.2,0.75,0.0,1.0,0.0,0.0,0,0,0.0,0,0
train,28,14,0.3,20,2,0.16666666666666663,0.8571428571428571,0.75,0.6962962962962963,0.4166666666666667,0.875,-0.017857142857142905,0.8758274770247328,0.36363636363636365,0.05925925925925926,0.16666666666666666,0.75,0.0,1.0,0.0,0.0,1,2,0.2,0,1
train,28,15,0.3,20,2,0.0,0.8333333333333334,0.75,0.6814814814814815,0.2857142857142857,0.8571428571428571,-0.023809523809523725,0.8588298195481731,0.3181818181818182,0.05185185185185185,0.23809523809523808,0.5,0.0,0.0,0.0,1.0,0,0,0.0,0,0
train,28,16,0.3,20,2,0.0,0.8,0.75,0.6666666666666666,0.42857142857142855,0.8333333333333334,-0.033333333333333326,0.8352978917289039,0.2727272727272727,0.044444444444444446,0.23809523809523808,0.75,0.0,0.0,0.0,1.0,0,0,0.0,0,0
train,28,17,0.3,20,2,0.0,0.8333333333333334,0.75,0.6444444444444445,0.42857142857142855,0.8,0.033333333333333326,0.8345120683706757,0.22727272727272727,0.05185185185185185,0.2857142857142857,0.5,1.0,0.0,0.0,0.0,0,0,0.0,0,0
train,28,18,0.3,20,2,0.0,0.8571428571428571,0.75,0.6296296296296297,0.4166666666666667,0.8333333333333334,0.023809523809523725,0.8435643838795482,0.2727272727272727,0.05925925925925926,0.25,0.75,1.0,0.0,0.0,0.0,0,0,0.0,0,0
train,28,19,0.3,20,2,0.0,0.8333333333333334,0.75,0.6148148148148148,0.4,0.8571428571428571,-0.023809523809523725,0.8394719636610622,0.3181818181818182,0.05185185185185185,0.16,0.75,0.0,0.0,0.0,1.0,0,0,0.0,0,0
train,28,20,0.3,20,2,0.0,0.8,0.75,0.6,0.52,0.8333333333333334,-0.033333333333333326,0.8236831781966374,0.2727272727272727,0.044444444444444446,0.12,0.75,0.0,0.0,0.0,1.0,0,0,0.0,0,0
train,28,21,0.3,20,2,0.0,0.75,0.75,0.5777777777777777,0.52,0.8,-0.050000000000000044,0.7942099069179824,0.22727272727272727,0.037037037037037035,0.12,1.0,0.0,1.0,0.0,0.0,0,0,0.0,0,0
train,28,22,0.3,20,2,0.0,0.6666666666666666,0.6666666666666666,0.562962962962963,0.4166666666666667,0.75,-0.08333333333333337,0.743192610817456,0.18181818181818182,0.02962962962962963,0.125,0.5,0.0,0.0,0.0,1.0,0,0,0.0,0,0
train,28,23,0.3,20,2,0.052631578947368474,0.5,0.5,0.5481481481481482,0.5,0.6666666666666666,-0.16666666666666663,0.6459155664904737,0.13636363636363635,0.022222222222222223,0.125,1.0,0.0,1.0,0.0,0.0,1,2,0.6666666666666666,0,1
train,28,24,0.3,20,2,0.0,0.3333333333333333,0.3333333333333333,0.5333333333333333,0.42857142857142855,0.5,-0.16666666666666669,0.5208826732276175,0.09090909090909091,0.02962962962962963,0.23809523809523808,0.25,1.0,0.0,0.0,0.0,0,0,0.0,0,0
train,28,25,0.3,20,2,0.0,0.5,0.5,0.5333333333333333,0.4166666666666667,0.3333333333333333,0.16666666666666669,0.5125296039365705,0.13636363636363635,0.022222222222222223,0.20833333333333334,1.0,0.0,0.0,0.0,1.0,0,0,0.0,0,0
train,28,26,0.3,20,2,0.0,0.0,0.0,0.5185185185185185,0.4782608695652174,0.5,-0.5,0.30751776236194234,0.09090909090909091,0.014814814814814815,0.17391304347826086,0.75,0.0,0.0,0.0,1.0,0,0,0.0,0,0
train,28,27,0.3,20,2,0.0,0.0,0.0,0.4962962962962963,0.45,0.0,0.0,0.1845106574171654,0.045454545454545456,0.007407407407407408,0.1,0.75,0.0,1.0,0.0,0.0,0,0,0.0,0,0
train,29,0,0.34,22,4,0.0,0.9411764705882353,0.75,0.9629629629629629,0.7058823529411765,0.9411764705882353,0.0,0.9411764705882353,0.8181818181818182,0.13333333333333333,0.11764705882352941,0.5,0.0,1.0,0.0,0.0,0,0,0.0,0,0
train,29,1,0.34,22,4,0.0,0.9375,0.75,0.9407407407407408,0.6,0.9411764705882353,-0.003676470588235281,0.9397058823529412,0.7727272727272727,0.1259259259259259,0.15,0.75,0.0,1.0,0.0,0.0,0,0,0.0,0,0
train,29,2,0.34,22,4,0.0,0.9333333333333333,0.75,0.9185185185185185,0.47619047619047616,0.9375,-0.004166666666666652,0.9371568627450981,0.7272727272727273,0.11851851851851852,0.19047619047619047,0.75,0.0,1.0,0.0,0.0,0,0,0.0,0,0
train,29,3,0.34,22,4,0.0,0.9285714285714286,0.75,0.8962962962962963,0.47619047619047616,0.9333333333333333,-0.004761904761904745,0.9337226890756303,0.6818181818181818,0.1111111111111111,0.14285714285714285,0.75,0.0,1.0,0.0,0.0,0,0,0.0,0,0
train,29,4,0.34,22,4,0.0,0.9230769230769231,0.75,0.8740740740740741,0.47619047619047616,0.9285714285714286,-0.005494505494505475,0.9294643826761474,0.6363636363636364,0.1037037037037037,0.14285714285714285,0.75,0.0,1.0,0.0,0.0,1,2,0.1111111111111111,0,1
train,29,5,0.34,22,4,0.2142857142857143,0.9166666666666666,0.75,0.8518518518518519,0.45,0.9230769230769231,-0.0064102564102564985,0.9243452962723551,0.5909090909090909,0.0962962962962963,0.15,0.75,0.0,1.0,0.0,0.0,1,2,0.10526315789473684,0,1
train,29,6,0.34,22,4,0.0,0.9090909090909091,0.75,0.8296296296296296,0.35294117647058826,0.9166666666666666,-0.007575757575757569,0.9182435413997767,0.5454545454545454,0.08888888888888889,0.23529411764705882,0.5,0.0,0.0,0.0,1.0,0,0,0.0,0,0
train,29,7,0.34,22,4,0.0,0.9166666666666666,0.75,0.8148148148148148,0.4,0.9090909090909091,0.007575757575757569,0.9176127915065327,0.5,0.0962962962962963,0.25,0.5,1.0,0.0,0.0,0.0,0,0,0.0,0,0
train,29,8,0.34,22,4,0.0,0.9230769230769231,0.75,0.8074074074074075,0.30434782608695654,0.9166666666666666,0.0064102564102564985,0.9197984441346889,0.5454545454545454,0.1037037037037037,0.30434782608695654,0.75,1.0,0.0,0.0,0.0,0,0,0.0,0,0
train,29,9,0.34,22,4,0.0,0.9166666666666666,0.75,0.8,0.25,0.9230769230769231,-0.0064102564102564985,0.91854573314748,0.5909090909090909,0.0962962962962963,0.25,1.0,0.0,0.0,0.0,1.0,0,0,0.0,0,0
train,29,10,0.34,22,4,0.0,0.9090909090909091,0.75,0.7851851851851852,0.44,0.9166666666666666,-0.007575757575757569,0.9147638035248516,0.5454545454545454,0.08888888888888889,0.12,0.75,0.0,0.0,0.0,1.0,0,0,0.0,0,0
train,29,11,0.34,22,4,0.0,0.9,0.75,0.762962962962963,0.52,0.9090909090909091,-0.009090909090909038,0.9088582821149109,0.5,0.08148148148148149,0.16,0.5,0.0,0.0,0.0,1.0,0,0,0.0,0,0
train,29,12,0.34,22,4,0.0,0.8888888888888888,0.75,0.7407407407407407,0.56,0.9,-0.011111111111111183,0.9008705248245021,0.45454545454545453,0.07407407407407407,0.12,1.0,0.0,1.0,0.0,0.0,1,2,0.14285714285714285,0,1
train,29,13,0.34,22,4,0.0,0.875,0.75,0.725925925925926,0.4583333333333333,0.8888888888888888,-0.01388888888888884,0.8905223148947012,0.4090909090909091,0.06666666666666667,0.20833333333333334,0.5,0.0,0.0,0.0,1.0,0,0,0.0,0,0
train,29,14,0.34,22,4,0.13636363636363635,0.8571428571428571,0.75,0.7111111111111111,0.5416666666666666,0.875,-0.017857142857142905,0.8771705317939635,0.36363636363636365,0.05925925925925926,0.125,1.0,0.0,1.0,0.0,0.0,1,2,0.14285714285714285,0,1
train,29,15,0.34,22,4,0.0,0.8333333333333334,0.75,0.6962962962962963,0.47619047619047616,0.8571428571428571,-0.023809523809523725,0.8596356524097115,0.3181818181818182,0.05185185185185185,0.19047619047619047,0.5,0.0,0.0,0.0,1.0,0,0,0.0,0,0
train,29,16,0.34,22,4,0.0,0.8,0.75,0.6814814814814815,0.5238095238095238,0.8333333333333334,-0.033333333333333326,0.835781391445827,0.2727272727272727,0.044444444444444446,0.14285714285714285,0.75,0.0,0.0,0.0,1.0,0,0,0.0,0,0
train,29,17,0.34,22,4,0.0,0.8333333333333334,0.75,0.6592592592592592,0.47619047619047616,0.8,0.033333333333333326,0.8348021682008295,0.22727272727272727,0.05185185185185185,0.23809523809523808,0.5,1.0,0.0,0.0,0.0,0,0,0.0,0,0
train,29,18,0.34,22,4,0.0,0.8,0.75,0.6444444444444445,0.4583333333333333,0.8333333333333334,-0.033333333333333326,0.8208813009204977,0.2727272727272727,0.044444444444444446,0.125,1.0,0.0,0.0,0.0,1.0,0,0,0.0,0,0
train,29,19,0.34,22,4,0.0,0.75,0.75,0.6296296296296297,0.5416666666666666,0.8,-0.050000000000000044,0.7925287805522987,0.22727272727272727,0.037037037037037035,0.08333333333333333,0.75,0.0,0.0,0.0,1.0,0,0,0.0,0,0
train,29,20,0.34,22,4,0.0,0.8,0.75,0.6074074074074074,0.5416666666666666,0.75,0.050000000000000044,0.7955172683313793,0.18181818181818182,0.044444444444444446,0.125,0.5,1.0,0.0,0.0,0.0,0,0,0.0,0,0
train,29,21,0.34,22,4,0.0,0.8333333333333334,0.75,0.5925925925925926,0.56,0.8,0.033333333333333326,0.8106436943321609,0.22727272727272727,0.05185185185185185,0.16,0.75,1.0,0.0,0.0,0.0,0,0,0.0,0,0
train,29,22,0.34,22,4,0.0,0.8,0.75,0.5703703703703704,0.52,0.8333333333333334,-0.033333333333333326,0.8063862165992965,0.2727272727272727,0.044444444444444446,0.12,1.0,0.0,0.0,0.0,1.0,0,0,0.0,0,0
train,29,23,0.34,22,4,0.0,0.8333333333333334,0.75,0.5555555555555556,0.56,0.8,0.033333333333333326,0.8171650632929113,0.22727272727272727,0.05185185185185185,0.12,0.5,1.0,0.0,0.0,0.0,0,0,0.0,0,0
train,29,24,0.34,22,4,0.0,0.8,0.75,0.5407407407407407,0.56,0.8333333333333334,-0.033333333333333326,0.8102990379757469,0.2727272727272727,0.044444444444444446,0.12,1.0,0.0,0.0,0.0,1.0,0,0,0.0,0,0
train,29,25,0.34,22,4,0.0,0.75,0.75,0.5259259259259259,0.5833333333333334,0.8,-0.050000000000000044,0.7861794227854482,0.22727272727272727,0.037037037037037035,0.125,0.5,0.0,0.0,0.0,1.0,0,0,0.0,0,0
train,29,26,0.34,22,4,0.0,0.6666666666666666,0.6666666666666666,0.5037037037037037,0.47619047619047616,0.75,-0.08333333333333337,0.7383743203379356,0.18181818181818182,0.02962962962962963,0.14285714285714285,0.75,0.0,1.0,0.0,0.0,0,0,0.0,0,0
train,29,27,0.34,22,4,0.0,0.5,0.5,0.4888888888888889,0.38095238095238093,0.6666666666666666,-0.16666666666666663,0.6430245922027613,0.13636363636363635,0.022222222222222223,0.23809523809523808,0.5,0.0,1.0,0.0,0.0,0,0,0.0,0,0
train,29,28,0.34,22,4,0.0,0.0,0.0,0.4666666666666667,0.2857142857142857,0.5,-0.5,0.38581475532165677,0.09090909090909091,0.014814814814814815,0.3333333333333333,0.5,0.0,1.0,0.0,0.0,0,0,0.0,0,0
train,29,29,0.34,22,4,0.0,0.0,0.0,0.4444444444444444,0.3,0.0,0.0,0.23148885319299406,0.045454545454545456,0.007407407407407408,0.4,0.5,0.0,1.0,0.0,0.0,0,0,0.0,0,0
train,30,0,0.18,20,2,0.0,0.9411764705882353,0.75,0.9629629629629629,0.7058823529411765,0.9411764705882353,0.0,0.9411764705882353,0.8181818181818182,0.13333333333333333,0.17647058823529413,0.25,0.0,0.0,0.0,1.0,0,0,0.0,0,0
train,30,1,0.18,20,2,0.0,0.9375,0.75,0.9407407407407408,0.6,0.9411764705882353,-0.003676470588235281,0.9397058823529412,0.7727272727272727,0.1259259259259259,0.2,0.75,0.0,1.0,0.0,0.0,0,0,0.0,0,0
train,30,2,0.18,20,2,0.0,0.9333333333333333,0.75,0.9259259259259259,0.5652173913043478,0.9375,-0.004166666666666652,0.9371568627450981,0.7272727272727273,0.11851851851851852,0.21739130434782608,0.5,0.0,0.0,0.0,1.0,0,0,0.0,0,0
train,30,3,0.18,20,2,0.0,0.9285714285714286,0.75,0.9111111111111111,0.5833333333333334,0.9333333333333333,-0.004761904761904745,0.9337226890756303,0.6818181818181818,0.1111111111111111,0.125,1.0,0.0,1.0,0.0,0.0,0,0,0.0,0,0
train,30,4,0.18,20,2,0.0,0.9230769230769231,0.75,0.8962962962962963,0.6,0.9285714285714286,-0.005494505494505475,0.9294643826761474,0.6363636363636364,0.1037037037037037,0.12,0.5,0.0,0.0,0.0,1.0,0,0,0.0,0,0
train,30,5,0.18,20,2,0.0,0.9166666666666666,0.75,0.8814814814814815,0.6,0.9230769230769231,-0.0064102564102564985,0.9243452962723551,0.5909090909090909,0.0962962962962963,0.08,1.0,0.0,1.0,0.0,0.0,1,2,0.13333333333333333,0,1
train,30,6,0.18,20,2,0.0,0.9090909090909091,0.75,0.8666666666666667,0.6,0.9166666666666666,-0.007575757575757569,0.9182435413997767,0.5454545454545454,0.08888888888888889,0.08,0.75,0.0,1.0,0.0,0.0,1,2,0.125,0,1
train,30,7,0.18,20,2,0.0,0.9,0.75,0.8444444444444444,0.56,0.9090909090909091,-0.009090909090909038,0.910946124839866,0.5,0.08148148148148149,0.08,0.75,0.0,0.0,0.0,1.0,0,0,0.0,0,0
train,30,8,0.18,20,2,0.07407407407407407,0.9090909090909091,0.75,0.8296296296296296,0.56,0.9,0.009090909090909038,0.9102040385402832,0.45454545454545453,0.08888888888888889,0.16,0.5,1.0,0.0,0.0,0.0,0,0,0.0,0,0
train,30,9,0.18,20,2,0.0,0.9,0.75,0.8222222222222222,0.44,0.9090909090909091,-0.009090909090909038,0.90612242312417,0.5,0.08148148148148149,0.16,1.0,0.0,0.0,0.0,1.0,0,0,0.0,0,0
train,30,10,0.18,20,2,0.0,0.8888888888888888,0.75,0.8074074074074075,0.52,0.9,-0.011111111111111183,0.8992290094300575,0.45454545454545453,0.07407407407407407,0.12,0.75,0.0,0.0,0.0,1.0,0,0,0.0,0,0
train,30,11,0.18,20,2,0.0,0.875,0.75,0.7851851851851852,0.56,0.8888888888888888,-0.01388888888888884,0.8895374056580345,0.4090909090909091,0.06666666666666667,0.04,1.0,0.0,1.0,0.0,0.0,1,2,0.15384615384615385,0,1
train,30,12,0.18,20,2,0.0,0.8571428571428571,0.75,0.7703703703703704,0.48,0.875,-0.017857142857142905,0.8765795862519635,0.36363636363636365,0.05925925925925926,0.08,0.75,0.0,1.0,0.0,0.0,1,2,0.14285714285714285,0,1
train,30,13,0.18,20,2,0.15000000000000002,0.8333333333333334,0.75,0.7481481481481481,0.4166666666666667,0.8571428571428571,-0.023809523809523725,0.8592810850845115,0.3181818181818182,0.05185185185185185,0.125,1.0,0.0,1.0,0.0,0.0,1,2,0.13333333333333333,0,1
train,30,14,0.18,20,2,0.0,0.8,0.75,0.725925925925926,0.42857142857142855,0.8333333333333334,-0.033333333333333326,0.835568651050707,0.2727272727272727,0.044444444444444446,0.14285714285714285,0.75,0.0,0.0,0.0,1.0,0,0,0.0,0,0
train,30,15,0.18,20,2,0.0,0.75,0.75,0.7111111111111111,0.42857142857142855,0.8,-0.050000000000000044,0.8013411906304242,0.22727272727272727,0.037037037037037035,0.09523809523809523,0.75,0.0,0.0,0.0,1.0,1,2,0.13333333333333333,0,1
train,30,16,0.18,20,2,0.0,0.8,0.75,0.6888888888888889,0.42857142857142855,0.75,0.050000000000000044,0.8008047143782546,0.18181818181818182,0.044444444444444446,0.19047619047619047,0.5,1.0,0.0,0.0,0.0,0,0,0.0,0,1
train,30,17,0.18,20,2,0.0,0.8333333333333334,0.75,0.674074074074074,0.375,0.8,0.033333333333333326,0.8138161619602862,0.22727272727272727,0.05185185185185185,0.16666666666666666,0.75,1.0,0.0,0.0,0.0,0,0,0.0,0,1
train,30,18,0.18,20,2,0.0,0.8181818181818182,0.5,0.6592592592592592,0.36,0.8333333333333334,-0.015151515151515138,0.815562424448899,0.2727272727272727,0.08888888888888889,0.24,0.5,0.0,0.0,1.0,0.0,0,0,0.0,0,0
train,30,19,0.18,20,2,0.08333333333333337,0.9,0.75,0.6592592592592592,0.2,0.8181818181818182,0.08181818181818179,0.8493374546693395,0.3181818181818182,0.08148148148148149,0.2,1.0,1.0,0.0,0.0,0.0,0,0,0.0,0,0
train,30,20,0.18,20,2,0.0,0.8888888888888888,0.75,0.6518518518518519,0.32,0.9,-0.011111111111111183,0.8651580283571592,0.36363636363636365,0.07407407407407407,0.12,0.75,1.0,0.0,0.0,0.0,0,0,0.0,0,0
train,30,21,0.18,20,2,0.0,0.875,0.75,0.6370370370370371,0.44,0.8888888888888888,-0.01388888888888884,0.8690948170142956,0.4090909090909091,0.06666666666666667,0.04,1.0,0.0,0.0,0.0,1.0,0,0,0.0,0,0
train,30,22,0.18,20,2,0.0,0.8888888888888888,0.75,0.6222222222222222,0.44,0.875,0.01388888888888884,0.8770124457641328,0.36363636363636365,0.07407407407407407,0.12,0.5,1.0,0.0,0.0,0.0,0,0,0.0,0,0
train,30,23,0.18,20,2,0.0,0.875,0.75,0.6074074074074074,0.5416666666666666,0.8888888888888888,-0.01388888888888884,0.8762074674584797,0.4090909090909091,0.06666666666666667,0.08333333333333333,1.0,0.0,0.0,0.0,1.0,0,0,0.0,0,0
train,30,24,0.18,20,2,0.0,0.8571428571428571,0.75,0.5925925925925926,0.5416666666666666,0.875,-0.017857142857142905,0.8685816233322307,0.36363636363636365,0.05925925925925926,0.125,0.75,0.0,0.0,0.0,1.0,0,0,0.0,0,0
train,30,25,0.18,20,2,0.0,0.8333333333333334,0.75,0.5703703703703704,0.5416666666666666,0.8571428571428571,-0.023809523809523725,0.8544823073326717,0.3181818181818182,0.05185185185185185,0.08333333333333333,0.75,0.0,1.0,0.0,0.0,0,0,0.0,0,0
train,30,26,0.18,20,2,0.0,0.8,0.75,0.5555555555555556,0.44,0.8333333333333334,-0.033333333333333326,0.832689384399603,0.2727272727272727,0.044444444444444446,0.2,0.5,0.0,0.0,0.0,1.0,0,0,0.0,0,0
train,30,27,0.18,20,2,0.0,0.75,0.75,0.5407407407407407,0.5416666666666666,0.8,-0.050000000000000044,0.7996136306397619,0.22727272727272727,0.037037037037037035,0.125,0.75,0.0,1.0,0.0,0.0,0,0,0.0,0,0
train,30,28,0.18,20,2,0.0,0.6666666666666666,0.6666666666666666,0.5259259259259259,0.5,0.75,-0.08333333333333337,0.7464348450505238,0.18181818181818182,0.02962962962962963,0.25,0.5,0.0,1.0,0.0,0.0,0,0,0.0,0,0
train,30,29,0.18,20,2,0.0,0.5,0.5,0.5037037037037037,0.4166666666666667,0.6666666666666666,-0.16666666666666663,0.6478609070303143,0.13636363636363635,0.022222222222222223,0.25,0.75,0.0,1.0,0.0,0.0,0,0,0.0,0,0
train,30,30,0.18,20,2,0.0,0.0,0.0,0.48148148148148145,0.34782608695652173,0.5,-0.5,0.3887165442181886,0.09090909090909091,0.014814814814814815,0.30434782608695654,0.75,0.0,1.0,0.0,0.0,0,0,0.0,0,0
train,30,31,0.18,20,2,0.0,0.0,0.0,0.45925925925925926,0.3,0.0,0.0,0.23322992653091312,0.045454545454545456,0.007407407407407408,0.25,0.75,0.0,0.0,0.0,1.0,0,0,0.0,0,0
train,31,0,0.22,20,2,0.0,0.9411764705882353,0.75,0.9629629629629629,0.7058823529411765,0.9411764705882353,0.0,0.9411764705882353,0.8181818181818182,0.13333333333333333,0.11764705882352941,0.5,0.0,1.0,0.0,0.0,0,0,0.0,0,0
train,31,1,0.22,20,2,0.0,0.9375,0.75,0.9407407407407408,0.6,0.9411764705882353,-0.003676470588235281,0.9397058823529412,0.7727272727272727,0.1259259259259259,0.15,0.75,0.0,1.0,0.0,0.0,0,0,0.0,0,0
train,31,2,0.22,20,2,0.0,0.9333333333333333,0.75,0.9185185185185185,0.47619047619047616,0.9375,-0.004166666666666652,0.9371568627450981,0.7272727272727273,0.11851851851851852,0.19047619047619047,0.75,0.0,1.0,0.0,0.0,1,2,0.1111111111111111,0,1
train,31,3,0.22,20,2,0.0,0.9285714285714286,0.75,0.8962962962962963,0.47619047619047616,0.9333333333333333,-0.004761904761904745,0.9337226890756303,0.6818181818181818,0.1111111111111111,0.14285714285714285,0.75,0.0,1.0,0.0,0.0,1,2,0.10526315789473684,0,1
train,31,4,0.22,20,2,0.0,0.9230769230769231,0.75,0.8740740740740741,0.47619047619047616,0.9285714285714286,-0.005494505494505475,0.9294643826761474,0.6363636363636364,0.1037037037037037,0.14285714285714285,0.75,0.0,1.0,0.0,0.0,1,2,0.1,0,1
train,31,5,0.22,20,2,0.0,0.9166666666666666,0.75,0.8518518518518519,0.45,0.9230769230769231,-0.0064102564102564985,0.9243452962723551,0.5909090909090909,0.0962962962962963,0.2,0.5,0.0,0.0,0.0,1.0,0,0,0.0,0,0
train,31,6,0.22,20,2,0.0,0.9090909090909091,0.75,0.837037037037037,0.4782608695652174,0.9166666666666666,-0.007575757575757569,0.9182435413997767,0.5454545454545454,0.08888888888888889,0.17391304347826086,0.75,0.0,0.0,0.0,1.0,0,0,0.0,0,0
train,31,7,0.22,20,2,0.09523809523809523,0.9,0.75,0.8148148148148148,0.5,0.9090909090909091,-0.009090909090909038,0.910946124839866,0.5,0.08148148148148149,0.16666666666666666,0.75,0.0,1.0,0.0,0.0,1,2,0.10526315789473684,0,1
train,31,8,0.22,20,2,0.0,0.8888888888888888,0.75,0.8,0.47619047619047616,0.9,-0.011111111111111183,0.9021232304594751,0.45454545454545453,0.07407407407407407,0.19047619047619047,0.5,0.0,0.0,0.0,1.0,1,2,0.1,0,1
train,31,9,0.22,20,2,0.0,0.7857142857142857,0.25,0.7851851851851852,0.47619047619047616,0.8888888888888888,-0.10317460317460314,0.8555596525613993,0.4090909090909091,0.1111111111111111,0.2857142857142857,0.25,0.0,0.0,1.0,0.0,0,0,0.0,0,0
train,31,10,0.22,20,2,0.0,0.8461538461538461,0.5,0.7851851851851852,0.38095238095238093,0.7857142857142857,0.06043956043956045,0.8517973299983781,0.45454545454545453,0.1037037037037037,0.2857142857142857,0.5,1.0,0.0,0.0,0.0,0,0,0.0,0,0
train,31,11,0.22,20,2,0.0,0.9166666666666666,0.75,0.7851851851851852,0.3333333333333333,0.8461538461538461,0.07051282051282048,0.8777450646656936,0.5,0.0962962962962963,0.2916666666666667,0.75,1.0,0.0,0.0,0.0,0,0,0.0,0,0
train,31,12,0.22,20,2,0.0,0.9090909090909091,0.75,0.7703703703703704,0.32,0.9166666666666666,-0.007575757575757569,0.8902834024357797,0.5454545454545454,0.08888888888888889,0.16,1.0,0.0,0.0,0.0,1.0,0,0,0.0,0,0
train,31,13,0.22,20,2,0.0,0.9,0.75,0.7555555555555555,0.4,0.9090909090909091,-0.009090909090909038,0.894170041461468,0.5,0.08148148148148149,0.16,0.5,0.0,0.0,0.0,1.0,0,0,0.0,0,0
train,31,14,0.22,20,2,0.0,0.8888888888888888,0.75,0.7333333333333333,0.48,0.9,-0.011111111111111183,0.8920575804324362,0.45454545454545453,0.07407407407407407,0.2,0.5,0.0,0.0,0.0,1.0,0,0,0.0,0,0
train,31,15,0.22,20,2,0.0,0.875,0.75,0.7111111111111111,0.52,0.8888888888888888,-0.01388888888888884,0.8852345482594617,0.4090909090909091,0.06666666666666667,0.2,1.0,0.0,1.0,0.0,0.0,1,2,0.13333333333333333,0,1
train,31,16,0.22,20,2,0.11111111111111116,0.8571428571428571,0.75,0.6962962962962963,0.4166666666666667,0.875,-0.017857142857142905,0.8739978718128198,0.36363636363636365,0.05925925925925926,0.20833333333333334,0.5,0.0,1.0,0.0,0.0,1,2,0.125,0,1
train,31,17,0.22,20,2,0.0,0.7,0.25,0.6814814814814815,0.2857142857142857,0.8571428571428571,-0.15714285714285714,0.8043987230876919,0.3181818181818182,0.08148148148148149,0.3333333333333333,0.25,1.0,0.0,0.0,0.0,0,0,0.0,0,0
train,31,18,0.22,20,2,0.0,0.7777777777777778,0.5,0.6814814814814815,0.3333333333333333,0.7,0.07777777777777783,0.7937503449637262,0.36363636363636365,0.07407407407407407,0.2916666666666667,0.5,1.0,0.0,0.0,0.0,0,0,0.0,0,0
train,31,19,0.22,20,2,0.0,0.875,0.75,0.6814814814814815,0.36,0.7777777777777778,0.09722222222222221,0.8262502069782358,0.4090909090909091,0.06666666666666667,0.32,1.0,0.0,0.0,0.0,1.0,1,2,0.13333333333333333,0,1
train,31,20,0.22,20,2,0.0,0.8461538461538461,0.5,0.6666666666666666,0.48,0.875,-0.028846153846153855,0.8342116626484799,0.36363636363636365,0.1037037037037037,0.24,0.25,0.0,0.0,1.0,0.0,0,0,0.0,0,0
train,31,21,0.22,20,2,0.05555555555555558,0.9166666666666666,0.75,0.6666666666666666,0.28,0.8461538461538461,0.07051282051282048,0.8671936642557546,0.4090909090909091,0.0962962962962963,0.4,1.0,1.0,0.0,0.0,0.0,0,0,0.0,0,0
train,31,22,0.22,20,2,0.0,0.9090909090909091,0.75,0.6592592592592592,0.4,0.9166666666666666,-0.007575757575757569,0.8839525621898164,0.45454545454545453,0.08888888888888889,0.24,0.5,1.0,0.0,0.0,0.0,0,0,0.0,0,0
train,31,23,0.22,20,2,0.0,0.9,0.75,0.6370370370370371,0.52,0.9090909090909091,-0.009090909090909038,0.8903715373138898,0.5,0.08148148148148149,0.12,1.0,0.0,0.0,0.0,1.0,0,0,0.0,0,0
train,31,24,0.22,20,2,0.0,0.8888888888888888,0.75,0.6222222222222222,0.48,0.9,-0.011111111111111183,0.8897784779438895,0.45454545454545453,0.07407407407407407,0.16,0.75,0.0,0.0,0.0,1.0,0,0,0.0,0,0
train,31,25,0.22,20,2,0.0,0.9,0.75,0.6,0.48,0.8888888888888888,0.011111111111111183,0.8938670867663336,0.4090909090909091,0.08148148148148149,0.16,0.5,1.0,0.0,0.0,0.0,0,0,0.0,0,0
train,31,26,0.22,20,2,0.0,0.8888888888888888,0.75,0.5851851851851851,0.5,0.9,-0.011111111111111183,0.8918758076153557,0.45454545454545453,0.07407407407407407,0.16666666666666666,1.0,0.0,0.0,0.0,1.0,0,0,0.0,0,0
train,31,27,0.22,20,2,0.0,0.875,0.75,0.5703703703703704,0.5416666666666666,0.8888888888888888,-0.01388888888888884,0.8851254845692134,0.4090909090909091,0.06666666666666667,0.08333333333333333,0.75,0.0,0.0,0.0,1.0,0,0,0.0,0,0
train,31,28,0.22,20,2,0.0,0.8571428571428571,0.75,0.5481481481481482,0.5416666666666666,0.875,-0.017857142857142905,0.8739324335986709,0.36363636363636365,0.05925925925925926,0.08333333333333333,0.75,0.0,1.0,0.0,0.0,0,0,0.0,0,0
train,31,29,0.22,20,2,0.0,0.8333333333333334,0.75,0.5333333333333333,0.48,0.8571428571428571,-0.023809523809523725,0.8576927934925359,0.3181818181818182,0.05185185185185185,0.12,0.75,0.0,1.0,0.0,0.0,0,0,0.0,0,0
train,31,30,0.22,20,2,0.0,0.8,0.75,0.5111111111111111,0.4,0.8333333333333334,-0.033333333333333326,0.8346156760955216,0.2727272727272727,0.044444444444444446,0.24,0.75,0.0,1.0,0.0,0.0,0,0,0.0,0,0
train,31,31,0.22,20,2,0.0,0.75,0.75,0.4888888888888889,0.44,0.8,-0.050000000000000044,0.8007694056573129,0.22727272727272727,0.037037037037037035,0.16,1.0,0.0,1.0,0.0,0.0,0,0,0.0,0,0
train,31,32,0.22,20,2,0.125,0.6666666666666666,0.6666666666666666,0.4666666666666667,0.4583333333333333,0.75,-0.08333333333333337,0.7471283100610544,0.18181818181818182,0.02962962962962963,0.125,1.0,0.0,1.0,0.0,0.0,1,2,0.5,0,1
train,31,33,0.22,20,2,0.0,0.5,0.5,0.4444444444444444,0.42857142857142855,0.6666666666666666,-0.16666666666666663,0.6482769860366326,0.13636363636363635,0.037037037037037035,0.14285714285714285,0.5,1.0,0.0,0.0,0.0,0,0,0.0,0,0
train,31,34,0.22,20,2,0.0,0.6666666666666666,0.6666666666666666,0.4444444444444444,0.3333333333333333,0.5,0.16666666666666663,0.6556328582886463,0.18181818181818182,0.02962962962962963,0.20833333333333334,1.0,0.0,0.0,0.0,1.0,0,0,0.0,0,0
train,31,35,0.22,20,2,0.0,0.5,0.5,0.43703703703703706,0.4166666666666667,0.6666666666666666,-0.16666666666666663,0.5933797149731878,0.13636363636363635,0.022222222222222223,0.125,0.75,0.0,0.0,0.0,1.0,0,0,0.0,0,0
train,31,36,0.22,20,2,0.0,0.0,0.0,0.4148148148148148,0.4782608695652174,0.5,-0.5,0.35602782898391266,0.09090909090909091,0.014814814814814815,0.13043478260869565,0.75,0.0,1.0,0.0,0.0,0,0,0.0,0,0
train,31,37,0.22,20,2,0.0,0.0,0.0,0.4,0.35,0.0,0.0,0.21361669739034758,0.045454545454545456,0.007407407407407408,0.2,0.5,0.0,0.0,0.0,1.0,0,0,0.0,0,0
train,32,0,0.26,20,2,0.0,0.9411764705882353,0.75,0.9629629629629629,0.7058823529411765,0.9411764705882353,0.0,0.9411764705882353,0.8181818181818182,0.13333333333333333,0.11764705882352941,0.5,0.0,1.0,0.0,0.0,1,2,0.1,0,1
train,32,1,0.26,20,2,0.0,0.9375,0.75,0.9407407407407408,0.6,0.9411764705882353,-0.003676470588235281,0.9397058823529412,0.7727272727272727,0.1259259259259259,0.2,0.5,0.0,1.0,0.0,0.0,0,0,0.0,0,0
train,32,2,0.26,20,2,0.0,0.9333333333333333,0.75,0.9185185185185185,0.47619047619047616,0.9375,-0.004166666666666652,0.9371568627450981,0.7272727272727273,0.11851851851851852,0.23809523809523808,0.75,0.0,1.0,0.0,0.0,0,0,0.0,0,0
train,32,3,0.26,20,2,0.0,0.9285714285714286,0.75,0.8962962962962963,0.47619047619047616,0.9333333333333333,-0.004761904761904745,0.9337226890756303,0.6818181818181818,0.1111111111111111,0.19047619047619047,0.75,0.0,1.0,0.0,0.0,1,2,0.10526315789473684,0,1
train,32,4,0.26,20,2,0.0,0.9230769230769231,0.75,0.8740740740740741,0.47619047619047616,0.9285714285714286,-0.005494505494505475,0.9294643826761474,0.6363636363636364,0.1037037037037037,0.19047619047619047,0.5,0.0,0.0,0.0,1.0,0,0,0.0,0,0
train,32,5,0.26,20,2,0.0,0.9166666666666666,0.75,0.8592592592592593,0.5,0.9230769230769231,-0.0064102564102564985,0.9243452962723551,0.5909090909090909,0.0962962962962963,0.16666666666666666,1.0,0.0,1.0,0.0,0.0,1,2,0.10526315789473684,0,1
train,32,6,0.26,20,2,0.10526315789473684,0.9090909090909091,0.75,0.8444444444444444,0.5217391304347826,0.9166666666666666,-0.007575757575757569,0.9182435413997767,0.5454545454545454,0.08888888888888889,0.13043478260869565,0.5,0.0,1.0,0.0,0.0,1,2,0.1,0,1
train,32,7,0.26,20,2,0.0,0.7857142857142857,0.25,0.8222222222222222,0.45,0.9090909090909091,-0.12337662337662336,0.8652318391255803,0.5,0.1111111111111111,0.25,0.25,1.0,0.0,0.0,0.0,0,0,0.0,0,0
train,32,8,0.26,20,2,0.0,0.8461538461538461,0.5,0.8222222222222222,0.391304347826087,0.7857142857142857,0.06043956043956045,0.8576006419368867,0.5454545454545454,0.1037037037037037,0.2608695652173913,0.5,1.0,0.0,0.0,0.0,0,0,0.0,0,0
train,32,9,0.26,20,2,0.0,0.9166666666666666,0.75,0.8222222222222222,0.2916666666666667,0.8461538461538461,0.07051282051282048,0.8812270518287987,0.5909090909090909,0.0962962962962963,0.3333333333333333,1.0,0.0,0.0,0.0,1.0,0,0,0.0,0,0
train,32,10,0.26,20,2,0.0,0.9090909090909091,0.75,0.8074074074074075,0.44,0.9166666666666666,-0.007575757575757569,0.8923725947336428,0.5454545454545454,0.08888888888888889,0.16,0.75,0.0,0.0,0.0,1.0,0,0,0.0,0,0
train,32,11,0.26,20,2,0.0,0.9,0.75,0.7851851851851852,0.52,0.9090909090909091,-0.009090909090909038,0.8954235568401858,0.5,0.08148148148148149,0.12,0.75,0.0,1.0,0.0,0.0,1,2,0.11764705882352941,0,1
train,32,12,0.26,20,2,0.0,0.8461538461538461,0.5,0.7703703703703704,0.4166666666666667,0.9,-0.05384615384615388,0.87571567256565,0.45454545454545453,0.1037037037037037,0.25,0.25,1.0,0.0,0.0,0.0,0,0,0.0,0,0
train,32,13,0.26,20,2,0.0,0.9166666666666666,0.75,0.7703703703703704,0.44,0.8461538461538461,0.07051282051282048,0.8920960702060566,0.5,0.0962962962962963,0.2,0.75,1.0,0.0,0.0,0.0,0,0,0.0,0,0
train,32,14,0.26,20,2,0.0,0.9090909090909091,0.75,0.7555555555555555,0.4,0.9166666666666666,-0.007575757575757569,0.8988940057599976,0.5454545454545454,0.08888888888888889,0.2,0.75,0.0,0.0,0.0,1.0,0,0,0.0,0,0
train,32,15,0.26,20,2,0.0,0.9166666666666666,0.75,0.7407407407407407,0.52,0.9090909090909091,0.007575757575757569,0.9060030701226652,0.5,0.0962962962962963,0.16,0.5,1.0,0.0,0.0,0.0,0,0,0.0,0,0
train,32,16,0.26,20,2,0.0,0.9090909090909091,0.75,0.725925925925926,0.52,0.9166666666666666,-0.007575757575757569,0.9072382057099627,0.5454545454545454,0.08888888888888889,0.16,0.75,0.0,0.0,0.0,1.0,0,0,0.0,0,0
train,32,17,0.26,20,2,0.0,0.9,0.75,0.7111111111111111,0.6,0.9090909090909091,-0.009090909090909038,0.9043429234259777,0.5,0.08148148148148149,0.16,0.5,0.0,0.0,0.0,1.0,0,0,0.0,0,0
train,32,18,0.26,20,2,0.0,0.8888888888888888,0.75,0.6888888888888889,0.56,0.9,-0.011111111111111183,0.898161309611142,0.45454545454545453,0.07407407407407407,0.2,0.5,0.0,1.0,0.0,0.0,0,0,0.0,0,0
train,32,19,0.26,20,2,0.0,0.875,0.75,0.674074074074074,0.48,0.8888888888888888,-0.01388888888888884,0.8888967857666852,0.4090909090909091,0.06666666666666667,0.2,0.75,0.0,1.0,0.0,0.0,1,2,0.18181818181818182,0,1
train,32,20,0.26,20,2,0.0,0.8571428571428571,0.75,0.6518518518518519,0.4,0.875,-0.017857142857142905,0.876195214317154,0.36363636363636365,0.05925925925925926,0.24,0.75,0.0,1.0,0.0,0.0,1,2,0.16666666666666666,0,1
train,32,21,0.26,20,2,0.1875,0.8333333333333334,0.75,0.6296296296296297,0.4166666666666667,0.8571428571428571,-0.023809523809523725,0.8590504619236258,0.3181818181818182,0.05185185185185185,0.16666666666666666,1.0,0.0,1.0,0.0,0.0,1,2,0.15384615384615385,0,1
train,32,22,0.26,20,2,0.0,0.8,0.75,0.6074074074074074,0.38095238095238093,0.8333333333333334,-0.033333333333333326,0.8354302771541755,0.2727272727272727,0.044444444444444446,0.19047619047619047,0.75,0.0,0.0,0.0,1.0,1,2,0.14285714285714285,0,1
train,32,23,0.26,20,2,0.06666666666666665,0.8333333333333334,0.75,0.5925925925925926,0.42857142857142855,0.8,0.033333333333333326,0.8345914996258387,0.22727272727272727,0.05185185185185185,0.19047619047619047,0.5,1.0,0.0,0.0,0.0,0,0,0.0,0,1
train,32,24,0.26,20,2,0.0,0.6363636363636364,0.0,0.5851851851851851,0.2916666666666667,0.8333333333333334,-0.19696969696969702,0.7553003543209578,0.2727272727272727,0.08888888888888889,0.2916666666666667,0.5,0.0,0.0,1.0,0.0,0,0,0.0,0,0
train,32,25,0.26,20,2,0.0,0.7,0.25,0.5851851851851851,0.16666666666666666,0.6363636363636364,0.0636363636363636,0.7331802125925746,0.3181818181818182,0.08148148148148149,0.3333333333333333,1.0,1.0,0.0,0.0,0.0,0,0,0.0,0,0
train,32,26,0.26,20,2,0.0,0.7777777777777778,0.5,0.5851851851851851,0.12,0.7,0.07777777777777783,0.7510192386666559,0.36363636363636365,0.07407407407407407,0.32,0.75,1.0,0.0,0.0,0.0,0,0,0.0,0,0
train,32,27,0.26,20,2,0.07692307692307687,0.875,0.75,0.5851851851851851,0.24,0.7777777777777778,0.09722222222222221,0.8006115431999936,0.4090909090909091,0.06666666666666667,0.24,0.75,0.0,0.0,0.0,1.0,0,0,0.0,0,0
train,32,28,0.26,20,2,0.0,0.8571428571428571,0.75,0.5777777777777777,0.36,0.875,-0.017857142857142905,0.823224068777139,0.36363636363636365,0.05925925925925926,0.2,0.5,0.0,0.0,0.0,1.0,0,0,0.0,0,0
train,32,29,0.26,20,2,0.04761904761904767,0.8333333333333334,0.75,0.5555555555555556,0.44,0.8571428571428571,-0.023809523809523725,0.8272677745996168,0.3181818181818182,0.05185185185185185,0.24,0.75,0.0,1.0,0.0,0.0,1,2,0.2222222222222222,0,1
train,32,30,0.26,20,2,0.0,0.8,0.75,0.5481481481481482,0.36,0.8333333333333334,-0.033333333333333326,0.8163606647597701,0.2727272727272727,0.044444444444444446,0.2,0.5,0.0,0.0,0.0,1.0,1,2,0.2,0,1
train,32,31,0.26,20,2,0.0,0.75,0.75,0.5333333333333333,0.48,0.8,-0.050000000000000044,0.7898163988558621,0.22727272727272727,0.037037037037037035,0.2,0.5,0.0,1.0,0.0,0.0,1,2,0.18181818181818182,0,1
train,32,32,0.26,20,2,0.125,0.6666666666666666,0.6666666666666666,0.5185185185185185,0.4166666666666667,0.75,-0.08333333333333337,0.740556505980184,0.18181818181818182,0.02962962962962963,0.20833333333333334,0.75,0.0,1.0,0.0,0.0,1,2,0.16666666666666666,0,1
train,32,33,0.26,20,2,0.0,0.5,0.5,0.5037037037037037,0.2857142857142857,0.6666666666666666,-0.16666666666666663,0.6443339035881104,0.13636363636363635,0.037037037037037035,0.3333333333333333,0.25,1.0,0.0,0.0,0.0,0,0,0.0,0,0
train,32,34,0.26,20,2,0.0714285714285714,0.6666666666666666,0.6666666666666666,0.5037037037037037,0.3333333333333333,0.5,0.16666666666666663,0.6532670088195329,0.18181818181818182,0.02962962962962963,0.2916666666666667,0.75,0.0,0.0,0.0,1.0,1,2,0.16666666666666666,0,1
train,32,35,0.26,20,2,0.0,0.5833333333333334,0.0,0.4962962962962963,0.4583333333333333,0.6666666666666666,-0.08333333333333326,0.6252935386250531,0.13636363636363635,0.0962962962962963,0.2916666666666667,0.25,0.0,0.0,1.0,0.0,0,0,0.0,0,0
train,32,36,0.26,20,2,0.0,0.6363636363636364,0.0,0.4962962962962963,0.2916666666666667,0.5833333333333334,0.05303030303030298,0.6297215777204864,0.18181818181818182,0.08888888888888889,0.3333333333333333,0.75,1.0,0.0,0.0,0.0,0,0,0.0,0,0
train,32,37,0.26,20,2,0.0,0.7,0.25,0.4962962962962963,0.28,0.6363636363636364,0.0636363636363636,0.6578329466322919,0.22727272727272727,0.08148148148148149,0.32,0.5,0.0,0.0,1.0,0.0,0,0,0.0,0,0
train,32,38,0.26,20,2,0.0,0.7777777777777778,0.5,0.4962962962962963,0.2,0.7,0.07777777777777783,0.7058108790904862,0.2727272727272727,0.07407407407407407,0.24,0.5,1.0,0.0,0.0,0.0,0,0,0.0,0,0
train,32,39,0.26,20,2,0.0,0.875,0.75,0.4962962962962963,0.32,0.7777777777777778,0.09722222222222221,0.7734865274542917,0.3181818181818182,0.06666666666666667,0.28,0.75,1.0,0.0,0.0,0.0,0,0,0.0,0,0
train,32,40,0.26,20,2,0.0,0.8571428571428571,0.75,0.48148148148148145,0.4,0.875,-0.017857142857142905,0.8069490593297178,0.36363636363636365,0.05925925925925926,0.2,0.75,0.0,0.0,0.0,1.0,0,0,0.0,0,0
train,32,41,0.26,20,2,0.0,0.8333333333333334,0.75,0.4666666666666667,0.44,0.8571428571428571,-0.023809523809523725,0.817502768931164,0.3181818181818182,0.05185185185185185,0.12,0.75,0.0,0.0,0.0,1.0,0,0,0.0,0,0
train,32,42,0.26,20,2,0.052631578947368474,0.8,0.75,0.4444444444444444,0.44,0.8333333333333334,-0.033333333333333326,0.8105016613586984,0.2727272727272727,0.044444444444444446,0.12,1.0,0.0,1.0,0.0,0.0,0,0,0.0,0,0
train,32,43,0.26,20,2,0.0,0.75,0.75,0.43703703703703706,0.28,0.8,-0.050000000000000044,0.786300996815219,0.22727272727272727,0.037037037037037035,0.16,0.5,0.0,0.0,0.0,1.0,0,0,0.0,0,0
train,32,44,0.26,20,2,0.0625,0.6666666666666666,0.6666666666666666,0.4222222222222222,0.4166666666666667,0.75,-0.08333333333333337,0.738447264755798,0.18181818181818182,0.02962962962962963,0.125,1.0,0.0,1.0,0.0,0.0,0,0,0.0,0,0
train,32,45,0.26,20,2,0.0,0.5,0.5,0.4148148148148148,0.375,0.6666666666666666,-0.16666666666666663,0.6430683588534788,0.13636363636363635,0.022222222222222223,0.16666666666666666,0.5,0.0,0.0,0.0,1.0,0,0,0.0,0,0
train,32,46,0.26,20,2,0.0,0.0,0.0,0.4,0.42857142857142855,0.5,-0.5,0.38584101531208725,0.09090909090909091,0.014814814814814815,0.14285714285714285,0.75,0.0,1.0,0.0,0.0,0,0,0.0,0,0
train,32,47,0.26,20,2,0.0,0.0,0.0,0.3851851851851852,0.35,0.0,0.0,0.23150460918725235,0.045454545454545456,0.007407407407407408,0.25,0.5,0.0,1.0,0.0,0.0,0,0,0.0,0,0
train,33,0,0.3,20,2,0.0,0.9411764705882353,0.75,0.9629629629629629,0.7058823529411765,0.9411764705882353,0.0,0.9411764705882353,0.8181818181818182,0.13333333333333333,0.17647058823529413,0.25,0.0,1.0,0.0,0.0,0,0,0.0,0,0
train,33,1,0.3,20,2,0.0,0.9375,0.75,0.9407407407407408,0.6,0.9411764705882353,-0.003676470588235281,0.9397058823529412,0.7727272727272727,0.1259259259259259,0.25,0.5,0.0,1.0,0.0,0.0,0,0,0.0,0,0
train,33,2,0.3,20,2,0.0,0.9333333333333333,0.75,0.9185185185185185,0.47619047619047616,0.9375,-0.004166666666666652,0.9371568627450981,0.7272727272727273,0.11851851851851852,0.2857142857142857,0.75,0.0,1.0,0.0,0.0,0,0,0.0,0,0
train,33,3,0.3,20,2,0.0,0.9285714285714286,0.75,0.8962962962962963,0.47619047619047616,0.9333333333333333,-0.004761904761904745,0.9337226890756303,0.6818181818181818,0.1111111111111111,0.23809523809523808,0.5,0.0,0.0,0.0,1.0,0,0,0.0,0,0
train,33,4,0.3,20,2,0.0,0.9230769230769231,0.75,0.8814814814814815,0.5,0.9285714285714286,-0.005494505494505475,0.9294643826761474,0.6363636363636364,0.1037037037037037,0.20833333333333334,1.0,0.0,1.0,0.0,0.0,1,2,0.125,0,1
train,33,5,0.3,20,2,0.0,0.8571428571428571,0.5,0.8666666666666667,0.5416666666666666,0.9230769230769231,-0.06593406593406603,0.9005357724628312,0.5909090909090909,0.1111111111111111,0.20833333333333334,0.25,1.0,0.0,0.0,0.0,0,0,0.0,0,0
train,33,6,0.3,20,2,0.0,0.9230769230769231,0.75,0.8666666666666667,0.4166666666666667,0.8571428571428571,0.06593406593406603,0.909552232708468,0.6363636363636364,0.1037037037037037,0.2916666666666667,1.0,0.0,0.0,0.0,1.0,0,0,0.0,0,0
train,33,7,0.3,20,2,0.0,0.9166666666666666,0.75,0.8518518518518519,0.48,0.9230769230769231,-0.0064102564102564985,0.9123980062917475,0.5909090909090909,0.0962962962962963,0.2,0.75,0.0,0.0,0.0,1.0,0,0,0.0,0,0
train,33,8,0.3,20,2,0.0,0.9090909090909091,0.75,0.8296296296296296,0.56,0.9166666666666666,-0.007575757575757569,0.9110751674114121,0.5454545454545454,0.08888888888888889,0.08,0.75,0.0,0.0,0.0,1.0,0,0,0.0,0,0
train,33,9,0.3,20,2,0.0,0.9,0.75,0.8074074074074075,0.56,0.9090909090909091,-0.009090909090909038,0.9066451004468472,0.5,0.08148148148148149,0.16,0.5,0.0,0.0,0.0,1.0,0,0,0.0,0,0
train,33,10,0.3,20,2,0.0,0.8888888888888888,0.75,0.7851851851851852,0.56,0.9,-0.011111111111111183,0.8995426158236639,0.45454545454545453,0.07407407407407407,0.16,0.75,0.0,1.0,0.0,0.0,1,2,0.16666666666666666,0,1
train,33,11,0.3,20,2,0.0,0.875,0.75,0.7703703703703704,0.52,0.8888888888888888,-0.01388888888888884,0.8897255694941983,0.4090909090909091,0.06666666666666667,0.2,0.75,0.0,1.0,0.0,0.0,1,2,0.15384615384615385,0,1
train,33,12,0.3,20,2,0.09523809523809523,0.8571428571428571,0.75,0.7481481481481481,0.5,0.875,-0.017857142857142905,0.8766924845536619,0.36363636363636365,0.05925925925925926,0.16666666666666666,0.75,0.0,1.0,0.0,0.0,1,2,0.14285714285714285,0,1
train,33,13,0.3,20,2,0.0,0.7,0.25,0.725925925925926,0.47619047619047616,0.8571428571428571,-0.15714285714285714,0.806015490732197,0.3181818181818182,0.08148148148148149,0.23809523809523808,0.25,1.0,0.0,0.0,0.0,0,0,0.0,0,0
train,33,14,0.3,20,2,0.0,0.7777777777777778,0.5,0.725925925925926,0.375,0.7,0.07777777777777783,0.7947204055504293,0.36363636363636365,0.07407407407407407,0.2916666666666667,0.75,1.0,0.0,0.0,0.0,0,0,0.0,0,0
train,33,15,0.3,20,2,0.052631578947368474,0.875,0.75,0.725925925925926,0.28,0.7777777777777778,0.09722222222222221,0.8268322433302576,0.4090909090909091,0.06666666666666667,0.36,0.75,0.0,0.0,0.0,1.0,1,2,0.15384615384615385,0,1
train,33,16,0.3,20,2,0.0,0.7692307692307693,0.25,0.7185185185185186,0.44,0.875,-0.10576923076923073,0.8037916536904622,0.36363636363636365,0.1037037037037037,0.24,0.25,0.0,0.0,1.0,0.0,0,0,0.0,0,0
train,33,17,0.3,20,2,0.0,0.8333333333333334,0.5,0.7185185185185186,0.24,0.7692307692307693,0.0641025641025641,0.8156083255476108,0.4090909090909091,0.0962962962962963,0.4,0.75,1.0,0.0,0.0,0.0,0,0,0.0,0,0
train,33,18,0.3,20,2,0.0,0.9090909090909091,0.75,0.7185185185185186,0.32,0.8333333333333334,0.07575757575757569,0.8530013589649301,0.45454545454545453,0.08888888888888889,0.24,0.75,1.0,0.0,0.0,0.0,0,0,0.0,0,0
train,33,19,0.3,20,2,0.0,0.9,0.75,0.7037037037037037,0.44,0.9090909090909091,-0.009090909090909038,0.871800815378958,0.5,0.08148148148148149,0.16,0.5,0.0,0.0,0.0,1.0,0,0,0.0,0,0
train,33,20,0.3,20,2,0.0,0.8888888888888888,0.75,0.6888888888888889,0.44,0.9,-0.011111111111111183,0.8786360447829304,0.45454545454545453,0.07407407407407407,0.2,0.75,0.0,0.0,0.0,1.0,0,0,0.0,0,0
train,33,21,0.3,20,2,0.04347826086956519,0.875,0.75,0.6666666666666666,0.48,0.8888888888888888,-0.01388888888888884,0.8771816268697583,0.4090909090909091,0.06666666666666667,0.2,0.75,0.0,1.0,0.0,0.0,0,0,0.0,0,0
train,33,22,0.3,20,2,0.0,0.8571428571428571,0.75,0.6592592592592592,0.4,0.875,-0.017857142857142905,0.8691661189789979,0.36363636363636365,0.05925925925925926,0.16,0.5,0.0,0.0,0.0,1.0,0,0,0.0,0,0
train,33,23,0.3,20,2,0.0,0.8333333333333334,0.75,0.6444444444444445,0.52,0.8571428571428571,-0.023809523809523725,0.8548330047207321,0.3181818181818182,0.05185185185185185,0.12,1.0,0.0,1.0,0.0,0.0,1,2,0.2857142857142857,0,1
train,33,24,0.3,20,2,0.0,0.8,0.75,0.6296296296296297,0.48,0.8333333333333334,-0.033333333333333326,0.8328998028324393,0.2727272727272727,0.044444444444444446,0.16,0.5,0.0,1.0,0.0,0.0,1,2,0.25,0,1
train,33,25,0.3,20,2,0.0,0.75,0.75,0.6074074074074074,0.375,0.8,-0.050000000000000044,0.7997398816994636,0.22727272727272727,0.037037037037037035,0.25,0.5,0.0,1.0,0.0,0.0,1,2,0.2222222222222222,0,1
train,33,26,0.3,20,2,0.0,0.5555555555555556,0.0,0.5851851851851851,0.3333333333333333,0.75,-0.19444444444444442,0.7020661512419004,0.18181818181818182,0.07407407407407407,0.38095238095238093,0.5,1.0,0.0,0.0,0.0,0,0,0.0,0,0
train,33,27,0.3,20,2,0.0,0.625,0.25,0.5851851851851851,0.25,0.5555555555555556,0.06944444444444442,0.6712396907451402,0.22727272727272727,0.06666666666666667,0.3333333333333333,0.5,1.0,0.0,0.0,0.0,0,0,0.0,0,0
train,33,28,0.3,20,2,0.0,0.7142857142857143,0.5,0.5851851851851851,0.24,0.625,0.0892857142857143,0.6884581001613699,0.2727272727272727,0.05925925925925926,0.32,0.5,1.0,0.0,0.0,0.0,0,0,0.0,0,0
train,33,29,0.3,20,2,0.0,0.8333333333333334,0.75,0.5851851851851851,0.32,0.7142857142857143,0.11904761904761907,0.7464081934301553,0.3181818181818182,0.05185185185185185,0.24,1.0,0.0,0.0,0.0,1.0,0,0,0.0,0,0
train,33,30,0.3,20,2,0.0,0.8,0.75,0.5703703703703704,0.44,0.8333333333333334,-0.033333333333333326,0.7678449160580932,0.2727272727272727,0.044444444444444446,0.2,0.75,0.0,0.0,0.0,1.0,0,0,0.0,0,0
train,33,31,0.3,20,2,0.0,0.75,0.75,0.5481481481481482,0.52,0.8,-0.050000000000000044,0.760706949634856,0.22727272727272727,0.037037037037037035,0.08,1.0,0.0,1.0,0.0,0.0,0,0,0.0,0,0
train,33,32,0.3,20,2,0.0,0.6666666666666666,0.6666666666666666,0.5333333333333333,0.4,0.75,-0.08333333333333337,0.7230908364475802,0.18181818181818182,0.02962962962962963,0.16,0.75,0.0,1.0,0.0,0.0,0,0,0.0,0,0
train,33,33,0.3,20,2,0.07692307692307687,0.5,0.5,0.5185185185185185,0.3333333333333333,0.6666666666666666,-0.16666666666666663,0.6338545018685482,0.13636363636363635,0.022222222222222223,0.16666666666666666,0.75,0.0,1.0,0.0,0.0,0,0,0.0,0,0
train,33,34,0.3,20,2,0.0,0.0,0.0,0.5037037037037037,0.2857142857142857,0.5,-0.5,0.3803127011211289,0.09090909090909091,0.014814814814814815,0.23809523809523808,0.5,0.0,0.0,0.0,1.0,0,0,0.0,0,0
train,33,35,0.3,20,2,0.0,0.0,0.0,0.4888888888888889,0.35,0.0,0.0,0.22818762067267734,0.045454545454545456,0.007407407407407408,0.2,0.75,0.0,0.0,0.0,1.0,0,0,0.0,0,0
train,34,0,0.34,20,2,0.0,0.9411764705882353,0.75,0.9629629629629629,0.7058823529411765,0.9411764705882353,0.0,0.9411764705882353,0.8181818181818182,0.13333333333333333,0.11764705882352941,0.5,0.0,1.0,0.0,0.0,0,0,0.0,0,0
train,34,1,0.34,20,2,0.0,0.9375,0.75,0.9407407407407408,0.6,0.9411764705882353,-0.003676470588235281,0.9397058823529412,0.7727272727272727,0.1259259259259259,0.2,0.5,0.0,1.0,0.0,0.0,0,0,0.0,0,0
train,34,2,0.34,20,2,0.0,0.9333333333333333,0.75,0.9185185185185185,0.47619047619047616,0.9375,-0.004166666666666652,0.9371568627450981,0.7272727272727273,0.11851851851851852,0.23809523809523808,0.75,0.0,1.0,0.0,0.0,0,0,0.0,0,0
train,34,3,0.34,20,2,0.0,0.9285714285714286,0.75,0.8962962962962963,0.47619047619047616,0.9333333333333333,-0.004761904761904745,0.9337226890756303,0.6818181818181818,0.1111111111111111,0.23809523809523808,0.5,0.0,1.0,0.0,0.0,0,0,0.0,0,0
train,34,4,0.34,20,2,0.0,0.9230769230769231,0.75,0.8740740740740741,0.47619047619047616,0.9285714285714286,-0.005494505494505475,0.9294643826761474,0.6363636363636364,0.1037037037037037,0.23809523809523808,0.5,0.0,1.0,0.0,0.0,0,0,0.0,0,0
train,34,5,0.34,20,2,0.2142857142857143,0.9166666666666666,0.75,0.8518518518518519,0.45,0.9230769230769231,-0.0064102564102564985,0.9243452962723551,0.5909090909090909,0.0962962962962963,0.25,0.75,0.0,1.0,0.0,0.0,0,0,0.0,0,0
train,34,6,0.34,20,2,0.0,0.9090909090909091,0.75,0.8296296296296296,0.35294117647058826,0.9166666666666666,-0.007575757575757569,0.9182435413997767,0.5454545454545454,0.08888888888888889,0.29411764705882354,0.5,0.0,0.0,0.0,1.0,0,0,0.0,0,0
train,34,7,0.34,20,2,0.0,0.9,0.75,0.8148148148148148,0.4,0.9090909090909091,-0.009090909090909038,0.910946124839866,0.5,0.08148148148148149,0.3,0.75,0.0,0.0,0.0,1.0,0,0,0.0,0,0
train,34,8,0.34,20,2,0.0,0.8888888888888888,0.75,0.7925925925925926,0.42857142857142855,0.9,-0.011111111111111183,0.9021232304594751,0.45454545454545453,0.07407407407407407,0.23809523809523808,0.75,0.0,0.0,0.0,1.0,0,0,0.0,0,0
train,34,9,0.34,20,2,0.0,0.875,0.75,0.7703703703703704,0.47619047619047616,0.8888888888888888,-0.01388888888888884,0.8912739382756851,0.4090909090909091,0.06666666666666667,0.19047619047619047,0.5,0.0,0.0,0.0,1.0,0,0,0.0,0,0
train,34,10,0.34,20,2,0.0,0.8571428571428571,0.75,0.7481481481481481,0.47619047619047616,0.875,-0.017857142857142905,0.8776215058225539,0.36363636363636365,0.05925925925925926,0.19047619047619047,0.75,0.0,0.0,0.0,1.0,0,0,0.0,0,0
train,34,11,0.34,20,2,0.0,0.8333333333333334,0.75,0.725925925925926,0.47619047619047616,0.8571428571428571,-0.023809523809523725,0.8599062368268657,0.3181818181818182,0.05185185185185185,0.23809523809523808,0.5,0.0,0.0,0.0,1.0,0,0,0.0,0,0
train,34,12,0.34,20,2,0.0,0.8571428571428571,0.75,0.7037037037037037,0.47619047619047616,0.8333333333333334,0.023809523809523725,0.8588008849532622,0.2727272727272727,0.05925925925925926,0.23809523809523808,0.5,1.0,0.0,0.0,0.0,0,0,0.0,0,0
train,34,13,0.34,20,2,0.0,0.8333333333333334,0.75,0.6888888888888889,0.5,0.8571428571428571,-0.023809523809523725,0.8486138643052907,0.3181818181818182,0.05185185185185185,0.20833333333333334,0.75,0.0,0.0,0.0,1.0,0,0,0.0,0,0
train,34,14,0.34,20,2,0.0,0.8,0.75,0.674074074074074,0.5416666666666666,0.8333333333333334,-0.033333333333333326,0.8291683185831745,0.2727272727272727,0.044444444444444446,0.16666666666666666,0.5,0.0,0.0,0.0,1.0,0,0,0.0,0,0
train,34,15,0.34,20,2,0.13043478260869568,0.75,0.75,0.6518518518518519,0.5416666666666666,0.8,-0.050000000000000044,0.7975009911499047,0.22727272727272727,0.037037037037037035,0.16666666666666666,0.75,0.0,1.0,0.0,0.0,0,0,0.0,0,0
train,34,16,0.34,20,2,0.0,0.6666666666666666,0.6666666666666666,0.6370370370370371,0.38095238095238093,0.75,-0.08333333333333337,0.7451672613566094,0.18181818181818182,0.02962962962962963,0.23809523809523808,0.5,0.0,0.0,0.0,1.0,0,0,0.0,0,0
train,34,17,0.34,20,2,0.0,0.5,0.5,0.6222222222222222,0.47619047619047616,0.6666666666666666,-0.16666666666666663,0.6471003568139656,0.13636363636363635,0.022222222222222223,0.19047619047619047,0.75,0.0,0.0,0.0,1.0,0,0,0.0,0,0
train,34,18,0.34,20,2,0.0,0.0,0.0,0.6,0.47619047619047616,0.5,-0.5,0.38826021408837935,0.09090909090909091,0.014814814814814815,0.19047619047619047,0.75,0.0,0.0,0.0,1.0,0,0,0.0,0,0
train,34,19,0.34,20,2,0.0,0.0,0.0,0.5777777777777777,0.45,0.0,0.0,0.2329561284530276,0.045454545454545456,0.007407407407407408,0.15,0.75,0.0,0.0,0.0,1.0,0,0,0.0,0,0
train,35,0,0.18,22,4,0.0,0.9411764705882353,0.75,0.9629629629629629,0.7058823529411765,0.9411764705882353,0.0,0.9411764705882353,0.8181818181818182,0.13333333333333333,0.11764705882352941,0.5,0.0,1.0,0.0,0.0,0,0,0.0,0,0
train,35,1,0.18,22,4,0.0,0.9375,0.75,0.9407407407407408,0.6,0.9411764705882353,-0.003676470588235281,0.9397058823529412,0.7727272727272727,0.1259259259259259,0.15,0.75,0.0,1.0,0.0,0.0,0,0,0.0,0,0
train,35,2,0.18,22,4,0.0,0.9333333333333333,0.75,0.9185185185185185,0.47619047619047616,0.9375,-0.004166666666666652,0.9371568627450981,0.7272727272727273,0.11851851851851852,0.19047619047619047,0.75,0.0,1.0,0.0,0.0,1,2,0.1,0,1
train,35,3,0.18,22,4,0.0,0.875,0.5,0.8962962962962963,0.47619047619047616,0.9333333333333333,-0.05833333333333335,0.9122941176470589,0.6818181818181818,0.1259259259259259,0.23809523809523808,0.25,1.0,0.0,0.0,0.0,0,0,0.0,0,0
train,35,4,0.18,22,4,0.0,0.9333333333333333,0.75,0.8962962962962963,0.3333333333333333,0.875,0.05833333333333335,0.9207098039215686,0.7272727272727273,0.11851851851851852,0.3333333333333333,0.75,0.0,0.0,0.0,1.0,0,0,0.0,0,0
train,35,5,0.18,22,4,0.0,0.9285714285714286,0.75,0.8888888888888888,0.4583333333333333,0.9333333333333333,-0.004761904761904745,0.9238544537815127,0.6818181818181818,0.1111111111111111,0.20833333333333334,0.75,0.0,0.0,0.0,1.0,0,0,0.0,0,0
train,35,6,0.18,22,4,0.0,0.9230769230769231,0.75,0.8666666666666667,0.52,0.9285714285714286,-0.005494505494505475,0.9235434414996768,0.6363636363636364,0.1037037037037037,0.08,1.0,0.0,1.0,0.0,0.0,0,0,0.0,0,0
train,35,7,0.18,22,4,0.0,0.9166666666666666,0.75,0.8518518518518519,0.48,0.9230769230769231,-0.0064102564102564985,0.9207927315664728,0.5909090909090909,0.0962962962962963,0.12,0.75,0.0,1.0,0.0,0.0,0,0,0.0,0,0
train,35,8,0.18,22,4,0.0,0.9090909090909091,0.75,0.8296296296296296,0.48,0.9166666666666666,-0.007575757575757569,0.9161120025762473,0.5454545454545454,0.08888888888888889,0.12,0.75,0.0,1.0,0.0,0.0,0,0,0.0,0,0
train,35,9,0.18,22,4,0.15000000000000002,0.9,0.75,0.8074074074074075,0.5,0.9090909090909091,-0.009090909090909038,0.9096672015457483,0.5,0.08148148148148149,0.16666666666666666,0.75,0.0,1.0,0.0,0.0,1,2,0.13333333333333333,0,1
train,35,10,0.18,22,4,0.0,0.8888888888888888,0.75,0.7851851851851852,0.47619047619047616,0.9,-0.011111111111111183,0.9013558764830045,0.45454545454545453,0.07407407407407407,0.19047619047619047,0.5,0.0,0.0,0.0,1.0,0,0,0.0,0,0
train,35,11,0.18,22,4,0.0,0.875,0.75,0.7703703703703704,0.42857142857142855,0.8888888888888888,-0.01388888888888884,0.8908135258898027,0.4090909090909091,0.06666666666666667,0.23809523809523808,0.75,0.0,0.0,0.0,1.0,0,0,0.0,0,0
train,35,12,0.18,22,4,0.0,0.8571428571428571,0.75,0.7481481481481481,0.42857142857142855,0.875,-0.017857142857142905,0.8773452583910244,0.36363636363636365,0.05925925925925926,0.23809523809523808,0.75,0.0,0.0,0.0,1.0,0,0,0.0,0,0
train,35,13,0.18,22,4,0.0,0.875,0.75,0.725925925925926,0.47619047619047616,0.8571428571428571,0.017857142857142905,0.8764071550346146,0.3181818181818182,0.06666666666666667,0.19047619047619047,0.5,1.0,0.0,0.0,0.0,0,0,0.0,0,0
train,35,14,0.18,22,4,0.0,0.8571428571428571,0.75,0.7111111111111111,0.4583333333333333,0.875,-0.017857142857142905,0.8687014358779116,0.36363636363636365,0.05925925925925926,0.16666666666666666,1.0,0.0,0.0,0.0,1.0,0,0,0.0,0,0
train,35,15,0.18,22,4,0.0,0.8333333333333334,0.75,0.6962962962962963,0.5416666666666666,0.8571428571428571,-0.023809523809523725,0.8545541948600803,0.3181818181818182,0.05185185185185185,0.08333333333333333,0.75,0.0,0.0,0.0,1.0,0,0,0.0,0,0
train,35,16,0.18,22,4,0.13043478260869568,0.8,0.75,0.674074074074074,0.5416666666666666,0.8333333333333334,-0.033333333333333326,0.8327325169160482,0.2727272727272727,0.044444444444444446,0.041666666666666664,1.0,0.0,1.0,0.0,0.0,1,2,0.2,0,1
train,35,17,0.18,22,4,0.0,0.75,0.75,0.6592592592592592,0.38095238095238093,0.8,-0.050000000000000044,0.799639510149629,0.22727272727272727,0.037037037037037035,0.14285714285714285,0.5,0.0,0.0,0.0,1.0,0,0,0.0,0,0
train,35,18,0.18,22,4,0.0,0.6666666666666666,0.6666666666666666,0.6444444444444445,0.47619047619047616,0.75,-0.08333333333333337,0.746450372756444,0.18181818181818182,0.02962962962962963,0.14285714285714285,0.75,0.0,0.0,0.0,1.0,0,0,0.0,0,0
train,35,19,0.18,22,4,0.0,0.75,0.75,0.6222222222222222,0.47619047619047616,0.6666666666666666,0.08333333333333337,0.7478702236538664,0.13636363636363635,0.037037037037037035,0.23809523809523808,0.5,1.0,0.0,0.0,0.0,0,0,0.0,0,0
train,35,20,0.18,22,4,0.0,0.6666666666666666,0.6666666666666666,0.6074074074074074,0.4583333333333333,0.75,-0.08333333333333337,0.7153888008589865,0.18181818181818182,0.02962962962962963,0.125,1.0,0.0,0.0,0.0,1.0,0,0,0.0,0,0
train,35,21,0.18,22,4,0.0,0.75,0.75,0.5925925925925926,0.5416666666666666,0.6666666666666666,0.08333333333333337,0.7292332805153919,0.13636363636363635,0.037037037037037035,0.125,0.5,1.0,0.0,0.0,0.0,0,0,0.0,0,0
train,35,22,0.18,22,4,0.0,0.8,0.75,0.5777777777777777,0.56,0.75,0.050000000000000044,0.7575399683092352,0.18181818181818182,0.044444444444444446,0.12,0.75,1.0,0.0,0.0,0.0,0,0,0.0,0,0
train,35,23,0.18,22,4,0.0,0.75,0.75,0.5555555555555556,0.56,0.8,-0.050000000000000044,0.7545239809855411,0.22727272727272727,0.037037037037037035,0.16,0.75,0.0,0.0,0.0,1.0,0,0,0.0,0,0
train,35,24,0.18,22,4,0.0,0.6666666666666666,0.6666666666666666,0.5407407407407407,0.5416666666666666,0.75,-0.08333333333333337,0.7193810552579913,0.18181818181818182,0.02962962962962963,0.125,0.75,0.0,0.0,0.0,1.0,0,0,0.0,0,0
train,35,25,0.18,22,4,0.0,0.5,0.5,0.5185185185185185,0.42857142857142855,0.6666666666666666,-0.16666666666666663,0.6316286331547948,0.13636363636363635,0.022222222222222223,0.19047619047619047,0.75,0.0,1.0,0.0,0.0,0,0,0.0,0,0
train,35,26,0.18,22,4,0.0,0.0,0.0,0.5037037037037037,0.3333333333333333,0.5,-0.5,0.3789771798928769,0.09090909090909091,0.014814814814814815,0.19047619047619047,0.5,0.0,1.0,0.0,0.0,0,0,0.0,0,0
train,35,27,0.18,22,4,0.0,0.0,0.0,0.4888888888888889,0.25,0.0,0.0,0.22738630793572612,0.045454545454545456,0.007407407407407408,0.3,0.5,0.0,1.0,0.0,0.0,0,0,0.0,0,0
train,36,0,0.22,20,2,0.0,0.9411764705882353,0.75,0.9629629629629629,0.7058823529411765,0.9411764705882353,0.0,0.9411764705882353,0.8181818181818182,0.13333333333333333,0.17647058823529413,0.25,0.0,1.0,0.0,0.0,0,0,0.0,0,0
train,36,1,0.22,20,2,0.0,0.9375,0.75,0.9407407407407408,0.6,0.9411764705882353,-0.003676470588235281,0.9397058823529412,0.7727272727272727,0.1259259259259259,0.2,0.75,0.0,1.0,0.0,0.0,0,0,0.0,0,0
train,36,2,0.22,20,2,0.0,0.9333333333333333,0.75,0.9185185185185185,0.47619047619047616,0.9375,-0.004166666666666652,0.9371568627450981,0.7272727272727273,0.11851851851851852,0.23809523809523808,0.75,0.0,1.0,0.0,0.0,1,2,0.1111111111111111,0,1
train,36,3,0.22,20,2,0.0,0.9285714285714286,0.75,0.8962962962962963,0.47619047619047616,0.9333333333333333,-0.004761904761904745,0.9337226890756303,0.6818181818181818,0.1111111111111111,0.19047619047619047,0.5,0.0,0.0,0.0,1.0,0,0,0.0,0,0
train,36,4,0.22,20,2,0.0,0.9230769230769231,0.75,0.8814814814814815,0.5,0.9285714285714286,-0.005494505494505475,0.9294643826761474,0.6363636363636364,0.1037037037037037,0.16666666666666666,1.0,0.0,1.0,0.0,0.0,0,0,0.0,0,0
train,36,5,0.22,20,2,0.0,0.9166666666666666,0.75,0.8666666666666667,0.5416666666666666,0.9230769230769231,-0.0064102564102564985,0.9243452962723551,0.5909090909090909,0.0962962962962963,0.08333333333333333,0.75,0.0,1.0,0.0,0.0,1,2,0.11764705882352941,0,1
train,36,6,0.22,20,2,0.1578947368421053,0.9090909090909091,0.75,0.8444444444444444,0.5217391304347826,0.9166666666666666,-0.007575757575757569,0.9182435413997767,0.5454545454545454,0.08888888888888889,0.08695652173913043,0.75,0.0,1.0,0.0,0.0,1,2,0.1111111111111111,0,1
train,36,7,0.22,20,2,0.0,0.9,0.75,0.8222222222222222,0.45,0.9090909090909091,-0.009090909090909038,0.910946124839866,0.5,0.08148148148148149,0.2,0.5,0.0,0.0,0.0,1.0,0,0,0.0,0,0
train,36,8,0.22,20,2,0.0,0.8888888888888888,0.75,0.8074074074074075,0.42857142857142855,0.9,-0.011111111111111183,0.9021232304594751,0.45454545454545453,0.07407407407407407,0.19047619047619047,0.75,0.0,0.0,0.0,1.0,0,0,0.0,0,0
train,36,9,0.22,20,2,0.0,0.875,0.75,0.7851851851851852,0.42857142857142855,0.8888888888888888,-0.01388888888888884,0.8912739382756851,0.4090909090909091,0.06666666666666667,0.23809523809523808,0.5,0.0,0.0,0.0,1.0,0,0,0.0,0,0
train,36,10,0.22,20,2,0.0,0.8571428571428571,0.75,0.762962962962963,0.47619047619047616,0.875,-0.017857142857142905,0.8776215058225539,0.36363636363636365,0.05925925925925926,0.19047619047619047,0.75,0.0,0.0,0.0,1.0,0,0,0.0,0,0
train,36,11,0.22,20,2,0.0,0.8333333333333334,0.75,0.7407407407407407,0.47619047619047616,0.8571428571428571,-0.023809523809523725,0.8599062368268657,0.3181818181818182,0.05185185185185185,0.19047619047619047,0.75,0.0,0.0,0.0,1.0,1,2,0.13333333333333333,0,1
train,36,12,0.22,20,2,0.0,0.8571428571428571,0.75,0.7185185185185186,0.47619047619047616,0.8333333333333334,0.023809523809523725,0.8588008849532622,0.2727272727272727,0.05925925925925926,0.19047619047619047,0.5,1.0,0.0,0.0,0.0,0,0,0.0,0,1
train,36,13,0.22,20,2,0.0,0.8333333333333334,0.75,0.7037037037037037,0.5,0.8571428571428571,-0.023809523809523725,0.8486138643052907,0.3181818181818182,0.05185185185185185,0.20833333333333334,0.75,0.0,0.0,0.0,1.0,1,2,0.13333333333333333,0,1
train,36,14,0.22,20,2,0.0,0.8461538461538461,0.5,0.6888888888888889,0.5416666666666666,0.8333333333333334,0.012820512820512775,0.8476298570447129,0.2727272727272727,0.1037037037037037,0.20833333333333334,0.25,0.0,0.0,1.0,0.0,0,0,0.0,0,0
train,36,15,0.22,20,2,0.0,0.9166666666666666,0.75,0.6888888888888889,0.4166666666666667,0.8461538461538461,0.07051282051282048,0.8752445808934944,0.3181818181818182,0.0962962962962963,0.2916666666666667,0.75,0.0,0.0,1.0,0.0,0,0,0.0,0,0
train,36,16,0.22,20,2,0.06666666666666665,0.9090909090909091,0.75,0.6814814814814815,0.25,0.9166666666666666,-0.007575757575757569,0.8887831121724603,0.36363636363636365,0.08888888888888889,0.3333333333333333,1.0,1.0,0.0,0.0,0.0,0,0,0.0,0,0
train,36,17,0.22,20,2,0.0,0.9,0.75,0.6666666666666666,0.4,0.9090909090909091,-0.009090909090909038,0.8932698673034762,0.4090909090909091,0.08148148148148149,0.16,0.75,1.0,0.0,0.0,0.0,0,0,0.0,0,0
train,36,18,0.22,20,2,0.0,0.8888888888888888,0.75,0.6444444444444445,0.48,0.9,-0.011111111111111183,0.8915174759376412,0.45454545454545453,0.07407407407407407,0.12,0.75,0.0,0.0,0.0,1.0,0,0,0.0,0,0
train,36,19,0.22,20,2,0.0,0.9,0.75,0.6296296296296297,0.44,0.8888888888888888,0.011111111111111183,0.8949104855625847,0.4090909090909091,0.08148148148148149,0.16,0.5,1.0,0.0,0.0,0.0,0,0,0.0,0,0
train,36,20,0.22,20,2,0.0,0.8888888888888888,0.75,0.6148148148148148,0.52,0.9,-0.011111111111111183,0.8925018468931063,0.45454545454545453,0.07407407407407407,0.16,0.75,0.0,0.0,0.0,1.0,0,0,0.0,0,0
train,36,21,0.22,20,2,0.0,0.875,0.75,0.6,0.52,0.8888888888888888,-0.01388888888888884,0.8855011081358637,0.4090909090909091,0.06666666666666667,0.16,0.75,0.0,0.0,0.0,1.0,0,0,0.0,0,0
train,36,22,0.22,20,2,0.0,0.8571428571428571,0.75,0.5777777777777777,0.48,0.875,-0.017857142857142905,0.874157807738661,0.36363636363636365,0.05925925925925926,0.2,0.75,0.0,0.0,0.0,1.0,0,0,0.0,0,0
train,36,23,0.22,20,2,0.0,0.8333333333333334,0.75,0.5555555555555556,0.56,0.8571428571428571,-0.023809523809523725,0.85782801797653,0.3181818181818182,0.05185185185185185,0.12,0.75,0.0,0.0,0.0,1.0,0,0,0.0,0,0
train,36,24,0.22,20,2,0.0,0.8,0.75,0.5333333333333333,0.56,0.8333333333333334,-0.033333333333333326,0.8346968107859181,0.2727272727272727,0.044444444444444446,0.16,0.5,0.0,1.0,0.0,0.0,0,0,0.0,0,0
train,36,25,0.22,20,2,0.0,0.75,0.75,0.5185185185185185,0.52,0.8,-0.050000000000000044,0.8008180864715508,0.22727272727272727,0.037037037037037035,0.2,0.75,0.0,1.0,0.0,0.0,0,0,0.0,0,0
train,36,26,0.22,20,2,0.0,0.6666666666666666,0.6666666666666666,0.4962962962962963,0.44,0.75,-0.08333333333333337,0.7471575185495971,0.18181818181818182,0.02962962962962963,0.28,0.75,0.0,1.0,0.0,0.0,0,0,0.0,0,0
train,36,27,0.22,20,2,0.06666666666666665,0.5,0.5,0.4740740740740741,0.4583333333333333,0.6666666666666666,-0.16666666666666663,0.6482945111297582,0.13636363636363635,0.022222222222222223,0.125,1.0,0.0,1.0,0.0,0.0,1,2,0.6666666666666666,0,1
train,36,28,0.22,20,2,0.0,0.3333333333333333,0.3333333333333333,0.45185185185185184,0.38095238095238093,0.5,-0.16666666666666669,0.5223100400111883,0.09090909090909091,0.02962962962962963,0.2857142857142857,0.25,1.0,0.0,0.0,0.0,0,0,0.0,0,0
train,36,29,0.22,20,2,0.08333333333333337,0.5,0.5,0.45185185185185184,0.3333333333333333,0.3333333333333333,0.16666666666666669,0.513386024006713,0.13636363636363635,0.022222222222222223,0.25,1.0,0.0,0.0,0.0,1.0,0,0,0.0,0,0
train,36,30,0.22,20,2,0.0,0.0,0.0,0.4444444444444444,0.34782608695652173,0.5,-0.5,0.30803161440402776,0.09090909090909091,0.014814814814814815,0.2608695652173913,0.5,0.0,0.0,0.0,1.0,0,0,0.0,0,0
train,36,31,0.22,20,2,0.0,0.0,0.0,0.4222222222222222,0.4,0.0,0.0,0.18481896864241665,0.045454545454545456,0.007407407407407408,0.15,0.75,0.0,1.0,0.0,0.0,0,0,0.0,0,0
train,37,0,0.26,28,10,0.0,0.9411764705882353,0.75,0.9629629629629629,0.7058823529411765,0.9411764705882353,0.0,0.9411764705882353,0.8181818181818182,0.13333333333333333,0.11764705882352941,0.5,0.0,1.0,0.0,0.0,0,0,0.0,0,0
train,37,1,0.26,28,10,0.0,0.9375,0.75,0.9407407407407408,0.6,0.9411764705882353,-0.003676470588235281,0.9397058823529412,0.7727272727272727,0.1259259259259259,0.2,0.5,0.0,1.0,0.0,0.0,0,0,0.0,0,0
train,37,2,0.26,28,10,0.0,0.9333333333333333,0.75,0.9185185185185185,0.47619047619047616,0.9375,-0.004166666666666652,0.9371568627450981,0.7272727272727273,0.11851851851851852,0.2857142857142857,0.5,0.0,1.0,0.0,0.0,0,0,0.0,0,0
train,37,3,0.26,28,10,0.0,0.9285714285714286,0.75,0.8962962962962963,0.47619047619047616,0.9333333333333333,-0.004761904761904745,0.9337226890756303,0.6818181818181818,0.1111111111111111,0.23809523809523808,0.75,0.0,1.0,0.0,0.0,0,0,0.0,0,0
train,37,4,0.26,28,10,0.0,0.9230769230769231,0.75,0.8740740740740741,0.47619047619047616,0.9285714285714286,-0.005494505494505475,0.9294643826761474,0.6363636363636364,0.1037037037037037,0.19047619047619047,0.75,0.0,1.0,0.0,0.0,0,0,0.0,0,0
train,37,5,0.26,28,10,0.2142857142857143,0.9166666666666666,0.75,0.8518518518518519,0.45,0.9230769230769231,-0.0064102564102564985,0.9243452962723551,0.5909090909090909,0.0962962962962963,0.15,0.75,0.0,1.0,0.0,0.0,1,2,0.08695652173913043,0,1
train,37,6,0.26,28,10,0.0,0.9090909090909091,0.75,0.8296296296296296,0.35294117647058826,0.9166666666666666,-0.007575757575757569,0.9182435413997767,0.5454545454545454,0.08888888888888889,0.23529411764705882,0.5,0.0,0.0,0.0,1.0,0,0,0.0,0,0
train,37,7,0.26,28,10,0.0,0.9,0.75,0.8148148148148148,0.4,0.9090909090909091,-0.009090909090909038,0.910946124839866,0.5,0.08148148148148149,0.2,0.75,0.0,0.0,0.0,1.0,0,0,0.0,0,0
train,37,8,0.26,28,10,0.0,0.9090909090909091,0.75,0.7925925925925926,0.42857142857142855,0.9,0.009090909090909038,0.9102040385402832,0.45454545454545453,0.08888888888888889,0.23809523809523808,0.5,1.0,0.0,0.0,0.0,0,0,0.0,0,0
train,37,9,0.26,28,10,0.0,0.9,0.75,0.7777777777777778,0.375,0.9090909090909091,-0.009090909090909038,0.90612242312417,0.5,0.08148148148148149,0.16666666666666666,1.0,0.0,0.0,0.0,1.0,0,0,0.0,0,0
train,37,10,0.26,28,10,0.0,0.8888888888888888,0.75,0.762962962962963,0.5,0.9,-0.011111111111111183,0.8992290094300575,0.45454545454545453,0.07407407407407407,0.125,0.5,0.0,0.0,0.0,1.0,0,0,0.0,0,0
train,37,11,0.26,28,10,0.0,0.875,0.75,0.7407407407407407,0.5416666666666666,0.8888888888888888,-0.01388888888888884,0.8895374056580345,0.4090909090909091,0.06666666666666667,0.16666666666666666,0.5,0.0,1.0,0.0,0.0,0,0,0.0,0,0
train,37,12,0.26,28,10,0.0,0.8571428571428571,0.75,0.725925925925926,0.38095238095238093,0.875,-0.017857142857142905,0.8765795862519635,0.36363636363636365,0.05925925925925926,0.2857142857142857,0.5,0.0,0.0,0.0,1.0,0,0,0.0,0,0
train,37,13,0.26,28,10,0.0,0.8333333333333334,0.75,0.7111111111111111,0.47619047619047616,0.8571428571428571,-0.023809523809523725,0.8592810850845115,0.3181818181818182,0.05185185185185185,0.23809523809523808,0.5,0.0,0.0,0.0,1.0,0,0,0.0,0,0
train,37,14,0.26,28,10,0.0,0.8,0.75,0.6888888888888889,0.47619047619047616,0.8333333333333334,-0.033333333333333326,0.835568651050707,0.2727272727272727,0.044444444444444446,0.23809523809523808,0.75,0.0,0.0,0.0,1.0,1,2,0.125,0,1
train,37,15,0.26,28,10,0.0,0.75,0.75,0.6666666666666666,0.47619047619047616,0.8,-0.050000000000000044,0.8013411906304242,0.22727272727272727,0.037037037037037035,0.23809523809523808,0.5,0.0,0.0,0.0,1.0,1,2,0.11764705882352941,0,1
train,37,16,0.26,28,10,0.0,0.8,0.75,0.6444444444444445,0.47619047619047616,0.75,0.050000000000000044,0.8008047143782546,0.18181818181818182,0.044444444444444446,0.23809523809523808,0.5,1.0,0.0,0.0,0.0,1,2,0.1111111111111111,0,1
train,37,17,0.26,28,10,0.0,0.7142857142857143,0.0,0.6296296296296297,0.5,0.8,-0.08571428571428574,0.7661971143412385,0.22727272727272727,0.1111111111111111,0.2916666666666667,0.25,0.0,1.0,0.0,0.0,0,0,0.0,0,0
train,37,18,0.26,28,10,0.0,0.7692307692307693,0.25,0.6296296296296297,0.38095238095238093,0.7142857142857143,0.05494505494505497,0.7674105762970508,0.18181818181818182,0.1037037037037037,0.3333333333333333,0.5,0.0,0.0,1.0,0.0,0,0,0.0,0,0
train,37,19,0.26,28,10,0.0,0.8333333333333334,0.5,0.6296296296296297,0.23809523809523808,0.7692307692307693,0.0641025641025641,0.7937796791115639,0.22727272727272727,0.0962962962962963,0.42857142857142855,0.5,0.0,0.0,1.0,0.0,0,0,0.0,0,0
train,37,20,0.26,28,10,0.09999999999999998,0.9090909090909091,0.75,0.6296296296296297,0.19047619047619047,0.8333333333333334,0.07575757575757569,0.839904171103302,0.2727272727272727,0.08888888888888889,0.42857142857142855,0.75,1.0,0.0,0.0,0.0,0,0,0.0,0,0
train,37,21,0.26,28,10,0.0,0.9,0.75,0.6222222222222222,0.25,0.9090909090909091,-0.009090909090909038,0.8639425026619811,0.3181818181818182,0.08148148148148149,0.3333333333333333,0.5,1.0,0.0,0.0,0.0,0,0,0.0,0,0
train,37,22,0.26,28,10,0.05882352941176472,0.8888888888888888,0.75,0.6,0.36,0.9,-0.011111111111111183,0.8739210571527443,0.36363636363636365,0.07407407407407407,0.24,1.0,0.0,0.0,0.0,1.0,0,0,0.0,0,0
train,37,23,0.26,28,10,0.0,0.875,0.75,0.5925925925925926,0.36,0.8888888888888888,-0.01388888888888884,0.8743526342916466,0.3181818181818182,0.06666666666666667,0.24,0.5,1.0,0.0,0.0,0.0,0,0,0.0,0,0
train,37,24,0.26,28,10,0.0,0.8888888888888888,0.75,0.5777777777777777,0.52,0.875,0.01388888888888884,0.8801671361305434,0.36363636363636365,0.07407407407407407,0.12,0.75,1.0,0.0,0.0,0.0,0,0,0.0,0,0
train,37,25,0.26,28,10,0.0,0.875,0.75,0.5555555555555556,0.56,0.8888888888888888,-0.01388888888888884,0.8781002816783261,0.4090909090909091,0.06666666666666667,0.12,1.0,0.0,0.0,0.0,1.0,0,0,0.0,0,0
train,37,26,0.26,28,10,0.0,0.8888888888888888,0.75,0.5407407407407407,0.52,0.875,0.01388888888888884,0.8824157245625512,0.36363636363636365,0.07407407407407407,0.12,0.5,1.0,0.0,0.0,0.0,0,0,0.0,0,0
train,37,27,0.26,28,10,0.0,0.875,0.75,0.5259259259259259,0.5416666666666666,0.8888888888888888,-0.01388888888888884,0.8794494347375308,0.4090909090909091,0.06666666666666667,0.125,1.0,0.0,0.0,0.0,1.0,0,0,0.0,0,0
train,37,28,0.26,28,10,0.0,0.8571428571428571,0.75,0.5111111111111111,0.5833333333333334,0.875,-0.017857142857142905,0.8705268036996613,0.36363636363636365,0.05925925925925926,0.08333333333333333,0.75,0.0,0.0,0.0,1.0,0,0,0.0,0,0
train,37,29,0.26,28,10,0.0,0.8333333333333334,0.75,0.4888888888888889,0.5416666666666666,0.8571428571428571,-0.023809523809523725,0.8556494155531301,0.3181818181818182,0.05185185185185185,0.041666666666666664,1.0,0.0,1.0,0.0,0.0,0,0,0.0,0,0
train,37,30,0.26,28,10,0.0,0.8,0.75,0.4740740740740741,0.48,0.8333333333333334,-0.033333333333333326,0.8333896493318781,0.2727272727272727,0.044444444444444446,0.08,0.75,0.0,1.0,0.0,0.0,0,0,0.0,0,0
train,37,31,0.26,28,10,0.0,0.75,0.75,0.45185185185185184,0.36,0.8,-0.050000000000000044,0.8000337895991269,0.22727272727272727,0.037037037037037035,0.2,0.75,0.0,0.0,0.0,1.0,0,0,0.0,0,0
train,37,32,0.26,28,10,0.0,0.6666666666666666,0.6666666666666666,0.43703703703703706,0.5,0.75,-0.08333333333333337,0.7466869404261427,0.18181818181818182,0.02962962962962963,0.16666666666666666,0.75,0.0,1.0,0.0,0.0,0,0,0.0,0,0
train,37,33,0.26,28,10,0.0,0.5,0.5,0.4222222222222222,0.4583333333333333,0.6666666666666666,-0.16666666666666663,0.6480121642556856,0.13636363636363635,0.022222222222222223,0.20833333333333334,0.5,0.0,0.0,0.0,1.0,0,0,0.0,0,0
train,37,34,0.26,28,10,0.0,0.0,0.0,0.4074074074074074,0.5238095238095238,0.5,-0.5,0.3888072985534114,0.09090909090909091,0.014814814814814815,0.19047619047619047,0.5,0.0,1.0,0.0,0.0,0,0,0.0,0,0
train,37,35,0.26,28,10,0.0,0.0,0.0,0.3925925925925926,0.45,0.0,0.0,0.23328437913204683,0.045454545454545456,0.007407407407407408,0.3,0.5,0.0,1.0,0.0,0.0,0,0,0.0,0,0
train,38,0,0.3,20,2,0.0,0.9411764705882353,0.75,0.9629629629629629,0.7058823529411765,0.9411764705882353,0.0,0.9411764705882353,0.8181818181818182,0.13333333333333333,0.11764705882352941,0.5,0.0,1.0,0.0,0.0,0,0,0.0,0,0
train,38,1,0.3,20,2,0.0,0.9375,0.75,0.9407407407407408,0.6,0.9411764705882353,-0.003676470588235281,0.9397058823529412,0.7727272727272727,0.1259259259259259,0.2,0.5,0.0,1.0,0.0,0.0,0,0,0.0,0,0
train,38,2,0.3,20,2,0.0,0.9333333333333333,0.75,0.9185185185185185,0.47619047619047616,0.9375,-0.004166666666666652,0.9371568627450981,0.7272727272727273,0.11851851851851852,0.2857142857142857,0.5,0.0,0.0,0.0,1.0,0,0,0.0,0,0
train,38,3,0.3,20,2,0.0,0.9285714285714286,0.75,0.9037037037037037,0.5416666666666666,0.9333333333333333,-0.004761904761904745,0.9337226890756303,0.6818181818181818,0.1111111111111111,0.20833333333333334,0.5,0.0,1.0,0.0,0.0,0,0,0.0,0,0
train,38,4,0.3,20,2,0.0,0.9230769230769231,0.75,0.8888888888888888,0.5416666666666666,0.9285714285714286,-0.005494505494505475,0.9294643826761474,0.6363636363636364,0.1037037037037037,0.16666666666666666,0.75,0.0,1.0,0.0,0.0,0,0,0.0,0,0
train,38,5,0.3,20,2,0.0,0.9166666666666666,0.75,0.8666666666666667,0.5416666666666666,0.9230769230769231,-0.0064102564102564985,0.9243452962723551,0.5909090909090909,0.0962962962962963,0.16666666666666666,0.75,0.0,1.0,0.0,0.0,0,0,0.0,0,0
train,38,6,0.3,20,2,0.1578947368421053,0.9090909090909091,0.75,0.8444444444444444,0.5217391304347826,0.9166666666666666,-0.007575757575757569,0.9182435413997767,0.5454545454545454,0.08888888888888889,0.08695652173913043,1.0,0.0,1.0,0.0,0.0,1,2,0.14285714285714285,0,1
train,38,7,0.3,20,2,0.0,0.8333333333333334,0.5,0.8222222222222222,0.45,0.9090909090909091,-0.07575757575757569,0.8842794581731994,0.5,0.0962962962962963,0.15,0.5,1.0,0.0,0.0,0.0,0,0,0.0,0,0
train,38,8,0.3,20,2,0.0625,0.9090909090909091,0.75,0.8222222222222222,0.391304347826087,0.8333333333333334,0.07575757575757569,0.8942040385402833,0.5454545454545454,0.08888888888888889,0.17391304347826086,1.0,0.0,0.0,0.0,1.0,0,0,0.0,0,0
train,38,9,0.3,20,2,0.0,0.9,0.75,0.8148148148148148,0.4166666666666667,0.9090909090909091,-0.009090909090909038,0.89652242312417,0.5,0.08148148148148149,0.16666666666666666,0.5,0.0,0.0,0.0,1.0,0,0,0.0,0,0
train,38,10,0.3,20,2,0.15000000000000002,0.8888888888888888,0.75,0.7925925925925926,0.5,0.9,-0.011111111111111183,0.8934690094300575,0.45454545454545453,0.07407407407407407,0.08333333333333333,1.0,0.0,1.0,0.0,0.0,1,2,0.16666666666666666,0,1
train,38,11,0.3,20,2,0.0,0.8,0.5,0.7777777777777778,0.38095238095238093,0.8888888888888888,-0.0888888888888888,0.8560814056580345,0.4090909090909091,0.08148148148148149,0.23809523809523808,0.25,1.0,0.0,0.0,0.0,0,0,0.0,0,0
train,38,12,0.3,20,2,0.0,0.8888888888888888,0.75,0.7777777777777778,0.4166666666666667,0.8,0.0888888888888888,0.8692043989503762,0.45454545454545453,0.07407407407407407,0.16666666666666666,1.0,0.0,0.0,0.0,1.0,0,0,0.0,0,0
train,38,13,0.3,20,2,0.0,0.875,0.75,0.762962962962963,0.5,0.8888888888888888,-0.01388888888888884,0.8715226393702258,0.4090909090909091,0.06666666666666667,0.16666666666666666,0.75,0.0,0.0,0.0,1.0,0,0,0.0,0,0
train,38,14,0.3,20,2,0.13636363636363635,0.8571428571428571,0.75,0.7407407407407407,0.5416666666666666,0.875,-0.017857142857142905,0.8657707264792783,0.36363636363636365,0.05925925925925926,0.041666666666666664,1.0,0.0,1.0,0.0,0.0,1,2,0.2,0,1
train,38,15,0.3,20,2,0.0,0.8333333333333334,0.75,0.725925925925926,0.38095238095238093,0.8571428571428571,-0.023809523809523725,0.8527957692209004,0.3181818181818182,0.05185185185185185,0.19047619047619047,0.5,0.0,0.0,0.0,1.0,0,0,0.0,0,0
train,38,16,0.3,20,2,0.0,0.8,0.75,0.7111111111111111,0.47619047619047616,0.8333333333333334,-0.033333333333333326,0.8316774615325403,0.2727272727272727,0.044444444444444446,0.14285714285714285,0.75,0.0,0.0,0.0,1.0,0,0,0.0,0,0
train,38,17,0.3,20,2,0.0,0.75,0.75,0.6888888888888889,0.47619047619047616,0.8,-0.050000000000000044,0.7990064769195242,0.22727272727272727,0.037037037037037035,0.19047619047619047,0.75,0.0,0.0,0.0,1.0,0,0,0.0,0,0
train,38,18,0.3,20,2,0.0,0.6666666666666666,0.6666666666666666,0.6666666666666666,0.47619047619047616,0.75,-0.08333333333333337,0.7460705528183811,0.18181818181818182,0.02962962962962963,0.14285714285714285,0.75,0.0,0.0,0.0,1.0,0,0,0.0,0,0
train,38,19,0.3,20,2,0.0,0.5,0.5,0.6444444444444445,0.47619047619047616,0.6666666666666666,-0.16666666666666663,0.6476423316910287,0.13636363636363635,0.022222222222222223,0.19047619047619047,0.5,0.0,0.0,0.0,1.0,0,0,0.0,0,0
train,38,20,0.3,20,2,0.0,0.6666666666666666,0.6666666666666666,0.6222222222222222,0.47619047619047616,0.5,0.16666666666666663,0.6552520656812839,0.09090909090909091,0.02962962962962963,0.23809523809523808,0.5,1.0,0.0,0.0,0.0,0,0,0.0,0,0
train,38,21,0.3,20,2,0.0,0.75,0.75,0.6074074074074074,0.5,0.6666666666666666,0.08333333333333337,0.6931512394087704,0.13636363636363635,0.037037037037037035,0.20833333333333334,0.5,1.0,0.0,0.0,0.0,0,0,0.0,0,0
train,38,22,0.3,20,2,0.0,0.6666666666666666,0.6666666666666666,0.5851851851851851,0.52,0.75,-0.08333333333333337,0.682557410311929,0.18181818181818182,0.02962962962962963,0.16,1.0,0.0,0.0,0.0,1.0,0,0,0.0,0,0
train,38,23,0.3,20,2,0.0,0.5,0.5,0.5703703703703704,0.5416666666666666,0.6666666666666666,-0.16666666666666663,0.6095344461871574,0.13636363636363635,0.022222222222222223,0.16666666666666666,0.5,0.0,0.0,0.0,1.0,0,0,0.0,0,0
train,38,24,0.3,20,2,0.0,0.0,0.0,0.5481481481481482,0.42857142857142855,0.5,-0.5,0.3657206677122944,0.09090909090909091,0.014814814814814815,0.19047619047619047,0.75,0.0,1.0,0.0,0.0,0,0,0.0,0,0
train,38,25,0.3,20,2,0.0,0.0,0.0,0.5333333333333333,0.3,0.0,0.0,0.21943240062737662,0.045454545454545456,0.007407407407407408,0.3,0.5,0.0,1.0,0.0,0.0,0,0,0.0,0,0
train,39,0,0.34,22,4,0.0,0.9411764705882353,0.75,0.9629629629629629,0.7058823529411765,0.9411764705882353,0.0,0.9411764705882353,0.8181818181818182,0.13333333333333333,0.17647058823529413,0.25,0.0,1.0,0.0,0.0,0,0,0.0,0,0
train,39,1,0.34,22,4,0.0,0.9375,0.75,0.9407407407407408,0.6,0.9411764705882353,-0.003676470588235281,0.9397058823529412,0.7727272727272727,0.1259259259259259,0.25,0.5,0.0,0.0,0.0,1.0,0,0,0.0,0,0
train,39,2,0.34,22,4,0.0,0.9333333333333333,0.75,0.9259259259259259,0.5652173913043478,0.9375,-0.004166666666666652,0.9371568627450981,0.7272727272727273,0.11851851851851852,0.21739130434782608,0.75,0.0,1.0,0.0,0.0,1,2,0.1,0,1
train,39,3,0.34,22,4,0.0,0.9285714285714286,0.75,0.9111111111111111,0.5833333333333334,0.9333333333333333,-0.004761904761904745,0.9337226890756303,0.6818181818181818,0.1111111111111111,0.125,0.75,0.0,1.0,0.0,0.0,0,0,0.0,0,0
train,39,4,0.34,22,4,0.0,0.9230769230769231,0.75,0.8888888888888888,0.5416666666666666,0.9285714285714286,-0.005494505494505475,0.9294643826761474,0.6363636363636364,0.1037037037037037,0.125,0.75,0.0,1.0,0.0,0.0,1,2,0.1,0,1
train,39,5,0.34,22,4,0.0,0.9166666666666666,0.75,0.8666666666666667,0.5416666666666666,0.9230769230769231,-0.0064102564102564985,0.9243452962723551,0.5909090909090909,0.0962962962962963,0.125,0.75,0.0,0.0,0.0,1.0,0,0,0.0,0,0
train,39,6,0.34,22,4,0.0,0.9090909090909091,0.75,0.8518518518518519,0.52,0.9166666666666666,-0.007575757575757569,0.9182435413997767,0.5454545454545454,0.08888888888888889,0.12,0.75,0.0,0.0,0.0,1.0,0,0,0.0,0,0
train,39,7,0.34,22,4,0.0,0.9,0.75,0.8296296296296296,0.52,0.9090909090909091,-0.009090909090909038,0.910946124839866,0.5,0.08148148148148149,0.08,1.0,0.0,1.0,0.0,0.0,1,2,0.10526315789473684,0,1
train,39,8,0.34,22,4,0.0,0.8888888888888888,0.75,0.8148148148148148,0.5416666666666666,0.9,-0.011111111111111183,0.9021232304594751,0.45454545454545453,0.07407407407407407,0.125,0.5,0.0,0.0,0.0,1.0,0,0,0.0,0,0
train,39,9,0.34,22,4,0.0,0.875,0.75,0.8,0.5416666666666666,0.8888888888888888,-0.01388888888888884,0.8912739382756851,0.4090909090909091,0.06666666666666667,0.16666666666666666,0.75,0.0,0.0,0.0,1.0,1,2,0.10526315789473684,0,1
train,39,10,0.34,22,4,0.0,0.8571428571428571,0.75,0.7777777777777778,0.5416666666666666,0.875,-0.017857142857142905,0.8776215058225539,0.36363636363636365,0.05925925925925926,0.16666666666666666,0.75,0.0,0.0,0.0,1.0,1,2,0.1,0,1
train,39,11,0.34,22,4,0.0,0.8333333333333334,0.75,0.7555555555555555,0.5416666666666666,0.8571428571428571,-0.023809523809523725,0.8599062368268657,0.3181818181818182,0.05185185185185185,0.16666666666666666,0.5,0.0,1.0,0.0,0.0,1,2,0.09523809523809523,0,1
train,39,12,0.34,22,4,0.0,0.8,0.75,0.7407407407407407,0.42857142857142855,0.8333333333333334,-0.033333333333333326,0.8359437420961194,0.2727272727272727,0.044444444444444446,0.2857142857142857,0.5,0.0,0.0,0.0,1.0,1,2,0.09090909090909091,0,1
train,39,13,0.34,22,4,0.0,0.75,0.75,0.725925925925926,0.47619047619047616,0.8,-0.050000000000000044,0.8015662452576717,0.22727272727272727,0.037037037037037035,0.2857142857142857,0.5,0.0,0.0,0.0,1.0,1,2,0.08695652173913043,0,1
train,39,14,0.34,22,4,0.0,0.6666666666666666,0.0,0.7037037037037037,0.47619047619047616,0.75,-0.08333333333333337,0.7476064138212697,0.18181818181818182,0.11851851851851852,0.3333333333333333,0.25,0.0,0.0,1.0,0.0,0,0,0.0,0,0
train,39,15,0.34,22,4,0.0,0.7142857142857143,0.0,0.7037037037037037,0.3333333333333333,0.6666666666666666,0.04761904761904767,0.7342781340070476,0.22727272727272727,0.1111111111111111,0.42857142857142855,0.5,0.0,0.0,1.0,0.0,0,0,0.0,0,0
train,39,16,0.34,22,4,0.0,0.7692307692307693,0.25,0.7037037037037037,0.19047619047619047,0.7142857142857143,0.05494505494505497,0.7482591880965362,0.2727272727272727,0.1037037037037037,0.47619047619047616,0.5,1.0,0.0,0.0,0.0,0,0,0.0,0,0
train,39,17,0.34,22,4,0.0,0.8333333333333334,0.5,0.7037037037037037,0.3333333333333333,0.7692307692307693,0.0641025641025641,0.7822888461912552,0.3181818181818182,0.0962962962962963,0.2916666666666667,0.5,0.0,0.0,1.0,0.0,0,0,0.0,0,0
train,39,18,0.34,22,4,0.06666666666666665,0.9090909090909091,0.75,0.7037037037037037,0.2916666666666667,0.8333333333333334,0.07575757575757569,0.8330096713511167,0.36363636363636365,0.08888888888888889,0.3333333333333333,0.75,1.0,0.0,0.0,0.0,0,0,0.0,0,1
train,39,19,0.34,22,4,0.0,0.9285714285714286,0.75,0.6962962962962963,0.4,0.9090909090909091,0.019480519480519543,0.8712343742392414,0.4090909090909091,0.1111111111111111,0.2,0.5,0.0,0.0,1.0,0.0,0,0,0.0,0,0
train,39,20,0.34,22,4,0.0625,0.9230769230769231,0.75,0.6888888888888889,0.28,0.9285714285714286,-0.005494505494505475,0.8919713937743141,0.45454545454545453,0.1037037037037037,0.24,1.0,1.0,0.0,0.0,0.0,0,0,0.0,0,0
train,39,21,0.34,22,4,0.0,0.9166666666666666,0.75,0.6814814814814815,0.36,0.9230769230769231,-0.0064102564102564985,0.9018495029312551,0.5,0.0962962962962963,0.12,0.75,1.0,0.0,0.0,0.0,0,0,0.0,0,0
train,39,22,0.34,22,4,0.0,0.9090909090909091,0.75,0.6592592592592592,0.4,0.9166666666666666,-0.007575757575757569,0.9047460653951167,0.5454545454545454,0.08888888888888889,0.08,0.75,0.0,0.0,0.0,1.0,0,0,0.0,0,0
train,39,23,0.34,22,4,0.0,0.9,0.75,0.6444444444444445,0.44,0.9090909090909091,-0.009090909090909038,0.9028476392370701,0.5,0.08148148148148149,0.16,0.5,0.0,0.0,0.0,1.0,0,0,0.0,0,0
train,39,24,0.34,22,4,0.050000000000000044,0.8888888888888888,0.75,0.6222222222222222,0.44,0.9,-0.011111111111111183,0.8972641390977976,0.45454545454545453,0.07407407407407407,0.16,1.0,0.0,1.0,0.0,0.0,1,2,0.14285714285714285,0,1
train,39,25,0.34,22,4,0.0,0.875,0.75,0.6148148148148148,0.28,0.8888888888888888,-0.01388888888888884,0.8883584834586786,0.4090909090909091,0.06666666666666667,0.16,0.5,0.0,0.0,0.0,1.0,0,0,0.0,0,0
train,39,26,0.34,22,4,0.0,0.8888888888888888,0.75,0.6,0.36,0.875,0.01388888888888884,0.8885706456307627,0.36363636363636365,0.07407407407407407,0.24,0.5,1.0,0.0,0.0,0.0,0,0,0.0,0,0
train,39,27,0.34,22,4,0.0,0.9,0.75,0.5851851851851851,0.4,0.8888888888888888,0.011111111111111183,0.8931423873784576,0.4090909090909091,0.08148148148148149,0.28,0.75,1.0,0.0,0.0,0.0,0,0,0.0,0,0
train,39,28,0.34,22,4,0.0,0.8888888888888888,0.75,0.5703703703703704,0.4166666666666667,0.9,-0.011111111111111183,0.8914409879826302,0.45454545454545453,0.07407407407407407,0.20833333333333334,0.75,0.0,0.0,0.0,1.0,0,0,0.0,0,0
train,39,29,0.34,22,4,0.0,0.875,0.75,0.5555555555555556,0.5,0.8888888888888888,-0.01388888888888884,0.8848645927895782,0.4090909090909091,0.06666666666666667,0.16666666666666666,0.75,0.0,0.0,0.0,1.0,0,0,0.0,0,0
train,39,30,0.34,22,4,0.0,0.8571428571428571,0.75,0.5333333333333333,0.5,0.875,-0.017857142857142905,0.8737758985308898,0.36363636363636365,0.05925925925925926,0.16666666666666666,0.75,0.0,1.0,0.0,0.0,1,2,0.2,0,1
train,39,31,0.34,22,4,0.0,0.8333333333333334,0.75,0.5185185185185185,0.44,0.8571428571428571,-0.023809523809523725,0.8575988724518672,0.3181818181818182,0.05185185185185185,0.12,0.75,0.0,1.0,0.0,0.0,1,2,0.18181818181818182,0,1
train,39,32,0.34,22,4,0.0,0.7142857142857143,0.5,0.5037037037037037,0.32,0.8333333333333334,-0.11904761904761907,0.8002736091854061,0.2727272727272727,0.05925925925925926,0.32,0.25,1.0,0.0,0.0,0.0,0,0,0.0,0,0
train,39,33,0.34,22,4,0.05882352941176472,0.8333333333333334,0.75,0.5037037037037037,0.36,0.7142857142857143,0.11904761904761907,0.813497498844577,0.3181818181818182,0.05185185185185185,0.2,0.75,0.0,0.0,0.0,1.0,1,2,0.18181818181818182,0,1
train,39,34,0.34,22,4,0.0,0.7272727272727273,0.25,0.4962962962962963,0.48,0.8333333333333334,-0.10606060606060608,0.7790075902158371,0.2727272727272727,0.08888888888888889,0.24,0.25,0.0,0.0,1.0,0.0,0,0,0.0,0,0
train,39,35,0.34,22,4,0.0,0.8,0.5,0.4962962962962963,0.32,0.7272727272727273,0.07272727272727275,0.7874045541295023,0.3181818181818182,0.08148148148148149,0.24,0.75,1.0,0.0,0.0,0.0,0,0,0.0,0,0
train,39,36,0.34,22,4,0.0,0.8888888888888888,0.75,0.4962962962962963,0.2916666666666667,0.8,0.0888888888888888,0.8279982880332569,0.36363636363636365,0.07407407407407407,0.2916666666666667,0.75,1.0,0.0,0.0,0.0,0,0,0.0,0,0
train,39,37,0.34,22,4,0.0,0.875,0.75,0.48148148148148145,0.38095238095238093,0.8888888888888888,-0.01388888888888884,0.8467989728199541,0.4090909090909091,0.06666666666666667,0.19047619047619047,0.75,0.0,0.0,0.0,1.0,0,0,0.0,0,0
train,39,38,0.34,22,4,0.0,0.8571428571428571,0.75,0.4666666666666667,0.3333333333333333,0.875,-0.017857142857142905,0.8509365265491153,0.36363636363636365,0.05925925925925926,0.2857142857142857,0.5,0.0,0.0,0.0,1.0,0,0,0.0,0,0
train,39,39,0.34,22,4,0.09090909090909094,0.8333333333333334,0.75,0.4444444444444444,0.35,0.8571428571428571,-0.023809523809523725,0.8438952492628026,0.3181818181818182,0.05185185185185185,0.3,0.5,0.0,1.0,0.0,0.0,0,0,0.0,0,0
train,39,40,0.34,22,4,0.0,0.8,0.75,0.43703703703703706,0.34782608695652173,0.8333333333333334,-0.033333333333333326,0.8263371495576816,0.2727272727272727,0.044444444444444446,0.2608695652173913,0.5,0.0,0.0,0.0,1.0,0,0,0.0,0,0
train,39,41,0.34,22,4,0.0,0.75,0.75,0.4222222222222222,0.4,0.8,-0.050000000000000044,0.795802289734609,0.22727272727272727,0.037037037037037035,0.25,0.5,0.0,1.0,0.0,0.0,0,0,0.0,0,0
train,39,42,0.34,22,4,0.0,0.6666666666666666,0.6666666666666666,0.4074074074074074,0.38095238095238093,0.75,-0.08333333333333337,0.7441480405074321,0.18181818181818182,0.02962962962962963,0.2857142857142857,0.5,0.0,1.0,0.0,0.0,0,0,0.0,0,0
train,39,43,0.34,22,4,0.0,0.5,0.5,0.3851851851851852,0.3333333333333333,0.6666666666666666,-0.16666666666666663,0.6464888243044593,0.13636363636363635,0.022222222222222223,0.2857142857142857,0.75,0.0,1.0,0.0,0.0,0,0,0.0,0,0
train,39,44,0.34,22,4,0.0,0.0,0.0,0.362962962962963,0.38095238095238093,0.5,-0.5,0.3878932945826756,0.09090909090909091,0.014814814814814815,0.2857142857142857,0.75,0.0,1.0,0.0,0.0,0,0,0.0,0,0
train,39,45,0.34,22,4,0.0,0.0,0.0,0.34074074074074073,0.45,0.0,0.0,0.23273597674960533,0.045454545454545456,0.007407407407407408,0.15,0.75,0.0,1.0,0.0,0.0,0,0,0.0,0,0
train,40,0,0.18,20,2,0.0,0.9411764705882353,0.75,0.9629629629629629,0.7058823529411765,0.9411764705882353,0.0,0.9411764705882353,0.8181818181818182,0.13333333333333333,0.17647058823529413,0.25,0.0,1.0,0.0,0.0,0,0,0.0,0,0
train,40,1,0.18,20,2,0.0,0.9375,0.75,0.9407407407407408,0.6,0.9411764705882353,-0.003676470588235281,0.9397058823529412,0.7727272727272727,0.1259259259259259,0.25,0.5,0.0,1.0,0.0,0.0,0,0,0.0,0,0
train,40,2,0.18,20,2,0.0,0.9333333333333333,0.75,0.9185185185185185,0.47619047619047616,0.9375,-0.004166666666666652,0.9371568627450981,0.7272727272727273,0.11851851851851852,0.2857142857142857,0.75,0.0,1.0,0.0,0.0,0,0,0.0,0,0
train,40,3,0.18,20,2,0.0,0.9285714285714286,0.75,0.8962962962962963,0.47619047619047616,0.9333333333333333,-0.004761904761904745,0.9337226890756303,0.6818181818181818,0.1111111111111111,0.19047619047619047,0.75,0.0,1.0,0.0,0.0,0,0,0.0,0,0
train,40,4,0.18,20,2,0.0,0.9230769230769231,0.75,0.8740740740740741,0.47619047619047616,0.9285714285714286,-0.005494505494505475,0.9294643826761474,0.6363636363636364,0.1037037037037037,0.14285714285714285,0.75,0.0,1.0,0.0,0.0,1,2,0.125,0,1
train,40,5,0.18,20,2,0.2142857142857143,0.9166666666666666,0.75,0.8518518518518519,0.45,0.9230769230769231,-0.0064102564102564985,0.9243452962723551,0.5909090909090909,0.0962962962962963,0.15,0.75,0.0,1.0,0.0,0.0,1,2,0.11764705882352941,0,1
train,40,6,0.18,20,2,0.0,0.9090909090909091,0.75,0.8296296296296296,0.35294117647058826,0.9166666666666666,-0.007575757575757569,0.9182435413997767,0.5454545454545454,0.08888888888888889,0.23529411764705882,0.5,0.0,0.0,0.0,1.0,0,0,0.0,0,0
train,40,7,0.18,20,2,0.0,0.9,0.75,0.8148148148148148,0.4,0.9090909090909091,-0.009090909090909038,0.910946124839866,0.5,0.08148148148148149,0.2,0.75,0.0,0.0,0.0,1.0,0,0,0.0,0,0
train,40,8,0.18,20,2,0.0,0.9090909090909091,0.75,0.7925925925925926,0.42857142857142855,0.9,0.009090909090909038,0.9102040385402832,0.45454545454545453,0.08888888888888889,0.23809523809523808,0.5,1.0,0.0,0.0,0.0,0,0,0.0,0,0
train,40,9,0.18,20,2,0.0,0.9,0.75,0.7777777777777778,0.375,0.9090909090909091,-0.009090909090909038,0.90612242312417,0.5,0.08148148148148149,0.16666666666666666,1.0,0.0,0.0,0.0,1.0,0,0,0.0,0,0
train,40,10,0.18,20,2,0.0,0.8888888888888888,0.75,0.762962962962963,0.5,0.9,-0.011111111111111183,0.8992290094300575,0.45454545454545453,0.07407407407407407,0.08333333333333333,0.75,0.0,0.0,0.0,1.0,0,0,0.0,0,0
train,40,11,0.18,20,2,0.13636363636363635,0.875,0.75,0.7407407407407407,0.5416666666666666,0.8888888888888888,-0.01388888888888884,0.8895374056580345,0.4090909090909091,0.06666666666666667,0.041666666666666664,1.0,0.0,1.0,0.0,0.0,1,2,0.15384615384615385,0,1
train,40,12,0.18,20,2,0.0,0.7777777777777778,0.5,0.725925925925926,0.38095238095238093,0.875,-0.09722222222222221,0.8448335545059318,0.36363636363636365,0.07407407407407407,0.19047619047619047,0.25,1.0,0.0,0.0,0.0,0,0,0.0,0,0
train,40,13,0.18,20,2,0.0,0.875,0.75,0.725925925925926,0.4583333333333333,0.7777777777777778,0.09722222222222221,0.856900132703559,0.4090909090909091,0.06666666666666667,0.125,1.0,0.0,0.0,0.0,1.0,0,0,0.0,0,0
train,40,14,0.18,20,2,0.0,0.8571428571428571,0.75,0.7111111111111111,0.5,0.875,-0.017857142857142905,0.8569972224792782,0.36363636363636365,0.05925925925925926,0.125,0.75,0.0,0.0,0.0,1.0,0,0,0.0,0,0
train,40,15,0.18,20,2,0.13636363636363635,0.8333333333333334,0.75,0.6888888888888889,0.5416666666666666,0.8571428571428571,-0.023809523809523725,0.8475316668209003,0.3181818181818182,0.05185185185185185,0.041666666666666664,1.0,0.0,1.0,0.0,0.0,1,2,0.18181818181818182,0,1
train,40,16,0.18,20,2,0.0,0.7142857142857143,0.5,0.674074074074074,0.38095238095238093,0.8333333333333334,-0.11904761904761907,0.794233285806826,0.2727272727272727,0.05925925925925926,0.23809523809523808,0.25,1.0,0.0,0.0,0.0,0,0,0.0,0,0
train,40,17,0.18,20,2,0.0,0.8333333333333334,0.75,0.674074074074074,0.4583333333333333,0.7142857142857143,0.11904761904761907,0.8098733048174289,0.3181818181818182,0.05185185185185185,0.125,1.0,0.0,0.0,0.0,1.0,0,0,0.0,0,0
train,40,18,0.18,20,2,0.0,0.8571428571428571,0.75,0.6592592592592592,0.5,0.8333333333333334,0.023809523809523725,0.8287811257476002,0.2727272727272727,0.05925925925925926,0.16666666666666666,0.5,1.0,0.0,0.0,0.0,0,0,0.0,0,0
train,40,19,0.18,20,2,0.0,0.8333333333333334,0.75,0.6444444444444445,0.52,0.8571428571428571,-0.023809523809523725,0.8306020087818935,0.3181818181818182,0.05185185185185185,0.12,0.75,0.0,0.0,0.0,1.0,0,0,0.0,0,0
train,40,20,0.18,20,2,0.0,0.8,0.75,0.6296296296296297,0.56,0.8333333333333334,-0.033333333333333326,0.8183612052691361,0.2727272727272727,0.044444444444444446,0.16,0.5,0.0,0.0,0.0,1.0,0,0,0.0,0,0
train,40,21,0.18,20,2,0.0,0.75,0.75,0.6074074074074074,0.56,0.8,-0.050000000000000044,0.7910167231614817,0.22727272727272727,0.037037037037037035,0.16,0.75,0.0,1.0,0.0,0.0,1,2,0.2857142857142857,0,1
train,40,22,0.18,20,2,0.10526315789473684,0.6666666666666666,0.6666666666666666,0.5925925925925926,0.4583333333333333,0.75,-0.08333333333333337,0.7412767005635557,0.18181818181818182,0.02962962962962963,0.20833333333333334,0.5,0.0,1.0,0.0,0.0,1,2,0.25,0,1
train,40,23,0.18,20,2,0.0,0.5,0.25,0.5703703703703704,0.3333333333333333,0.6666666666666666,-0.16666666666666663,0.6447660203381333,0.13636363636363635,0.05185185185185185,0.2857142857142857,0.5,1.0,0.0,0.0,0.0,0,0,0.0,0,0
train,40,24,0.18,20,2,0.0,0.6,0.5,0.5703703703703704,0.3333333333333333,0.5,0.09999999999999998,0.62685961220288,0.18181818181818182,0.044444444444444446,0.2916666666666667,0.5,1.0,0.0,0.0,0.0,0,0,0.0,0,0
train,40,25,0.18,20,2,0.0,0.75,0.75,0.5703703703703704,0.36,0.6,0.15000000000000002,0.676115767321728,0.22727272727272727,0.037037037037037035,0.28,0.75,0.0,0.0,0.0,1.0,0,0,0.0,0,0
train,40,26,0.18,20,2,0.0,0.8,0.75,0.5555555555555556,0.48,0.75,0.050000000000000044,0.7256694603930368,0.18181818181818182,0.044444444444444446,0.24,0.5,1.0,0.0,0.0,0.0,0,0,0.0,0,0
train,40,27,0.18,20,2,0.0,0.75,0.75,0.5407407407407407,0.48,0.8,-0.050000000000000044,0.7354016762358222,0.22727272727272727,0.037037037037037035,0.24,0.75,0.0,0.0,0.0,1.0,0,0,0.0,0,0
train,40,28,0.18,20,2,0.0,0.6666666666666666,0.6666666666666666,0.5259259259259259,0.5416666666666666,0.75,-0.08333333333333337,0.70790767240816,0.18181818181818182,0.02962962962962963,0.16666666666666666,0.75,0.0,0.0,0.0,1.0,0,0,0.0,0,0
train,40,29,0.18,20,2,0.0,0.5,0.5,0.5037037037037037,0.47619047619047616,0.6666666666666666,-0.16666666666666663,0.624744603444896,0.13636363636363635,0.022222222222222223,0.19047619047619047,0.5,0.0,1.0,0.0,0.0,0,0,0.0,0,0
train,40,30,0.18,20,2,0.0,0.0,0.0,0.4888888888888889,0.38095238095238093,0.5,-0.5,0.3748467620669376,0.09090909090909091,0.014814814814814815,0.23809523809523808,0.5,0.0,1.0,0.0,0.0,0,0,0.0,0,0
train,40,31,0.18,20,2,0.0,0.0,0.0,0.4666666666666667,0.25,0.0,0.0,0.22490805724016258,0.045454545454545456,0.007407407407407408,0.35,0.75,0.0,1.0,0.0,0.0,0,0,0.0,0,0
train,41,0,0.22,20,2,0.0,0.9411764705882353,0.75,0.9629629629629629,0.7058823529411765,0.9411764705882353,0.0,0.9411764705882353,0.8181818181818182,0.13333333333333333,0.11764705882352941,0.5,0.0,1.0,0.0,0.0,0,0,0.0,0,0
train,41,1,0.22,20,2,0.0,0.9375,0.75,0.9407407407407408,0.6,0.9411764705882353,-0.003676470588235281,0.9397058823529412,0.7727272727272727,0.1259259259259259,0.15,0.75,0.0,1.0,0.0,0.0,1,2,0.10526315789473684,0,1
train,41,2,0.22,20,2,0.0,0.9333333333333333,0.75,0.9185185185185185,0.47619047619047616,0.9375,-0.004166666666666652,0.9371568627450981,0.7272727272727273,0.11851851851851852,0.23809523809523808,0.5,0.0,1.0,0.0,0.0,1,2,0.1,0,1
train,41,3,0.22,20,2,0.0,0.9285714285714286,0.75,0.8962962962962963,0.47619047619047616,0.9333333333333333,-0.004761904761904745,0.9337226890756303,0.6818181818181818,0.1111111111111111,0.19047619047619047,0.75,0.0,1.0,0.0,0.0,1,2,0.09523809523809523,0,1
train,41,4,0.22,20,2,0.0,0.9230769230769231,0.75,0.8740740740740741,0.47619047619047616,0.9285714285714286,-0.005494505494505475,0.9294643826761474,0.6363636363636364,0.1037037037037037,0.19047619047619047,0.75,0.0,1.0,0.0,0.0,1,2,0.09090909090909091,0,1
train,41,5,0.22,20,2,0.0,0.9166666666666666,0.75,0.8518518518518519,0.45,0.9230769230769231,-0.0064102564102564985,0.9243452962723551,0.5909090909090909,0.0962962962962963,0.2,0.5,0.0,0.0,0.0,1.0,0,0,0.0,0,0
train,41,6,0.22,20,2,0.16666666666666663,0.9090909090909091,0.75,0.837037037037037,0.4782608695652174,0.9166666666666666,-0.007575757575757569,0.9182435413997767,0.5454545454545454,0.08888888888888889,0.17391304347826086,1.0,0.0,1.0,0.0,0.0,1,2,0.09090909090909091,0,1
train,41,7,0.22,20,2,0.0,0.9,0.75,0.8222222222222222,0.45,0.9090909090909091,-0.009090909090909038,0.910946124839866,0.5,0.08148148148148149,0.15,0.5,0.0,0.0,0.0,1.0,0,0,0.0,0,0
train,41,8,0.22,20,2,0.0,0.8888888888888888,0.75,0.8074074074074075,0.5238095238095238,0.9,-0.011111111111111183,0.9021232304594751,0.45454545454545453,0.07407407407407407,0.14285714285714285,0.75,0.0,0.0,0.0,1.0,1,2,0.09090909090909091,0,1
train,41,9,0.22,20,2,0.0,0.9,0.75,0.7851851851851852,0.47619047619047616,0.8888888888888888,0.011111111111111183,0.9012739382756851,0.4090909090909091,0.08148148148148149,0.23809523809523808,0.5,1.0,0.0,0.0,0.0,0,0,0.0,0,1
train,41,10,0.22,20,2,0.0,0.8888888888888888,0.75,0.7703703703703704,0.4583333333333333,0.9,-0.011111111111111183,0.8963199185209667,0.45454545454545453,0.07407407407407407,0.16666666666666666,0.75,0.0,0.0,0.0,1.0,1,2,0.09090909090909091,0,1
train,41,11,0.22,20,2,0.0,0.875,0.75,0.7555555555555555,0.5416666666666666,0.8888888888888888,-0.01388888888888884,0.88779195111258,0.4090909090909091,0.06666666666666667,0.16666666666666666,0.5,0.0,0.0,0.0,1.0,0,0,0.0,0,0
train,41,12,0.22,20,2,0.13043478260869568,0.8571428571428571,0.75,0.7333333333333333,0.5416666666666666,0.875,-0.017857142857142905,0.8755323135246909,0.36363636363636365,0.05925925925925926,0.125,1.0,0.0,1.0,0.0,0.0,1,2,0.09090909090909091,0,1
train,41,13,0.22,20,2,0.0,0.75,0.5,0.7185185185185186,0.38095238095238093,0.8571428571428571,-0.1071428571428571,0.8253193881148145,0.3181818181818182,0.06666666666666667,0.23809523809523808,0.25,1.0,0.0,0.0,0.0,0,0,0.0,0,0
train,41,14,0.22,20,2,0.0,0.8571428571428571,0.75,0.7185185185185186,0.4583333333333333,0.75,0.1071428571428571,0.8380487757260315,0.36363636363636365,0.05925925925925926,0.20833333333333334,1.0,0.0,0.0,0.0,1.0,1,2,0.09090909090909091,0,1
train,41,15,0.22,20,2,0.0,0.875,0.75,0.7037037037037037,0.5,0.8571428571428571,0.017857142857142905,0.8528292654356189,0.3181818181818182,0.06666666666666667,0.20833333333333334,0.5,1.0,0.0,0.0,0.0,0,0,0.0,0,1
train,41,16,0.22,20,2,0.0,0.8571428571428571,0.75,0.6888888888888889,0.52,0.875,-0.017857142857142905,0.8545547021185141,0.36363636363636365,0.05925925925925926,0.16,1.0,0.0,0.0,0.0,1.0,1,2,0.09090909090909091,0,1
train,41,17,0.22,20,2,0.0,0.8333333333333334,0.5,0.674074074074074,0.56,0.8571428571428571,-0.023809523809523725,0.8460661546044418,0.3181818181818182,0.0962962962962963,0.2,0.25,0.0,0.0,1.0,0.0,0,0,0.0,0,0
train,41,18,0.22,20,2,0.04347826086956519,0.9090909090909091,0.75,0.674074074074074,0.44,0.8333333333333334,0.07575757575757569,0.8712760563990287,0.36363636363636365,0.08888888888888889,0.24,1.0,1.0,0.0,0.0,0.0,0,0,0.0,0,1
train,41,19,0.22,20,2,0.0,0.9285714285714286,0.75,0.6592592592592592,0.48,0.9090909090909091,0.019480519480519543,0.8941942052679887,0.4090909090909091,0.1111111111111111,0.24,0.5,0.0,0.0,1.0,0.0,0,0,0.0,0,0
train,41,20,0.22,20,2,0.0,0.9333333333333333,0.75,0.6444444444444445,0.4,0.9285714285714286,0.004761904761904745,0.9098498564941264,0.45454545454545453,0.11851851851851852,0.2,0.75,0.0,0.0,1.0,0.0,0,0,0.0,0,0
train,41,21,0.22,20,2,0.0,0.9375,0.75,0.6296296296296297,0.32,0.9333333333333333,0.004166666666666652,0.9209099138964758,0.5,0.1259259259259259,0.28,0.5,0.0,0.0,1.0,0.0,0,0,0.0,0,0
train,41,22,0.22,20,2,0.09999999999999998,0.9333333333333333,0.75,0.6148148148148148,0.24,0.9375,-0.004166666666666652,0.9258792816712189,0.5454545454545454,0.11851851851851852,0.2,0.75,1.0,0.0,0.0,0.0,0,0,0.0,0,0
train,41,23,0.22,20,2,0.0,0.9285714285714286,0.75,0.6,0.32,0.9333333333333333,-0.004761904761904745,0.9269561404313028,0.5909090909090909,0.1111111111111111,0.28,0.5,1.0,0.0,0.0,0.0,0,0,0.0,0,0
train,41,24,0.22,20,2,0.0,0.9230769230769231,0.75,0.5777777777777777,0.3333333333333333,0.9285714285714286,-0.005494505494505475,0.9254044534895509,0.6363636363636364,0.1037037037037037,0.20833333333333334,1.0,0.0,0.0,0.0,1.0,0,0,0.0,0,0
train,41,25,0.22,20,2,0.0,0.9285714285714286,0.75,0.562962962962963,0.3333333333333333,0.9230769230769231,0.005494505494505475,0.926671243522302,0.5909090909090909,0.1111111111111111,0.25,0.5,1.0,0.0,0.0,0.0,0,0,0.0,0,0
train,41,26,0.22,20,2,0.0,0.9230769230769231,0.75,0.5481481481481482,0.38095238095238093,0.9285714285714286,-0.005494505494505475,0.9252335153441504,0.6363636363636364,0.1037037037037037,0.19047619047619047,0.75,0.0,0.0,0.0,1.0,0,0,0.0,0,0
train,41,27,0.22,20,2,0.0,0.9166666666666666,0.75,0.5333333333333333,0.38095238095238093,0.9230769230769231,-0.0064102564102564985,0.921806775873157,0.5909090909090909,0.0962962962962963,0.2857142857142857,0.5,0.0,0.0,0.0,1.0,0,0,0.0,0,0
train,41,28,0.22,20,2,0.07692307692307687,0.9090909090909091,0.75,0.5111111111111111,0.3333333333333333,0.9166666666666666,-0.007575757575757569,0.9167204291602578,0.5454545454545454,0.08888888888888889,0.2857142857142857,0.75,0.0,1.0,0.0,0.0,0,0,0.0,0,0
train,41,29,0.22,20,2,0.0,0.9,0.75,0.5037037037037037,0.25,0.9090909090909091,-0.009090909090909038,0.9100322574961546,0.5,0.08148148148148149,0.2916666666666667,0.5,0.0,0.0,0.0,1.0,0,0,0.0,0,0
train,41,30,0.22,20,2,0.0714285714285714,0.8888888888888888,0.75,0.4888888888888889,0.375,0.9,-0.011111111111111183,0.9015749100532482,0.45454545454545453,0.07407407407407407,0.20833333333333334,1.0,0.0,1.0,0.0,0.0,1,2,0.2,0,1
train,41,31,0.22,20,2,0.0,0.8,0.5,0.48148148148148145,0.28,0.8888888888888888,-0.0888888888888888,0.8609449460319489,0.4090909090909091,0.08148148148148149,0.32,0.25,1.0,0.0,0.0,0.0,0,0,0.0,0,0
train,41,32,0.22,20,2,0.0,0.8888888888888888,0.75,0.48148148148148145,0.3333333333333333,0.8,0.0888888888888888,0.8721225231747249,0.45454545454545453,0.07407407407407407,0.25,1.0,0.0,0.0,0.0,1.0,0,0,0.0,0,0
train,41,33,0.22,20,2,0.0,0.875,0.75,0.4666666666666667,0.4583333333333333,0.8888888888888888,-0.01388888888888884,0.8732735139048349,0.4090909090909091,0.06666666666666667,0.20833333333333334,0.75,0.0,0.0,0.0,1.0,0,0,0.0,0,0
train,41,34,0.22,20,2,0.0,0.8571428571428571,0.75,0.4444444444444444,0.5416666666666666,0.875,-0.017857142857142905,0.8668212512000437,0.36363636363636365,0.05925925925925926,0.08333333333333333,0.75,0.0,0.0,0.0,1.0,0,0,0.0,0,0
train,41,35,0.22,20,2,0.0,0.8333333333333334,0.75,0.4222222222222222,0.5416666666666666,0.8571428571428571,-0.023809523809523725,0.8534260840533596,0.3181818181818182,0.05185185185185185,0.125,0.75,0.0,1.0,0.0,0.0,0,0,0.0,0,0
train,41,36,0.22,20,2,0.0,0.8,0.75,0.4074074074074074,0.52,0.8333333333333334,-0.033333333333333326,0.8320556504320158,0.2727272727272727,0.044444444444444446,0.12,0.75,0.0,1.0,0.0,0.0,0,0,0.0,0,0
train,41,37,0.22,20,2,0.0,0.75,0.75,0.3851851851851852,0.44,0.8,-0.050000000000000044,0.7992333902592095,0.22727272727272727,0.037037037037037035,0.2,1.0,0.0,1.0,0.0,0.0,0,0,0.0,0,0
train,41,38,0.22,20,2,0.0,0.6666666666666666,0.6666666666666666,0.362962962962963,0.48,0.75,-0.08333333333333337,0.7462067008221923,0.18181818181818182,0.02962962962962963,0.12,0.75,0.0,1.0,0.0,0.0,0,0,0.0,0,0
train,41,39,0.22,20,2,0.05882352941176472,0.5,0.5,0.34074074074074073,0.4583333333333333,0.6666666666666666,-0.16666666666666663,0.6477240204933155,0.13636363636363635,0.022222222222222223,0.125,1.0,0.0,1.0,0.0,0.0,0,0,0.0,0,0
train,41,40,0.22,20,2,0.0,0.0,0.0,0.31851851851851853,0.47619047619047616,0.5,-0.5,0.3886344122959893,0.09090909090909091,0.014814814814814815,0.14285714285714285,0.5,0.0,0.0,0.0,1.0,0,0,0.0,0,0
train,41,41,0.22,20,2,0.0,0.0,0.0,0.3037037037037037,0.4,0.0,0.0,0.23318064737759356,0.045454545454545456,0.007407407407407408,0.15,0.75,0.0,0.0,0.0,1.0,0,0,0.0,0,0
train,42,0,0.26,20,2,0.0,0.9411764705882353,0.75,0.9629629629629629,0.7058823529411765,0.9411764705882353,0.0,0.9411764705882353,0.8181818181818182,0.13333333333333333,0.17647058823529413,0.25,0.0,1.0,0.0,0.0,0,0,0.0,0,0
train,42,1,0.26,20,2,0.0,0.9375,0.75,0.9407407407407408,0.6,0.9411764705882353,-0.003676470588235281,0.9397058823529412,0.7727272727272727,0.1259259259259259,0.2,0.75,0.0,1.0,0.0,0.0,0,0,0.0,0,0
train,42,2,0.26,20,2,0.0,0.9333333333333333,0.75,0.9185185185185185,0.47619047619047616,0.9375,-0.004166666666666652,0.9371568627450981,0.7272727272727273,0.11851851851851852,0.2857142857142857,0.5,0.0,1.0,0.0,0.0,0,0,0.0,0,0
train,42,3,0.26,20,2,0.0,0.9285714285714286,0.75,0.8962962962962963,0.47619047619047616,0.9333333333333333,-0.004761904761904745,0.9337226890756303,0.6818181818181818,0.1111111111111111,0.23809523809523808,0.5,0.0,0.0,0.0,1.0,0,0,0.0,0,0
train,42,4,0.26,20,2,0.0,0.9230769230769231,0.75,0.8814814814814815,0.5,0.9285714285714286,-0.005494505494505475,0.9294643826761474,0.6363636363636364,0.1037037037037037,0.20833333333333334,0.75,0.0,1.0,0.0,0.0,0,0,0.0,0,0
train,42,5,0.26,20,2,0.0,0.9166666666666666,0.75,0.8666666666666667,0.5416666666666666,0.9230769230769231,-0.0064102564102564985,0.9243452962723551,0.5909090909090909,0.0962962962962963,0.125,0.75,0.0,1.0,0.0,0.0,1,2,0.13333333333333333,0,1
train,42,6,0.26,20,2,0.0,0.9090909090909091,0.75,0.8444444444444444,0.5217391304347826,0.9166666666666666,-0.007575757575757569,0.9182435413997767,0.5454545454545454,0.08888888888888889,0.13043478260869565,0.75,0.0,0.0,0.0,1.0,0,0,0.0,0,0
train,42,7,0.26,20,2,0.08695652173913049,0.9,0.75,0.8296296296296296,0.5416666666666666,0.9090909090909091,-0.009090909090909038,0.910946124839866,0.5,0.08148148148148149,0.125,0.75,0.0,1.0,0.0,0.0,1,2,0.13333333333333333,0,1
train,42,8,0.26,20,2,0.0,0.8461538461538461,0.5,0.8148148148148148,0.47619047619047616,0.9,-0.05384615384615388,0.885029213365458,0.45454545454545453,0.1037037037037037,0.19047619047619047,0.25,1.0,0.0,0.0,0.0,0,0,0.0,0,0
train,42,9,0.26,20,2,0.0,0.9166666666666666,0.75,0.8148148148148148,0.4583333333333333,0.8461538461538461,0.07051282051282048,0.8976841946859415,0.5,0.0962962962962963,0.20833333333333334,0.75,1.0,0.0,0.0,0.0,0,0,0.0,0,0
train,42,10,0.26,20,2,0.0,0.9090909090909091,0.75,0.8074074074074075,0.36,0.9166666666666666,-0.007575757575757569,0.9022468804479286,0.5454545454545454,0.08888888888888889,0.24,1.0,0.0,0.0,0.0,1.0,0,0,0.0,0,0
train,42,11,0.26,20,2,0.0,0.9,0.75,0.7925925925925926,0.48,0.9090909090909091,-0.009090909090909038,0.9013481282687572,0.5,0.08148148148148149,0.12,0.75,0.0,0.0,0.0,1.0,0,0,0.0,0,0
train,42,12,0.26,20,2,0.0,0.8888888888888888,0.75,0.7703703703703704,0.52,0.9,-0.011111111111111183,0.8963644325168099,0.45454545454545453,0.07407407407407407,0.08,1.0,0.0,1.0,0.0,0.0,1,2,0.16666666666666666,0,1
train,42,13,0.26,20,2,0.11111111111111116,0.875,0.75,0.7555555555555555,0.4166666666666667,0.8888888888888888,-0.01388888888888884,0.8878186595100859,0.4090909090909091,0.06666666666666667,0.125,0.5,0.0,1.0,0.0,0.0,1,2,0.15384615384615385,0,1
train,42,14,0.26,20,2,0.0,0.7272727272727273,0.25,0.7407407407407407,0.2857142857142857,0.875,-0.1477272727272727,0.8236002866151424,0.36363636363636365,0.08888888888888889,0.3333333333333333,0.25,1.0,0.0,0.0,0.0,0,0,0.0,0,0
train,42,15,0.26,20,2,0.0,0.8,0.5,0.7407407407407407,0.3333333333333333,0.7272727272727273,0.07272727272727275,0.8141601719690854,0.4090909090909091,0.08148148148148149,0.20833333333333334,0.5,1.0,0.0,0.0,0.0,0,0,0.0,0,0
train,42,16,0.26,20,2,0.0,0.8888888888888888,0.75,0.7407407407407407,0.36,0.8,0.0888888888888888,0.8440516587370068,0.45454545454545453,0.07407407407407407,0.2,1.0,0.0,0.0,0.0,1.0,0,0,0.0,0,0
train,42,17,0.26,20,2,0.0,0.875,0.75,0.725925925925926,0.48,0.8888888888888888,-0.01388888888888884,0.856430995242204,0.4090909090909091,0.06666666666666667,0.12,0.75,0.0,0.0,0.0,1.0,0,0,0.0,0,0
train,42,18,0.26,20,2,0.0,0.8571428571428571,0.75,0.7037037037037037,0.52,0.875,-0.017857142857142905,0.8567157400024652,0.36363636363636365,0.05925925925925926,0.16,0.5,0.0,1.0,0.0,0.0,0,0,0.0,0,0
train,42,19,0.26,20,2,0.16666666666666663,0.8333333333333334,0.75,0.6888888888888889,0.4166666666666667,0.8571428571428571,-0.023809523809523725,0.8473627773348125,0.3181818181818182,0.05185185185185185,0.20833333333333334,0.75,0.0,1.0,0.0,0.0,1,2,0.2222222222222222,0,1
train,42,20,0.26,20,2,0.0,0.7142857142857143,0.5,0.674074074074074,0.2857142857142857,0.8333333333333334,-0.11904761904761907,0.7941319521151733,0.2727272727272727,0.05925925925925926,0.38095238095238093,0.25,1.0,0.0,0.0,0.0,0,0,0.0,0,0
train,42,21,0.26,20,2,0.0625,0.8333333333333334,0.75,0.674074074074074,0.3333333333333333,0.7142857142857143,0.11904761904761907,0.8098125046024374,0.3181818181818182,0.05185185185185185,0.2916666666666667,0.75,0.0,0.0,0.0,1.0,0,0,0.0,0,0
train,42,22,0.26,20,2,0.0,0.8,0.75,0.6666666666666666,0.4583333333333333,0.8333333333333334,-0.033333333333333326,0.8058875027614625,0.2727272727272727,0.044444444444444446,0.25,0.5,0.0,0.0,0.0,1.0,0,0,0.0,0,0
train,42,23,0.26,20,2,0.0,0.8333333333333334,0.75,0.6444444444444445,0.5416666666666666,0.8,0.033333333333333326,0.8168658349902108,0.22727272727272727,0.05185185185185185,0.20833333333333334,0.5,1.0,0.0,0.0,0.0,0,0,0.0,0,0
train,42,24,0.26,20,2,0.0,0.8,0.75,0.6296296296296297,0.48,0.8333333333333334,-0.033333333333333326,0.8101195009941266,0.2727272727272727,0.044444444444444446,0.2,0.75,0.0,0.0,0.0,1.0,0,0,0.0,0,0
train,42,25,0.26,20,2,0.0,0.75,0.75,0.6148148148148148,0.56,0.8,-0.050000000000000044,0.7860717005964759,0.22727272727272727,0.037037037037037035,0.12,0.75,0.0,0.0,0.0,1.0,0,0,0.0,0,0
train,42,26,0.26,20,2,0.0,0.6666666666666666,0.6666666666666666,0.5925925925925926,0.56,0.75,-0.08333333333333337,0.7383096870245522,0.18181818181818182,0.02962962962962963,0.12,0.75,0.0,0.0,0.0,1.0,0,0,0.0,0,0
train,42,27,0.26,20,2,0.0,0.5,0.5,0.5703703703703704,0.5416666666666666,0.6666666666666666,-0.16666666666666663,0.6429858122147314,0.13636363636363635,0.022222222222222223,0.08333333333333333,1.0,0.0,1.0,0.0,0.0,0,0,0.0,0,0
train,42,28,0.26,20,2,0.0,0.0,0.0,0.5555555555555556,0.4782608695652174,0.5,-0.5,0.38579148732883883,0.09090909090909091,0.014814814814814815,0.13043478260869565,0.5,0.0,1.0,0.0,0.0,0,0,0.0,0,0
train,42,29,0.26,20,2,0.0,0.0,0.0,0.5333333333333333,0.35,0.0,0.0,0.2314748923973033,0.045454545454545456,0.007407407407407408,0.25,0.75,0.0,0.0,0.0,1.0,0,0,0.0,0,0
train,43,0,0.3,20,2,0.0,0.9411764705882353,0.75,0.9629629629629629,0.7058823529411765,0.9411764705882353,0.0,0.9411764705882353,0.8181818181818182,0.13333333333333333,0.17647058823529413,0.25,0.0,1.0,0.0,0.0,0,0,0.0,0,0
train,43,1,0.3,20,2,0.0,0.9375,0.75,0.9407407407407408,0.6,0.9411764705882353,-0.003676470588235281,0.9397058823529412,0.7727272727272727,0.1259259259259259,0.2,0.75,0.0,1.0,0.0,0.0,1,2,0.10526315789473684,0,1
train,43,2,0.3,20,2,0.050000000000000044,0.8823529411764706,0.5,0.9185185185185185,0.47619047619047616,0.9375,-0.05514705882352944,0.9167647058823529,0.7272727272727273,0.13333333333333333,0.3333333333333333,0.25,1.0,0.0,0.0,0.0,0,0,0.0,0,0
train,43,3,0.3,20,2,0.05882352941176472,0.9375,0.75,0.9185185185185185,0.45,0.8823529411764706,0.05514705882352944,0.9250588235294117,0.7727272727272727,0.1259259259259259,0.35,0.75,0.0,0.0,0.0,1.0,0,0,0.0,0,0
train,43,4,0.3,20,2,0.0,0.9333333333333333,0.75,0.9111111111111111,0.4782608695652174,0.9375,-0.004166666666666652,0.9283686274509804,0.7272727272727273,0.11851851851851852,0.30434782608695654,0.5,0.0,0.0,0.0,1.0,0,0,0.0,0,0
train,43,5,0.3,20,2,0.0,0.9285714285714286,0.75,0.8888888888888888,0.5416666666666666,0.9333333333333333,-0.004761904761904745,0.9284497478991597,0.6818181818181818,0.1111111111111111,0.20833333333333334,0.5,0.0,0.0,0.0,1.0,0,0,0.0,0,0
train,43,6,0.3,20,2,0.0,0.9230769230769231,0.75,0.8666666666666667,0.5416666666666666,0.9285714285714286,-0.005494505494505475,0.9263006179702651,0.6363636363636364,0.1037037037037037,0.16666666666666666,1.0,0.0,1.0,0.0,0.0,0,0,0.0,0,0
train,43,7,0.3,20,2,0.0,0.9166666666666666,0.75,0.8518518518518519,0.52,0.9230769230769231,-0.0064102564102564985,0.9224470374488257,0.5909090909090909,0.0962962962962963,0.12,0.75,0.0,1.0,0.0,0.0,0,0,0.0,0,0
train,43,8,0.3,20,2,0.0,0.9090909090909091,0.75,0.8296296296296296,0.48,0.9166666666666666,-0.007575757575757569,0.917104586105659,0.5454545454545454,0.08888888888888889,0.16,0.75,0.0,1.0,0.0,0.0,0,0,0.0,0,0
train,43,9,0.3,20,2,0.0,0.9,0.75,0.8074074074074075,0.56,0.9090909090909091,-0.009090909090909038,0.9102627516633954,0.5,0.08148148148148149,0.08,1.0,0.0,1.0,0.0,0.0,0,0,0.0,0,0
train,43,10,0.3,20,2,0.0,0.8888888888888888,0.75,0.7851851851851852,0.5416666666666666,0.9,-0.011111111111111183,0.9017132065535929,0.45454545454545453,0.07407407407407407,0.08333333333333333,0.75,0.0,0.0,0.0,1.0,0,0,0.0,0,0
train,43,11,0.3,20,2,0.09090909090909094,0.875,0.75,0.7703703703703704,0.5,0.8888888888888888,-0.01388888888888884,0.8910279239321557,0.4090909090909091,0.06666666666666667,0.125,0.75,0.0,1.0,0.0,0.0,0,0,0.0,0,0
train,43,12,0.3,20,2,0.0,0.8571428571428571,0.75,0.7555555555555555,0.47619047619047616,0.875,-0.017857142857142905,0.8774738972164362,0.36363636363636365,0.05925925925925926,0.19047619047619047,0.5,0.0,0.0,0.0,1.0,0,0,0.0,0,0
train,43,13,0.3,20,2,0.0,0.8333333333333334,0.75,0.7407407407407407,0.5238095238095238,0.8571428571428571,-0.023809523809523725,0.8598176716631951,0.3181818181818182,0.05185185185185185,0.19047619047619047,0.5,0.0,0.0,0.0,1.0,0,0,0.0,0,0
train,43,14,0.3,20,2,0.0,0.8571428571428571,0.75,0.7185185185185186,0.47619047619047616,0.8333333333333334,0.023809523809523725,0.8587477458550599,0.2727272727272727,0.05925925925925926,0.2857142857142857,0.5,1.0,0.0,0.0,0.0,0,0,0.0,0,0
train,43,15,0.3,20,2,0.0,0.8333333333333334,0.75,0.7037037037037037,0.4583333333333333,0.8571428571428571,-0.023809523809523725,0.8485819808463693,0.3181818181818182,0.05185185185185185,0.20833333333333334,0.5,0.0,0.0,0.0,1.0,0,0,0.0,0,0
train,43,16,0.3,20,2,0.0,0.8,0.75,0.6888888888888889,0.5416666666666666,0.8333333333333334,-0.033333333333333326,0.8291491885078216,0.2727272727272727,0.044444444444444446,0.20833333333333334,0.5,0.0,0.0,0.0,1.0,0,0,0.0,0,0
train,43,17,0.3,20,2,0.0,0.75,0.75,0.6666666666666666,0.5416666666666666,0.8,-0.050000000000000044,0.797489513104693,0.22727272727272727,0.037037037037037035,0.25,0.5,0.0,1.0,0.0,0.0,0,0,0.0,0,0
train,43,18,0.3,20,2,0.0,0.6666666666666666,0.6666666666666666,0.6518518518518519,0.38095238095238093,0.75,-0.08333333333333337,0.7451603745294824,0.18181818181818182,0.02962962962962963,0.2857142857142857,0.5,0.0,0.0,0.0,1.0,0,0,0.0,0,0
train,43,19,0.3,20,2,0.0,0.5,0.5,0.6370370370370371,0.47619047619047616,0.6666666666666666,-0.16666666666666663,0.6470962247176895,0.13636363636363635,0.022222222222222223,0.23809523809523808,0.5,0.0,0.0,0.0,1.0,0,0,0.0,0,0
train,43,20,0.3,20,2,0.0,0.0,0.0,0.6148148148148148,0.47619047619047616,0.5,-0.5,0.38825773483061365,0.09090909090909091,0.014814814814814815,0.23809523809523808,0.75,0.0,0.0,0.0,1.0,0,0,0.0,0,0
train,43,21,0.3,20,2,0.0,0.0,0.0,0.5925925925925926,0.45,0.0,0.0,0.23295464089836818,0.045454545454545456,0.007407407407407408,0.2,0.75,0.0,0.0,0.0,1.0,0,0,0.0,0,0
train,44,0,0.34,20,2,0.0,0.9411764705882353,0.75,0.9629629629629629,0.7058823529411765,0.9411764705882353,0.0,0.9411764705882353,0.8181818181818182,0.13333333333333333,0.11764705882352941,0.5,0.0,1.0,0.0,0.0,0,0,0.0,0,0
train,44,1,0.34,20,2,0.0,0.9375,0.75,0.9407407407407408,0.6,0.9411764705882353,-0.003676470588235281,0.9397058823529412,0.7727272727272727,0.1259259259259259,0.15,0.75,0.0,1.0,0.0,0.0,1,2,0.10526315789473684,0,1
train,44,2,0.34,20,2,0.0,0.9333333333333333,0.75,0.9185185185185185,0.47619047619047616,0.9375,-0.004166666666666652,0.9371568627450981,0.7272727272727273,0.11851851851851852,0.19047619047619047,0.75,0.0,1.0,0.0,0.0,1,2,0.1,0,1
train,44,3,0.34,20,2,0.0,0.9285714285714286,0.75,0.8962962962962963,0.47619047619047616,0.9333333333333333,-0.004761904761904745,0.9337226890756303,0.6818181818181818,0.1111111111111111,0.19047619047619047,0.5,0.0,1.0,0.0,0.0,1,2,0.09523809523809523,0,1
train,44,4,0.34,20,2,0.0,0.9230769230769231,0.75,0.8740740740740741,0.47619047619047616,0.9285714285714286,-0.005494505494505475,0.9294643826761474,0.6363636363636364,0.1037037037037037,0.19047619047619047,0.75,0.0,1.0,0.0,0.0,1,2,0.09090909090909091,0,1
train,44,5,0.34,20,2,0.0,0.8571428571428571,0.5,0.8518518518518519,0.45,0.9230769230769231,-0.06593406593406603,0.9005357724628312,0.5909090909090909,0.1111111111111111,0.3,0.25,1.0,0.0,0.0,0.0,0,0,0.0,0,0
train,44,6,0.34,20,2,0.0714285714285714,0.9230769230769231,0.75,0.8518518518518519,0.3333333333333333,0.8571428571428571,0.06593406593406603,0.909552232708468,0.6363636363636364,0.1037037037037037,0.3333333333333333,0.75,0.0,0.0,0.0,1.0,1,2,0.09090909090909091,0,1
train,44,7,0.34,20,2,0.0,0.7777777777777778,0.0,0.8444444444444444,0.4166666666666667,0.9230769230769231,-0.14529914529914534,0.8568424507361919,0.5909090909090909,0.14074074074074075,0.2916666666666667,0.25,0.0,0.0,1.0,0.0,0,0,0.0,0,0
train,44,8,0.34,20,2,0.0,0.8235294117647058,0.25,0.8444444444444444,0.2857142857142857,0.7777777777777778,0.04575163398692805,0.8435172351475975,0.6363636363636364,0.13333333333333333,0.38095238095238093,0.75,1.0,0.0,0.0,0.0,0,0,0.0,0,0
train,44,9,0.34,20,2,0.0,0.875,0.5,0.8444444444444444,0.14285714285714285,0.8235294117647058,0.05147058823529416,0.8561103410885584,0.6818181818181818,0.1259259259259259,0.42857142857142855,0.5,1.0,0.0,0.0,0.0,0,0,0.0,0,0
train,44,10,0.34,20,2,0.0,0.9333333333333333,0.75,0.8444444444444444,0.19047619047619047,0.875,0.05833333333333335,0.8869995379864684,0.7272727272727273,0.11851851851851852,0.3333333333333333,0.75,0.0,0.0,0.0,1.0,0,0,0.0,0,0
train,44,11,0.34,20,2,0.0,0.9285714285714286,0.75,0.837037037037037,0.3333333333333333,0.9333333333333333,-0.004761904761904745,0.9036282942204524,0.6818181818181818,0.1111111111111111,0.25,0.75,0.0,0.0,0.0,1.0,0,0,0.0,0,0
train,44,12,0.34,20,2,0.0,0.9230769230769231,0.75,0.8148148148148148,0.44,0.9285714285714286,-0.005494505494505475,0.9114077457630407,0.6363636363636364,0.1037037037037037,0.16,0.75,0.0,0.0,0.0,1.0,0,0,0.0,0,0
train,44,13,0.34,20,2,0.0,0.9166666666666666,0.75,0.7925925925925926,0.52,0.9230769230769231,-0.0064102564102564985,0.9135113141244912,0.5909090909090909,0.0962962962962963,0.12,1.0,0.0,1.0,0.0,0.0,1,2,0.11764705882352941,0,1
train,44,14,0.34,20,2,0.0,0.8461538461538461,0.5,0.7777777777777778,0.44,0.9166666666666666,-0.07051282051282048,0.8865683269362331,0.5454545454545454,0.1037037037037037,0.2,0.25,1.0,0.0,0.0,0.0,0,0,0.0,0,0
train,44,15,0.34,20,2,0.0,0.9166666666666666,0.75,0.7777777777777778,0.44,0.8461538461538461,0.07051282051282048,0.8986076628284065,0.5909090909090909,0.0962962962962963,0.2,1.0,0.0,0.0,0.0,1.0,0,0,0.0,0,0
train,44,16,0.34,20,2,0.0,0.9090909090909091,0.75,0.762962962962963,0.52,0.9166666666666666,-0.007575757575757569,0.9028009613334076,0.5454545454545454,0.08888888888888889,0.12,0.75,0.0,0.0,0.0,1.0,0,0,0.0,0,0
train,44,17,0.34,20,2,0.0,0.9,0.75,0.7407407407407407,0.56,0.9090909090909091,-0.009090909090909038,0.9016805768000447,0.5,0.08148148148148149,0.04,1.0,0.0,1.0,0.0,0.0,1,2,0.13333333333333333,0,1
train,44,18,0.34,20,2,0.0,0.8888888888888888,0.75,0.725925925925926,0.48,0.9,-0.011111111111111183,0.8965639016355824,0.45454545454545453,0.07407407407407407,0.12,0.75,0.0,1.0,0.0,0.0,1,2,0.125,0,1
train,44,19,0.34,20,2,0.0,0.875,0.75,0.7037037037037037,0.44,0.8888888888888888,-0.01388888888888884,0.8879383409813495,0.4090909090909091,0.06666666666666667,0.16,0.75,0.0,1.0,0.0,0.0,1,2,0.11764705882352941,0,1
train,44,20,0.34,20,2,0.1578947368421053,0.8571428571428571,0.75,0.6814814814814815,0.5,0.875,-0.017857142857142905,0.8756201474459525,0.36363636363636365,0.05925925925925926,0.125,1.0,0.0,1.0,0.0,0.0,1,2,0.1111111111111111,0,1
train,44,21,0.34,20,2,0.0,0.8333333333333334,0.75,0.6592592592592592,0.47619047619047616,0.8571428571428571,-0.023809523809523725,0.8587054218009048,0.3181818181818182,0.05185185185185185,0.14285714285714285,0.5,0.0,0.0,0.0,1.0,1,2,0.10526315789473684,0,1
train,44,22,0.34,20,2,0.0,0.8571428571428571,0.75,0.6444444444444445,0.42857142857142855,0.8333333333333334,0.023809523809523725,0.8580803959376857,0.2727272727272727,0.05925925925925926,0.19047619047619047,0.5,1.0,0.0,0.0,0.0,0,0,0.0,0,1
train,44,23,0.34,20,2,0.0,0.875,0.75,0.6370370370370371,0.3333333333333333,0.8571428571428571,0.017857142857142905,0.8648482375626114,0.3181818181818182,0.06666666666666667,0.25,0.75,1.0,0.0,0.0,0.0,0,0,0.0,0,1
train,44,24,0.34,20,2,0.0,0.8888888888888888,0.75,0.6296296296296297,0.28,0.875,0.01388888888888884,0.8744644980931224,0.36363636363636365,0.07407407407407407,0.28,0.75,1.0,0.0,0.0,0.0,0,0,0.0,0,1
train,44,25,0.34,20,2,0.0,0.9,0.75,0.6222222222222222,0.32,0.8888888888888888,0.011111111111111183,0.8846786988558735,0.4090909090909091,0.08148148148148149,0.2,0.75,1.0,0.0,0.0,0.0,0,0,0.0,0,1
train,44,26,0.34,20,2,0.0,0.8888888888888888,0.75,0.6074074074074074,0.36,0.9,-0.011111111111111183,0.8863627748690797,0.45454545454545453,0.07407407407407407,0.16,0.75,0.0,0.0,0.0,1.0,1,2,0.125,0,1
train,44,27,0.34,20,2,0.0,0.8125,0.25,0.5925925925925926,0.44,0.8888888888888888,-0.07638888888888884,0.8568176649214478,0.4090909090909091,0.1259259259259259,0.24,0.25,0.0,0.0,1.0,0.0,0,0,0.0,0,0
train,44,28,0.34,20,2,0.0,0.8666666666666667,0.5,0.5925925925925926,0.28,0.8125,0.054166666666666696,0.8607572656195354,0.45454545454545453,0.11851851851851852,0.24,0.75,0.0,0.0,1.0,0.0,0,0,0.0,0,0
train,44,29,0.34,20,2,0.09090909090909094,0.9285714285714286,0.75,0.5925925925925926,0.16,0.8666666666666667,0.06190476190476191,0.8878829308002927,0.5,0.1111111111111111,0.24,1.0,1.0,0.0,0.0,0.0,0,0,0.0,0,0
train,44,30,0.34,20,2,0.0,0.9230769230769231,0.75,0.5851851851851851,0.3333333333333333,0.9285714285714286,-0.005494505494505475,0.9019605277109448,0.5454545454545454,0.1037037037037037,0.125,0.75,1.0,0.0,0.0,0.0,0,0,0.0,0,0
train,44,31,0.34,20,2,0.0,0.9166666666666666,0.75,0.562962962962963,0.38095238095238093,0.9230769230769231,-0.0064102564102564985,0.9078429832932335,0.5909090909090909,0.0962962962962963,0.14285714285714285,0.75,0.0,0.0,0.0,1.0,0,0,0.0,0,0
train,44,32,0.34,20,2,0.0,0.9090909090909091,0.75,0.5481481481481482,0.3333333333333333,0.9166666666666666,-0.007575757575757569,0.9083421536123037,0.5454545454545454,0.08888888888888889,0.19047619047619047,0.5,0.0,0.0,0.0,1.0,0,0,0.0,0,0
train,44,33,0.34,20,2,0.0,0.9,0.75,0.5333333333333333,0.2857142857142857,0.9090909090909091,-0.009090909090909038,0.9050052921673823,0.5,0.08148148148148149,0.3333333333333333,0.5,0.0,0.0,0.0,1.0,0,0,0.0,0,0
train,44,34,0.34,20,2,0.0714285714285714,0.8888888888888888,0.75,0.5111111111111111,0.38095238095238093,0.9,-0.011111111111111183,0.898558730855985,0.45454545454545453,0.07407407407407407,0.2857142857142857,0.75,0.0,1.0,0.0,0.0,0,0,0.0,0,0
train,44,35,0.34,20,2,0.0,0.875,0.75,0.5037037037037037,0.375,0.8888888888888888,-0.01388888888888884,0.8891352385135911,0.4090909090909091,0.06666666666666667,0.25,0.5,0.0,0.0,0.0,1.0,0,0,0.0,0,0
train,44,36,0.34,20,2,0.0,0.8571428571428571,0.75,0.4888888888888889,0.5,0.875,-0.017857142857142905,0.8763382859652975,0.36363636363636365,0.05925925925925926,0.20833333333333334,0.75,0.0,1.0,0.0,0.0,0,0,0.0,0,0
train,44,37,0.34,20,2,0.0,0.8333333333333334,0.75,0.4740740740740741,0.48,0.8571428571428571,-0.023809523809523725,0.8591363049125118,0.3181818181818182,0.05185185185185185,0.2,0.5,0.0,1.0,0.0,0.0,0,0,0.0,0,0
train,44,38,0.34,20,2,0.0,0.8,0.75,0.45185185185185184,0.4,0.8333333333333334,-0.033333333333333326,0.8354817829475071,0.2727272727272727,0.044444444444444446,0.24,0.75,0.0,1.0,0.0,0.0,0,0,0.0,0,0
train,44,39,0.34,20,2,0.0,0.75,0.75,0.42962962962962964,0.4,0.8,-0.050000000000000044,0.8012890697685042,0.22727272727272727,0.037037037037037035,0.24,1.0,0.0,1.0,0.0,0.0,0,0,0.0,0,0
train,44,40,0.34,20,2,0.1428571428571429,0.6666666666666666,0.6666666666666666,0.4074074074074074,0.375,0.75,-0.08333333333333337,0.7474401085277691,0.18181818181818182,0.02962962962962963,0.20833333333333334,0.75,0.0,1.0,0.0,0.0,0,0,0.0,0,0
train,44,41,0.34,20,2,0.0,0.5,0.5,0.3851851851851852,0.3333333333333333,0.6666666666666666,-0.16666666666666663,0.6484640651166614,0.13636363636363635,0.022222222222222223,0.19047619047619047,0.75,0.0,0.0,0.0,1.0,0,0,0.0,0,0
train,44,42,0.34,20,2,0.0,0.0,0.0,0.37037037037037035,0.38095238095238093,0.5,-0.5,0.38907843906999684,0.09090909090909091,0.014814814814814815,0.23809523809523808,0.5,0.0,0.0,0.0,1.0,0,0,0.0,0,0
train,44,43,0.34,20,2,0.0,0.0,0.0,0.34814814814814815,0.4,0.0,0.0,0.2334470634419981,0.045454545454545456,0.007407407407407408,0.2,0.75,0.0,0.0,0.0,1.0,0,0,0.0,0,0
train,45,0,0.18,20,2,0.0,0.9411764705882353,0.75,0.9629629629629629,0.7058823529411765,0.9411764705882353,0.0,0.9411764705882353,0.8181818181818182,0.13333333333333333,0.17647058823529413,0.25,0.0,1.0,0.0,0.0,0,0,0.0,0,0
train,45,1,0.18,20,2,0.0,0.9375,0.75,0.9407407407407408,0.6,0.9411764705882353,-0.003676470588235281,0.9397058823529412,0.7727272727272727,0.1259259259259259,0.2,0.75,0.0,1.0,0.0,0.0,0,0,0.0,0,0
train,45,2,0.18,20,2,0.0,0.9333333333333333,0.75,0.9185185185185185,0.47619047619047616,0.9375,-0.004166666666666652,0.9371568627450981,0.7272727272727273,0.11851851851851852,0.2857142857142857,0.5,0.0,1.0,0.0,0.0,0,0,0.0,0,0
train,45,3,0.18,20,2,0.0,0.9285714285714286,0.75,0.8962962962962963,0.47619047619047616,0.9333333333333333,-0.004761904761904745,0.9337226890756303,0.6818181818181818,0.1111111111111111,0.19047619047619047,0.75,0.0,1.0,0.0,0.0,0,0,0.0,0,0
train,45,4,0.18,20,2,0.0,0.9230769230769231,0.75,0.8740740740740741,0.47619047619047616,0.9285714285714286,-0.005494505494505475,0.9294643826761474,0.6363636363636364,0.1037037037037037,0.19047619047619047,0.75,0.0,1.0,0.0,0.0,0,0,0.0,0,0
train,45,5,0.18,20,2,0.2142857142857143,0.9166666666666666,0.75,0.8518518518518519,0.45,0.9230769230769231,-0.0064102564102564985,0.9243452962723551,0.5909090909090909,0.0962962962962963,0.15,0.75,0.0,1.0,0.0,0.0,0,0,0.0,0,0
train,45,6,0.18,20,2,0.0,0.9090909090909091,0.75,0.8296296296296296,0.35294117647058826,0.9166666666666666,-0.007575757575757569,0.9182435413997767,0.5454545454545454,0.08888888888888889,0.23529411764705882,0.5,0.0,0.0,0.0,1.0,0,0,0.0,0,0
train,45,7,0.18,20,2,0.0,0.9,0.75,0.8148148148148148,0.4,0.9090909090909091,-0.009090909090909038,0.910946124839866,0.5,0.08148148148148149,0.2,0.75,0.0,0.0,0.0,1.0,0,0,0.0,0,0
train,45,8,0.18,20,2,0.0,0.8888888888888888,0.75,0.7925925925925926,0.42857142857142855,0.9,-0.011111111111111183,0.9021232304594751,0.45454545454545453,0.07407407407407407,0.19047619047619047,0.75,0.0,0.0,0.0,1.0,0,0,0.0,0,0
train,45,9,0.18,20,2,0.0,0.875,0.75,0.7703703703703704,0.47619047619047616,0.8888888888888888,-0.01388888888888884,0.8912739382756851,0.4090909090909091,0.06666666666666667,0.19047619047619047,0.5,0.0,0.0,0.0,1.0,0,0,0.0,0,0
train,45,10,0.18,20,2,0.0,0.8888888888888888,0.75,0.7481481481481481,0.47619047619047616,0.875,0.01388888888888884,0.8903199185209667,0.36363636363636365,0.07407407407407407,0.23809523809523808,0.5,1.0,0.0,0.0,0.0,0,0,0.0,0,0
train,45,11,0.18,20,2,0.0,0.875,0.75,0.7333333333333333,0.5,0.8888888888888888,-0.01388888888888884,0.88419195111258,0.4090909090909091,0.06666666666666667,0.16666666666666666,0.75,0.0,0.0,0.0,1.0,0,0,0.0,0,0
train,45,12,0.18,20,2,0.0,0.8571428571428571,0.75,0.7185185185185186,0.5416666666666666,0.875,-0.017857142857142905,0.8733723135246908,0.36363636363636365,0.05925925925925926,0.125,0.75,0.0,0.0,0.0,1.0,0,0,0.0,0,0
train,45,13,0.18,20,2,0.08695652173913049,0.8333333333333334,0.75,0.6962962962962963,0.5416666666666666,0.8571428571428571,-0.023809523809523725,0.8573567214481478,0.3181818181818182,0.05185185185185185,0.125,0.75,0.0,1.0,0.0,0.0,0,0,0.0,0,0
train,45,14,0.18,20,2,0.0,0.8,0.75,0.6814814814814815,0.38095238095238093,0.8333333333333334,-0.033333333333333326,0.8344140328688887,0.2727272727272727,0.044444444444444446,0.19047619047619047,0.5,0.0,0.0,0.0,1.0,0,0,0.0,0,0
train,45,15,0.18,20,2,0.0,0.75,0.75,0.6666666666666666,0.47619047619047616,0.8,-0.050000000000000044,0.8006484197213333,0.22727272727272727,0.037037037037037035,0.19047619047619047,0.5,0.0,0.0,0.0,1.0,0,0,0.0,0,0
train,45,16,0.18,20,2,0.0,0.6666666666666666,0.6666666666666666,0.6444444444444445,0.47619047619047616,0.75,-0.08333333333333337,0.7470557184994666,0.18181818181818182,0.02962962962962963,0.23809523809523808,0.75,0.0,0.0,0.0,1.0,0,0,0.0,0,0
train,45,17,0.18,20,2,0.0,0.5,0.5,0.6222222222222222,0.47619047619047616,0.6666666666666666,-0.16666666666666663,0.64823343109968,0.13636363636363635,0.022222222222222223,0.19047619047619047,0.75,0.0,0.0,0.0,1.0,0,0,0.0,0,0
train,45,18,0.18,20,2,0.0,0.0,0.0,0.6,0.47619047619047616,0.5,-0.5,0.388940058659808,0.09090909090909091,0.014814814814814815,0.14285714285714285,0.75,0.0,0.0,0.0,1.0,0,0,0.0,0,0
train,45,19,0.18,20,2,0.0,0.0,0.0,0.5777777777777777,0.45,0.0,0.0,0.2333640351958848,0.045454545454545456,0.007407407407407408,0.2,0.5,0.0,0.0,0.0,1.0,0,0,0.0,0,0
train,46,0,0.22,20,2,0.0,0.9411764705882353,0.75,0.9629629629629629,0.7058823529411765,0.9411764705882353,0.0,0.9411764705882353,0.8181818181818182,0.13333333333333333,0.17647058823529413,0.25,0.0,1.0,0.0,0.0,0,0,0.0,0,0
train,46,1,0.22,20,2,0.0,0.9375,0.75,0.9407407407407408,0.6,0.9411764705882353,-0.003676470588235281,0.9397058823529412,0.7727272727272727,0.1259259259259259,0.2,0.75,0.0,1.0,0.0,0.0,1,2,0.10526315789473684,0,1
train,46,2,0.22,20,2,0.0,0.9333333333333333,0.75,0.9185185185185185,0.47619047619047616,0.9375,-0.004166666666666652,0.9371568627450981,0.7272727272727273,0.11851851851851852,0.2857142857142857,0.5,0.0,0.0,0.0,1.0,0,0,0.0,0,0
train,46,3,0.22,20,2,0.0,0.9285714285714286,0.75,0.9037037037037037,0.5416666666666666,0.9333333333333333,-0.004761904761904745,0.9337226890756303,0.6818181818181818,0.1111111111111111,0.20833333333333334,0.75,0.0,1.0,0.0,0.0,1,2,0.10526315789473684,0,1
train,46,4,0.22,20,2,0.0,0.9230769230769231,0.75,0.8888888888888888,0.5416666666666666,0.9285714285714286,-0.005494505494505475,0.9294643826761474,0.6363636363636364,0.1037037037037037,0.16666666666666666,0.75,0.0,1.0,0.0,0.0,1,2,0.1,0,1
train,46,5,0.22,20,2,0.0,0.9166666666666666,0.75,0.8666666666666667,0.5416666666666666,0.9230769230769231,-0.0064102564102564985,0.9243452962723551,0.5909090909090909,0.0962962962962963,0.125,0.75,0.0,1.0,0.0,0.0,1,2,0.09523809523809523,0,1
train,46,6,0.22,20,2,0.1578947368421053,0.9090909090909091,0.75,0.8444444444444444,0.5217391304347826,0.9166666666666666,-0.007575757575757569,0.9182435413997767,0.5454545454545454,0.08888888888888889,0.13043478260869565,0.75,0.0,1.0,0.0,0.0,1,2,0.09090909090909091,0,1
train,46,7,0.22,20,2,0.0,0.9,0.75,0.8222222222222222,0.45,0.9090909090909091,-0.009090909090909038,0.910946124839866,0.5,0.08148148148148149,0.2,0.5,0.0,0.0,0.0,1.0,0,0,0.0,0,0
train,46,8,0.22,20,2,0.0,0.8888888888888888,0.75,0.8074074074074075,0.42857142857142855,0.9,-0.011111111111111183,0.9021232304594751,0.45454545454545453,0.07407407407407407,0.19047619047619047,0.75,0.0,0.0,0.0,1.0,0,0,0.0,0,0
train,46,9,0.22,20,2,0.0,0.875,0.75,0.7851851851851852,0.42857142857142855,0.8888888888888888,-0.01388888888888884,0.8912739382756851,0.4090909090909091,0.06666666666666667,0.19047619047619047,0.75,0.0,0.0,0.0,1.0,0,0,0.0,0,0
train,46,10,0.22,20,2,0.0,0.8571428571428571,0.75,0.762962962962963,0.47619047619047616,0.875,-0.017857142857142905,0.8776215058225539,0.36363636363636365,0.05925925925925926,0.19047619047619047,0.5,0.0,0.0,0.0,1.0,0,0,0.0,0,0
train,46,11,0.22,20,2,0.0,0.875,0.75,0.7407407407407407,0.47619047619047616,0.8571428571428571,0.017857142857142905,0.8765729034935323,0.3181818181818182,0.06666666666666667,0.23809523809523808,0.5,1.0,0.0,0.0,0.0,0,0,0.0,0,0
train,46,12,0.22,20,2,0.0,0.8888888888888888,0.75,0.725925925925926,0.5,0.875,0.01388888888888884,0.8814992976516749,0.36363636363636365,0.07407407407407407,0.20833333333333334,0.5,1.0,0.0,0.0,0.0,0,0,0.0,0,0
train,46,13,0.22,20,2,0.0,0.9,0.75,0.7037037037037037,0.48,0.8888888888888888,0.011111111111111183,0.888899578591005,0.4090909090909091,0.08148148148148149,0.24,0.5,1.0,0.0,0.0,0.0,0,0,0.0,0,0
train,46,14,0.22,20,2,0.0,0.8888888888888888,0.75,0.6814814814814815,0.52,0.9,-0.011111111111111183,0.8888953027101585,0.45454545454545453,0.07407407407407407,0.2,0.75,0.0,0.0,0.0,1.0,0,0,0.0,0,0
train,46,15,0.22,20,2,0.0,0.9,0.75,0.6666666666666666,0.52,0.8888888888888888,0.011111111111111183,0.8933371816260951,0.4090909090909091,0.08148148148148149,0.24,0.5,1.0,0.0,0.0,0.0,0,0,0.0,0,0
train,46,16,0.22,20,2,0.0,0.8888888888888888,0.75,0.6518518518518519,0.56,0.9,-0.011111111111111183,0.8915578645312126,0.45454545454545453,0.07407407407407407,0.16,1.0,0.0,0.0,0.0,1.0,0,0,0.0,0,0
train,46,17,0.22,20,2,0.0,0.875,0.75,0.6370370370370371,0.6,0.8888888888888888,-0.01388888888888884,0.8849347187187275,0.4090909090909091,0.06666666666666667,0.08,0.75,0.0,0.0,0.0,1.0,1,2,0.15384615384615385,0,1
train,46,18,0.22,20,2,0.0,0.8461538461538461,0.5,0.6148148148148148,0.56,0.875,-0.028846153846153855,0.869422369692775,0.36363636363636365,0.1037037037037037,0.16,0.25,0.0,0.0,1.0,0.0,0,0,0.0,0,0
train,46,19,0.22,20,2,0.04166666666666663,0.9166666666666666,0.75,0.6148148148148148,0.48,0.8461538461538461,0.07051282051282048,0.8883200884823317,0.4090909090909091,0.0962962962962963,0.2,0.75,1.0,0.0,0.0,0.0,0,0,0.0,0,0
train,46,20,0.22,20,2,0.0,0.9090909090909091,0.75,0.6074074074074074,0.5,0.9166666666666666,-0.007575757575757569,0.8966284167257627,0.45454545454545453,0.08888888888888889,0.16666666666666666,0.75,1.0,0.0,0.0,0.0,0,0,0.0,0,0
train,46,21,0.22,20,2,0.0,0.9,0.75,0.5851851851851851,0.47619047619047616,0.9090909090909091,-0.009090909090909038,0.8979770500354576,0.5,0.08148148148148149,0.19047619047619047,0.5,0.0,0.0,0.0,1.0,0,0,0.0,0,0
train,46,22,0.22,20,2,0.0,0.8888888888888888,0.75,0.5703703703703704,0.38095238095238093,0.9,-0.011111111111111183,0.8943417855768301,0.45454545454545453,0.07407407407407407,0.2857142857142857,0.5,0.0,0.0,0.0,1.0,0,0,0.0,0,0
train,46,23,0.22,20,2,0.0625,0.875,0.75,0.5481481481481482,0.38095238095238093,0.8888888888888888,-0.01388888888888884,0.886605071346098,0.4090909090909091,0.06666666666666667,0.2857142857142857,0.75,0.0,1.0,0.0,0.0,0,0,0.0,0,0
train,46,24,0.22,20,2,0.0,0.8571428571428571,0.75,0.5407407407407407,0.375,0.875,-0.017857142857142905,0.8748201856648017,0.36363636363636365,0.05925925925925926,0.20833333333333334,0.5,0.0,0.0,0.0,1.0,0,0,0.0,0,0
train,46,25,0.22,20,2,0.0,0.8333333333333334,0.75,0.5259259259259259,0.5,0.8571428571428571,-0.023809523809523725,0.8582254447322144,0.3181818181818182,0.05185185185185185,0.125,1.0,0.0,1.0,0.0,0.0,0,0,0.0,0,0
train,46,26,0.22,20,2,0.0,0.8,0.75,0.5111111111111111,0.48,0.8333333333333334,-0.033333333333333326,0.8349352668393287,0.2727272727272727,0.044444444444444446,0.12,0.75,0.0,1.0,0.0,0.0,0,0,0.0,0,0
train,46,27,0.22,20,2,0.0,0.75,0.75,0.4888888888888889,0.44,0.8,-0.050000000000000044,0.8009611601035973,0.22727272727272727,0.037037037037037035,0.12,1.0,0.0,1.0,0.0,0.0,0,0,0.0,0,0
train,46,28,0.22,20,2,0.0,0.6666666666666666,0.6666666666666666,0.4666666666666667,0.52,0.75,-0.08333333333333337,0.7472433627288251,0.18181818181818182,0.02962962962962963,0.08,1.0,0.0,1.0,0.0,0.0,0,0,0.0,0,0
train,46,29,0.22,20,2,0.052631578947368474,0.5,0.5,0.4444444444444444,0.5416666666666666,0.6666666666666666,-0.16666666666666663,0.648346017637295,0.13636363636363635,0.022222222222222223,0.041666666666666664,0.75,0.0,1.0,0.0,0.0,1,2,0.6666666666666666,0,1
train,46,30,0.22,20,2,0.0,0.3333333333333333,0.3333333333333333,0.4222222222222222,0.47619047619047616,0.5,-0.16666666666666669,0.5223409439157104,0.09090909090909091,0.02962962962962963,0.14285714285714285,0.5,1.0,0.0,0.0,0.0,0,0,0.0,0,0
train,46,31,0.22,20,2,0.0,0.5,0.5,0.4222222222222222,0.4166666666666667,0.3333333333333333,0.16666666666666669,0.5134045663494262,0.13636363636363635,0.022222222222222223,0.125,0.75,0.0,0.0,0.0,1.0,0,0,0.0,0,0
train,46,32,0.22,20,2,0.0,0.0,0.0,0.4148148148148148,0.391304347826087,0.5,-0.5,0.30804273980965574,0.09090909090909091,0.014814814814814815,0.13043478260869565,0.75,0.0,0.0,0.0,1.0,0,0,0.0,0,0
train,46,33,0.22,20,2,0.0,0.0,0.0,0.3925925925925926,0.4,0.0,0.0,0.18482564388579345,0.045454545454545456,0.007407407407407408,0.15,0.75,0.0,1.0,0.0,0.0,0,0,0.0,0,0
train,47,0,0.26,20,2,0.0,0.9411764705882353,0.75,0.9629629629629629,0.7058823529411765,0.9411764705882353,0.0,0.9411764705882353,0.8181818181818182,0.13333333333333333,0.11764705882352941,0.5,0.0,1.0,0.0,0.0,0,0,0.0,0,0
train,47,1,0.26,20,2,0.0,0.9375,0.75,0.9407407407407408,0.6,0.9411764705882353,-0.003676470588235281,0.9397058823529412,0.7727272727272727,0.1259259259259259,0.15,0.75,0.0,1.0,0.0,0.0,0,0,0.0,0,0
train,47,2,0.26,20,2,0.0,0.9333333333333333,0.75,0.9185185185185185,0.47619047619047616,0.9375,-0.004166666666666652,0.9371568627450981,0.7272727272727273,0.11851851851851852,0.23809523809523808,0.5,0.0,1.0,0.0,0.0,0,0,0.0,0,0
train,47,3,0.26,20,2,0.0,0.9285714285714286,0.75,0.8962962962962963,0.47619047619047616,0.9333333333333333,-0.004761904761904745,0.9337226890756303,0.6818181818181818,0.1111111111111111,0.23809523809523808,0.5,0.0,0.0,0.0,1.0,0,0,0.0,0,0
train,47,4,0.26,20,2,0.0,0.9230769230769231,0.75,0.8814814814814815,0.5,0.9285714285714286,-0.005494505494505475,0.9294643826761474,0.6363636363636364,0.1037037037037037,0.16666666666666666,0.75,0.0,1.0,0.0,0.0,0,0,0.0,0,0
train,47,5,0.26,20,2,0.0,0.9166666666666666,0.75,0.8666666666666667,0.5416666666666666,0.9230769230769231,-0.0064102564102564985,0.9243452962723551,0.5909090909090909,0.0962962962962963,0.16666666666666666,0.5,0.0,0.0,0.0,1.0,0,0,0.0,0,0
train,47,6,0.26,20,2,0.0,0.9090909090909091,0.75,0.8518518518518519,0.6,0.9166666666666666,-0.007575757575757569,0.9182435413997767,0.5454545454545454,0.08888888888888889,0.16,0.75,0.0,0.0,0.0,1.0,0,0,0.0,0,0
train,47,7,0.26,20,2,0.0,0.9,0.75,0.8296296296296296,0.56,0.9090909090909091,-0.009090909090909038,0.910946124839866,0.5,0.08148148148148149,0.12,1.0,0.0,1.0,0.0,0.0,1,2,0.15384615384615385,0,1
train,47,8,0.26,20,2,0.08333333333333337,0.8888888888888888,0.75,0.8148148148148148,0.5416666666666666,0.9,-0.011111111111111183,0.9021232304594751,0.45454545454545453,0.07407407407407407,0.125,0.5,0.0,1.0,0.0,0.0,1,2,0.14285714285714285,0,1
train,47,9,0.26,20,2,0.0,0.875,0.75,0.7925925925925926,0.42857142857142855,0.8888888888888888,-0.01388888888888884,0.8912739382756851,0.4090909090909091,0.06666666666666667,0.19047619047619047,0.75,0.0,0.0,0.0,1.0,0,0,0.0,0,0
train,47,10,0.26,20,2,0.0,0.8571428571428571,0.75,0.7777777777777778,0.47619047619047616,0.875,-0.017857142857142905,0.8776215058225539,0.36363636363636365,0.05925925925925926,0.19047619047619047,0.5,0.0,0.0,0.0,1.0,0,0,0.0,0,0
train,47,11,0.26,20,2,0.0,0.8333333333333334,0.75,0.7555555555555555,0.42857142857142855,0.8571428571428571,-0.023809523809523725,0.8599062368268657,0.3181818181818182,0.05185185185185185,0.19047619047619047,0.75,0.0,0.0,0.0,1.0,0,0,0.0,0,0
train,47,12,0.26,20,2,0.0,0.8571428571428571,0.75,0.7333333333333333,0.47619047619047616,0.8333333333333334,0.023809523809523725,0.8588008849532622,0.2727272727272727,0.05925925925925926,0.23809523809523808,0.5,1.0,0.0,0.0,0.0,0,0,0.0,0,0
train,47,13,0.26,20,2,0.0,0.8333333333333334,0.75,0.7185185185185186,0.4583333333333333,0.8571428571428571,-0.023809523809523725,0.8486138643052907,0.3181818181818182,0.05185185185185185,0.16666666666666666,1.0,0.0,0.0,0.0,1.0,0,0,0.0,0,0
train,47,14,0.26,20,2,0.0,0.8571428571428571,0.75,0.7037037037037037,0.5416666666666666,0.8333333333333334,0.023809523809523725,0.8520254614403173,0.2727272727272727,0.05925925925925926,0.16666666666666666,0.5,1.0,0.0,0.0,0.0,0,0,0.0,0,0
train,47,15,0.26,20,2,0.0,0.8333333333333334,0.75,0.6888888888888889,0.56,0.8571428571428571,-0.023809523809523725,0.8445486101975237,0.3181818181818182,0.05185185185185185,0.08,1.0,0.0,0.0,0.0,1.0,0,0,0.0,0,0
train,47,16,0.26,20,2,0.0,0.8571428571428571,0.75,0.674074074074074,0.6,0.8333333333333334,0.023809523809523725,0.849586308975657,0.2727272727272727,0.05925925925925926,0.12,0.5,1.0,0.0,0.0,0.0,0,0,0.0,0,0
train,47,17,0.26,20,2,0.0,0.8333333333333334,0.75,0.6592592592592592,0.6,0.8571428571428571,-0.023809523809523725,0.8430851187187276,0.3181818181818182,0.05185185185185185,0.08,1.0,0.0,0.0,0.0,1.0,0,0,0.0,0,0
train,47,18,0.26,20,2,0.0,0.8,0.75,0.6444444444444445,0.6,0.8333333333333334,-0.033333333333333326,0.8258510712312366,0.2727272727272727,0.044444444444444446,0.08,0.75,0.0,0.0,0.0,1.0,0,0,0.0,0,0
train,47,19,0.26,20,2,0.0,0.75,0.75,0.6222222222222222,0.56,0.8,-0.050000000000000044,0.795510642738742,0.22727272727272727,0.037037037037037035,0.04,1.0,0.0,1.0,0.0,0.0,0,0,0.0,0,0
train,47,20,0.26,20,2,0.0,0.6666666666666666,0.6666666666666666,0.6074074074074074,0.48,0.75,-0.08333333333333337,0.7439730523099117,0.18181818181818182,0.02962962962962963,0.12,0.5,0.0,0.0,0.0,1.0,0,0,0.0,0,0
train,47,21,0.26,20,2,0.0,0.5,0.5,0.5925925925925926,0.5416666666666666,0.6666666666666666,-0.16666666666666663,0.646383831385947,0.13636363636363635,0.022222222222222223,0.08333333333333333,1.0,0.0,1.0,0.0,0.0,0,0,0.0,0,0
train,47,22,0.26,20,2,0.0,0.0,0.0,0.5777777777777777,0.5217391304347826,0.5,-0.5,0.3878302988315682,0.09090909090909091,0.014814814814814815,0.13043478260869565,0.75,0.0,1.0,0.0,0.0,0,0,0.0,0,0
train,47,23,0.26,20,2,0.0,0.0,0.0,0.5555555555555556,0.45,0.0,0.0,0.23269817929894093,0.045454545454545456,0.007407407407407408,0.1,0.75,0.0,0.0,0.0,1.0,0,0,0.0,0,0
train,48,0,0.3,22,4,0.0,0.9411764705882353,0.75,0.9629629629629629,0.7058823529411765,0.9411764705882353,0.0,0.9411764705882353,0.8181818181818182,0.13333333333333333,0.17647058823529413,0.25,0.0,1.0,0.0,0.0,0,0,0.0,0,0
train,48,1,0.3,22,4,0.0,0.9375,0.75,0.9407407407407408,0.6,0.9411764705882353,-0.003676470588235281,0.9397058823529412,0.7727272727272727,0.1259259259259259,0.25,0.5,0.0,1.0,0.0,0.0,0,0,0.0,0,0
train,48,2,0.3,22,4,0.0,0.9333333333333333,0.75,0.9185185185185185,0.47619047619047616,0.9375,-0.004166666666666652,0.9371568627450981,0.7272727272727273,0.11851851851851852,0.3333333333333333,0.5,0.0,0.0,0.0,1.0,0,0,0.0,0,0
train,48,3,0.3,22,4,0.0,0.9285714285714286,0.75,0.9037037037037037,0.5416666666666666,0.9333333333333333,-0.004761904761904745,0.9337226890756303,0.6818181818181818,0.1111111111111111,0.25,0.5,0.0,0.0,0.0,1.0,0,0,0.0,0,0
train,48,4,0.3,22,4,0.0,0.9230769230769231,0.75,0.8814814814814815,0.52,0.9285714285714286,-0.005494505494505475,0.9294643826761474,0.6363636363636364,0.1037037037037037,0.24,0.75,0.0,0.0,0.0,1.0,0,0,0.0,0,0
train,48,5,0.3,22,4,0.0,0.9166666666666666,0.75,0.8592592592592593,0.56,0.9230769230769231,-0.0064102564102564985,0.9243452962723551,0.5909090909090909,0.0962962962962963,0.16,0.75,0.0,0.0,0.0,1.0,0,0,0.0,0,0
train,48,6,0.3,22,4,0.0,0.9090909090909091,0.75,0.837037037037037,0.56,0.9166666666666666,-0.007575757575757569,0.9182435413997767,0.5454545454545454,0.08888888888888889,0.12,0.75,0.0,1.0,0.0,0.0,0,0,0.0,0,0
train,48,7,0.3,22,4,0.0,0.9,0.75,0.8222222222222222,0.52,0.9090909090909091,-0.009090909090909038,0.910946124839866,0.5,0.08148148148148149,0.2,0.5,0.0,1.0,0.0,0.0,0,0,0.0,0,0
train,48,8,0.3,22,4,0.0,0.8888888888888888,0.75,0.8,0.52,0.9,-0.011111111111111183,0.9021232304594751,0.45454545454545453,0.07407407407407407,0.16,1.0,0.0,1.0,0.0,0.0,1,2,0.14285714285714285,0,1
train,48,9,0.3,22,4,0.13636363636363635,0.875,0.75,0.7777777777777778,0.5416666666666666,0.8888888888888888,-0.01388888888888884,0.8912739382756851,0.4090909090909091,0.06666666666666667,0.08333333333333333,1.0,0.0,1.0,0.0,0.0,1,2,0.13333333333333333,0,1
train,48,10,0.3,22,4,0.0,0.8571428571428571,0.75,0.7555555555555555,0.47619047619047616,0.875,-0.017857142857142905,0.8776215058225539,0.36363636363636365,0.05925925925925926,0.047619047619047616,0.75,0.0,0.0,0.0,1.0,0,0,0.0,0,0
train,48,11,0.3,22,4,0.0,0.8333333333333334,0.75,0.7407407407407407,0.42857142857142855,0.8571428571428571,-0.023809523809523725,0.8599062368268657,0.3181818181818182,0.05185185185185185,0.14285714285714285,0.75,0.0,0.0,0.0,1.0,0,0,0.0,0,0
train,48,12,0.3,22,4,0.0,0.8571428571428571,0.75,0.7185185185185186,0.42857142857142855,0.8333333333333334,0.023809523809523725,0.8588008849532622,0.2727272727272727,0.05925925925925926,0.19047619047619047,0.5,1.0,0.0,0.0,0.0,0,0,0.0,0,0
train,48,13,0.3,22,4,0.0,0.8333333333333334,0.75,0.7037037037037037,0.375,0.8571428571428571,-0.023809523809523725,0.8486138643052907,0.3181818181818182,0.05185185185185185,0.16666666666666666,1.0,0.0,0.0,0.0,1.0,0,0,0.0,0,0
train,48,14,0.3,22,4,0.0,0.8,0.75,0.6888888888888889,0.5,0.8333333333333334,-0.033333333333333326,0.8291683185831745,0.2727272727272727,0.044444444444444446,0.08333333333333333,0.75,0.0,0.0,0.0,1.0,0,0,0.0,0,0
train,48,15,0.3,22,4,0.13636363636363635,0.75,0.75,0.6666666666666666,0.5416666666666666,0.8,-0.050000000000000044,0.7975009911499047,0.22727272727272727,0.037037037037037035,0.041666666666666664,1.0,0.0,1.0,0.0,0.0,1,2,0.18181818181818182,0,1
train,48,16,0.3,22,4,0.0,0.6666666666666666,0.6666666666666666,0.6518518518518519,0.38095238095238093,0.75,-0.08333333333333337,0.7451672613566094,0.18181818181818182,0.02962962962962963,0.14285714285714285,0.5,0.0,0.0,0.0,1.0,1,2,0.16666666666666666,0,1
train,48,17,0.3,22,4,0.0,0.5,0.5,0.6370370370370371,0.47619047619047616,0.6666666666666666,-0.16666666666666663,0.6471003568139656,0.13636363636363635,0.022222222222222223,0.14285714285714285,0.75,0.0,0.0,0.0,1.0,1,2,0.15384615384615385,0,1
train,48,18,0.3,22,4,0.0,0.6666666666666666,0.6666666666666666,0.6148148148148148,0.47619047619047616,0.5,0.16666666666666663,0.654926880755046,0.09090909090909091,0.02962962962962963,0.23809523809523808,0.5,1.0,0.0,0.0,0.0,0,0,0.0,0,1
train,48,19,0.3,22,4,0.0,0.75,0.75,0.6,0.4583333333333333,0.6666666666666666,0.08333333333333337,0.6929561284530277,0.13636363636363635,0.037037037037037035,0.16666666666666666,0.75,1.0,0.0,0.0,0.0,1,2,0.15384615384615385,0,1
train,48,20,0.3,22,4,0.0,0.6923076923076923,0.0,0.5777777777777777,0.44,0.75,-0.05769230769230771,0.6926967539948936,0.18181818181818182,0.1037037037037037,0.24,0.25,0.0,1.0,0.0,0.0,0,0,0.0,0,0
train,48,21,0.3,22,4,0.0,0.75,0.25,0.5777777777777777,0.3333333333333333,0.6923076923076923,0.05769230769230771,0.7156180523969362,0.13636363636363635,0.0962962962962963,0.2916666666666667,0.75,0.0,0.0,1.0,0.0,0,0,0.0,0,0
train,48,22,0.3,22,4,0.0,0.8181818181818182,0.5,0.5777777777777777,0.16666666666666666,0.75,0.06818181818181823,0.7566435587108891,0.18181818181818182,0.08888888888888889,0.375,0.75,0.0,0.0,1.0,0.0,0,0,0.0,0,0
train,48,23,0.3,22,4,0.09999999999999998,0.9,0.75,0.5777777777777777,0.20833333333333334,0.8181818181818182,0.08181818181818179,0.8139861352265334,0.22727272727272727,0.08148148148148149,0.20833333333333334,1.0,1.0,0.0,0.0,0.0,0,0,0.0,0,0
train,48,24,0.3,22,4,0.0,0.8888888888888888,0.75,0.5703703703703704,0.28,0.9,-0.011111111111111183,0.8439472366914755,0.2727272727272727,0.07407407407407407,0.2,0.75,1.0,0.0,0.0,0.0,0,0,0.0,0,0
train,48,25,0.3,22,4,0.05882352941176472,0.875,0.75,0.5481481481481482,0.4,0.8888888888888888,-0.01388888888888884,0.8563683420148853,0.3181818181818182,0.06666666666666667,0.12,1.0,0.0,0.0,0.0,1.0,0,0,0.0,0,0
train,48,26,0.3,22,4,0.0,0.8571428571428571,0.75,0.5407407407407407,0.4,0.875,-0.017857142857142905,0.856678148066074,0.2727272727272727,0.05925925925925926,0.12,0.5,1.0,0.0,0.0,0.0,0,0,0.0,0,0
train,48,27,0.3,22,4,0.0,0.8333333333333334,0.75,0.5259259259259259,0.52,0.8571428571428571,-0.023809523809523725,0.8473402221729778,0.3181818181818182,0.05185185185185185,0.08,1.0,0.0,0.0,0.0,1.0,0,0,0.0,0,0
train,48,28,0.3,22,4,0.0,0.8,0.75,0.5111111111111111,0.48,0.8333333333333334,-0.033333333333333326,0.8284041333037867,0.2727272727272727,0.044444444444444446,0.12,0.75,0.0,0.0,0.0,1.0,0,0,0.0,0,0
train,48,29,0.3,22,4,0.05555555555555558,0.75,0.75,0.4888888888888889,0.4166666666666667,0.8,-0.050000000000000044,0.7970424799822721,0.22727272727272727,0.037037037037037035,0.125,1.0,0.0,1.0,0.0,0.0,0,0,0.0,0,0
train,48,30,0.3,22,4,0.0,0.6666666666666666,0.6666666666666666,0.48148148148148145,0.2916666666666667,0.75,-0.08333333333333337,0.7448921546560299,0.18181818181818182,0.02962962962962963,0.20833333333333334,0.5,0.0,0.0,0.0,1.0,0,0,0.0,0,0
train,48,31,0.3,22,4,0.0,0.5,0.5,0.4666666666666667,0.38095238095238093,0.6666666666666666,-0.16666666666666663,0.6469352927936179,0.13636363636363635,0.022222222222222223,0.19047619047619047,0.75,0.0,1.0,0.0,0.0,0,0,0.0,0,0
train,48,32,0.3,22,4,0.0,0.0,0.0,0.45185185185185184,0.2857142857142857,0.5,-0.5,0.38816117567617076,0.09090909090909091,0.014814814814814815,0.3333333333333333,0.5,0.0,1.0,0.0,0.0,0,0,0.0,0,0
train,48,33,0.3,22,4,0.0,0.0,0.0,0.43703703703703706,0.2,0.0,0.0,0.23289670540570245,0.045454545454545456,0.007407407407407408,0.3,0.5,0.0,1.0,0.0,0.0,0,0,0.0,0,0
train,49,0,0.34,26,8,0.0,0.9411764705882353,0.75,0.9629629629629629,0.7058823529411765,0.9411764705882353,0.0,0.9411764705882353,0.8181818181818182,0.13333333333333333,0.17647058823529413,0.25,0.0,1.0,0.0,0.0,0,0,0.0,0,0
train,49,1,0.34,26,8,0.0,0.9375,0.75,0.9407407407407408,0.6,0.9411764705882353,-0.003676470588235281,0.9397058823529412,0.7727272727272727,0.1259259259259259,0.2,0.75,0.0,1.0,0.0,0.0,0,0,0.0,0,0
train,49,2,0.34,26,8,0.0,0.9333333333333333,0.75,0.9185185185185185,0.47619047619047616,0.9375,-0.004166666666666652,0.9371568627450981,0.7272727272727273,0.11851851851851852,0.2857142857142857,0.5,0.0,0.0,0.0,1.0,0,0,0.0,0,0
train,49,3,0.34,26,8,0.0,0.9285714285714286,0.75,0.9037037037037037,0.5416666666666666,0.9333333333333333,-0.004761904761904745,0.9337226890756303,0.6818181818181818,0.1111111111111111,0.16666666666666666,1.0,0.0,1.0,0.0,0.0,0,0,0.0,0,0
train,49,4,0.34,26,8,0.0,0.9230769230769231,0.75,0.8888888888888888,0.5416666666666666,0.9285714285714286,-0.005494505494505475,0.9294643826761474,0.6363636363636364,0.1037037037037037,0.16666666666666666,0.5,0.0,1.0,0.0,0.0,0,0,0.0,0,0
train,49,5,0.34,26,8,0.0,0.9166666666666666,0.75,0.8666666666666667,0.5416666666666666,0.9230769230769231,-0.0064102564102564985,0.9243452962723551,0.5909090909090909,0.0962962962962963,0.08333333333333333,1.0,0.0,1.0,0.0,0.0,1,2,0.09523809523809523,0,1
train,49,6,0.34,26,8,0.1578947368421053,0.9090909090909091,0.75,0.8444444444444444,0.5217391304347826,0.9166666666666666,-0.007575757575757569,0.9182435413997767,0.5454545454545454,0.08888888888888889,0.13043478260869565,0.75,0.0,1.0,0.0,0.0,1,2,0.09090909090909091,0,1
train,49,7,0.34,26,8,0.0,0.9,0.75,0.8222222222222222,0.45,0.9090909090909091,-0.009090909090909038,0.910946124839866,0.5,0.08148148148148149,0.1,0.75,0.0,0.0,0.0,1.0,0,0,0.0,0,0
train,49,8,0.34,26,8,0.0,0.8888888888888888,0.75,0.8074074074074075,0.42857142857142855,0.9,-0.011111111111111183,0.9021232304594751,0.45454545454545453,0.07407407407407407,0.19047619047619047,0.75,0.0,0.0,0.0,1.0,0,0,0.0,0,0
train,49,9,0.34,26,8,0.0,0.875,0.75,0.7851851851851852,0.42857142857142855,0.8888888888888888,-0.01388888888888884,0.8912739382756851,0.4090909090909091,0.06666666666666667,0.14285714285714285,0.75,0.0,0.0,0.0,1.0,0,0,0.0,0,0
train,49,10,0.34,26,8,0.0,0.8571428571428571,0.75,0.762962962962963,0.47619047619047616,0.875,-0.017857142857142905,0.8776215058225539,0.36363636363636365,0.05925925925925926,0.14285714285714285,0.75,0.0,0.0,0.0,1.0,0,0,0.0,0,0
train,49,11,0.34,26,8,0.0,0.8333333333333334,0.75,0.7407407407407407,0.47619047619047616,0.8571428571428571,-0.023809523809523725,0.8599062368268657,0.3181818181818182,0.05185185185185185,0.14285714285714285,0.75,0.0,0.0,0.0,1.0,1,2,0.10526315789473684,0,1
train,49,12,0.34,26,8,0.0,0.8,0.75,0.7185185185185186,0.47619047619047616,0.8333333333333334,-0.033333333333333326,0.8359437420961194,0.2727272727272727,0.044444444444444446,0.19047619047619047,0.5,0.0,0.0,0.0,1.0,1,2,0.1,0,1
train,49,13,0.34,26,8,0.0,0.75,0.25,0.6962962962962963,0.47619047619047616,0.8,-0.050000000000000044,0.8015662452576717,0.22727272727272727,0.0962962962962963,0.2857142857142857,0.25,0.0,0.0,1.0,0.0,0,0,0.0,0,0
train,49,14,0.34,26,8,0.0,0.8181818181818182,0.5,0.6962962962962963,0.3333333333333333,0.75,0.06818181818181823,0.8082124744273304,0.2727272727272727,0.08888888888888889,0.3333333333333333,0.5,0.0,0.0,1.0,0.0,0,0,0.0,0,0
train,49,15,0.34,26,8,0.08333333333333337,0.9,0.75,0.6962962962962963,0.19047619047619047,0.8181818181818182,0.08181818181818179,0.8449274846563982,0.3181818181818182,0.08148148148148149,0.38095238095238093,0.75,1.0,0.0,0.0,0.0,0,0,0.0,0,0
train,49,16,0.34,26,8,0.0,0.8888888888888888,0.75,0.6888888888888889,0.375,0.9,-0.011111111111111183,0.8625120463493945,0.36363636363636365,0.07407407407407407,0.20833333333333334,0.75,1.0,0.0,0.0,0.0,0,0,0.0,0,0
train,49,17,0.34,26,8,0.0,0.875,0.75,0.6666666666666666,0.44,0.8888888888888888,-0.01388888888888884,0.8675072278096367,0.4090909090909091,0.06666666666666667,0.12,1.0,0.0,0.0,0.0,1.0,0,0,0.0,0,0
train,49,18,0.34,26,8,0.0,0.8571428571428571,0.75,0.6518518518518519,0.44,0.875,-0.017857142857142905,0.8633614795429249,0.36363636363636365,0.05925925925925926,0.12,0.75,0.0,0.0,0.0,1.0,0,0,0.0,0,0
train,49,19,0.34,26,8,0.0,0.8333333333333334,0.75,0.6370370370370371,0.4,0.8571428571428571,-0.023809523809523725,0.8513502210590883,0.3181818181818182,0.05185185185185185,0.16,0.75,0.0,0.0,0.0,1.0,1,2,0.13333333333333333,0,1
train,49,20,0.34,26,8,0.045454545454545414,0.8,0.75,0.6148148148148148,0.48,0.8333333333333334,-0.033333333333333326,0.830810132635453,0.2727272727272727,0.044444444444444446,0.2,0.5,0.0,1.0,0.0,0.0,1,2,0.125,0,1
train,49,21,0.34,26,8,0.0,0.75,0.25,0.6074074074074074,0.375,0.8,-0.050000000000000044,0.7984860795812718,0.22727272727272727,0.0962962962962963,0.2916666666666667,0.25,1.0,0.0,0.0,0.0,0,0,0.0,0,0
train,49,22,0.34,26,8,0.0,0.8181818181818182,0.5,0.6074074074074074,0.44,0.75,0.06818181818181823,0.8063643750214904,0.2727272727272727,0.08888888888888889,0.24,0.5,0.0,0.0,1.0,0.0,0,0,0.0,0,0
train,49,23,0.34,26,8,0.05555555555555558,0.9,0.75,0.6074074074074074,0.24,0.8181818181818182,0.08181818181818179,0.8438186250128943,0.3181818181818182,0.08148148148148149,0.28,0.75,1.0,0.0,0.0,0.0,0,0,0.0,0,0
train,49,24,0.34,26,8,0.0,0.8888888888888888,0.75,0.6,0.44,0.9,-0.011111111111111183,0.8618467305632922,0.36363636363636365,0.07407407407407407,0.16,0.75,1.0,0.0,0.0,0.0,0,0,0.0,0,0
train,49,25,0.34,26,8,0.0,0.9,0.75,0.5777777777777777,0.52,0.8888888888888888,0.011111111111111183,0.8771080383379752,0.4090909090909091,0.08148148148148149,0.12,0.75,1.0,0.0,0.0,0.0,0,0,0.0,0,0
train,49,26,0.34,26,8,0.0,0.9090909090909091,0.75,0.5555555555555556,0.5416666666666666,0.9,0.009090909090909038,0.8899011866391487,0.45454545454545453,0.08888888888888889,0.16666666666666666,0.5,1.0,0.0,0.0,0.0,0,0,0.0,0,0
train,49,27,0.34,26,8,0.0,0.9,0.75,0.5333333333333333,0.47619047619047616,0.9090909090909091,-0.009090909090909038,0.8939407119834892,0.5,0.08148148148148149,0.19047619047619047,0.75,0.0,0.0,0.0,1.0,0,0,0.0,0,0
train,49,28,0.34,26,8,0.0,0.8888888888888888,0.75,0.5185185185185185,0.42857142857142855,0.9,-0.011111111111111183,0.891919982745649,0.45454545454545453,0.07407407407407407,0.2857142857142857,0.5,0.0,0.0,0.0,1.0,0,0,0.0,0,0
train,49,29,0.34,26,8,0.0,0.875,0.75,0.4962962962962963,0.42857142857142855,0.8888888888888888,-0.01388888888888884,0.8851519896473894,0.4090909090909091,0.06666666666666667,0.2857142857142857,0.5,0.0,0.0,0.0,1.0,0,0,0.0,0,0
train,49,30,0.34,26,8,0.0,0.8571428571428571,0.75,0.4740740740740741,0.47619047619047616,0.875,-0.017857142857142905,0.8739483366455765,0.36363636363636365,0.05925925925925926,0.23809523809523808,0.75,0.0,1.0,0.0,0.0,0,0,0.0,0,0
train,49,31,0.34,26,8,0.0,0.8333333333333334,0.75,0.45925925925925926,0.4583333333333333,0.8571428571428571,-0.023809523809523725,0.8577023353206792,0.3181818181818182,0.05185185185185185,0.20833333333333334,0.75,0.0,1.0,0.0,0.0,0,0,0.0,0,0
train,49,32,0.34,26,8,0.0,0.8,0.75,0.43703703703703706,0.36,0.8333333333333334,-0.033333333333333326,0.8346214011924076,0.2727272727272727,0.044444444444444446,0.28,0.75,0.0,1.0,0.0,0.0,0,0,0.0,0,0
train,49,33,0.34,26,8,0.0,0.75,0.75,0.4148148148148148,0.32,0.8,-0.050000000000000044,0.8007728407154445,0.22727272727272727,0.037037037037037035,0.28,0.75,0.0,1.0,0.0,0.0,0,0,0.0,0,0
train,49,34,0.34,26,8,0.0,0.6666666666666666,0.6666666666666666,0.4,0.36,0.75,-0.08333333333333337,0.7471303710959334,0.18181818181818182,0.02962962962962963,0.24,0.5,0.0,1.0,0.0,0.0,0,0,0.0,0,0
train,49,35,0.34,26,8,0.07692307692307687,0.5,0.5,0.3851851851851852,0.375,0.6666666666666666,-0.16666666666666663,0.6482782226575601,0.13636363636363635,0.022222222222222223,0.25,0.75,0.0,1.0,0.0,0.0,0,0,0.0,0,0
train,49,36,0.34,26,8,0.0,0.0,0.0,0.362962962962963,0.3333333333333333,0.5,-0.5,0.38896693359453605,0.09090909090909091,0.014814814814814815,0.23809523809523808,0.75,0.0,0.0,0.0,1.0,0,0,0.0,0,0
train,49,37,0.34,26,8,0.0,0.0,0.0,0.34814814814814815,0.35,0.0,0.0,0.2333801601567216,0.045454545454545456,0.007407407407407408,0.25,0.75,0.0,0.0,0.0,1.0,0,0,0.0,0,0
train,50,0,0.18,20,2,0.0,0.9411764705882353,0.75,0.9629629629629629,0.7058823529411765,0.9411764705882353,0.0,0.9411764705882353,0.8181818181818182,0.13333333333333333,0.17647058823529413,0.25,0.0,0.0,0.0,1.0,0,0,0.0,0,0
train,50,1,0.18,20,2,0.0,0.9375,0.75,0.9407407407407408,0.6,0.9411764705882353,-0.003676470588235281,0.9397058823529412,0.7727272727272727,0.1259259259259259,0.2,0.75,0.0,1.0,0.0,0.0,0,0,0.0,0,0
train,50,2,0.18,20,2,0.0,0.9333333333333333,0.75,0.9259259259259259,0.5652173913043478,0.9375,-0.004166666666666652,0.9371568627450981,0.7272727272727273,0.11851851851851852,0.17391304347826086,0.75,0.0,1.0,0.0,0.0,0,0,0.0,0,0
train,50,3,0.18,20,2,0.0,0.9285714285714286,0.75,0.9037037037037037,0.5416666666666666,0.9333333333333333,-0.004761904761904745,0.9337226890756303,0.6818181818181818,0.1111111111111111,0.08333333333333333,1.0,0.0,1.0,0.0,0.0,0,0,0.0,0,0
train,50,4,0.18,20,2,0.0,0.9230769230769231,0.75,0.8814814814814815,0.5416666666666666,0.9285714285714286,-0.005494505494505475,0.9294643826761474,0.6363636363636364,0.1037037037037037,0.125,0.5,0.0,0.0,0.0,1.0,0,0,0.0,0,0
train,50,5,0.18,20,2,0.0,0.9166666666666666,0.75,0.8666666666666667,0.52,0.9230769230769231,-0.0064102564102564985,0.9243452962723551,0.5909090909090909,0.0962962962962963,0.08,1.0,0.0,1.0,0.0,0.0,0,0,0.0,0,0
train,50,6,0.18,20,2,0.0,0.9090909090909091,0.75,0.8518518518518519,0.56,0.9166666666666666,-0.007575757575757569,0.9182435413997767,0.5454545454545454,0.08888888888888889,0.08,0.75,0.0,1.0,0.0,0.0,0,0,0.0,0,0
train,50,7,0.18,20,2,0.13636363636363635,0.9,0.75,0.8296296296296296,0.5416666666666666,0.9090909090909091,-0.009090909090909038,0.910946124839866,0.5,0.08148148148148149,0.041666666666666664,1.0,0.0,1.0,0.0,0.0,0,0,0.0,0,0
train,50,8,0.18,20,2,0.0,0.8888888888888888,0.75,0.8074074074074075,0.47619047619047616,0.9,-0.011111111111111183,0.9021232304594751,0.45454545454545453,0.07407407407407407,0.09523809523809523,0.75,0.0,0.0,0.0,1.0,0,0,0.0,0,0
train,50,9,0.18,20,2,0.0,0.875,0.75,0.7925925925925926,0.42857142857142855,0.8888888888888888,-0.01388888888888884,0.8912739382756851,0.4090909090909091,0.06666666666666667,0.09523809523809523,0.75,0.0,0.0,0.0,1.0,0,0,0.0,0,0
train,50,10,0.18,20,2,0.0,0.8571428571428571,0.75,0.7703703703703704,0.42857142857142855,0.875,-0.017857142857142905,0.8776215058225539,0.36363636363636365,0.05925925925925926,0.14285714285714285,0.75,0.0,0.0,0.0,1.0,0,0,0.0,0,0
train,50,11,0.18,20,2,0.0,0.8333333333333334,0.75,0.7481481481481481,0.47619047619047616,0.8571428571428571,-0.023809523809523725,0.8599062368268657,0.3181818181818182,0.05185185185185185,0.19047619047619047,0.5,0.0,0.0,0.0,1.0,0,0,0.0,0,0
train,50,12,0.18,20,2,0.0,0.8,0.75,0.725925925925926,0.47619047619047616,0.8333333333333334,-0.033333333333333326,0.8359437420961194,0.2727272727272727,0.044444444444444446,0.19047619047619047,0.75,0.0,0.0,0.0,1.0,0,0,0.0,0,0
train,50,13,0.18,20,2,0.0,0.8333333333333334,0.75,0.7037037037037037,0.47619047619047616,0.8,0.033333333333333326,0.834899578591005,0.22727272727272727,0.05185185185185185,0.23809523809523808,0.5,1.0,0.0,0.0,0.0,0,0,0.0,0,0
train,50,14,0.18,20,2,0.0,0.8,0.75,0.6888888888888889,0.5,0.8333333333333334,-0.033333333333333326,0.820939747154603,0.2727272727272727,0.044444444444444446,0.16666666666666666,1.0,0.0,0.0,0.0,1.0,0,0,0.0,0,0
train,50,15,0.18,20,2,0.0,0.75,0.75,0.674074074074074,0.5416666666666666,0.8,-0.050000000000000044,0.7925638482927618,0.22727272727272727,0.037037037037037035,0.125,0.75,0.0,0.0,0.0,1.0,0,0,0.0,0,0
train,50,16,0.18,20,2,0.0,0.6666666666666666,0.6666666666666666,0.6518518518518519,0.5416666666666666,0.75,-0.08333333333333337,0.7422049756423237,0.18181818181818182,0.02962962962962963,0.08333333333333333,0.75,0.0,0.0,0.0,1.0,0,0,0.0,0,0
train,50,17,0.18,20,2,0.04761904761904767,0.5,0.5,0.6296296296296297,0.5416666666666666,0.6666666666666666,-0.16666666666666663,0.6453229853853942,0.13636363636363635,0.022222222222222223,0.125,0.75,0.0,1.0,0.0,0.0,0,0,0.0,0,0
train,50,18,0.18,20,2,0.0,0.0,0.0,0.6148148148148148,0.42857142857142855,0.5,-0.5,0.38719379123123654,0.09090909090909091,0.014814814814814815,0.19047619047619047,0.5,0.0,0.0,0.0,1.0,0,0,0.0,0,0
train,50,19,0.18,20,2,0.0,0.0,0.0,0.6,0.45,0.0,0.0,0.23231627473874192,0.045454545454545456,0.007407407407407408,0.25,0.75,0.0,0.0,0.0,1.0,0,0,0.0,0,0
train,51,0,0.22,22,4,0.0,0.9411764705882353,0.75,0.9629629629629629,0.7058823529411765,0.9411764705882353,0.0,0.9411764705882353,0.8181818181818182,0.13333333333333333,0.11764705882352941,0.5,0.0,1.0,0.0,0.0,0,0,0.0,0,0
train,51,1,0.22,22,4,0.0,0.9375,0.75,0.9407407407407408,0.6,0.9411764705882353,-0.003676470588235281,0.9397058823529412,0.7727272727272727,0.1259259259259259,0.2,0.5,0.0,0.0,0.0,1.0,0,0,0.0,0,0
train,51,2,0.22,22,4,0.0,0.9333333333333333,0.75,0.9259259259259259,0.5652173913043478,0.9375,-0.004166666666666652,0.9371568627450981,0.7272727272727273,0.11851851851851852,0.21739130434782608,0.75,0.0,0.0,0.0,1.0,0,0,0.0,0,0
train,51,3,0.22,22,4,0.0,0.9285714285714286,0.75,0.9037037037037037,0.5416666666666666,0.9333333333333333,-0.004761904761904745,0.9337226890756303,0.6818181818181818,0.1111111111111111,0.16666666666666666,0.75,0.0,1.0,0.0,0.0,0,0,0.0,0,0
train,51,4,0.22,22,4,0.0,0.9230769230769231,0.75,0.8888888888888888,0.56,0.9285714285714286,-0.005494505494505475,0.9294643826761474,0.6363636363636364,0.1037037037037037,0.16,0.5,0.0,1.0,0.0,0.0,0,0,0.0,0,0
train,51,5,0.22,22,4,0.0,0.9166666666666666,0.75,0.8666666666666667,0.52,0.9230769230769231,-0.0064102564102564985,0.9243452962723551,0.5909090909090909,0.0962962962962963,0.2,0.75,0.0,0.0,0.0,1.0,0,0,0.0,0,0
train,51,6,0.22,22,4,0.0,0.9090909090909091,0.75,0.8518518518518519,0.56,0.9166666666666666,-0.007575757575757569,0.9182435413997767,0.5454545454545454,0.08888888888888889,0.2,0.5,0.0,1.0,0.0,0.0,0,0,0.0,0,0
train,51,7,0.22,22,4,0.0,0.9,0.75,0.837037037037037,0.56,0.9090909090909091,-0.009090909090909038,0.910946124839866,0.5,0.08148148148148149,0.2,0.5,0.0,1.0,0.0,0.0,0,0,0.0,0,0
train,51,8,0.22,22,4,0.0,0.8888888888888888,0.75,0.8148148148148148,0.5416666666666666,0.9,-0.011111111111111183,0.9021232304594751,0.45454545454545453,0.07407407407407407,0.25,0.5,0.0,0.0,0.0,1.0,0,0,0.0,0,0
train,51,9,0.22,22,4,0.125,0.875,0.75,0.8,0.5416666666666666,0.8888888888888888,-0.01388888888888884,0.8912739382756851,0.4090909090909091,0.06666666666666667,0.20833333333333334,0.75,0.0,1.0,0.0,0.0,1,2,0.15384615384615385,0,1
train,51,10,0.22,22,4,0.0,0.8571428571428571,0.75,0.7851851851851852,0.47619047619047616,0.875,-0.017857142857142905,0.8776215058225539,0.36363636363636365,0.05925925925925926,0.23809523809523808,0.5,0.0,0.0,0.0,1.0,0,0,0.0,0,0
train,51,11,0.22,22,4,0.0,0.8333333333333334,0.75,0.7703703703703704,0.5238095238095238,0.8571428571428571,-0.023809523809523725,0.8599062368268657,0.3181818181818182,0.05185185185185185,0.19047619047619047,0.75,0.0,0.0,0.0,1.0,0,0,0.0,0,0
train,51,12,0.22,22,4,0.0,0.8571428571428571,0.75,0.7481481481481481,0.47619047619047616,0.8333333333333334,0.023809523809523725,0.8588008849532622,0.2727272727272727,0.05925925925925926,0.23809523809523808,0.5,1.0,0.0,0.0,0.0,0,0,0.0,0,0
train,51,13,0.22,22,4,0.0,0.875,0.75,0.7333333333333333,0.4583333333333333,0.8571428571428571,0.017857142857142905,0.8652805309719573,0.3181818181818182,0.06666666666666667,0.20833333333333334,0.75,1.0,0.0,0.0,0.0,0,0,0.0,0,0
train,51,14,0.22,22,4,0.0,0.8571428571428571,0.75,0.7111111111111111,0.4,0.875,-0.017857142857142905,0.8620254614403172,0.36363636363636365,0.05925925925925926,0.24,0.75,0.0,0.0,0.0,1.0,0,0,0.0,0,0
train,51,15,0.22,22,4,0.0,0.8333333333333334,0.75,0.6962962962962963,0.52,0.8571428571428571,-0.023809523809523725,0.8505486101975237,0.3181818181818182,0.05185185185185185,0.16,0.75,0.0,0.0,0.0,1.0,0,0,0.0,0,0
train,51,16,0.22,22,4,0.0,0.8,0.75,0.674074074074074,0.52,0.8333333333333334,-0.033333333333333326,0.8303291661185143,0.2727272727272727,0.044444444444444446,0.12,1.0,0.0,1.0,0.0,0.0,1,2,0.25,0,1
train,51,17,0.22,22,4,0.16666666666666663,0.75,0.75,0.6592592592592592,0.4166666666666667,0.8,-0.050000000000000044,0.7981974996711085,0.22727272727272727,0.037037037037037035,0.08333333333333333,0.75,0.0,1.0,0.0,0.0,1,2,0.2222222222222222,0,1
train,51,18,0.22,22,4,0.0,0.6,0.5,0.6444444444444445,0.2857142857142857,0.75,-0.15000000000000002,0.7189184998026651,0.18181818181818182,0.044444444444444446,0.23809523809523808,0.25,1.0,0.0,0.0,0.0,0,0,0.0,0,0
train,51,19,0.22,22,4,0.0,0.75,0.75,0.6444444444444445,0.3333333333333333,0.6,0.15000000000000002,0.7313510998815991,0.22727272727272727,0.037037037037037035,0.16666666666666666,0.75,0.0,0.0,0.0,1.0,0,0,0.0,0,0
train,51,20,0.22,22,4,0.0,0.8,0.75,0.6370370370370371,0.4583333333333333,0.75,0.050000000000000044,0.7588106599289595,0.18181818181818182,0.044444444444444446,0.20833333333333334,0.5,1.0,0.0,0.0,0.0,0,0,0.0,0,0
train,51,21,0.22,22,4,0.0,0.75,0.75,0.6222222222222222,0.44,0.8,-0.050000000000000044,0.7552863959573757,0.22727272727272727,0.037037037037037035,0.12,1.0,0.0,0.0,0.0,1.0,0,0,0.0,0,0
train,51,22,0.22,22,4,0.0,0.8,0.75,0.6074074074074074,0.52,0.75,0.050000000000000044,0.7731718375744254,0.18181818181818182,0.044444444444444446,0.12,0.5,1.0,0.0,0.0,0.0,0,0,0.0,0,0
train,51,23,0.22,22,4,0.0,0.75,0.75,0.5925925925925926,0.52,0.8,-0.050000000000000044,0.7639031025446552,0.22727272727272727,0.037037037037037035,0.08,1.0,0.0,0.0,0.0,1.0,0,0,0.0,0,0
train,51,24,0.22,22,4,0.0,0.6666666666666666,0.6666666666666666,0.5777777777777777,0.5416666666666666,0.75,-0.08333333333333337,0.7250085281934597,0.18181818181818182,0.02962962962962963,0.08333333333333333,0.75,0.0,0.0,0.0,1.0,0,0,0.0,0,0
train,51,25,0.22,22,4,0.0,0.5,0.5,0.5555555555555556,0.47619047619047616,0.6666666666666666,-0.16666666666666663,0.6350051169160759,0.13636363636363635,0.022222222222222223,0.09523809523809523,0.75,0.0,1.0,0.0,0.0,0,0,0.0,0,0
train,51,26,0.22,22,4,0.0,0.0,0.0,0.5407407407407407,0.38095238095238093,0.5,-0.5,0.3810030701496455,0.09090909090909091,0.014814814814814815,0.19047619047619047,0.5,0.0,1.0,0.0,0.0,0,0,0.0,0,0
train,51,27,0.22,22,4,0.0,0.0,0.0,0.5185185185185185,0.3,0.0,0.0,0.2286018420897873,0.045454545454545456,0.007407407407407408,0.25,0.75,0.0,1.0,0.0,0.0,0,0,0.0,0,0
train,52,0,0.26,20,2,0.0,0.9411764705882353,0.75,0.9629629629629629,0.7058823529411765,0.9411764705882353,0.0,0.9411764705882353,0.8181818181818182,0.13333333333333333,0.11764705882352941,0.5,0.0,1.0,0.0,0.0,0,0,0.0,0,0
train,52,1,0.26,20,2,0.0,0.9375,0.75,0.9407407407407408,0.6,0.9411764705882353,-0.003676470588235281,0.9397058823529412,0.7727272727272727,0.1259259259259259,0.15,0.75,0.0,1.0,0.0,0.0,0,0,0.0,0,0
train,52,2,0.26,20,2,0.0,0.9333333333333333,0.75,0.9185185185185185,0.47619047619047616,0.9375,-0.004166666666666652,0.9371568627450981,0.7272727272727273,0.11851851851851852,0.23809523809523808,0.5,0.0,1.0,0.0,0.0,0,0,0.0,0,0
train,52,3,0.26,20,2,0.0,0.9285714285714286,0.75,0.8962962962962963,0.47619047619047616,0.9333333333333333,-0.004761904761904745,0.9337226890756303,0.6818181818181818,0.1111111111111111,0.19047619047619047,0.75,0.0,1.0,0.0,0.0,0,0,0.0,0,0
train,52,4,0.26,20,2,0.0,0.9230769230769231,0.75,0.8740740740740741,0.47619047619047616,0.9285714285714286,-0.005494505494505475,0.9294643826761474,0.6363636363636364,0.1037037037037037,0.23809523809523808,0.5,0.0,0.0,0.0,1.0,0,0,0.0,0,0
train,52,5,0.26,20,2,0.0,0.9166666666666666,0.75,0.8592592592592593,0.5,0.9230769230769231,-0.0064102564102564985,0.9243452962723551,0.5909090909090909,0.0962962962962963,0.20833333333333334,0.75,0.0,1.0,0.0,0.0,0,0,0.0,0,0
train,52,6,0.26,20,2,0.1578947368421053,0.9090909090909091,0.75,0.8444444444444444,0.5217391304347826,0.9166666666666666,-0.007575757575757569,0.9182435413997767,0.5454545454545454,0.08888888888888889,0.17391304347826086,0.75,0.0,1.0,0.0,0.0,1,2,0.14285714285714285,0,1
train,52,7,0.26,20,2,0.0,0.8333333333333334,0.5,0.8222222222222222,0.45,0.9090909090909091,-0.07575757575757569,0.8842794581731994,0.5,0.0962962962962963,0.2,0.5,1.0,0.0,0.0,0.0,0,0,0.0,0,0
train,52,8,0.26,20,2,0.0625,0.9090909090909091,0.75,0.8222222222222222,0.391304347826087,0.8333333333333334,0.07575757575757569,0.8942040385402833,0.5454545454545454,0.08888888888888889,0.2608695652173913,0.75,0.0,0.0,0.0,1.0,0,0,0.0,0,0
train,52,9,0.26,20,2,0.0,0.9,0.75,0.8148148148148148,0.5,0.9090909090909091,-0.009090909090909038,0.89652242312417,0.5,0.08148148148148149,0.16666666666666666,0.5,0.0,0.0,0.0,1.0,0,0,0.0,0,0
train,52,10,0.26,20,2,0.09090909090909094,0.8888888888888888,0.75,0.7925925925925926,0.5416666666666666,0.9,-0.011111111111111183,0.8934690094300575,0.45454545454545453,0.07407407407407407,0.16666666666666666,0.75,0.0,1.0,0.0,0.0,1,2,0.16666666666666666,0,1
train,52,11,0.26,20,2,0.0,0.875,0.75,0.7777777777777778,0.38095238095238093,0.8888888888888888,-0.01388888888888884,0.8860814056580344,0.4090909090909091,0.06666666666666667,0.23809523809523808,0.5,0.0,0.0,0.0,1.0,1,2,0.15384615384615385,0,1
train,52,12,0.26,20,2,0.0,0.7692307692307693,0.25,0.762962962962963,0.47619047619047616,0.875,-0.10576923076923073,0.8393411510871284,0.36363636363636365,0.1037037037037037,0.23809523809523808,0.25,0.0,0.0,1.0,0.0,0,0,0.0,0,0
train,52,13,0.26,20,2,0.0,0.8333333333333334,0.5,0.762962962962963,0.2857142857142857,0.7692307692307693,0.0641025641025641,0.8369380239856103,0.4090909090909091,0.0962962962962963,0.3333333333333333,0.5,1.0,0.0,0.0,0.0,0,0,0.0,0,0
train,52,14,0.26,20,2,0.0,0.9090909090909091,0.75,0.762962962962963,0.375,0.8333333333333334,0.07575757575757569,0.8657991780277299,0.45454545454545453,0.08888888888888889,0.2916666666666667,0.75,1.0,0.0,0.0,0.0,0,0,0.0,0,0
train,52,15,0.26,20,2,0.0,0.9,0.75,0.7481481481481481,0.4,0.9090909090909091,-0.009090909090909038,0.8794795068166379,0.5,0.08148148148148149,0.2,0.5,0.0,0.0,0.0,1.0,0,0,0.0,0,0
train,52,16,0.26,20,2,0.0,0.8888888888888888,0.75,0.7333333333333333,0.44,0.9,-0.011111111111111183,0.8832432596455382,0.45454545454545453,0.07407407407407407,0.2,0.75,0.0,0.0,0.0,1.0,0,0,0.0,0,0
train,52,17,0.26,20,2,0.0,0.875,0.75,0.7111111111111111,0.48,0.8888888888888888,-0.01388888888888884,0.8799459557873228,0.4090909090909091,0.06666666666666667,0.24,0.5,0.0,0.0,0.0,1.0,0,0,0.0,0,0
train,52,18,0.26,20,2,0.0,0.8571428571428571,0.75,0.6888888888888889,0.52,0.875,-0.017857142857142905,0.8708247163295365,0.36363636363636365,0.05925925925925926,0.16,1.0,0.0,1.0,0.0,0.0,1,2,0.25,0,1
train,52,19,0.26,20,2,0.0,0.75,0.5,0.674074074074074,0.4166666666666667,0.8571428571428571,-0.1071428571428571,0.8224948297977219,0.3181818181818182,0.06666666666666667,0.25,0.25,1.0,0.0,0.0,0.0,0,0,0.0,0,0
train,52,20,0.26,20,2,0.0,0.8571428571428571,0.75,0.674074074074074,0.44,0.75,0.1071428571428571,0.836354040735776,0.36363636363636365,0.05925925925925926,0.24,1.0,0.0,0.0,0.0,1.0,0,0,0.0,0,0
train,52,21,0.26,20,2,0.0,0.8333333333333334,0.75,0.6592592592592592,0.52,0.8571428571428571,-0.023809523809523725,0.8351457577747989,0.3181818181818182,0.05185185185185185,0.16,0.75,0.0,0.0,0.0,1.0,0,0,0.0,0,0
train,52,22,0.26,20,2,0.0,0.8,0.75,0.6370370370370371,0.56,0.8333333333333334,-0.033333333333333326,0.8210874546648794,0.2727272727272727,0.044444444444444446,0.08,0.75,0.0,1.0,0.0,0.0,0,0,0.0,0,0
train,52,23,0.26,20,2,0.15000000000000002,0.75,0.75,0.6222222222222222,0.4583333333333333,0.8,-0.050000000000000044,0.7926524727989277,0.22727272727272727,0.037037037037037035,0.16666666666666666,0.75,0.0,1.0,0.0,0.0,0,0,0.0,0,0
train,52,24,0.26,20,2,0.0,0.6666666666666666,0.6666666666666666,0.6,0.3333333333333333,0.75,-0.08333333333333337,0.7422581503460233,0.18181818181818182,0.02962962962962963,0.2857142857142857,0.5,0.0,0.0,0.0,1.0,0,0,0.0,0,0
train,52,25,0.26,20,2,0.0,0.5,0.5,0.5851851851851851,0.42857142857142855,0.6666666666666666,-0.16666666666666663,0.6453548902076139,0.13636363636363635,0.022222222222222223,0.23809523809523808,0.75,0.0,0.0,0.0,1.0,0,0,0.0,0,0
train,52,26,0.26,20,2,0.0,0.0,0.0,0.562962962962963,0.42857142857142855,0.5,-0.5,0.38721293412456836,0.09090909090909091,0.014814814814814815,0.19047619047619047,0.75,0.0,0.0,0.0,1.0,0,0,0.0,0,0
train,52,27,0.26,20,2,0.0,0.0,0.0,0.5407407407407407,0.45,0.0,0.0,0.23232776047474102,0.045454545454545456,0.007407407407407408,0.15,0.75,0.0,0.0,0.0,1.0,0,0,0.0,0,0
train,53,0,0.3,20,2,0.0,0.9411764705882353,0.75,0.9629629629629629,0.7058823529411765,0.9411764705882353,0.0,0.9411764705882353,0.8181818181818182,0.13333333333333333,0.11764705882352941,0.5,0.0,1.0,0.0,0.0,0,0,0.0,0,0
train,53,1,0.3,20,2,0.0,0.9375,0.75,0.9407407407407408,0.6,0.9411764705882353,-0.003676470588235281,0.9397058823529412,0.7727272727272727,0.1259259259259259,0.2,0.5,0.0,1.0,0.0,0.0,0,0,0.0,0,0
train,53,2,0.3,20,2,0.0,0.9333333333333333,0.75,0.9185185185185185,0.47619047619047616,0.9375,-0.004166666666666652,0.9371568627450981,0.7272727272727273,0.11851851851851852,0.2857142857142857,0.5,0.0,1.0,0.0,0.0,0,0,0.0,0,0
train,53,3,0.3,20,2,0.0,0.9285714285714286,0.75,0.8962962962962963,0.47619047619047616,0.9333333333333333,-0.004761904761904745,0.9337226890756303,0.6818181818181818,0.1111111111111111,0.2857142857142857,0.5,0.0,0.0,0.0,1.0,0,0,0.0,0,0
train,53,4,0.3,20,2,0.0,0.9230769230769231,0.75,0.8814814814814815,0.5,0.9285714285714286,-0.005494505494505475,0.9294643826761474,0.6363636363636364,0.1037037037037037,0.20833333333333334,0.75,0.0,1.0,0.0,0.0,1,2,0.125,0,1
train,53,5,0.3,20,2,0.0,0.9166666666666666,0.75,0.8666666666666667,0.5416666666666666,0.9230769230769231,-0.0064102564102564985,0.9243452962723551,0.5909090909090909,0.0962962962962963,0.16666666666666666,0.75,0.0,1.0,0.0,0.0,1,2,0.11764705882352941,0,1
train,53,6,0.3,20,2,0.052631578947368474,0.8461538461538461,0.5,0.8444444444444444,0.5217391304347826,0.9166666666666666,-0.07051282051282048,0.8930687162249515,0.5454545454545454,0.1037037037037037,0.17391304347826086,0.5,1.0,0.0,0.0,0.0,0,0,0.0,0,0
train,53,7,0.3,20,2,0.0,0.9166666666666666,0.75,0.8444444444444444,0.4166666666666667,0.8461538461538461,0.07051282051282048,0.9025078964016376,0.5909090909090909,0.0962962962962963,0.25,0.75,0.0,0.0,0.0,1.0,0,0,0.0,0,0
train,53,8,0.3,20,2,0.0,0.9090909090909091,0.75,0.837037037037037,0.52,0.9166666666666666,-0.007575757575757569,0.9051411014773462,0.5454545454545454,0.08888888888888889,0.16,0.75,0.0,0.0,0.0,1.0,1,2,0.125,0,1
train,53,9,0.3,20,2,0.0,0.9,0.75,0.8148148148148148,0.56,0.9090909090909091,-0.009090909090909038,0.9030846608864078,0.5,0.08148148148148149,0.16,0.5,0.0,1.0,0.0,0.0,1,2,0.11764705882352941,0,1
train,53,10,0.3,20,2,0.0,0.8235294117647058,0.25,0.8,0.4583333333333333,0.9,-0.07647058823529418,0.8712625612377269,0.45454545454545453,0.13333333333333333,0.25,0.25,1.0,0.0,0.0,0.0,0,0,0.0,0,0
train,53,11,0.3,20,2,0.0,0.875,0.5,0.8,0.48,0.8235294117647058,0.05147058823529416,0.8727575367426361,0.5,0.1259259259259259,0.24,0.5,0.0,0.0,1.0,0.0,0,0,0.0,0,0
train,53,12,0.3,20,2,0.1578947368421053,0.9333333333333333,0.75,0.8,0.32,0.875,0.05833333333333335,0.896987855378915,0.5454545454545454,0.11851851851851852,0.32,0.75,1.0,0.0,0.0,0.0,0,0,0.0,0,0
train,53,13,0.3,20,2,0.0,0.9285714285714286,0.75,0.7925925925925926,0.32,0.9333333333333333,-0.004761904761904745,0.9096212846559204,0.5909090909090909,0.1111111111111111,0.28,0.75,1.0,0.0,0.0,0.0,0,0,0.0,0,0
train,53,14,0.3,20,2,0.0,0.9230769230769231,0.75,0.7777777777777778,0.32,0.9285714285714286,-0.005494505494505475,0.9150035400243215,0.6363636363636364,0.1037037037037037,0.24,0.5,0.0,0.0,0.0,1.0,0,0,0.0,0,0
train,53,15,0.3,20,2,0.0,0.9166666666666666,0.75,0.762962962962963,0.4,0.9230769230769231,-0.0064102564102564985,0.9156687906812596,0.5909090909090909,0.0962962962962963,0.2,0.75,0.0,0.0,0.0,1.0,0,0,0.0,0,0
train,53,16,0.3,20,2,0.04761904761904767,0.9090909090909091,0.75,0.7407407407407407,0.44,0.9166666666666666,-0.007575757575757569,0.9130376380451194,0.5454545454545454,0.08888888888888889,0.28,0.5,0.0,1.0,0.0,0.0,0,0,0.0,0,0
train,53,17,0.3,20,2,0.0,0.9,0.75,0.7333333333333333,0.36,0.9090909090909091,-0.009090909090909038,0.9078225828270716,0.5,0.08148148148148149,0.2,0.5,0.0,0.0,0.0,1.0,0,0,0.0,0,0
train,53,18,0.3,20,2,0.0,0.8888888888888888,0.75,0.7185185185185186,0.48,0.9,-0.011111111111111183,0.9002491052517985,0.45454545454545453,0.07407407407407407,0.2,0.75,0.0,1.0,0.0,0.0,0,0,0.0,0,0
train,53,19,0.3,20,2,0.0,0.875,0.75,0.7037037037037037,0.44,0.8888888888888888,-0.01388888888888884,0.8901494631510791,0.4090909090909091,0.06666666666666667,0.16,0.75,0.0,1.0,0.0,0.0,1,2,0.2222222222222222,0,1
train,53,20,0.3,20,2,0.0,0.7777777777777778,0.5,0.6888888888888889,0.375,0.875,-0.09722222222222221,0.8452007890017585,0.36363636363636365,0.07407407407407407,0.2916666666666667,0.25,1.0,0.0,0.0,0.0,0,0,0.0,0,0
train,53,21,0.3,20,2,0.0,0.875,0.75,0.6888888888888889,0.36,0.7777777777777778,0.09722222222222221,0.8571204734010551,0.4090909090909091,0.06666666666666667,0.24,0.75,0.0,0.0,0.0,1.0,0,0,0.0,0,0
train,53,22,0.3,20,2,0.0,0.8571428571428571,0.75,0.6814814814814815,0.48,0.875,-0.017857142857142905,0.8571294268977759,0.36363636363636365,0.05925925925925926,0.2,0.75,0.0,0.0,0.0,1.0,0,0,0.0,0,0
train,53,23,0.3,20,2,0.0,0.8333333333333334,0.75,0.6592592592592592,0.56,0.8571428571428571,-0.023809523809523725,0.8476109894719989,0.3181818181818182,0.05185185185185185,0.08,1.0,0.0,1.0,0.0,0.0,0,0,0.0,0,0
train,53,24,0.3,20,2,0.1428571428571429,0.8,0.75,0.6444444444444445,0.4583333333333333,0.8333333333333334,-0.033333333333333326,0.8285665936831994,0.2727272727272727,0.044444444444444446,0.125,0.75,0.0,1.0,0.0,0.0,0,0,0.0,0,0
train,53,25,0.3,20,2,0.0,0.75,0.75,0.6222222222222222,0.38095238095238093,0.8,-0.050000000000000044,0.7971399562099197,0.22727272727272727,0.037037037037037035,0.19047619047619047,0.5,0.0,0.0,0.0,1.0,0,0,0.0,0,0
train,53,26,0.3,20,2,0.0,0.6666666666666666,0.6666666666666666,0.6074074074074074,0.42857142857142855,0.75,-0.08333333333333337,0.7449506403926185,0.18181818181818182,0.02962962962962963,0.23809523809523808,0.75,0.0,0.0,0.0,1.0,0,0,0.0,0,0
train,53,27,0.3,20,2,0.0,0.5,0.5,0.5851851851851851,0.42857142857142855,0.6666666666666666,-0.16666666666666663,0.6469703842355711,0.13636363636363635,0.022222222222222223,0.23809523809523808,0.5,0.0,0.0,0.0,1.0,0,0,0.0,0,0
train,53,28,0.3,20,2,0.0,0.0,0.0,0.562962962962963,0.47619047619047616,0.5,-0.5,0.38818223054134265,0.09090909090909091,0.014814814814814815,0.19047619047619047,0.75,0.0,0.0,0.0,1.0,0,0,0.0,0,0
train,53,29,0.3,20,2,0.0,0.0,0.0,0.5407407407407407,0.45,0.0,0.0,0.2329093383248056,0.045454545454545456,0.007407407407407408,0.25,0.5,0.0,0.0,0.0,1.0,0,0,0.0,0,0
train,54,0,0.34,20,2,0.0,0.9411764705882353,0.75,0.9629629629629629,0.7058823529411765,0.9411764705882353,0.0,0.9411764705882353,0.8181818181818182,0.13333333333333333,0.11764705882352941,0.5,0.0,1.0,0.0,0.0,1,2,0.1,0,1
train,54,1,0.34,20,2,0.0,0.9375,0.75,0.9407407407407408,0.6,0.9411764705882353,-0.003676470588235281,0.9397058823529412,0.7727272727272727,0.1259259259259259,0.2,0.5,0.0,1.0,0.0,0.0,1,2,0.09523809523809523,0,1
train,54,2,0.34,20,2,0.0,0.9333333333333333,0.75,0.9185185185185185,0.47619047619047616,0.9375,-0.004166666666666652,0.9371568627450981,0.7272727272727273,0.11851851851851852,0.2857142857142857,0.5,0.0,0.0,0.0,1.0,1,2,0.09090909090909091,0,1
train,54,3,0.34,20,2,0.0,0.8,0.0,0.9037037037037037,0.5416666666666666,0.9333333333333333,-0.1333333333333333,0.8822941176470589,0.6818181818181818,0.15555555555555556,0.25,0.25,0.0,0.0,1.0,0.0,0,0,0.0,0,0
train,54,4,0.34,20,2,0.0,0.8421052631578947,0.25,0.9037037037037037,0.38095238095238093,0.8,0.042105263157894646,0.8662185758513932,0.7272727272727273,0.14814814814814814,0.38095238095238093,0.5,1.0,0.0,0.0,0.0,0,0,0.0,0,0
train,54,5,0.34,20,2,0.0,0.8888888888888888,0.5,0.9037037037037037,0.35,0.8421052631578947,0.04678362573099415,0.8752867010663914,0.7727272727272727,0.14074074074074075,0.4,0.5,1.0,0.0,0.0,0.0,0,0,0.0,0,0
train,54,6,0.34,20,2,0.0,0.9411764705882353,0.75,0.9037037037037037,0.35294117647058826,0.8888888888888888,0.05228758169934644,0.9016426088751289,0.8181818181818182,0.13333333333333333,0.35294117647058826,0.5,0.0,0.0,0.0,1.0,0,0,0.0,0,0
train,54,7,0.34,20,2,0.0,0.9375,0.75,0.8888888888888888,0.35,0.9411764705882353,-0.003676470588235281,0.9159855653250774,0.7727272727272727,0.1259259259259259,0.35,0.5,0.0,0.0,0.0,1.0,0,0,0.0,0,0
train,54,8,0.34,20,2,0.06666666666666665,0.9333333333333333,0.75,0.8666666666666667,0.38095238095238093,0.9375,-0.004166666666666652,0.9229246725283797,0.7272727272727273,0.11851851851851852,0.3333333333333333,0.5,0.0,1.0,0.0,0.0,0,0,0.0,0,0
train,54,9,0.34,20,2,0.0,0.9285714285714286,0.75,0.8592592592592593,0.375,0.9333333333333333,-0.004761904761904745,0.9251833749455992,0.6818181818181818,0.1111111111111111,0.2916666666666667,0.5,0.0,0.0,0.0,1.0,0,0,0.0,0,0
train,54,10,0.34,20,2,0.0,0.9230769230769231,0.75,0.8444444444444444,0.5,0.9285714285714286,-0.005494505494505475,0.9243407941981288,0.6363636363636364,0.1037037037037037,0.16666666666666666,0.75,0.0,1.0,0.0,0.0,1,2,0.125,0,1
train,54,11,0.34,20,2,0.0,0.9166666666666666,0.75,0.8296296296296296,0.48,0.9230769230769231,-0.0064102564102564985,0.9212711431855439,0.5909090909090909,0.0962962962962963,0.16,0.75,0.0,1.0,0.0,0.0,0,0,0.0,0,0
train,54,12,0.34,20,2,0.0,0.9090909090909091,0.75,0.8074074074074075,0.44,0.9166666666666666,-0.007575757575757569,0.91639904954769,0.5454545454545454,0.08888888888888889,0.16,1.0,0.0,1.0,0.0,0.0,1,2,0.125,0,1
train,54,13,0.34,20,2,0.0,0.9,0.75,0.7851851851851852,0.52,0.9090909090909091,-0.009090909090909038,0.9098394297286141,0.5,0.08148148148148149,0.08,1.0,0.0,1.0,0.0,0.0,1,2,0.11764705882352941,0,1
train,54,14,0.34,20,2,0.13636363636363635,0.8888888888888888,0.75,0.762962962962963,0.5416666666666666,0.9,-0.011111111111111183,0.901459213392724,0.45454545454545453,0.07407407407407407,0.0,1.0,0.0,1.0,0.0,0.0,1,2,0.1111111111111111,0,1
train,54,15,0.34,20,2,0.0,0.875,0.75,0.7407407407407407,0.47619047619047616,0.8888888888888888,-0.01388888888888884,0.8908755280356344,0.4090909090909091,0.06666666666666667,0.047619047619047616,0.75,0.0,0.0,0.0,1.0,0,0,0.0,0,0
train,54,16,0.34,20,2,0.0,0.8571428571428571,0.75,0.725925925925926,0.42857142857142855,0.875,-0.017857142857142905,0.8773824596785235,0.36363636363636365,0.05925925925925926,0.09523809523809523,0.75,0.0,0.0,0.0,1.0,0,0,0.0,0,0
train,54,17,0.34,20,2,0.0,0.8333333333333334,0.75,0.7037037037037037,0.42857142857142855,0.8571428571428571,-0.023809523809523725,0.8597628091404474,0.3181818181818182,0.05185185185185185,0.14285714285714285,0.75,0.0,0.0,0.0,1.0,1,2,0.11764705882352941,0,1
train,54,18,0.34,20,2,0.0,0.8181818181818182,0.5,0.6814814814814815,0.47619047619047616,0.8333333333333334,-0.015151515151515138,0.8431304127569959,0.2727272727272727,0.08888888888888889,0.23809523809523808,0.25,0.0,0.0,1.0,0.0,0,0,0.0,0,0
train,54,19,0.34,20,2,0.0714285714285714,0.9,0.75,0.6814814814814815,0.2857142857142857,0.8181818181818182,0.08181818181818179,0.8658782476541975,0.3181818181818182,0.08148148148148149,0.2857142857142857,0.75,1.0,0.0,0.0,0.0,0,0,0.0,0,0
train,54,20,0.34,20,2,0.0,0.8888888888888888,0.75,0.674074074074074,0.2916666666666667,0.9,-0.011111111111111183,0.8750825041480741,0.36363636363636365,0.07407407407407407,0.20833333333333334,0.75,1.0,0.0,0.0,0.0,0,0,0.0,0,0
train,54,21,0.34,20,2,0.0,0.875,0.75,0.6592592592592592,0.32,0.8888888888888888,-0.01388888888888884,0.8750495024888445,0.4090909090909091,0.06666666666666667,0.08,1.0,0.0,0.0,0.0,1.0,0,0,0.0,0,0
train,54,22,0.34,20,2,0.0,0.8571428571428571,0.75,0.6444444444444445,0.4,0.875,-0.017857142857142905,0.8678868443504495,0.36363636363636365,0.05925925925925926,0.12,0.75,0.0,0.0,0.0,1.0,0,0,0.0,0,0
train,54,23,0.34,20,2,0.045454545454545414,0.8333333333333334,0.75,0.6222222222222222,0.48,0.8571428571428571,-0.023809523809523725,0.8540654399436031,0.3181818181818182,0.05185185185185185,0.08,1.0,0.0,1.0,0.0,0.0,1,2,0.15384615384615385,0,1
train,54,24,0.34,20,2,0.0,0.8,0.75,0.6148148148148148,0.375,0.8333333333333334,-0.033333333333333326,0.8324392639661619,0.2727272727272727,0.044444444444444446,0.125,0.5,0.0,0.0,0.0,1.0,0,0,0.0,0,0
train,54,25,0.34,20,2,0.0,0.8333333333333334,0.75,0.6,0.5,0.8,0.033333333333333326,0.8327968917130304,0.22727272727272727,0.05185185185185185,0.16666666666666666,0.5,1.0,0.0,0.0,0.0,0,0,0.0,0,0
train,54,26,0.34,20,2,0.0,0.8571428571428571,0.75,0.5851851851851851,0.44,0.8333333333333334,0.023809523809523725,0.8425352778849611,0.2727272727272727,0.05925925925925926,0.2,0.75,1.0,0.0,0.0,0.0,0,0,0.0,0,0
train,54,27,0.34,20,2,0.0,0.875,0.75,0.5703703703703704,0.44,0.8571428571428571,0.017857142857142905,0.8555211667309766,0.3181818181818182,0.06666666666666667,0.16,0.75,1.0,0.0,0.0,0.0,0,0,0.0,0,0
train,54,28,0.34,20,2,0.0,0.8571428571428571,0.75,0.5481481481481482,0.52,0.875,-0.017857142857142905,0.8561698428957287,0.36363636363636365,0.05925925925925926,0.12,0.75,0.0,0.0,0.0,1.0,0,0,0.0,0,0
train,54,29,0.34,20,2,0.0,0.875,0.75,0.5333333333333333,0.52,0.8571428571428571,0.017857142857142905,0.8637019057374373,0.3181818181818182,0.06666666666666667,0.2,0.5,1.0,0.0,0.0,0.0,0,0,0.0,0,0
train,54,30,0.34,20,2,0.0,0.8571428571428571,0.75,0.5185185185185185,0.5416666666666666,0.875,-0.017857142857142905,0.8610782862996053,0.36363636363636365,0.05925925925925926,0.16666666666666666,0.75,0.0,0.0,0.0,1.0,0,0,0.0,0,0
train,54,31,0.34,20,2,0.0,0.8333333333333334,0.75,0.5037037037037037,0.5833333333333334,0.8571428571428571,-0.023809523809523725,0.8499803051130965,0.3181818181818182,0.05185185185185185,0.125,0.75,0.0,0.0,0.0,1.0,0,0,0.0,0,0
train,54,32,0.34,20,2,0.0,0.8,0.75,0.48148148148148145,0.5217391304347826,0.8333333333333334,-0.033333333333333326,0.8299881830678579,0.2727272727272727,0.044444444444444446,0.08695652173913043,1.0,0.0,1.0,0.0,0.0,0,0,0.0,0,0
train,54,33,0.34,20,2,0.0,0.75,0.75,0.4666666666666667,0.4583333333333333,0.8,-0.050000000000000044,0.7979929098407148,0.22727272727272727,0.037037037037037035,0.08333333333333333,0.75,0.0,1.0,0.0,0.0,0,0,0.0,0,0
train,54,34,0.34,20,2,0.0,0.6666666666666666,0.6666666666666666,0.4444444444444444,0.375,0.75,-0.08333333333333337,0.7454624125710956,0.18181818181818182,0.02962962962962963,0.16666666666666666,0.75,0.0,1.0,0.0,0.0,0,0,0.0,0,0
train,54,35,0.34,20,2,0.0,0.5,0.5,0.4222222222222222,0.375,0.6666666666666666,-0.16666666666666663,0.6472774475426574,0.13636363636363635,0.022222222222222223,0.20833333333333334,1.0,0.0,1.0,0.0,0.0,0,0,0.0,0,0
train,54,36,0.34,20,2,0.0,0.0,0.0,0.4,0.391304347826087,0.5,-0.5,0.3883664685255944,0.09090909090909091,0.014814814814814815,0.13043478260869565,1.0,0.0,1.0,0.0,0.0,0,0,0.0,0,0
train,54,37,0.34,20,2,0.0,0.0,0.0,0.37777777777777777,0.35,0.0,0.0,0.23301988111535665,0.045454545454545456,0.007407407407407408,0.15,0.75,0.0,0.0,0.0,1.0,0,0,0.0,0,0
train,55,0,0.18,20,2,0.0,0.9411764705882353,0.75,0.9629629629629629,0.7058823529411765,0.9411764705882353,0.0,0.9411764705882353,0.8181818181818182,0.13333333333333333,0.11764705882352941,0.5,0.0,1.0,0.0,0.0,0,0,0.0,0,0
train,55,1,0.18,20,2,0.0,0.9375,0.75,0.9407407407407408,0.6,0.9411764705882353,-0.003676470588235281,0.9397058823529412,0.7727272727272727,0.1259259259259259,0.2,0.5,0.0,0.0,0.0,1.0,0,0,0.0,0,0
train,55,2,0.18,20,2,0.0,0.9333333333333333,0.75,0.9259259259259259,0.5652173913043478,0.9375,-0.004166666666666652,0.9371568627450981,0.7272727272727273,0.11851851851851852,0.21739130434782608,0.75,0.0,0.0,0.0,1.0,0,0,0.0,0,0
train,55,3,0.18,20,2,0.0,0.9285714285714286,0.75,0.9037037037037037,0.5416666666666666,0.9333333333333333,-0.004761904761904745,0.9337226890756303,0.6818181818181818,0.1111111111111111,0.16666666666666666,0.75,0.0,1.0,0.0,0.0,1,2,0.11764705882352941,0,1
train,55,4,0.18,20,2,0.0,0.9230769230769231,0.75,0.8888888888888888,0.56,0.9285714285714286,-0.005494505494505475,0.9294643826761474,0.6363636363636364,0.1037037037037037,0.16,0.5,0.0,1.0,0.0,0.0,1,2,0.1111111111111111,0,1
train,55,5,0.18,20,2,0.0,0.9166666666666666,0.75,0.8666666666666667,0.52,0.9230769230769231,-0.0064102564102564985,0.9243452962723551,0.5909090909090909,0.0962962962962963,0.16,1.0,0.0,1.0,0.0,0.0,1,2,0.10526315789473684,0,1
train,55,6,0.18,20,2,0.0,0.9090909090909091,0.75,0.8444444444444444,0.56,0.9166666666666666,-0.007575757575757569,0.9182435413997767,0.5454545454545454,0.08888888888888889,0.08,1.0,0.0,1.0,0.0,0.0,1,2,0.1,0,1
train,55,7,0.18,20,2,0.0,0.9,0.75,0.8222222222222222,0.5416666666666666,0.9090909090909091,-0.009090909090909038,0.910946124839866,0.5,0.08148148148148149,0.041666666666666664,0.75,0.0,0.0,0.0,1.0,0,0,0.0,0,0
train,55,8,0.18,20,2,0.13636363636363635,0.8888888888888888,0.75,0.8074074074074075,0.5,0.9,-0.011111111111111183,0.9021232304594751,0.45454545454545453,0.07407407407407407,0.08333333333333333,1.0,0.0,1.0,0.0,0.0,1,2,0.1,0,1
train,55,9,0.18,20,2,0.0,0.875,0.75,0.7925925925925926,0.47619047619047616,0.8888888888888888,-0.01388888888888884,0.8912739382756851,0.4090909090909091,0.06666666666666667,0.09523809523809523,0.5,0.0,0.0,0.0,1.0,0,0,0.0,0,0
train,55,10,0.18,20,2,0.0,0.8571428571428571,0.75,0.7777777777777778,0.5238095238095238,0.875,-0.017857142857142905,0.8776215058225539,0.36363636363636365,0.05925925925925926,0.14285714285714285,0.75,0.0,0.0,0.0,1.0,0,0,0.0,0,0
train,55,11,0.18,20,2,0.0,0.875,0.75,0.7555555555555555,0.47619047619047616,0.8571428571428571,0.017857142857142905,0.8765729034935323,0.3181818181818182,0.06666666666666667,0.23809523809523808,0.5,1.0,0.0,0.0,0.0,0,0,0.0,0,0
train,55,12,0.18,20,2,0.0,0.8571428571428571,0.75,0.7407407407407407,0.4583333333333333,0.875,-0.017857142857142905,0.8688008849532622,0.36363636363636365,0.05925925925925926,0.125,1.0,0.0,0.0,0.0,1.0,1,2,0.1111111111111111,0,1
train,55,13,0.18,20,2,0.0,0.8333333333333334,0.75,0.725925925925926,0.5416666666666666,0.8571428571428571,-0.023809523809523725,0.8546138643052907,0.3181818181818182,0.05185185185185185,0.08333333333333333,0.75,0.0,0.0,0.0,1.0,1,2,0.10526315789473684,0,1
train,55,14,0.18,20,2,0.13043478260869568,0.8,0.75,0.7037037037037037,0.5416666666666666,0.8333333333333334,-0.033333333333333326,0.8327683185831745,0.2727272727272727,0.044444444444444446,0.041666666666666664,1.0,0.0,1.0,0.0,0.0,1,2,0.1,0,1
train,55,15,0.18,20,2,0.0,0.75,0.75,0.6888888888888889,0.38095238095238093,0.8,-0.050000000000000044,0.7996609911499046,0.22727272727272727,0.037037037037037035,0.14285714285714285,0.5,0.0,0.0,0.0,1.0,1,2,0.09523809523809523,0,1
train,55,16,0.18,20,2,0.0,0.6666666666666666,0.6666666666666666,0.674074074074074,0.47619047619047616,0.75,-0.08333333333333337,0.7464632613566093,0.18181818181818182,0.02962962962962963,0.14285714285714285,0.75,0.0,0.0,0.0,1.0,1,2,0.09090909090909091,0,1
train,55,17,0.18,20,2,0.0,0.75,0.75,0.6518518518518519,0.47619047619047616,0.6666666666666666,0.08333333333333337,0.7478779568139656,0.13636363636363635,0.037037037037037035,0.23809523809523808,0.5,1.0,0.0,0.0,0.0,0,0,0.0,0,1
train,55,18,0.18,20,2,0.0,0.8888888888888888,0.75,0.6370370370370371,0.4583333333333333,0.75,0.13888888888888884,0.804282329643935,0.18181818181818182,0.07407407407407407,0.20833333333333334,0.5,0.0,0.0,1.0,0.0,0,0,0.0,0,0
train,55,19,0.18,20,2,0.0625,0.875,0.75,0.6296296296296297,0.25,0.8888888888888888,-0.01388888888888884,0.8325693977863611,0.22727272727272727,0.06666666666666667,0.2916666666666667,1.0,1.0,0.0,0.0,0.0,0,0,0.0,0,1
train,55,20,0.18,20,2,0.0,0.9090909090909091,0.75,0.6222222222222222,0.4,0.875,0.03409090909090906,0.8631780023081803,0.2727272727272727,0.08888888888888889,0.16,0.5,0.0,0.0,1.0,0.0,0,0,0.0,0,0
train,55,21,0.18,20,2,0.05555555555555558,0.9,0.75,0.6148148148148148,0.36,0.9090909090909091,-0.009090909090909038,0.8779068013849083,0.3181818181818182,0.08148148148148149,0.16,1.0,1.0,0.0,0.0,0.0,0,0,0.0,0,1
train,55,22,0.18,20,2,0.0,0.9230769230769231,0.75,0.6,0.48,0.9,0.023076923076923106,0.8959748500617142,0.36363636363636365,0.1037037037037037,0.12,0.5,0.0,0.0,1.0,0.0,0,0,0.0,0,0
train,55,23,0.18,20,2,0.05555555555555558,0.9166666666666666,0.75,0.5851851851851851,0.4,0.9230769230769231,-0.0064102564102564985,0.9042515767036952,0.4090909090909091,0.0962962962962963,0.12,1.0,1.0,0.0,0.0,0.0,0,0,0.0,0,1
train,55,24,0.18,20,2,0.0,0.9333333333333333,0.75,0.5703703703703704,0.48,0.9166666666666666,0.01666666666666672,0.9158842793555504,0.45454545454545453,0.11851851851851852,0.16,0.5,0.0,0.0,1.0,0.0,0,0,0.0,0,0
train,55,25,0.18,20,2,0.06666666666666665,0.9285714285714286,0.75,0.5555555555555556,0.36,0.9333333333333333,-0.004761904761904745,0.9209591390419016,0.5,0.1111111111111111,0.12,1.0,1.0,0.0,0.0,0.0,0,0,0.0,0,0
train,55,26,0.18,20,2,0.0,0.9230769230769231,0.75,0.5407407407407407,0.4166666666666667,0.9285714285714286,-0.005494505494505475,0.9218062526559102,0.5454545454545454,0.1037037037037037,0.125,0.75,1.0,0.0,0.0,0.0,0,0,0.0,0,0
train,55,27,0.18,20,2,0.0,0.9166666666666666,0.75,0.5185185185185185,0.38095238095238093,0.9230769230769231,-0.0064102564102564985,0.9197504182602128,0.5909090909090909,0.0962962962962963,0.14285714285714285,0.75,0.0,0.0,0.0,1.0,0,0,0.0,0,0
train,55,28,0.18,20,2,0.0,0.9090909090909091,0.75,0.5037037037037037,0.38095238095238093,0.9166666666666666,-0.007575757575757569,0.9154866145924913,0.5454545454545454,0.08888888888888889,0.19047619047619047,0.5,0.0,0.0,0.0,1.0,0,0,0.0,0,0
train,55,29,0.18,20,2,0.07692307692307687,0.9,0.75,0.48148148148148145,0.3333333333333333,0.9090909090909091,-0.009090909090909038,0.9092919687554948,0.5,0.08148148148148149,0.23809523809523808,0.75,0.0,1.0,0.0,0.0,0,0,0.0,0,0
train,55,30,0.18,20,2,0.0,0.8888888888888888,0.75,0.4740740740740741,0.25,0.9,-0.011111111111111183,0.9011307368088524,0.45454545454545453,0.07407407407407407,0.20833333333333334,0.5,0.0,0.0,0.0,1.0,0,0,0.0,0,0
train,55,31,0.18,20,2,0.0714285714285714,0.875,0.75,0.45925925925925926,0.375,0.8888888888888888,-0.01388888888888884,0.8906784420853113,0.4090909090909091,0.06666666666666667,0.16666666666666666,1.0,0.0,1.0,0.0,0.0,1,2,0.2222222222222222,0,1
train,55,32,0.18,20,2,0.0,0.7777777777777778,0.5,0.45185185185185184,0.28,0.875,-0.09722222222222221,0.8455181763622979,0.36363636363636365,0.07407407407407407,0.2,0.25,1.0,0.0,0.0,0.0,0,0,0.0,0,0
train,55,33,0.18,20,2,0.0,0.875,0.75,0.45185185185185184,0.3333333333333333,0.7777777777777778,0.09722222222222221,0.8573109058173787,0.4090909090909091,0.06666666666666667,0.20833333333333334,1.0,0.0,0.0,0.0,1.0,0,0,0.0,0,0
train,55,34,0.18,20,2,0.0,0.8571428571428571,0.75,0.43703703703703706,0.4583333333333333,0.875,-0.017857142857142905,0.8572436863475701,0.36363636363636365,0.05925925925925926,0.25,0.5,0.0,0.0,0.0,1.0,0,0,0.0,0,0
train,55,35,0.18,20,2,0.0,0.8333333333333334,0.75,0.4148148148148148,0.5416666666666666,0.8571428571428571,-0.023809523809523725,0.8476795451418754,0.3181818181818182,0.05185185185185185,0.125,0.75,0.0,1.0,0.0,0.0,0,0,0.0,0,0
train,55,36,0.18,20,2,0.0,0.8,0.75,0.4,0.4,0.8333333333333334,-0.033333333333333326,0.8286077270851253,0.2727272727272727,0.044444444444444446,0.32,0.5,0.0,1.0,0.0,0.0,0,0,0.0,0,0
train,55,37,0.18,20,2,0.0714285714285714,0.75,0.75,0.37777777777777777,0.24,0.8,-0.050000000000000044,0.7971646362510751,0.22727272727272727,0.037037037037037035,0.28,1.0,0.0,1.0,0.0,0.0,0,0,0.0,0,0
train,55,38,0.18,20,2,0.0,0.6666666666666666,0.6666666666666666,0.37037037037037035,0.28,0.75,-0.08333333333333337,0.7449654484173117,0.18181818181818182,0.02962962962962963,0.24,0.5,0.0,0.0,0.0,1.0,0,0,0.0,0,0
train,55,39,0.18,20,2,0.0,0.5,0.5,0.35555555555555557,0.375,0.6666666666666666,-0.16666666666666663,0.646979269050387,0.13636363636363635,0.022222222222222223,0.20833333333333334,1.0,0.0,1.0,0.0,0.0,0,0,0.0,0,0
train,55,40,0.18,20,2,0.0,0.0,0.0,0.34074074074074073,0.34782608695652173,0.5,-0.5,0.3881875614302322,0.09090909090909091,0.014814814814814815,0.21739130434782608,0.5,0.0,1.0,0.0,0.0,0,0,0.0,0,0
train,55,41,0.18,20,2,0.0,0.0,0.0,0.32592592592592595,0.25,0.0,0.0,0.2329125368581393,0.045454545454545456,0.007407407407407408,0.25,0.5,0.0,0.0,0.0,1.0,0,0,0.0,0,0
train,56,0,0.22,20,2,0.0,0.9411764705882353,0.75,0.9629629629629629,0.7058823529411765,0.9411764705882353,0.0,0.9411764705882353,0.8181818181818182,0.13333333333333333,0.11764705882352941,0.5,0.0,1.0,0.0,0.0,1,2,0.1,0,1
train,56,1,0.22,20,2,0.0,0.8888888888888888,0.5,0.9407407407407408,0.6,0.9411764705882353,-0.05228758169934644,0.9202614379084968,0.7727272727272727,0.14074074074074075,0.25,0.25,1.0,0.0,0.0,0.0,0,0,0.0,0,0
train,56,2,0.22,20,2,0.0,0.9411764705882353,0.75,0.9407407407407408,0.5294117647058824,0.8888888888888888,0.05228758169934644,0.9286274509803921,0.8181818181818182,0.13333333333333333,0.29411764705882354,0.5,0.0,0.0,0.0,1.0,0,0,0.0,0,0
train,56,3,0.22,20,2,0.0,0.9375,0.75,0.9259259259259259,0.5,0.9411764705882353,-0.003676470588235281,0.9321764705882353,0.7727272727272727,0.1259259259259259,0.3,0.5,0.0,0.0,0.0,1.0,0,0,0.0,0,0
train,56,4,0.22,20,2,0.0,0.9333333333333333,0.75,0.9037037037037037,0.47619047619047616,0.9375,-0.004166666666666652,0.9326392156862744,0.7272727272727273,0.11851851851851852,0.23809523809523808,0.75,0.0,1.0,0.0,0.0,0,0,0.0,0,0
train,56,5,0.22,20,2,0.0,0.9285714285714286,0.75,0.8888888888888888,0.4583333333333333,0.9333333333333333,-0.004761904761904745,0.931012100840336,0.6818181818181818,0.1111111111111111,0.25,0.5,0.0,0.0,0.0,1.0,0,0,0.0,0,0
train,56,6,0.22,20,2,0.0,0.9230769230769231,0.75,0.8740740740740741,0.5416666666666666,0.9285714285714286,-0.005494505494505475,0.9278380297349709,0.6363636363636364,0.1037037037037037,0.125,1.0,0.0,1.0,0.0,0.0,0,0,0.0,0,0
train,56,7,0.22,20,2,0.0,0.9166666666666666,0.75,0.8592592592592593,0.56,0.9230769230769231,-0.0064102564102564985,0.9233694845076492,0.5909090909090909,0.0962962962962963,0.16,0.5,0.0,1.0,0.0,0.0,0,0,0.0,0,0
train,56,8,0.22,20,2,0.0,0.9090909090909091,0.75,0.837037037037037,0.56,0.9166666666666666,-0.007575757575757569,0.9176580543409532,0.5454545454545454,0.08888888888888889,0.08,1.0,0.0,1.0,0.0,0.0,1,2,0.14285714285714285,0,1
train,56,9,0.22,20,2,0.0,0.9,0.75,0.8148148148148148,0.56,0.9090909090909091,-0.009090909090909038,0.9105948326045719,0.5,0.08148148148148149,0.12,0.75,0.0,0.0,0.0,1.0,0,0,0.0,0,0
train,56,10,0.22,20,2,0.0,0.8888888888888888,0.75,0.8,0.52,0.9,-0.011111111111111183,0.9019124551182987,0.45454545454545453,0.07407407407407407,0.08,1.0,0.0,1.0,0.0,0.0,1,2,0.14285714285714285,0,1
train,56,11,0.22,20,2,0.08695652173913049,0.875,0.75,0.7851851851851852,0.5416666666666666,0.8888888888888888,-0.01388888888888884,0.8911474730709792,0.4090909090909091,0.06666666666666667,0.125,0.5,0.0,1.0,0.0,0.0,0,0,0.0,0,0
train,56,12,0.22,20,2,0.0,0.8571428571428571,0.75,0.762962962962963,0.47619047619047616,0.875,-0.017857142857142905,0.8775456266997304,0.36363636363636365,0.05925925925925926,0.19047619047619047,0.5,0.0,0.0,0.0,1.0,0,0,0.0,0,0
train,56,13,0.22,20,2,0.0,0.8333333333333334,0.75,0.7481481481481481,0.47619047619047616,0.8571428571428571,-0.023809523809523725,0.8598607093531716,0.3181818181818182,0.05185185185185185,0.23809523809523808,0.5,0.0,0.0,0.0,1.0,0,0,0.0,0,0
train,56,14,0.22,20,2,0.0,0.8571428571428571,0.75,0.725925925925926,0.42857142857142855,0.8333333333333334,0.023809523809523725,0.8587735684690458,0.2727272727272727,0.05925925925925926,0.2857142857142857,0.5,1.0,0.0,0.0,0.0,0,0,0.0,0,0
train,56,15,0.22,20,2,0.0,0.8333333333333334,0.75,0.7111111111111111,0.4166666666666667,0.8571428571428571,-0.023809523809523725,0.8485974744147609,0.3181818181818182,0.05185185185185185,0.25,0.5,0.0,0.0,0.0,1.0,0,0,0.0,0,0
train,56,16,0.22,20,2,0.0,0.8,0.75,0.6962962962962963,0.5,0.8333333333333334,-0.033333333333333326,0.8291584846488566,0.2727272727272727,0.044444444444444446,0.16666666666666666,0.75,0.0,0.0,0.0,1.0,0,0,0.0,0,0
train,56,17,0.22,20,2,0.13636363636363635,0.75,0.75,0.674074074074074,0.5416666666666666,0.8,-0.050000000000000044,0.7974950907893139,0.22727272727272727,0.037037037037037035,0.125,1.0,0.0,1.0,0.0,0.0,1,2,0.2222222222222222,0,1
train,56,18,0.22,20,2,0.0,0.6666666666666666,0.6666666666666666,0.6592592592592592,0.38095238095238093,0.75,-0.08333333333333337,0.745163721140255,0.18181818181818182,0.02962962962962963,0.14285714285714285,0.5,0.0,0.0,0.0,1.0,0,0,0.0,0,0
train,56,19,0.22,20,2,0.0,0.75,0.75,0.6444444444444445,0.47619047619047616,0.6666666666666666,0.08333333333333337,0.7470982326841531,0.13636363636363635,0.037037037037037035,0.19047619047619047,0.5,1.0,0.0,0.0,0.0,0,0,0.0,0,0
train,56,20,0.22,20,2,0.0,0.6666666666666666,0.6666666666666666,0.6296296296296297,0.4166666666666667,0.75,-0.08333333333333337,0.7149256062771585,0.18181818181818182,0.02962962962962963,0.16666666666666666,1.0,0.0,0.0,0.0,1.0,0,0,0.0,0,0
train,56,21,0.22,20,2,0.0,0.75,0.75,0.6148148148148148,0.5,0.6666666666666666,0.08333333333333337,0.7289553637662951,0.13636363636363635,0.037037037037037035,0.125,0.5,1.0,0.0,0.0,0.0,0,0,0.0,0,0
train,56,22,0.22,20,2,0.0,0.8,0.75,0.6,0.52,0.75,0.050000000000000044,0.7573732182597771,0.18181818181818182,0.044444444444444446,0.12,0.75,1.0,0.0,0.0,0.0,0,0,0.0,0,0
train,56,23,0.22,20,2,0.0,0.75,0.75,0.5777777777777777,0.52,0.8,-0.050000000000000044,0.7544239309558662,0.22727272727272727,0.037037037037037035,0.2,0.5,0.0,0.0,0.0,1.0,0,0,0.0,0,0
train,56,24,0.22,20,2,0.0,0.6666666666666666,0.6666666666666666,0.562962962962963,0.5416666666666666,0.75,-0.08333333333333337,0.7193210252401864,0.18181818181818182,0.02962962962962963,0.16666666666666666,0.75,0.0,0.0,0.0,1.0,0,0,0.0,0,0
train,56,25,0.22,20,2,0.0,0.5,0.5,0.5407407407407407,0.42857142857142855,0.6666666666666666,-0.16666666666666663,0.6315926151441118,0.13636363636363635,0.022222222222222223,0.23809523809523808,0.75,0.0,1.0,0.0,0.0,0,0,0.0,0,0
train,56,26,0.22,20,2,0.0,0.0,0.0,0.5259259259259259,0.3333333333333333,0.5,-0.5,0.37895556908646705,0.09090909090909091,0.014814814814814815,0.19047619047619047,0.5,0.0,1.0,0.0,0.0,0,0,0.0,0,0
train,56,27,0.22,20,2,0.0,0.0,0.0,0.5111111111111111,0.25,0.0,0.0,0.2273733414518802,0.045454545454545456,0.007407407407407408,0.3,0.5,0.0,1.0,0.0,0.0,0,0,0.0,0,0
train,57,0,0.26,20,2,0.0,0.9411764705882353,0.75,0.9629629629629629,0.7058823529411765,0.9411764705882353,0.0,0.9411764705882353,0.8181818181818182,0.13333333333333333,0.11764705882352941,0.5,0.0,1.0,0.0,0.0,0,0,0.0,0,0
train,57,1,0.26,20,2,0.0,0.9375,0.75,0.9407407407407408,0.6,0.9411764705882353,-0.003676470588235281,0.9397058823529412,0.7727272727272727,0.1259259259259259,0.15,0.75,0.0,1.0,0.0,0.0,0,0,0.0,0,0
train,57,2,0.26,20,2,0.0,0.9333333333333333,0.75,0.9185185185185185,0.47619047619047616,0.9375,-0.004166666666666652,0.9371568627450981,0.7272727272727273,0.11851851851851852,0.23809523809523808,0.5,0.0,1.0,0.0,0.0,0,0,0.0,0,0
train,57,3,0.26,20,2,0.0,0.9285714285714286,0.75,0.8962962962962963,0.47619047619047616,0.9333333333333333,-0.004761904761904745,0.9337226890756303,0.6818181818181818,0.1111111111111111,0.19047619047619047,0.75,0.0,1.0,0.0,0.0,0,0,0.0,0,0
train,57,4,0.26,20,2,0.0,0.9230769230769231,0.75,0.8740740740740741,0.47619047619047616,0.9285714285714286,-0.005494505494505475,0.9294643826761474,0.6363636363636364,0.1037037037037037,0.19047619047619047,0.75,0.0,1.0,0.0,0.0,1,2,0.125,0,1
train,57,5,0.26,20,2,0.1428571428571429,0.9166666666666666,0.75,0.8518518518518519,0.45,0.9230769230769231,-0.0064102564102564985,0.9243452962723551,0.5909090909090909,0.0962962962962963,0.2,0.5,0.0,1.0,0.0,0.0,1,2,0.11764705882352941,0,1
train,57,6,0.26,20,2,0.0,0.9090909090909091,0.75,0.8296296296296296,0.35294117647058826,0.9166666666666666,-0.007575757575757569,0.9182435413997767,0.5454545454545454,0.08888888888888889,0.29411764705882354,0.5,0.0,0.0,0.0,1.0,1,2,0.1111111111111111,0,1
train,57,7,0.26,20,2,0.0,0.75,0.0,0.8148148148148148,0.4,0.9090909090909091,-0.15909090909090906,0.8509461248398661,0.5,0.1259259259259259,0.3,0.25,0.0,0.0,1.0,0.0,0,0,0.0,0,0
train,57,8,0.26,20,2,0.0,0.8,0.25,0.8148148148148148,0.23529411764705882,0.75,0.050000000000000044,0.8305676749039197,0.5454545454545454,0.11851851851851852,0.4117647058823529,0.5,1.0,0.0,0.0,0.0,0,0,0.0,0,0
train,57,9,0.26,20,2,0.0,0.8571428571428571,0.5,0.8148148148148148,0.2,0.8,0.05714285714285705,0.8411977477994946,0.5909090909090909,0.1111111111111111,0.4,0.5,1.0,0.0,0.0,0.0,0,0,0.0,0,0
train,57,10,0.26,20,2,0.0,0.9230769230769231,0.75,0.8148148148148148,0.19047619047619047,0.8571428571428571,0.06593406593406603,0.873949417910466,0.6363636363636364,0.1037037037037037,0.38095238095238093,0.75,0.0,0.0,0.0,1.0,0,0,0.0,0,0
train,57,11,0.26,20,2,0.0,0.9166666666666666,0.75,0.8074074074074075,0.2916666666666667,0.9230769230769231,-0.0064102564102564985,0.8910363174129463,0.5909090909090909,0.0962962962962963,0.2916666666666667,0.75,0.0,0.0,0.0,1.0,0,0,0.0,0,0
train,57,12,0.26,20,2,0.052631578947368474,0.9090909090909091,0.75,0.7851851851851852,0.44,0.9166666666666666,-0.007575757575757569,0.8982581540841315,0.5454545454545454,0.08888888888888889,0.2,0.75,0.0,1.0,0.0,0.0,0,0,0.0,0,0
train,57,13,0.26,20,2,0.0,0.9,0.75,0.7777777777777778,0.375,0.9090909090909091,-0.009090909090909038,0.8989548924504789,0.5,0.08148148148148149,0.20833333333333334,0.5,0.0,0.0,0.0,1.0,0,0,0.0,0,0
train,57,14,0.26,20,2,0.15000000000000002,0.8888888888888888,0.75,0.762962962962963,0.5,0.9,-0.011111111111111183,0.8949284910258428,0.45454545454545453,0.07407407407407407,0.125,0.75,0.0,1.0,0.0,0.0,1,2,0.16666666666666666,0,1
train,57,15,0.26,20,2,0.0,0.8,0.5,0.7481481481481481,0.38095238095238093,0.8888888888888888,-0.0888888888888888,0.8569570946155057,0.4090909090909091,0.08148148148148149,0.2857142857142857,0.25,1.0,0.0,0.0,0.0,0,0,0.0,0,0
train,57,16,0.26,20,2,0.0,0.8888888888888888,0.75,0.7481481481481481,0.4166666666666667,0.8,0.0888888888888888,0.8697298123248589,0.45454545454545453,0.07407407407407407,0.20833333333333334,0.75,0.0,0.0,0.0,1.0,0,0,0.0,0,0
train,57,17,0.26,20,2,0.0,0.875,0.75,0.7333333333333333,0.5,0.8888888888888888,-0.01388888888888884,0.8718378873949153,0.4090909090909091,0.06666666666666667,0.25,0.5,0.0,0.0,0.0,1.0,0,0,0.0,0,0
train,57,18,0.26,20,2,0.13636363636363635,0.8571428571428571,0.75,0.7111111111111111,0.5416666666666666,0.875,-0.017857142857142905,0.865959875294092,0.36363636363636365,0.05925925925925926,0.125,1.0,0.0,1.0,0.0,0.0,0,0,0.0,0,0
train,57,19,0.26,20,2,0.0,0.8333333333333334,0.75,0.6962962962962963,0.38095238095238093,0.8571428571428571,-0.023809523809523725,0.8529092585097886,0.3181818181818182,0.05185185185185185,0.23809523809523808,0.5,0.0,0.0,0.0,1.0,0,0,0.0,0,0
train,57,20,0.26,20,2,0.0,0.8,0.75,0.6814814814814815,0.47619047619047616,0.8333333333333334,-0.033333333333333326,0.8317455551058732,0.2727272727272727,0.044444444444444446,0.14285714285714285,0.75,0.0,0.0,0.0,1.0,0,0,0.0,0,0
train,57,21,0.26,20,2,0.0,0.75,0.75,0.6592592592592592,0.47619047619047616,0.8,-0.050000000000000044,0.7990473330635239,0.22727272727272727,0.037037037037037035,0.23809523809523808,0.5,0.0,0.0,0.0,1.0,0,0,0.0,0,0
train,57,22,0.26,20,2,0.0,0.6666666666666666,0.6666666666666666,0.6370370370370371,0.47619047619047616,0.75,-0.08333333333333337,0.746095066504781,0.18181818181818182,0.02962962962962963,0.23809523809523808,0.5,0.0,0.0,0.0,1.0,0,0,0.0,0,0
train,57,23,0.26,20,2,0.0,0.5,0.5,0.6148148148148148,0.47619047619047616,0.6666666666666666,-0.16666666666666663,0.6476570399028686,0.13636363636363635,0.022222222222222223,0.23809523809523808,0.75,0.0,0.0,0.0,1.0,0,0,0.0,0,0
train,57,24,0.26,20,2,0.0,0.6666666666666666,0.6666666666666666,0.5925925925925926,0.47619047619047616,0.5,0.16666666666666663,0.6552608906083879,0.09090909090909091,0.02962962962962963,0.23809523809523808,0.5,1.0,0.0,0.0,0.0,0,0,0.0,0,0
train,57,25,0.26,20,2,0.0,0.5,0.5,0.5777777777777777,0.5,0.6666666666666666,-0.16666666666666663,0.5931565343650327,0.13636363636363635,0.022222222222222223,0.20833333333333334,1.0,0.0,0.0,0.0,1.0,0,0,0.0,0,0
train,57,26,0.26,20,2,0.0,0.0,0.0,0.562962962962963,0.5217391304347826,0.5,-0.5,0.3558939206190196,0.09090909090909091,0.014814814814814815,0.17391304347826086,0.5,0.0,0.0,0.0,1.0,0,0,0.0,0,0
train,57,27,0.26,20,2,0.0,0.0,0.0,0.5407407407407407,0.45,0.0,0.0,0.21353635237141175,0.045454545454545456,0.007407407407407408,0.15,0.75,0.0,1.0,0.0,0.0,0,0,0.0,0,0
train,58,0,0.3,20,2,0.0,0.9411764705882353,0.75,0.9629629629629629,0.7058823529411765,0.9411764705882353,0.0,0.9411764705882353,0.8181818181818182,0.13333333333333333,0.17647058823529413,0.25,0.0,1.0,0.0,0.0,0,0,0.0,0,0
train,58,1,0.3,20,2,0.0,0.9375,0.75,0.9407407407407408,0.6,0.9411764705882353,-0.003676470588235281,0.9397058823529412,0.7727272727272727,0.1259259259259259,0.25,0.5,0.0,0.0,0.0,1.0,0,0,0.0,0,0
train,58,2,0.3,20,2,0.0,0.9333333333333333,0.75,0.9259259259259259,0.5652173913043478,0.9375,-0.004166666666666652,0.9371568627450981,0.7272727272727273,0.11851851851851852,0.21739130434782608,0.75,0.0,1.0,0.0,0.0,1,2,0.1111111111111111,0,1
train,58,3,0.3,20,2,0.0,0.9285714285714286,0.75,0.9111111111111111,0.5833333333333334,0.9333333333333333,-0.004761904761904745,0.9337226890756303,0.6818181818181818,0.1111111111111111,0.125,0.75,0.0,1.0,0.0,0.0,1,2,0.10526315789473684,0,1
train,58,4,0.3,20,2,0.0,0.9230769230769231,0.75,0.8888888888888888,0.5416666666666666,0.9285714285714286,-0.005494505494505475,0.9294643826761474,0.6363636363636364,0.1037037037037037,0.16666666666666666,0.5,0.0,1.0,0.0,0.0,1,2,0.1,0,1
train,58,5,0.3,20,2,0.09090909090909094,0.9285714285714286,0.75,0.8666666666666667,0.5416666666666666,0.9230769230769231,0.005494505494505475,0.9291072010342598,0.5909090909090909,0.1111111111111111,0.20833333333333334,0.5,0.0,0.0,1.0,0.0,1,2,0.09523809523809523,0,1
train,58,6,0.3,20,2,0.0,0.9230769230769231,0.75,0.8518518518518519,0.42857142857142855,0.9285714285714286,-0.005494505494505475,0.9266950898513251,0.6363636363636364,0.1037037037037037,0.2857142857142857,0.5,0.0,1.0,0.0,0.0,1,2,0.09090909090909091,0,1
train,58,7,0.3,20,2,0.0,0.9166666666666666,0.75,0.837037037037037,0.45,0.9230769230769231,-0.0064102564102564985,0.9226837205774617,0.5909090909090909,0.0962962962962963,0.3,0.5,0.0,1.0,0.0,0.0,1,2,0.08695652173913043,0,1
train,58,8,0.3,20,2,0.0,0.9090909090909091,0.75,0.8148148148148148,0.35294117647058826,0.9166666666666666,-0.007575757575757569,0.9172465959828406,0.5454545454545454,0.08888888888888889,0.35294117647058826,0.5,0.0,0.0,0.0,1.0,1,2,0.08333333333333333,0,1
train,58,9,0.3,20,2,0.0,0.9,0.75,0.8,0.35,0.9090909090909091,-0.009090909090909038,0.9103479575897044,0.5,0.08148148148148149,0.3,0.5,0.0,0.0,0.0,1.0,1,2,0.08,0,1
train,58,10,0.3,20,2,0.07692307692307687,0.9090909090909091,0.75,0.7777777777777778,0.3333333333333333,0.9,0.009090909090909038,0.9098451381901863,0.45454545454545453,0.08888888888888889,0.38095238095238093,0.5,1.0,0.0,0.0,0.0,1,2,0.07692307692307693,0,1
train,58,11,0.3,20,2,0.0,0.5909090909090909,0.0,0.7703703703703704,0.2916666666666667,0.9090909090909091,-0.3181818181818181,0.782270719277748,0.5,0.17037037037037037,0.3333333333333333,0.25,0.0,1.0,0.0,0.0,0,0,0.0,0,0
train,58,12,0.3,20,2,0.0,0.6190476190476191,0.0,0.7703703703703704,0.2857142857142857,0.5909090909090909,0.02813852813852813,0.7169814791856964,0.45454545454545453,0.16296296296296298,0.42857142857142855,0.5,0.0,0.0,1.0,0.0,0,0,0.0,0,0
train,58,13,0.3,20,2,0.0,0.65,0.0,0.7703703703703704,0.15,0.6190476190476191,0.030952380952380953,0.6901888875114179,0.5,0.15555555555555556,0.45,0.5,0.0,0.0,1.0,0.0,0,0,0.0,0,0
train,58,14,0.3,20,2,0.0,0.6842105263157895,0.0,0.7703703703703704,0.058823529411764705,0.65,0.03421052631578947,0.6877975430331665,0.5454545454545454,0.14814814814814814,0.5294117647058824,0.5,1.0,0.0,0.0,0.0,0,0,0.0,0,0
train,58,15,0.3,20,2,0.0,0.7222222222222222,0.0,0.7703703703703704,0.1,0.6842105263157895,0.03801169590643272,0.7015674147087888,0.5909090909090909,0.14074074074074075,0.5,0.5,1.0,0.0,0.0,0.0,0,0,0.0,0,0
train,58,16,0.3,20,2,0.0,0.7647058823529411,0.0,0.7703703703703704,0.14285714285714285,0.7222222222222222,0.042483660130718914,0.7268228017664498,0.6363636363636364,0.13333333333333333,0.42857142857142855,0.5,0.0,0.0,0.0,1.0,0,0,0.0,0,0
train,58,17,0.3,20,2,0.0,0.8125,0.25,0.7703703703703704,0.16666666666666666,0.7647058823529411,0.047794117647058876,0.7610936810598699,0.5909090909090909,0.1259259259259259,0.375,0.5,1.0,0.0,0.0,0.0,0,0,0.0,0,0
train,58,18,0.3,20,2,0.0,0.8666666666666667,0.5,0.7703703703703704,0.25,0.8125,0.054166666666666696,0.8033228753025885,0.6363636363636364,0.11851851851851852,0.2916666666666667,0.5,1.0,0.0,0.0,0.0,0,0,0.0,0,0
train,58,19,0.3,20,2,0.0,0.9285714285714286,0.75,0.7703703703703704,0.3333333333333333,0.8666666666666667,0.06190476190476191,0.8534222966101246,0.6818181818181818,0.1111111111111111,0.2916666666666667,0.75,0.0,0.0,0.0,1.0,0,0,0.0,0,0
train,58,20,0.3,20,2,0.0,0.9230769230769231,0.75,0.762962962962963,0.44,0.9285714285714286,-0.005494505494505475,0.881284147196844,0.6363636363636364,0.1037037037037037,0.2,0.75,0.0,0.0,0.0,1.0,1,2,0.1111111111111111,0,1
train,58,21,0.3,20,2,0.0,0.9166666666666666,0.75,0.7407407407407407,0.48,0.9230769230769231,-0.0064102564102564985,0.895437154984773,0.5909090909090909,0.0962962962962963,0.24,0.5,0.0,1.0,0.0,0.0,1,2,0.10526315789473684,0,1
train,58,22,0.3,20,2,0.052631578947368474,0.9090909090909091,0.75,0.725925925925926,0.32,0.9166666666666666,-0.007575757575757569,0.9008986566272275,0.5454545454545454,0.08888888888888889,0.32,0.5,0.0,1.0,0.0,0.0,1,2,0.1,0,1
train,58,23,0.3,20,2,0.0,0.9,0.75,0.7185185185185186,0.28,0.9090909090909091,-0.009090909090909038,0.9005391939763365,0.5,0.08148148148148149,0.32,0.5,0.0,0.0,0.0,1.0,1,2,0.09523809523809523,0,1
train,58,24,0.3,20,2,0.0,0.8888888888888888,0.75,0.7037037037037037,0.44,0.9,-0.011111111111111183,0.8958790719413574,0.45454545454545453,0.07407407407407407,0.24,0.75,0.0,1.0,0.0,0.0,1,2,0.09090909090909091,0,1
train,58,25,0.3,20,2,0.125,0.875,0.75,0.6888888888888889,0.375,0.8888888888888888,-0.01388888888888884,0.8875274431648144,0.4090909090909091,0.06666666666666667,0.2916666666666667,0.5,0.0,1.0,0.0,0.0,1,2,0.08695652173913043,0,1
train,58,26,0.3,20,2,0.0,0.8571428571428571,0.75,0.674074074074074,0.2857142857142857,0.875,-0.017857142857142905,0.8753736087560314,0.36363636363636365,0.05925925925925926,0.2857142857142857,0.5,0.0,0.0,0.0,1.0,1,2,0.08333333333333333,0,1
train,58,27,0.3,20,2,0.0,0.6666666666666666,0.0,0.6592592592592592,0.42857142857142855,0.8571428571428571,-0.19047619047619047,0.7918908319202855,0.3181818181818182,0.0962962962962963,0.2857142857142857,0.25,0.0,0.0,1.0,0.0,0,0,0.0,0,0
train,58,28,0.3,20,2,0.0,0.7272727272727273,0.25,0.6592592592592592,0.19047619047619047,0.6666666666666666,0.06060606060606066,0.7660435900612623,0.36363636363636365,0.08888888888888889,0.38095238095238093,0.5,1.0,0.0,0.0,0.0,0,0,0.0,0,0
train,58,29,0.3,20,2,0.0,0.8,0.5,0.6592592592592592,0.20833333333333334,0.7272727272727273,0.07272727272727275,0.7796261540367575,0.4090909090909091,0.08148148148148149,0.4166666666666667,0.5,1.0,0.0,0.0,0.0,0,0,0.0,0,0
train,58,30,0.3,20,2,0.0,0.8888888888888888,0.75,0.6592592592592592,0.28,0.8,0.0888888888888888,0.82333124797761,0.45454545454545453,0.07407407407407407,0.32,0.75,0.0,0.0,0.0,1.0,1,2,0.09090909090909091,0,1
train,58,31,0.3,20,2,0.0,0.7272727272727273,0.0,0.6444444444444445,0.36,0.8888888888888888,-0.16161616161616155,0.784907839695657,0.4090909090909091,0.17037037037037037,0.36,0.25,0.0,0.0,1.0,0.0,0,0,0.0,0,0
train,58,32,0.3,20,2,0.0,0.7619047619047619,0.0,0.6444444444444445,0.2,0.7272727272727273,0.03463203463203457,0.775706608579299,0.45454545454545453,0.16296296296296298,0.4,0.75,0.0,0.0,1.0,0.0,0,0,0.0,0,0
train,58,33,0.3,20,2,0.0,0.8,0.0,0.6444444444444445,0.04,0.7619047619047619,0.03809523809523818,0.7854239651475794,0.5,0.15555555555555556,0.44,0.5,1.0,0.0,0.0,0.0,0,0,0.0,0,0
train,58,34,0.3,20,2,0.08333333333333337,0.8421052631578947,0.25,0.6444444444444445,0.16,0.8,0.042105263157894646,0.8080964843517056,0.5454545454545454,0.14814814814814814,0.36,0.5,1.0,0.0,0.0,0.0,0,0,0.0,0,0
train,58,35,0.3,20,2,0.06666666666666665,0.8888888888888888,0.5,0.6444444444444445,0.32,0.8421052631578947,0.04678362573099415,0.8404134461665789,0.5909090909090909,0.14074074074074075,0.32,0.5,0.0,0.0,1.0,0.0,0,0,0.0,0,0
train,58,36,0.3,20,2,0.08333333333333337,0.9411764705882353,0.75,0.6444444444444445,0.24,0.8888888888888888,0.05228758169934644,0.8807186559352415,0.6363636363636364,0.13333333333333333,0.32,0.75,1.0,0.0,0.0,0.0,0,0,0.0,0,0
train,58,37,0.3,20,2,0.0,0.9375,0.75,0.6370370370370371,0.2916666666666667,0.9411764705882353,-0.003676470588235281,0.9034311935611449,0.6818181818181818,0.1259259259259259,0.2916666666666667,0.75,1.0,0.0,0.0,0.0,0,0,0.0,0,0
train,58,38,0.3,20,2,0.0,0.9333333333333333,0.75,0.6222222222222222,0.2857142857142857,0.9375,-0.004166666666666652,0.9153920494700203,0.7272727272727273,0.11851851851851852,0.2857142857142857,0.5,0.0,0.0,0.0,1.0,0,0,0.0,0,0
train,58,39,0.3,20,2,0.0,0.9285714285714286,0.75,0.6074074074074074,0.3333333333333333,0.9333333333333333,-0.004761904761904745,0.9206638011105835,0.6818181818181818,0.1111111111111111,0.23809523809523808,0.5,0.0,0.0,0.0,1.0,0,0,0.0,0,0
train,58,40,0.3,20,2,0.08333333333333337,0.9230769230769231,0.75,0.5851851851851851,0.3333333333333333,0.9285714285714286,-0.005494505494505475,0.9216290498971194,0.6363636363636364,0.1037037037037037,0.38095238095238093,0.5,0.0,1.0,0.0,0.0,0,0,0.0,0,0
train,58,41,0.3,20,2,0.0,0.9166666666666666,0.75,0.5777777777777777,0.25,0.9230769230769231,-0.0064102564102564985,0.9196440966049383,0.5909090909090909,0.0962962962962963,0.2916666666666667,0.5,0.0,0.0,0.0,1.0,0,0,0.0,0,0
train,58,42,0.3,20,2,0.0714285714285714,0.9090909090909091,0.75,0.562962962962963,0.375,0.9166666666666666,-0.007575757575757569,0.9154228215993266,0.5454545454545454,0.08888888888888889,0.25,0.75,0.0,1.0,0.0,0.0,0,0,0.0,0,0
train,58,43,0.3,20,2,0.0,0.9,0.75,0.5555555555555556,0.28,0.9090909090909091,-0.009090909090909038,0.909253692959596,0.5,0.08148148148148149,0.28,0.5,0.0,0.0,0.0,1.0,0,0,0.0,0,0
train,58,44,0.3,20,2,0.052631578947368474,0.8888888888888888,0.75,0.5407407407407407,0.44,0.9,-0.011111111111111183,0.9011077713313131,0.45454545454545453,0.07407407407407407,0.24,0.75,0.0,1.0,0.0,0.0,0,0,0.0,0,0
train,58,45,0.3,20,2,0.0,0.875,0.75,0.5333333333333333,0.36,0.8888888888888888,-0.01388888888888884,0.890664662798788,0.4090909090909091,0.06666666666666667,0.28,0.5,0.0,0.0,0.0,1.0,0,0,0.0,0,0
train,58,46,0.3,20,2,0.0,0.8571428571428571,0.75,0.5185185185185185,0.52,0.875,-0.017857142857142905,0.8772559405364156,0.36363636363636365,0.05925925925925926,0.16,0.75,0.0,1.0,0.0,0.0,0,0,0.0,0,0
train,58,47,0.3,20,2,0.0,0.8333333333333334,0.75,0.5037037037037037,0.44,0.8571428571428571,-0.023809523809523725,0.8596868976551827,0.3181818181818182,0.05185185185185185,0.2,0.75,0.0,1.0,0.0,0.0,1,2,0.2857142857142857,0,1
train,58,48,0.3,20,2,0.19999999999999996,0.8,0.75,0.48148148148148145,0.3333333333333333,0.8333333333333334,-0.033333333333333326,0.8358121385931097,0.2727272727272727,0.044444444444444446,0.16666666666666666,1.0,0.0,1.0,0.0,0.0,1,2,0.25,0,1
train,58,49,0.3,20,2,0.0,0.75,0.75,0.4666666666666667,0.2857142857142857,0.8,-0.050000000000000044,0.8014872831558658,0.22727272727272727,0.037037037037037035,0.23809523809523808,0.5,0.0,0.0,0.0,1.0,0,0,0.0,0,0
train,58,50,0.3,20,2,0.0,0.8,0.75,0.45185185185185184,0.38095238095238093,0.75,0.050000000000000044,0.8008923698935195,0.18181818181818182,0.044444444444444446,0.19047619047619047,0.5,1.0,0.0,0.0,0.0,0,0,0.0,0,0
train,58,51,0.3,20,2,0.0,0.8333333333333334,0.75,0.4444444444444444,0.3333333333333333,0.8,0.033333333333333326,0.813868755269445,0.22727272727272727,0.05185185185185185,0.2916666666666667,0.75,1.0,0.0,0.0,0.0,0,0,0.0,0,0
train,58,52,0.3,20,2,0.0,0.8,0.75,0.43703703703703706,0.32,0.8333333333333334,-0.033333333333333326,0.808321253161667,0.2727272727272727,0.044444444444444446,0.2,1.0,0.0,0.0,0.0,1.0,0,0,0.0,0,0
train,58,53,0.3,20,2,0.0,0.75,0.75,0.4222222222222222,0.48,0.8,-0.050000000000000044,0.7849927518970002,0.22727272727272727,0.037037037037037035,0.16,0.5,0.0,0.0,0.0,1.0,0,0,0.0,0,0
train,58,54,0.3,20,2,0.0,0.6666666666666666,0.6666666666666666,0.4,0.52,0.75,-0.08333333333333337,0.7376623178048668,0.18181818181818182,0.02962962962962963,0.12,1.0,0.0,1.0,0.0,0.0,0,0,0.0,0,0
train,58,55,0.3,20,2,0.0625,0.5,0.5,0.3851851851851852,0.4166666666666667,0.6666666666666666,-0.16666666666666663,0.6425973906829201,0.13636363636363635,0.022222222222222223,0.125,0.75,0.0,1.0,0.0,0.0,0,0,0.0,0,0
train,58,56,0.3,20,2,0.0,0.0,0.0,0.37037037037037035,0.2857142857142857,0.5,-0.5,0.38555843440975207,0.09090909090909091,0.014814814814814815,0.19047619047619047,0.5,0.0,0.0,0.0,1.0,0,0,0.0,0,0
train,58,57,0.3,20,2,0.0,0.0,0.0,0.35555555555555557,0.4,0.0,0.0,0.23133506064585124,0.045454545454545456,0.007407407407407408,0.2,0.75,0.0,0.0,0.0,1.0,0,0,0.0,0,0
train,59,0,0.34,20,2,0.0,0.9411764705882353,0.75,0.9629629629629629,0.7058823529411765,0.9411764705882353,0.0,0.9411764705882353,0.8181818181818182,0.13333333333333333,0.17647058823529413,0.25,0.0,1.0,0.0,0.0,0,0,0.0,0,0
train,59,1,0.34,20,2,0.0,0.9375,0.75,0.9407407407407408,0.6,0.9411764705882353,-0.003676470588235281,0.9397058823529412,0.7727272727272727,0.1259259259259259,0.25,0.5,0.0,0.0,0.0,1.0,0,0,0.0,0,0
train,59,2,0.34,20,2,0.0,0.9333333333333333,0.75,0.9259259259259259,0.5652173913043478,0.9375,-0.004166666666666652,0.9371568627450981,0.7272727272727273,0.11851851851851852,0.21739130434782608,0.75,0.0,1.0,0.0,0.0,1,2,0.1111111111111111,0,1
train,59,3,0.34,20,2,0.0,0.9285714285714286,0.75,0.9111111111111111,0.5833333333333334,0.9333333333333333,-0.004761904761904745,0.9337226890756303,0.6818181818181818,0.1111111111111111,0.16666666666666666,0.5,0.0,1.0,0.0,0.0,1,2,0.10526315789473684,0,1
train,59,4,0.34,20,2,0.0,0.9230769230769231,0.75,0.8888888888888888,0.5416666666666666,0.9285714285714286,-0.005494505494505475,0.9294643826761474,0.6363636363636364,0.1037037037037037,0.16666666666666666,0.75,0.0,1.0,0.0,0.0,1,2,0.1,0,1
train,59,5,0.34,20,2,0.0,0.9166666666666666,0.75,0.8666666666666667,0.5416666666666666,0.9230769230769231,-0.0064102564102564985,0.9243452962723551,0.5909090909090909,0.0962962962962963,0.20833333333333334,0.5,0.0,1.0,0.0,0.0,1,2,0.09523809523809523,0,1
train,59,6,0.34,20,2,0.0,0.9090909090909091,0.75,0.8444444444444444,0.5217391304347826,0.9166666666666666,-0.007575757575757569,0.9182435413997767,0.5454545454545454,0.08888888888888889,0.17391304347826086,0.75,0.0,1.0,0.0,0.0,1,2,0.09090909090909091,0,1
train,59,7,0.34,20,2,0.0,0.7,0.0,0.8222222222222222,0.45,0.9090909090909091,-0.2090909090909091,0.830946124839866,0.5,0.15555555555555556,0.25,0.5,1.0,0.0,0.0,0.0,0,0,0.0,0,0
train,59,8,0.34,20,2,0.0,0.7368421052631579,0.0,0.8222222222222222,0.391304347826087,0.7,0.0368421052631579,0.7933045170091827,0.5454545454545454,0.14814814814814814,0.2608695652173913,0.75,1.0,0.0,0.0,0.0,0,0,0.0,0,0
train,59,9,0.34,20,2,0.0,0.7777777777777778,0.0,0.8222222222222222,0.2916666666666667,0.7368421052631579,0.040935672514619936,0.7870938213166208,0.5909090909090909,0.14074074074074075,0.3333333333333333,0.5,1.0,0.0,0.0,0.0,0,0,0.0,0,0
train,59,10,0.34,20,2,0.0,0.8235294117647058,0.25,0.8222222222222222,0.2916666666666667,0.7777777777777778,0.04575163398692805,0.8016680574958548,0.6363636363636364,0.13333333333333333,0.2916666666666667,0.75,1.0,0.0,0.0,0.0,0,0,0.0,0,0
train,59,11,0.34,20,2,0.0,0.875,0.5,0.8222222222222222,0.3333333333333333,0.8235294117647058,0.05147058823529416,0.8310008344975128,0.6818181818181818,0.1259259259259259,0.2916666666666667,0.5,1.0,0.0,0.0,0.0,0,0,0.0,0,0
train,59,12,0.34,20,2,0.0,0.9333333333333333,0.75,0.8222222222222222,0.34782608695652173,0.875,0.05833333333333335,0.871933834031841,0.7272727272727273,0.11851851851851852,0.30434782608695654,0.75,0.0,0.0,0.0,1.0,0,0,0.0,0,0
train,59,13,0.34,20,2,0.0,0.9375,0.75,0.8074074074074075,0.4166666666666667,0.9333333333333333,0.004166666666666652,0.8981603004191046,0.6818181818181818,0.1259259259259259,0.2916666666666667,0.5,1.0,0.0,0.0,0.0,0,0,0.0,0,0
train,59,14,0.34,20,2,0.0,0.9333333333333333,0.75,0.7925925925925926,0.3333333333333333,0.9375,-0.004166666666666652,0.912229513584796,0.7272727272727273,0.11851851851851852,0.3333333333333333,0.5,0.0,0.0,0.0,1.0,0,0,0.0,0,0
train,59,15,0.34,20,2,0.0,0.9285714285714286,0.75,0.7777777777777778,0.47619047619047616,0.9333333333333333,-0.004761904761904745,0.918766279579449,0.6818181818181818,0.1111111111111111,0.23809523809523808,0.5,0.0,0.0,0.0,1.0,0,0,0.0,0,0
train,59,16,0.34,20,2,0.0,0.9230769230769231,0.75,0.7555555555555555,0.47619047619047616,0.9285714285714286,-0.005494505494505475,0.9204905369784386,0.6363636363636364,0.1037037037037037,0.2857142857142857,0.5,0.0,1.0,0.0,0.0,0,0,0.0,0,0
train,59,17,0.34,20,2,0.0,0.9166666666666666,0.75,0.7407407407407407,0.4583333333333333,0.9230769230769231,-0.0064102564102564985,0.9189609888537299,0.5909090909090909,0.0962962962962963,0.25,0.5,0.0,1.0,0.0,0.0,0,0,0.0,0,0
train,59,18,0.34,20,2,0.0,0.9090909090909091,0.75,0.7185185185185186,0.4,0.9166666666666666,-0.007575757575757569,0.9150129569486015,0.5454545454545454,0.08888888888888889,0.32,0.5,0.0,0.0,0.0,1.0,0,0,0.0,0,0
train,59,19,0.34,20,2,0.0,0.9,0.75,0.7037037037037037,0.52,0.9090909090909091,-0.009090909090909038,0.9090077741691609,0.5,0.08148148148148149,0.28,0.5,0.0,1.0,0.0,0.0,0,0,0.0,0,0
train,59,20,0.34,20,2,0.0,0.8888888888888888,0.75,0.6888888888888889,0.52,0.9,-0.011111111111111183,0.9009602200570521,0.45454545454545453,0.07407407407407407,0.24,0.75,0.0,1.0,0.0,0.0,0,0,0.0,0,0
train,59,21,0.34,20,2,0.0,0.875,0.75,0.6666666666666666,0.52,0.8888888888888888,-0.01388888888888884,0.8905761320342314,0.4090909090909091,0.06666666666666667,0.2,0.75,0.0,0.0,0.0,1.0,0,0,0.0,0,0
train,59,22,0.34,20,2,0.0,0.8571428571428571,0.75,0.6518518518518519,0.56,0.875,-0.017857142857142905,0.8772028220776816,0.36363636363636365,0.05925925925925926,0.16,0.75,0.0,0.0,0.0,1.0,0,0,0.0,0,0
train,59,23,0.34,20,2,0.0,0.8333333333333334,0.75,0.6296296296296297,0.52,0.8571428571428571,-0.023809523809523725,0.8596550265799423,0.3181818181818182,0.05185185185185185,0.2,0.5,0.0,1.0,0.0,0.0,0,0,0.0,0,0
train,59,24,0.34,20,2,0.13043478260869568,0.8,0.75,0.6148148148148148,0.5416666666666666,0.8333333333333334,-0.033333333333333326,0.8357930159479654,0.2727272727272727,0.044444444444444446,0.16666666666666666,0.75,0.0,1.0,0.0,0.0,0,0,0.0,0,0
train,59,25,0.34,20,2,0.0,0.75,0.75,0.5925925925925926,0.42857142857142855,0.8,-0.050000000000000044,0.8014758095687793,0.22727272727272727,0.037037037037037035,0.2857142857142857,0.5,0.0,0.0,0.0,1.0,0,0,0.0,0,0
train,59,26,0.34,20,2,0.0,0.6666666666666666,0.6666666666666666,0.5777777777777777,0.47619047619047616,0.75,-0.08333333333333337,0.7475521524079343,0.18181818181818182,0.02962962962962963,0.23809523809523808,0.75,0.0,0.0,0.0,1.0,0,0,0.0,0,0
train,59,27,0.34,20,2,0.0,0.5,0.5,0.5555555555555556,0.42857142857142855,0.6666666666666666,-0.16666666666666663,0.6485312914447605,0.13636363636363635,0.022222222222222223,0.23809523809523808,0.75,0.0,0.0,0.0,1.0,0,0,0.0,0,0
train,59,28,0.34,20,2,0.0,0.0,0.0,0.5333333333333333,0.47619047619047616,0.5,-0.5,0.3891187748668563,0.09090909090909091,0.014814814814814815,0.14285714285714285,0.75,0.0,0.0,0.0,1.0,0,0,0.0,0,0
train,59,29,0.34,20,2,0.0,0.0,0.0,0.5111111111111111,0.45,0.0,0.0,0.23347126492011377,0.045454545454545456,0.007407407407407408,0.2,0.5,0.0,0.0,0.0,1.0,0,0,0.0,0,0
train,60,0,0.18,22,4,0.0,0.9411764705882353,0.75,0.9629629629629629,0.7058823529411765,0.9411764705882353,0.0,0.9411764705882353,0.8181818181818182,0.13333333333333333,0.11764705882352941,0.5,0.0,1.0,0.0,0.0,0,0,0.0,0,0
train,60,1,0.18,22,4,0.0,0.9375,0.75,0.9407407407407408,0.6,0.9411764705882353,-0.003676470588235281,0.9397058823529412,0.7727272727272727,0.1259259259259259,0.15,0.75,0.0,1.0,0.0,0.0,0,0,0.0,0,0
train,60,2,0.18,22,4,0.0,0.9333333333333333,0.75,0.9185185185185185,0.47619047619047616,0.9375,-0.004166666666666652,0.9371568627450981,0.7272727272727273,0.11851851851851852,0.19047619047619047,0.75,0.0,1.0,0.0,0.0,0,0,0.0,0,0
train,60,3,0.18,22,4,0.0,0.9285714285714286,0.75,0.8962962962962963,0.47619047619047616,0.9333333333333333,-0.004761904761904745,0.9337226890756303,0.6818181818181818,0.1111111111111111,0.14285714285714285,0.75,0.0,1.0,0.0,0.0,0,0,0.0,0,0
train,60,4,0.18,22,4,0.0,0.9230769230769231,0.75,0.8740740740740741,0.47619047619047616,0.9285714285714286,-0.005494505494505475,0.9294643826761474,0.6363636363636364,0.1037037037037037,0.14285714285714285,0.75,0.0,1.0,0.0,0.0,1,2,0.1111111111111111,0,1
train,60,5,0.18,22,4,0.1428571428571429,0.9166666666666666,0.75,0.8518518518518519,0.45,0.9230769230769231,-0.0064102564102564985,0.9243452962723551,0.5909090909090909,0.0962962962962963,0.2,0.5,0.0,1.0,0.0,0.0,1,2,0.10526315789473684,0,1
train,60,6,0.18,22,4,0.0,0.9090909090909091,0.75,0.8296296296296296,0.35294117647058826,0.9166666666666666,-0.007575757575757569,0.9182435413997767,0.5454545454545454,0.08888888888888889,0.29411764705882354,0.5,0.0,0.0,0.0,1.0,1,2,0.1,0,1
train,60,7,0.18,22,4,0.0,0.9,0.75,0.8148148148148148,0.4,0.9090909090909091,-0.009090909090909038,0.910946124839866,0.5,0.08148148148148149,0.25,0.5,0.0,0.0,0.0,1.0,1,2,0.09523809523809523,0,1
train,60,8,0.18,22,4,0.0,0.7058823529411765,0.0,0.7925925925925926,0.42857142857142855,0.9,-0.1941176470588235,0.8289206160803901,0.45454545454545453,0.13333333333333333,0.3333333333333333,0.25,0.0,0.0,1.0,0.0,0,0,0.0,0,0
train,60,9,0.18,22,4,0.0,0.75,0.0,0.7925925925925926,0.25,0.7058823529411765,0.044117647058823484,0.7973523696482341,0.5,0.1259259259259259,0.4,0.5,0.0,0.0,1.0,0.0,0,0,0.0,0,0
train,60,10,0.18,22,4,0.0,0.8,0.25,0.7925925925925926,0.058823529411764705,0.75,0.050000000000000044,0.7984114217889404,0.5454545454545454,0.11851851851851852,0.5294117647058824,0.5,1.0,0.0,0.0,0.0,0,0,0.0,0,0
train,60,11,0.18,22,4,0.0,0.8571428571428571,0.5,0.7925925925925926,0.15,0.8,0.05714285714285705,0.8219039959305071,0.5909090909090909,0.1111111111111111,0.4,0.5,1.0,0.0,0.0,0.0,0,0,0.0,0,0
train,60,12,0.18,22,4,0.0,0.9230769230769231,0.75,0.7925925925925926,0.14285714285714285,0.8571428571428571,0.06593406593406603,0.8623731667890735,0.6363636363636364,0.1037037037037037,0.38095238095238093,0.75,0.0,0.0,0.0,1.0,0,0,0.0,0,0
train,60,13,0.18,22,4,0.0,0.9166666666666666,0.75,0.7851851851851852,0.25,0.9230769230769231,-0.0064102564102564985,0.8840905667401108,0.5909090909090909,0.0962962962962963,0.25,0.75,0.0,0.0,0.0,1.0,0,0,0.0,0,0
train,60,14,0.18,22,4,0.0,0.9090909090909091,0.75,0.7703703703703704,0.36,0.9166666666666666,-0.007575757575757569,0.8940907036804301,0.5454545454545454,0.08888888888888889,0.2,0.75,0.0,0.0,0.0,1.0,0,0,0.0,0,0
train,60,15,0.18,22,4,0.04761904761904767,0.9,0.75,0.7481481481481481,0.48,0.9090909090909091,-0.009090909090909038,0.896454422208258,0.5,0.08148148148148149,0.12,1.0,0.0,1.0,0.0,0.0,1,2,0.13333333333333333,0,1
train,60,16,0.18,22,4,0.0,0.8888888888888888,0.75,0.7407407407407407,0.375,0.9,-0.011111111111111183,0.8934282088805103,0.45454545454545453,0.07407407407407407,0.16666666666666666,0.5,0.0,0.0,0.0,1.0,0,0,0.0,0,0
train,60,17,0.18,22,4,0.0,0.875,0.75,0.725925925925926,0.5,0.8888888888888888,-0.01388888888888884,0.8860569253283062,0.4090909090909091,0.06666666666666667,0.16666666666666666,0.75,0.0,0.0,0.0,1.0,0,0,0.0,0,0
train,60,18,0.18,22,4,0.09090909090909094,0.8571428571428571,0.75,0.7037037037037037,0.5416666666666666,0.875,-0.017857142857142905,0.8744912980541265,0.36363636363636365,0.05925925925925926,0.16666666666666666,0.75,0.0,1.0,0.0,0.0,0,0,0.0,0,0
train,60,19,0.18,22,4,0.0,0.8333333333333334,0.75,0.6888888888888889,0.42857142857142855,0.8571428571428571,-0.023809523809523725,0.8580281121658092,0.3181818181818182,0.05185185185185185,0.19047619047619047,0.5,0.0,0.0,0.0,1.0,0,0,0.0,0,0
train,60,20,0.18,22,4,0.0,0.8,0.75,0.674074074074074,0.47619047619047616,0.8333333333333334,-0.033333333333333326,0.8348168672994856,0.2727272727272727,0.044444444444444446,0.23809523809523808,0.5,0.0,0.0,0.0,1.0,0,0,0.0,0,0
train,60,21,0.18,22,4,0.0,0.75,0.75,0.6518518518518519,0.47619047619047616,0.8,-0.050000000000000044,0.8008901203796913,0.22727272727272727,0.037037037037037035,0.23809523809523808,0.75,0.0,0.0,0.0,1.0,0,0,0.0,0,0
train,60,22,0.18,22,4,0.0,0.8,0.75,0.6296296296296297,0.47619047619047616,0.75,0.050000000000000044,0.8005340722278148,0.18181818181818182,0.044444444444444446,0.23809523809523808,0.5,1.0,0.0,0.0,0.0,0,0,0.0,0,0
train,60,23,0.18,22,4,0.0,0.75,0.75,0.6148148148148148,0.5,0.8,-0.050000000000000044,0.7803204433366889,0.22727272727272727,0.037037037037037035,0.20833333333333334,0.75,0.0,0.0,0.0,1.0,0,0,0.0,0,0
train,60,24,0.18,22,4,0.0,0.8,0.75,0.6,0.5416666666666666,0.75,0.050000000000000044,0.7881922660020134,0.18181818181818182,0.044444444444444446,0.20833333333333334,0.5,1.0,0.0,0.0,0.0,0,0,0.0,0,0
train,60,25,0.18,22,4,0.0,0.75,0.75,0.5851851851851851,0.6,0.8,-0.050000000000000044,0.772915359601208,0.22727272727272727,0.037037037037037035,0.16,0.5,0.0,0.0,0.0,1.0,0,0,0.0,0,0
train,60,26,0.18,22,4,0.0,0.8,0.75,0.5703703703703704,0.6,0.75,0.050000000000000044,0.7837492157607249,0.18181818181818182,0.044444444444444446,0.2,0.5,1.0,0.0,0.0,0.0,0,0,0.0,0,0
train,60,27,0.18,22,4,0.0,0.75,0.75,0.5555555555555556,0.6,0.8,-0.050000000000000044,0.7702495294564349,0.22727272727272727,0.037037037037037035,0.2,0.5,0.0,0.0,0.0,1.0,0,0,0.0,0,0
train,60,28,0.18,22,4,0.0,0.6666666666666666,0.6666666666666666,0.5407407407407407,0.5833333333333334,0.75,-0.08333333333333337,0.7288163843405275,0.18181818181818182,0.02962962962962963,0.16666666666666666,0.75,0.0,0.0,0.0,1.0,0,0,0.0,0,0
train,60,29,0.18,22,4,0.0,0.5,0.5,0.5185185185185185,0.47619047619047616,0.6666666666666666,-0.16666666666666663,0.6372898306043165,0.13636363636363635,0.022222222222222223,0.19047619047619047,0.75,0.0,1.0,0.0,0.0,0,0,0.0,0,0
train,60,30,0.18,22,4,0.0,0.0,0.0,0.5037037037037037,0.38095238095238093,0.5,-0.5,0.3823738983625899,0.09090909090909091,0.014814814814814815,0.19047619047619047,0.5,0.0,1.0,0.0,0.0,0,0,0.0,0,0
train,60,31,0.18,22,4,0.0,0.0,0.0,0.48148148148148145,0.3,0.0,0.0,0.22942433901755394,0.045454545454545456,0.007407407407407408,0.3,0.5,0.0,1.0,0.0,0.0,0,0,0.0,0,0
train,61,0,0.22,20,2,0.0,0.9411764705882353,0.75,0.9629629629629629,0.7058823529411765,0.9411764705882353,0.0,0.9411764705882353,0.8181818181818182,0.13333333333333333,0.17647058823529413,0.25,0.0,1.0,0.0,0.0,0,0,0.0,0,0
train,61,1,0.22,20,2,0.0,0.9375,0.75,0.9407407407407408,0.6,0.9411764705882353,-0.003676470588235281,0.9397058823529412,0.7727272727272727,0.1259259259259259,0.2,0.75,0.0,1.0,0.0,0.0,0,0,0.0,0,0
train,61,2,0.22,20,2,0.0,0.9333333333333333,0.75,0.9185185185185185,0.47619047619047616,0.9375,-0.004166666666666652,0.9371568627450981,0.7272727272727273,0.11851851851851852,0.23809523809523808,0.75,0.0,1.0,0.0,0.0,0,0,0.0,0,0
train,61,3,0.22,20,2,0.0,0.9285714285714286,0.75,0.8962962962962963,0.47619047619047616,0.9333333333333333,-0.004761904761904745,0.9337226890756303,0.6818181818181818,0.1111111111111111,0.14285714285714285,0.75,0.0,1.0,0.0,0.0,0,0,0.0,0,0
train,61,4,0.22,20,2,0.0,0.9230769230769231,0.75,0.8740740740740741,0.47619047619047616,0.9285714285714286,-0.005494505494505475,0.9294643826761474,0.6363636363636364,0.1037037037037037,0.14285714285714285,0.75,0.0,1.0,0.0,0.0,1,2,0.125,0,1
train,61,5,0.22,20,2,0.0,0.8571428571428571,0.5,0.8518518518518519,0.45,0.9230769230769231,-0.06593406593406603,0.9005357724628312,0.5909090909090909,0.1111111111111111,0.25,0.25,1.0,0.0,0.0,0.0,0,0,0.0,0,0
train,61,6,0.22,20,2,0.0,0.9230769230769231,0.75,0.8518518518518519,0.3333333333333333,0.8571428571428571,0.06593406593406603,0.909552232708468,0.6363636363636364,0.1037037037037037,0.2857142857142857,0.75,0.0,0.0,0.0,1.0,0,0,0.0,0,0
train,61,7,0.22,20,2,0.0,0.9166666666666666,0.75,0.8444444444444444,0.4166666666666667,0.9230769230769231,-0.0064102564102564985,0.9123980062917475,0.5909090909090909,0.0962962962962963,0.20833333333333334,0.75,0.0,0.0,0.0,1.0,0,0,0.0,0,0
train,61,8,0.22,20,2,0.0,0.9090909090909091,0.75,0.8222222222222222,0.52,0.9166666666666666,-0.007575757575757569,0.9110751674114121,0.5454545454545454,0.08888888888888889,0.08,1.0,0.0,1.0,0.0,0.0,1,2,0.14285714285714285,0,1
train,61,9,0.22,20,2,0.09999999999999998,0.9,0.75,0.8074074074074075,0.4583333333333333,0.9090909090909091,-0.009090909090909038,0.9066451004468472,0.5,0.08148148148148149,0.16666666666666666,0.5,0.0,1.0,0.0,0.0,0,0,0.0,0,0
train,61,10,0.22,20,2,0.0,0.8888888888888888,0.75,0.7851851851851852,0.38095238095238093,0.9,-0.011111111111111183,0.8995426158236639,0.45454545454545453,0.07407407407407407,0.19047619047619047,0.75,0.0,0.0,0.0,1.0,0,0,0.0,0,0
train,61,11,0.22,20,2,0.0,0.875,0.75,0.7703703703703704,0.42857142857142855,0.8888888888888888,-0.01388888888888884,0.8897255694941983,0.4090909090909091,0.06666666666666667,0.23809523809523808,0.5,0.0,0.0,0.0,1.0,0,0,0.0,0,0
train,61,12,0.22,20,2,0.0,0.8571428571428571,0.75,0.7481481481481481,0.42857142857142855,0.875,-0.017857142857142905,0.8766924845536619,0.36363636363636365,0.05925925925925926,0.19047619047619047,0.75,0.0,0.0,0.0,1.0,0,0,0.0,0,0
train,61,13,0.22,20,2,0.0,0.8333333333333334,0.75,0.725925925925926,0.47619047619047616,0.8571428571428571,-0.023809523809523725,0.8593488240655305,0.3181818181818182,0.05185185185185185,0.19047619047619047,0.75,0.0,0.0,0.0,1.0,0,0,0.0,0,0
train,61,14,0.22,20,2,0.0,0.8,0.75,0.7037037037037037,0.47619047619047616,0.8333333333333334,-0.033333333333333326,0.8356092944393183,0.2727272727272727,0.044444444444444446,0.14285714285714285,0.75,0.0,0.0,0.0,1.0,0,0,0.0,0,0
train,61,15,0.22,20,2,0.0,0.75,0.75,0.6814814814814815,0.47619047619047616,0.8,-0.050000000000000044,0.801365576663591,0.22727272727272727,0.037037037037037035,0.14285714285714285,0.75,0.0,0.0,0.0,1.0,0,0,0.0,0,0
train,61,16,0.22,20,2,0.0,0.6666666666666666,0.6666666666666666,0.6592592592592592,0.47619047619047616,0.75,-0.08333333333333337,0.7474860126648213,0.18181818181818182,0.02962962962962963,0.14285714285714285,0.75,0.0,0.0,0.0,1.0,0,0,0.0,0,0
train,61,17,0.22,20,2,0.0,0.75,0.75,0.6370370370370371,0.47619047619047616,0.6666666666666666,0.08333333333333337,0.7484916075988928,0.13636363636363635,0.037037037037037035,0.19047619047619047,0.5,1.0,0.0,0.0,0.0,0,0,0.0,0,0
train,61,18,0.22,20,2,0.0,0.6666666666666666,0.6666666666666666,0.6222222222222222,0.5,0.75,-0.08333333333333337,0.7157616312260023,0.18181818181818182,0.02962962962962963,0.125,1.0,0.0,0.0,0.0,1.0,0,0,0.0,0,0
train,61,19,0.22,20,2,0.0,0.75,0.75,0.6074074074074074,0.5416666666666666,0.6666666666666666,0.08333333333333337,0.7294569787356014,0.13636363636363635,0.037037037037037035,0.125,0.5,1.0,0.0,0.0,0.0,0,0,0.0,0,0
train,61,20,0.22,20,2,0.0,0.6666666666666666,0.6666666666666666,0.5925925925925926,0.6,0.75,-0.08333333333333337,0.7043408539080276,0.18181818181818182,0.02962962962962963,0.08,1.0,0.0,0.0,0.0,1.0,0,0,0.0,0,0
train,61,21,0.22,20,2,0.0,0.5,0.5,0.5777777777777777,0.5833333333333334,0.6666666666666666,-0.16666666666666663,0.6226045123448165,0.13636363636363635,0.022222222222222223,0.08333333333333333,0.75,0.0,0.0,0.0,1.0,0,0,0.0,0,0
train,61,22,0.22,20,2,0.0,0.0,0.0,0.5555555555555556,0.47619047619047616,0.5,-0.5,0.3735627074068899,0.09090909090909091,0.014814814814814815,0.09523809523809523,0.75,0.0,1.0,0.0,0.0,0,0,0.0,0,0
train,61,23,0.22,20,2,0.0,0.0,0.0,0.5407407407407407,0.35,0.0,0.0,0.22413762444413393,0.045454545454545456,0.007407407407407408,0.2,0.5,0.0,1.0,0.0,0.0,0,0,0.0,0,0
train,62,0,0.26,22,4,0.0,0.9411764705882353,0.75,0.9629629629629629,0.7058823529411765,0.9411764705882353,0.0,0.9411764705882353,0.8181818181818182,0.13333333333333333,0.11764705882352941,0.5,0.0,1.0,0.0,0.0,0,0,0.0,0,0
train,62,1,0.26,22,4,0.0,0.9375,0.75,0.9407407407407408,0.6,0.9411764705882353,-0.003676470588235281,0.9397058823529412,0.7727272727272727,0.1259259259259259,0.2,0.5,0.0,0.0,0.0,1.0,0,0,0.0,0,0
train,62,2,0.26,22,4,0.0,0.9333333333333333,0.75,0.9259259259259259,0.5652173913043478,0.9375,-0.004166666666666652,0.9371568627450981,0.7272727272727273,0.11851851851851852,0.17391304347826086,1.0,0.0,1.0,0.0,0.0,0,0,0.0,0,0
train,62,3,0.26,22,4,0.0,0.9285714285714286,0.75,0.9111111111111111,0.5833333333333334,0.9333333333333333,-0.004761904761904745,0.9337226890756303,0.6818181818181818,0.1111111111111111,0.08333333333333333,0.75,0.0,1.0,0.0,0.0,0,0,0.0,0,0
train,62,4,0.26,22,4,0.08333333333333337,0.9333333333333333,0.75,0.8888888888888888,0.5416666666666666,0.9285714285714286,0.004761904761904745,0.9335669467787115,0.6363636363636364,0.11851851851851852,0.125,0.5,0.0,0.0,1.0,0.0,0,0,0.0,0,0
train,62,5,0.26,22,4,0.0,0.9285714285714286,0.75,0.8740740740740741,0.38095238095238093,0.9333333333333333,-0.004761904761904745,0.9315687394957983,0.6818181818181818,0.1111111111111111,0.23809523809523808,0.5,0.0,1.0,0.0,0.0,0,0,0.0,0,0
train,62,6,0.26,22,4,0.0,0.9230769230769231,0.75,0.8592592592592593,0.47619047619047616,0.9285714285714286,-0.005494505494505475,0.9281720129282482,0.6363636363636364,0.1037037037037037,0.23809523809523808,0.5,0.0,1.0,0.0,0.0,0,0,0.0,0,0
train,62,7,0.26,22,4,0.2142857142857143,0.9166666666666666,0.75,0.837037037037037,0.45,0.9230769230769231,-0.0064102564102564985,0.9235698744236156,0.5909090909090909,0.0962962962962963,0.25,0.75,0.0,1.0,0.0,0.0,1,2,0.13333333333333333,0,1
train,62,8,0.26,22,4,0.0,0.8461538461538461,0.5,0.8148148148148148,0.35294117647058826,0.9166666666666666,-0.07051282051282048,0.8926034631157078,0.5454545454545454,0.1037037037037037,0.35294117647058826,0.25,1.0,0.0,0.0,0.0,0,0,0.0,0,0
train,62,9,0.26,22,4,0.09090909090909094,0.9166666666666666,0.75,0.8148148148148148,0.3,0.8461538461538461,0.07051282051282048,0.9022287445360914,0.5909090909090909,0.0962962962962963,0.4,0.75,0.0,0.0,0.0,1.0,0,0,0.0,0,0
train,62,10,0.26,22,4,0.0,0.9090909090909091,0.75,0.8074074074074075,0.34782608695652173,0.9166666666666666,-0.007575757575757569,0.9049736103580185,0.5454545454545454,0.08888888888888889,0.30434782608695654,0.5,0.0,0.0,0.0,1.0,0,0,0.0,0,0
train,62,11,0.26,22,4,0.0,0.9,0.75,0.7851851851851852,0.4166666666666667,0.9090909090909091,-0.009090909090909038,0.902984166214811,0.5,0.08148148148148149,0.20833333333333334,0.75,0.0,0.0,0.0,1.0,0,0,0.0,0,0
train,62,12,0.26,22,4,0.0,0.8888888888888888,0.75,0.762962962962963,0.5,0.9,-0.011111111111111183,0.8973460552844421,0.45454545454545453,0.07407407407407407,0.20833333333333334,0.75,0.0,0.0,0.0,1.0,0,0,0.0,0,0
train,62,13,0.26,22,4,0.13636363636363635,0.875,0.75,0.7407407407407407,0.5416666666666666,0.8888888888888888,-0.01388888888888884,0.8884076331706652,0.4090909090909091,0.06666666666666667,0.08333333333333333,1.0,0.0,1.0,0.0,0.0,1,2,0.18181818181818182,0,1
train,62,14,0.26,22,4,0.0,0.8571428571428571,0.75,0.725925925925926,0.42857142857142855,0.875,-0.017857142857142905,0.8759017227595419,0.36363636363636365,0.05925925925925926,0.19047619047619047,0.5,0.0,0.0,0.0,1.0,0,0,0.0,0,0
train,62,15,0.26,22,4,0.0,0.8333333333333334,0.75,0.7111111111111111,0.47619047619047616,0.8571428571428571,-0.023809523809523725,0.8588743669890585,0.3181818181818182,0.05185185185185185,0.19047619047619047,0.75,0.0,0.0,0.0,1.0,0,0,0.0,0,0
train,62,16,0.26,22,4,0.0,0.8571428571428571,0.75,0.6888888888888889,0.47619047619047616,0.8333333333333334,0.023809523809523725,0.8581817630505779,0.2727272727272727,0.05925925925925926,0.23809523809523808,0.5,1.0,0.0,0.0,0.0,0,0,0.0,0,0
train,62,17,0.26,22,4,0.0,0.8333333333333334,0.75,0.674074074074074,0.4583333333333333,0.8571428571428571,-0.023809523809523725,0.84824239116368,0.3181818181818182,0.05185185185185185,0.16666666666666666,0.75,0.0,0.0,0.0,1.0,0,0,0.0,0,0
train,62,18,0.26,22,4,0.0,0.8,0.75,0.6592592592592592,0.5416666666666666,0.8333333333333334,-0.033333333333333326,0.828945434698208,0.2727272727272727,0.044444444444444446,0.125,0.75,0.0,0.0,0.0,1.0,0,0,0.0,0,0
train,62,19,0.26,22,4,0.08695652173913049,0.75,0.75,0.6370370370370371,0.5416666666666666,0.8,-0.050000000000000044,0.7973672608189248,0.22727272727272727,0.037037037037037035,0.125,0.75,0.0,1.0,0.0,0.0,1,2,0.2857142857142857,0,1
train,62,20,0.26,22,4,0.0,0.6666666666666666,0.6666666666666666,0.6222222222222222,0.38095238095238093,0.75,-0.08333333333333337,0.7450870231580216,0.18181818181818182,0.02962962962962963,0.19047619047619047,0.5,0.0,0.0,0.0,1.0,1,2,0.25,0,1
train,62,21,0.26,22,4,0.0,0.625,0.25,0.6074074074074074,0.47619047619047616,0.6666666666666666,-0.04166666666666663,0.697052213894813,0.13636363636363635,0.06666666666666667,0.23809523809523808,0.25,0.0,0.0,1.0,0.0,0,0,0.0,0,0
train,62,22,0.26,22,4,0.0,0.7142857142857143,0.5,0.6074074074074074,0.2857142857142857,0.625,0.0892857142857143,0.7039456140511735,0.18181818181818182,0.05925925925925926,0.2857142857142857,0.5,1.0,0.0,0.0,0.0,0,0,0.0,0,0
train,62,23,0.26,22,4,0.0,0.8333333333333334,0.75,0.6074074074074074,0.375,0.7142857142857143,0.11904761904761907,0.7557007017640375,0.22727272727272727,0.05185185185185185,0.25,0.75,1.0,0.0,0.0,0.0,0,0,0.0,0,0
train,62,24,0.26,22,4,0.0,0.8,0.75,0.5925925925925926,0.48,0.8333333333333334,-0.033333333333333326,0.7734204210584226,0.2727272727272727,0.044444444444444446,0.2,0.75,0.0,0.0,0.0,1.0,0,0,0.0,0,0
train,62,25,0.26,22,4,0.0,0.75,0.75,0.5777777777777777,0.44,0.8,-0.050000000000000044,0.7640522526350535,0.22727272727272727,0.037037037037037035,0.2,0.75,0.0,0.0,0.0,1.0,0,0,0.0,0,0
train,62,26,0.26,22,4,0.04761904761904767,0.6666666666666666,0.6666666666666666,0.5555555555555556,0.48,0.75,-0.08333333333333337,0.7250980182476987,0.18181818181818182,0.02962962962962963,0.16,0.75,0.0,1.0,0.0,0.0,0,0,0.0,0,0
train,62,27,0.26,22,4,0.0,0.5,0.5,0.5481481481481482,0.375,0.6666666666666666,-0.16666666666666663,0.6350588109486193,0.13636363636363635,0.022222222222222223,0.16666666666666666,0.5,0.0,0.0,0.0,1.0,0,0,0.0,0,0
train,62,28,0.26,22,4,0.0,0.0,0.0,0.5333333333333333,0.4782608695652174,0.5,-0.5,0.38103528656917157,0.09090909090909091,0.014814814814814815,0.13043478260869565,0.75,0.0,1.0,0.0,0.0,0,0,0.0,0,0
train,62,29,0.26,22,4,0.0,0.0,0.0,0.5185185185185185,0.35,0.0,0.0,0.22862117194150294,0.045454545454545456,0.007407407407407408,0.25,0.5,0.0,0.0,0.0,1.0,0,0,0.0,0,0
train,63,0,0.3,20,2,0.0,0.9411764705882353,0.75,0.9629629629629629,0.7058823529411765,0.9411764705882353,0.0,0.9411764705882353,0.8181818181818182,0.13333333333333333,0.17647058823529413,0.25,0.0,0.0,0.0,1.0,0,0,0.0,0,0
train,63,1,0.3,20,2,0.0,0.9375,0.75,0.9407407407407408,0.6,0.9411764705882353,-0.003676470588235281,0.9397058823529412,0.7727272727272727,0.1259259259259259,0.25,0.5,0.0,1.0,0.0,0.0,0,0,0.0,0,0
train,63,2,0.3,20,2,0.0,0.9333333333333333,0.75,0.9259259259259259,0.5652173913043478,0.9375,-0.004166666666666652,0.9371568627450981,0.7272727272727273,0.11851851851851852,0.2608695652173913,0.5,0.0,0.0,0.0,1.0,0,0,0.0,0,0
train,63,3,0.3,20,2,0.0,0.9285714285714286,0.75,0.9111111111111111,0.5833333333333334,0.9333333333333333,-0.004761904761904745,0.9337226890756303,0.6818181818181818,0.1111111111111111,0.20833333333333334,0.5,0.0,0.0,0.0,1.0,0,0,0.0,0,0
train,63,4,0.3,20,2,0.0,0.9333333333333333,0.75,0.8888888888888888,0.5416666666666666,0.9285714285714286,0.004761904761904745,0.9335669467787115,0.6363636363636364,0.11851851851851852,0.25,0.5,1.0,0.0,0.0,0.0,0,0,0.0,0,0
train,63,5,0.3,20,2,0.0,0.9285714285714286,0.75,0.8740740740740741,0.38095238095238093,0.9333333333333333,-0.004761904761904745,0.9315687394957983,0.6818181818181818,0.1111111111111111,0.2857142857142857,0.5,0.0,0.0,0.0,1.0,0,0,0.0,0,0
train,63,6,0.3,20,2,0.0,0.9230769230769231,0.75,0.8592592592592593,0.47619047619047616,0.9285714285714286,-0.005494505494505475,0.9281720129282482,0.6363636363636364,0.1037037037037037,0.23809523809523808,0.5,0.0,0.0,0.0,1.0,0,0,0.0,0,0
train,63,7,0.3,20,2,0.0,0.9166666666666666,0.75,0.837037037037037,0.47619047619047616,0.9230769230769231,-0.0064102564102564985,0.9235698744236156,0.5909090909090909,0.0962962962962963,0.23809523809523808,0.75,0.0,1.0,0.0,0.0,0,0,0.0,0,0
train,63,8,0.3,20,2,0.0,0.9090909090909091,0.75,0.8222222222222222,0.4583333333333333,0.9166666666666666,-0.007575757575757569,0.917778288290533,0.5454545454545454,0.08888888888888889,0.20833333333333334,0.5,0.0,0.0,0.0,1.0,0,0,0.0,0,0
train,63,9,0.3,20,2,0.0,0.9,0.75,0.8074074074074075,0.5416666666666666,0.9090909090909091,-0.009090909090909038,0.9106669729743198,0.5,0.08148148148148149,0.16666666666666666,0.75,0.0,1.0,0.0,0.0,0,0,0.0,0,0
train,63,10,0.3,20,2,0.0,0.8888888888888888,0.75,0.7925925925925926,0.56,0.9,-0.011111111111111183,0.9019557393401474,0.45454545454545453,0.07407407407407407,0.16,0.75,0.0,1.0,0.0,0.0,0,0,0.0,0,0
train,63,11,0.3,20,2,0.0,0.875,0.75,0.7703703703703704,0.56,0.8888888888888888,-0.01388888888888884,0.8911734436040883,0.4090909090909091,0.06666666666666667,0.08,1.0,0.0,1.0,0.0,0.0,0,0,0.0,0,0
train,63,12,0.3,20,2,0.0,0.8571428571428571,0.75,0.7481481481481481,0.56,0.875,-0.017857142857142905,0.8775612090195959,0.36363636363636365,0.05925925925925926,0.04,1.0,0.0,1.0,0.0,0.0,1,2,0.25,0,1
train,63,13,0.3,20,2,0.13043478260869568,0.8333333333333334,0.75,0.725925925925926,0.5416666666666666,0.8571428571428571,-0.023809523809523725,0.8598700587450909,0.3181818181818182,0.05185185185185185,0.041666666666666664,0.75,0.0,1.0,0.0,0.0,1,2,0.2222222222222222,0,1
train,63,14,0.3,20,2,0.0,0.8,0.75,0.7037037037037037,0.47619047619047616,0.8333333333333334,-0.033333333333333326,0.8359220352470546,0.2727272727272727,0.044444444444444446,0.09523809523809523,0.75,0.0,0.0,0.0,1.0,0,0,0.0,0,0
train,63,15,0.3,20,2,0.0,0.75,0.75,0.6888888888888889,0.42857142857142855,0.8,-0.050000000000000044,0.8015532211482328,0.22727272727272727,0.037037037037037035,0.14285714285714285,0.75,0.0,0.0,0.0,1.0,0,0,0.0,0,0
train,63,16,0.3,20,2,0.0,0.6666666666666666,0.6666666666666666,0.6666666666666666,0.42857142857142855,0.75,-0.08333333333333337,0.7475985993556062,0.18181818181818182,0.02962962962962963,0.14285714285714285,0.75,0.0,0.0,0.0,1.0,0,0,0.0,0,0
train,63,17,0.3,20,2,0.0,0.75,0.75,0.6444444444444445,0.47619047619047616,0.6666666666666666,0.08333333333333337,0.7485591596133638,0.13636363636363635,0.037037037037037035,0.19047619047619047,0.5,1.0,0.0,0.0,0.0,0,0,0.0,0,0
train,63,18,0.3,20,2,0.0,0.8,0.75,0.6296296296296297,0.4583333333333333,0.75,0.050000000000000044,0.7691354957680183,0.18181818181818182,0.044444444444444446,0.16666666666666666,0.75,1.0,0.0,0.0,0.0,0,0,0.0,0,0
train,63,19,0.3,20,2,0.0,0.75,0.75,0.6074074074074074,0.4,0.8,-0.050000000000000044,0.761481297460811,0.22727272727272727,0.037037037037037035,0.16,0.75,0.0,0.0,0.0,1.0,0,0,0.0,0,0
train,63,20,0.3,20,2,0.0,0.6666666666666666,0.6666666666666666,0.5925925925925926,0.52,0.75,-0.08333333333333337,0.7235554451431532,0.18181818181818182,0.02962962962962963,0.16,0.5,0.0,0.0,0.0,1.0,0,0,0.0,0,0
train,63,21,0.3,20,2,0.0,0.5,0.5,0.5703703703703704,0.5,0.6666666666666666,-0.16666666666666663,0.6341332670858919,0.13636363636363635,0.022222222222222223,0.16666666666666666,1.0,0.0,1.0,0.0,0.0,0,0,0.0,0,0
train,63,22,0.3,20,2,0.0,0.0,0.0,0.5555555555555556,0.391304347826087,0.5,-0.5,0.38047996025153513,0.09090909090909091,0.014814814814814815,0.13043478260869565,0.75,0.0,1.0,0.0,0.0,0,0,0.0,0,0
train,63,23,0.3,20,2,0.0,0.0,0.0,0.5407407407407407,0.25,0.0,0.0,0.22828797615092106,0.045454545454545456,0.007407407407407408,0.2,0.5,0.0,0.0,0.0,1.0,0,0,0.0,0,0
train,64,0,0.34,20,2,0.0,0.9411764705882353,0.75,0.9629629629629629,0.7058823529411765,0.9411764705882353,0.0,0.9411764705882353,0.8181818181818182,0.13333333333333333,0.17647058823529413,0.25,0.0,1.0,0.0,0.0,0,0,0.0,0,0
train,64,1,0.34,20,2,0.0,0.9375,0.75,0.9407407407407408,0.6,0.9411764705882353,-0.003676470588235281,0.9397058823529412,0.7727272727272727,0.1259259259259259,0.2,0.75,0.0,1.0,0.0,0.0,0,0,0.0,0,0
train,64,2,0.34,20,2,0.0,0.9333333333333333,0.75,0.9185185185185185,0.47619047619047616,0.9375,-0.004166666666666652,0.9371568627450981,0.7272727272727273,0.11851851851851852,0.2857142857142857,0.5,0.0,1.0,0.0,0.0,0,0,0.0,0,0
train,64,3,0.34,20,2,0.0,0.9285714285714286,0.75,0.8962962962962963,0.47619047619047616,0.9333333333333333,-0.004761904761904745,0.9337226890756303,0.6818181818181818,0.1111111111111111,0.19047619047619047,0.75,0.0,1.0,0.0,0.0,0,0,0.0,0,0
train,64,4,0.34,20,2,0.0,0.9230769230769231,0.75,0.8740740740740741,0.47619047619047616,0.9285714285714286,-0.005494505494505475,0.9294643826761474,0.6363636363636364,0.1037037037037037,0.23809523809523808,0.5,0.0,0.0,0.0,1.0,0,0,0.0,0,0
train,64,5,0.34,20,2,0.0,0.9166666666666666,0.75,0.8592592592592593,0.5,0.9230769230769231,-0.0064102564102564985,0.9243452962723551,0.5909090909090909,0.0962962962962963,0.16666666666666666,1.0,0.0,1.0,0.0,0.0,1,2,0.13333333333333333,0,1
train,64,6,0.34,20,2,0.1578947368421053,0.9090909090909091,0.75,0.8444444444444444,0.5217391304347826,0.9166666666666666,-0.007575757575757569,0.9182435413997767,0.5454545454545454,0.08888888888888889,0.13043478260869565,0.75,0.0,1.0,0.0,0.0,1,2,0.125,0,1
train,64,7,0.34,20,2,0.0,0.8333333333333334,0.5,0.8222222222222222,0.45,0.9090909090909091,-0.07575757575757569,0.8842794581731994,0.5,0.0962962962962963,0.15,0.5,1.0,0.0,0.0,0.0,0,0,0.0,0,0
train,64,8,0.34,20,2,0.0,0.9090909090909091,0.75,0.8222222222222222,0.391304347826087,0.8333333333333334,0.07575757575757569,0.8942040385402833,0.5454545454545454,0.08888888888888889,0.21739130434782608,0.75,0.0,0.0,0.0,1.0,0,0,0.0,0,0
train,64,9,0.34,20,2,0.0,0.9,0.75,0.8148148148148148,0.5,0.9090909090909091,-0.009090909090909038,0.89652242312417,0.5,0.08148148148148149,0.125,0.75,0.0,0.0,0.0,1.0,0,0,0.0,0,0
train,64,10,0.34,20,2,0.09090909090909094,0.8888888888888888,0.75,0.7925925925925926,0.5416666666666666,0.9,-0.011111111111111183,0.8934690094300575,0.45454545454545453,0.07407407407407407,0.125,0.75,0.0,1.0,0.0,0.0,1,2,0.14285714285714285,0,1
train,64,11,0.34,20,2,0.0,0.875,0.75,0.7777777777777778,0.38095238095238093,0.8888888888888888,-0.01388888888888884,0.8860814056580344,0.4090909090909091,0.06666666666666667,0.19047619047619047,0.5,0.0,0.0,0.0,1.0,1,2,0.13333333333333333,0,1
train,64,12,0.34,20,2,0.0,0.8571428571428571,0.75,0.762962962962963,0.47619047619047616,0.875,-0.017857142857142905,0.8745059862519635,0.36363636363636365,0.05925925925925926,0.19047619047619047,0.5,0.0,0.0,0.0,1.0,1,2,0.125,0,1
train,64,13,0.34,20,2,0.0,0.7142857142857143,0.0,0.7407407407407407,0.47619047619047616,0.8571428571428571,-0.1428571428571428,0.8104178774654638,0.3181818181818182,0.1111111111111111,0.3333333333333333,0.25,0.0,0.0,1.0,0.0,0,0,0.0,0,0
train,64,14,0.34,20,2,0.0,0.7692307692307693,0.25,0.7407407407407407,0.3333333333333333,0.7142857142857143,0.05494505494505497,0.793943034171586,0.36363636363636365,0.1037037037037037,0.3333333333333333,0.5,0.0,0.0,1.0,0.0,0,0,0.0,0,0
train,64,15,0.34,20,2,0.0,0.8333333333333334,0.5,0.7407407407407407,0.14285714285714285,0.7692307692307693,0.0641025641025641,0.809699153836285,0.4090909090909091,0.0962962962962963,0.38095238095238093,0.5,1.0,0.0,0.0,0.0,0,0,0.0,0,0
train,64,16,0.34,20,2,0.0,0.9090909090909091,0.75,0.7407407407407407,0.3333333333333333,0.8333333333333334,0.07575757575757569,0.8494558559381347,0.45454545454545453,0.08888888888888889,0.25,0.75,1.0,0.0,0.0,0.0,0,0,0.0,0,0
train,64,17,0.34,20,2,0.0,0.9,0.75,0.725925925925926,0.36,0.9090909090909091,-0.009090909090909038,0.8696735135628808,0.5,0.08148148148148149,0.2,0.75,0.0,0.0,0.0,1.0,0,0,0.0,0,0
train,64,18,0.34,20,2,0.0,0.9090909090909091,0.75,0.7111111111111111,0.4,0.9,0.009090909090909038,0.8854404717740921,0.45454545454545453,0.08888888888888889,0.2,0.5,1.0,0.0,0.0,0.0,0,0,0.0,0,0
train,64,19,0.34,20,2,0.0,0.9,0.75,0.6962962962962963,0.48,0.9090909090909091,-0.009090909090909038,0.8912642830644553,0.5,0.08148148148148149,0.2,0.5,0.0,0.0,0.0,1.0,0,0,0.0,0,0
train,64,20,0.34,20,2,0.0,0.8888888888888888,0.75,0.6814814814814815,0.52,0.9,-0.011111111111111183,0.8903141253942286,0.45454545454545453,0.07407407407407407,0.2,0.75,0.0,0.0,0.0,1.0,0,0,0.0,0,0
train,64,21,0.34,20,2,0.0,0.875,0.75,0.6592592592592592,0.48,0.8888888888888888,-0.01388888888888884,0.8841884752365372,0.4090909090909091,0.06666666666666667,0.24,0.75,0.0,1.0,0.0,0.0,0,0,0.0,0,0
train,64,22,0.34,20,2,0.0,0.8571428571428571,0.75,0.6444444444444445,0.36,0.875,-0.017857142857142905,0.8733702279990652,0.36363636363636365,0.05925925925925926,0.24,0.5,0.0,0.0,0.0,1.0,0,0,0.0,0,0
train,64,23,0.34,20,2,0.0,0.8333333333333334,0.75,0.6296296296296297,0.48,0.8571428571428571,-0.023809523809523725,0.8573554701327725,0.3181818181818182,0.05185185185185185,0.2,0.75,0.0,1.0,0.0,0.0,1,2,0.2857142857142857,0,1
train,64,24,0.34,20,2,0.11764705882352944,0.8,0.75,0.6148148148148148,0.4166666666666667,0.8333333333333334,-0.033333333333333326,0.8344132820796635,0.2727272727272727,0.044444444444444446,0.2916666666666667,0.5,0.0,1.0,0.0,0.0,1,2,0.25,0,1
train,64,25,0.34,20,2,0.0,0.625,0.25,0.6,0.2857142857142857,0.8,-0.17500000000000004,0.7506479692477981,0.22727272727272727,0.06666666666666667,0.38095238095238093,0.25,1.0,0.0,0.0,0.0,0,0,0.0,0,0
train,64,26,0.34,20,2,0.0,0.7142857142857143,0.5,0.6,0.3333333333333333,0.625,0.0892857142857143,0.7361030672629646,0.2727272727272727,0.05925925925925926,0.375,0.5,1.0,0.0,0.0,0.0,0,0,0.0,0,0
train,64,27,0.34,20,2,0.0,0.8333333333333334,0.75,0.6,0.32,0.7142857142857143,0.11904761904761907,0.774995173691112,0.3181818181818182,0.05185185185185185,0.32,0.75,0.0,0.0,0.0,1.0,0,0,0.0,0,0
train,64,28,0.34,20,2,0.0,0.8,0.75,0.5851851851851851,0.48,0.8333333333333334,-0.033333333333333326,0.7849971042146673,0.2727272727272727,0.044444444444444446,0.24,0.5,0.0,0.0,0.0,1.0,0,0,0.0,0,0
train,64,29,0.34,20,2,0.0,0.75,0.75,0.562962962962963,0.52,0.8,-0.050000000000000044,0.7709982625288003,0.22727272727272727,0.037037037037037035,0.2,0.75,0.0,1.0,0.0,0.0,0,0,0.0,0,0
train,64,30,0.34,20,2,0.11764705882352944,0.6666666666666666,0.6666666666666666,0.5481481481481482,0.4166666666666667,0.75,-0.08333333333333337,0.7292656241839468,0.18181818181818182,0.02962962962962963,0.20833333333333334,0.75,0.0,1.0,0.0,0.0,0,0,0.0,0,0
train,64,31,0.34,20,2,0.0,0.5,0.5,0.5333333333333333,0.2857142857142857,0.6666666666666666,-0.16666666666666663,0.637559374510368,0.13636363636363635,0.022222222222222223,0.2857142857142857,0.5,0.0,0.0,0.0,1.0,0,0,0.0,0,0
train,64,32,0.34,20,2,0.0,0.0,0.0,0.5185185185185185,0.42857142857142855,0.5,-0.5,0.3825356247062208,0.09090909090909091,0.014814814814814815,0.19047619047619047,0.75,0.0,0.0,0.0,1.0,0,0,0.0,0,0
train,64,33,0.34,20,2,0.0,0.0,0.0,0.4962962962962963,0.4,0.0,0.0,0.22952137482373247,0.045454545454545456,0.007407407407407408,0.2,0.75,0.0,0.0,0.0,1.0,0,0,0.0,0,0
train,65,0,0.18,20,2,0.0,0.9411764705882353,0.75,0.9629629629629629,0.7058823529411765,0.9411764705882353,0.0,0.9411764705882353,0.8181818181818182,0.13333333333333333,0.17647058823529413,0.25,0.0,0.0,0.0,1.0,0,0,0.0,0,0
train,65,1,0.18,20,2,0.0,0.9375,0.75,0.9407407407407408,0.6,0.9411764705882353,-0.003676470588235281,0.9397058823529412,0.7727272727272727,0.1259259259259259,0.25,0.5,0.0,1.0,0.0,0.0,0,0,0.0,0,0
train,65,2,0.18,20,2,0.0,0.9333333333333333,0.75,0.9259259259259259,0.5652173913043478,0.9375,-0.004166666666666652,0.9371568627450981,0.7272727272727273,0.11851851851851852,0.21739130434782608,0.75,0.0,1.0,0.0,0.0,1,2,0.1111111111111111,0,1
train,65,3,0.18,20,2,0.0,0.9285714285714286,0.75,0.9037037037037037,0.5416666666666666,0.9333333333333333,-0.004761904761904745,0.9337226890756303,0.6818181818181818,0.1111111111111111,0.125,1.0,0.0,1.0,0.0,0.0,1,2,0.10526315789473684,0,1
train,65,4,0.18,20,2,0.0,0.9230769230769231,0.75,0.8814814814814815,0.5416666666666666,0.9285714285714286,-0.005494505494505475,0.9294643826761474,0.6363636363636364,0.1037037037037037,0.041666666666666664,1.0,0.0,1.0,0.0,0.0,1,2,0.1,0,1
train,65,5,0.18,20,2,0.0,0.9166666666666666,0.75,0.8592592592592593,0.5416666666666666,0.9230769230769231,-0.0064102564102564985,0.9243452962723551,0.5909090909090909,0.0962962962962963,0.0,1.0,0.0,1.0,0.0,0.0,1,2,0.09523809523809523,0,1
train,65,6,0.18,20,2,0.0,0.9090909090909091,0.75,0.837037037037037,0.5217391304347826,0.9166666666666666,-0.007575757575757569,0.9182435413997767,0.5454545454545454,0.08888888888888889,0.043478260869565216,0.75,0.0,0.0,0.0,1.0,0,0,0.0,0,0
train,65,7,0.18,20,2,0.0,0.9,0.75,0.8222222222222222,0.5,0.9090909090909091,-0.009090909090909038,0.910946124839866,0.5,0.08148148148148149,0.08333333333333333,0.75,0.0,0.0,0.0,1.0,0,0,0.0,0,0
train,65,8,0.18,20,2,0.0,0.8888888888888888,0.75,0.8,0.5,0.9,-0.011111111111111183,0.9021232304594751,0.45454545454545453,0.07407407407407407,0.125,0.75,0.0,0.0,0.0,1.0,0,0,0.0,0,0
train,65,9,0.18,20,2,0.09090909090909094,0.875,0.75,0.7777777777777778,0.5416666666666666,0.8888888888888888,-0.01388888888888884,0.8912739382756851,0.4090909090909091,0.06666666666666667,0.125,0.75,0.0,1.0,0.0,0.0,1,2,0.10526315789473684,0,1
train,65,10,0.18,20,2,0.0,0.8571428571428571,0.75,0.762962962962963,0.42857142857142855,0.875,-0.017857142857142905,0.8776215058225539,0.36363636363636365,0.05925925925925926,0.23809523809523808,0.5,0.0,0.0,0.0,1.0,0,0,0.0,0,0
train,65,11,0.18,20,2,0.0,0.8333333333333334,0.75,0.7481481481481481,0.47619047619047616,0.8571428571428571,-0.023809523809523725,0.8599062368268657,0.3181818181818182,0.05185185185185185,0.23809523809523808,0.5,0.0,0.0,0.0,1.0,0,0,0.0,0,0
train,65,12,0.18,20,2,0.0,0.8,0.75,0.725925925925926,0.47619047619047616,0.8333333333333334,-0.033333333333333326,0.8359437420961194,0.2727272727272727,0.044444444444444446,0.23809523809523808,0.75,0.0,0.0,0.0,1.0,1,2,0.1111111111111111,0,1
train,65,13,0.18,20,2,0.0,0.75,0.75,0.7037037037037037,0.47619047619047616,0.8,-0.050000000000000044,0.8015662452576717,0.22727272727272727,0.037037037037037035,0.19047619047619047,0.75,0.0,0.0,0.0,1.0,1,2,0.10526315789473684,0,1
train,65,14,0.18,20,2,0.0,0.6666666666666666,0.6666666666666666,0.6814814814814815,0.47619047619047616,0.75,-0.08333333333333337,0.7476064138212697,0.18181818181818182,0.02962962962962963,0.19047619047619047,0.5,0.0,0.0,0.0,1.0,1,2,0.1,0,1
train,65,15,0.18,20,2,0.0,0.7,0.25,0.6592592592592592,0.47619047619047616,0.6666666666666666,0.033333333333333326,0.7285638482927618,0.13636363636363635,0.08148148148148149,0.2857142857142857,0.25,0.0,0.0,1.0,0.0,0,0,0.0,0,0
train,65,16,0.18,20,2,0.0,0.7777777777777778,0.5,0.6592592592592592,0.3333333333333333,0.7,0.07777777777777783,0.7482494200867682,0.18181818181818182,0.07407407407407407,0.3333333333333333,0.5,0.0,0.0,1.0,0.0,0,0,0.0,0,0
train,65,17,0.18,20,2,0.08333333333333337,0.875,0.75,0.6592592592592592,0.19047619047619047,0.7777777777777778,0.09722222222222221,0.7989496520520609,0.22727272727272727,0.06666666666666667,0.42857142857142855,0.75,1.0,0.0,0.0,0.0,0,0,0.0,0,1
train,65,18,0.18,20,2,0.0625,0.9090909090909091,0.75,0.6518518518518519,0.375,0.875,0.03409090909090906,0.8430061548676002,0.2727272727272727,0.08888888888888889,0.2916666666666667,0.5,0.0,0.0,1.0,0.0,0,0,0.0,0,0
train,65,19,0.18,20,2,0.0,0.9,0.75,0.6444444444444445,0.25,0.9090909090909091,-0.009090909090909038,0.8658036929205601,0.3181818181818182,0.08148148148148149,0.2916666666666667,0.75,1.0,0.0,0.0,0.0,0,0,0.0,0,0
train,65,20,0.18,20,2,0.0,0.8888888888888888,0.75,0.6296296296296297,0.4,0.9,-0.011111111111111183,0.8750377713078916,0.36363636363636365,0.07407407407407407,0.16,0.75,1.0,0.0,0.0,0.0,0,0,0.0,0,0
train,65,21,0.18,20,2,0.0,0.875,0.75,0.6074074074074074,0.52,0.8888888888888888,-0.01388888888888884,0.8750226627847351,0.4090909090909091,0.06666666666666667,0.12,0.75,0.0,0.0,0.0,1.0,0,0,0.0,0,0
train,65,22,0.18,20,2,0.0,0.8888888888888888,0.75,0.5925925925925926,0.48,0.875,0.01388888888888884,0.8805691532263966,0.36363636363636365,0.07407407407407407,0.16,0.5,1.0,0.0,0.0,0.0,0,0,0.0,0,0
train,65,23,0.18,20,2,0.0,0.9,0.75,0.5777777777777777,0.56,0.8888888888888888,0.011111111111111183,0.8883414919358379,0.4090909090909091,0.08148148148148149,0.16,0.5,1.0,0.0,0.0,0.0,0,0,0.0,0,0
train,65,24,0.18,20,2,0.0,0.8888888888888888,0.75,0.5555555555555556,0.5416666666666666,0.9,-0.011111111111111183,0.8885604507170584,0.45454545454545453,0.07407407407407407,0.16666666666666666,1.0,0.0,0.0,0.0,1.0,0,0,0.0,0,0
train,65,25,0.18,20,2,0.0,0.875,0.75,0.5407407407407407,0.5416666666666666,0.8888888888888888,-0.01388888888888884,0.883136270430235,0.4090909090909091,0.06666666666666667,0.125,0.75,0.0,0.0,0.0,1.0,0,0,0.0,0,0
train,65,26,0.18,20,2,0.0,0.8571428571428571,0.75,0.5185185185185185,0.5,0.875,-0.017857142857142905,0.8727389051152838,0.36363636363636365,0.05925925925925926,0.125,0.75,0.0,1.0,0.0,0.0,0,0,0.0,0,0
train,65,27,0.18,20,2,0.0,0.8333333333333334,0.75,0.5037037037037037,0.4,0.8571428571428571,-0.023809523809523725,0.8569766764025036,0.3181818181818182,0.05185185185185185,0.2,0.75,0.0,1.0,0.0,0.0,1,2,0.2222222222222222,0,1
train,65,28,0.18,20,2,0.0714285714285714,0.8,0.75,0.4888888888888889,0.28,0.8333333333333334,-0.033333333333333326,0.8341860058415023,0.2727272727272727,0.044444444444444446,0.24,0.75,0.0,1.0,0.0,0.0,1,2,0.2,0,1
train,65,29,0.18,20,2,0.0,0.6666666666666666,0.5,0.4740740740740741,0.2,0.8,-0.13333333333333341,0.7671782701715679,0.22727272727272727,0.05185185185185185,0.32,0.5,1.0,0.0,0.0,0.0,0,0,0.0,0,0
train,65,30,0.18,20,2,0.0,0.8,0.75,0.4740740740740741,0.2,0.6666666666666666,0.13333333333333341,0.7803069621029408,0.2727272727272727,0.044444444444444446,0.28,0.75,0.0,0.0,0.0,1.0,0,0,0.0,0,0
train,65,31,0.18,20,2,0.0,0.8333333333333334,0.75,0.4666666666666667,0.4,0.8,0.033333333333333326,0.8015175105950978,0.22727272727272727,0.05185185185185185,0.24,0.5,1.0,0.0,0.0,0.0,0,0,0.0,0,0
train,65,32,0.18,20,2,0.0,0.8,0.75,0.45925925925925926,0.4,0.8333333333333334,-0.033333333333333326,0.8009105063570587,0.2727272727272727,0.044444444444444446,0.2,1.0,0.0,0.0,0.0,1.0,0,0,0.0,0,0
train,65,33,0.18,20,2,0.0,0.75,0.75,0.4444444444444444,0.5,0.8,-0.050000000000000044,0.7805463038142353,0.22727272727272727,0.037037037037037035,0.125,0.75,0.0,0.0,0.0,1.0,0,0,0.0,0,0
train,65,34,0.18,20,2,0.0,0.6666666666666666,0.6666666666666666,0.4222222222222222,0.47619047619047616,0.75,-0.08333333333333337,0.7349944489552078,0.18181818181818182,0.02962962962962963,0.09523809523809523,0.75,0.0,1.0,0.0,0.0,0,0,0.0,0,0
train,65,35,0.18,20,2,0.0,0.5,0.5,0.4074074074074074,0.38095238095238093,0.6666666666666666,-0.16666666666666663,0.6409966693731247,0.13636363636363635,0.022222222222222223,0.19047619047619047,0.5,0.0,1.0,0.0,0.0,0,0,0.0,0,0
train,65,36,0.18,20,2,0.19999999999999996,0.6666666666666666,0.6666666666666666,0.3851851851851852,0.3333333333333333,0.5,0.16666666666666663,0.6512646682905414,0.09090909090909091,0.02962962962962963,0.2857142857142857,0.5,0.0,0.0,1.0,0.0,0,0,0.0,0,0
train,65,37,0.18,20,2,0.125,0.5,0.5,0.37777777777777777,0.20833333333333334,0.6666666666666666,-0.16666666666666663,0.5907588009743249,0.13636363636363635,0.022222222222222223,0.2916666666666667,0.5,0.0,1.0,0.0,0.0,0,0,0.0,0,0
train,65,38,0.18,20,2,0.0,0.0,0.0,0.362962962962963,0.2608695652173913,0.5,-0.5,0.3544552805845949,0.09090909090909091,0.014814814814814815,0.30434782608695654,0.75,0.0,1.0,0.0,0.0,0,0,0.0,0,0
train,65,39,0.18,20,2,0.0,0.0,0.0,0.34814814814814815,0.25,0.0,0.0,0.21267316835075695,0.045454545454545456,0.007407407407407408,0.35,0.5,0.0,0.0,0.0,1.0,0,0,0.0,0,0
train,66,0,0.22,24,6,0.0,0.9411764705882353,0.75,0.9629629629629629,0.7058823529411765,0.9411764705882353,0.0,0.9411764705882353,0.8181818181818182,0.13333333333333333,0.11764705882352941,0.5,0.0,1.0,0.0,0.0,0,0,0.0,0,0
train,66,1,0.22,24,6,0.0,0.9375,0.75,0.9407407407407408,0.6,0.9411764705882353,-0.003676470588235281,0.9397058823529412,0.7727272727272727,0.1259259259259259,0.2,0.5,0.0,0.0,0.0,1.0,0,0,0.0,0,0
train,66,2,0.22,24,6,0.0,0.9333333333333333,0.75,0.9259259259259259,0.5652173913043478,0.9375,-0.004166666666666652,0.9371568627450981,0.7272727272727273,0.11851851851851852,0.17391304347826086,1.0,0.0,1.0,0.0,0.0,0,0,0.0,0,0
train,66,3,0.22,24,6,0.0,0.9285714285714286,0.75,0.9111111111111111,0.5833333333333334,0.9333333333333333,-0.004761904761904745,0.9337226890756303,0.6818181818181818,0.1111111111111111,0.125,0.5,0.0,1.0,0.0,0.0,0,0,0.0,0,0
train,66,4,0.22,24,6,0.0,0.9230769230769231,0.75,0.8888888888888888,0.5416666666666666,0.9285714285714286,-0.005494505494505475,0.9294643826761474,0.6363636363636364,0.1037037037037037,0.16666666666666666,0.5,0.0,1.0,0.0,0.0,0,0,0.0,0,0
train,66,5,0.22,24,6,0.0,0.9166666666666666,0.75,0.8666666666666667,0.5416666666666666,0.9230769230769231,-0.0064102564102564985,0.9243452962723551,0.5909090909090909,0.0962962962962963,0.16666666666666666,1.0,0.0,1.0,0.0,0.0,0,0,0.0,0,0
train,66,6,0.22,24,6,0.1578947368421053,0.9090909090909091,0.75,0.8444444444444444,0.5217391304347826,0.9166666666666666,-0.007575757575757569,0.9182435413997767,0.5454545454545454,0.08888888888888889,0.08695652173913043,1.0,0.0,1.0,0.0,0.0,1,2,0.1111111111111111,0,1
train,66,7,0.22,24,6,0.0,0.8333333333333334,0.5,0.8222222222222222,0.45,0.9090909090909091,-0.07575757575757569,0.8842794581731994,0.5,0.0962962962962963,0.15,0.25,1.0,0.0,0.0,0.0,0,0,0.0,0,0
train,66,8,0.22,24,6,0.0,0.9090909090909091,0.75,0.8222222222222222,0.391304347826087,0.8333333333333334,0.07575757575757569,0.8942040385402833,0.5454545454545454,0.08888888888888889,0.21739130434782608,1.0,0.0,0.0,0.0,1.0,0,0,0.0,0,0
train,66,9,0.22,24,6,0.0,0.9,0.75,0.8148148148148148,0.4166666666666667,0.9090909090909091,-0.009090909090909038,0.89652242312417,0.5,0.08148148148148149,0.20833333333333334,0.75,0.0,0.0,0.0,1.0,0,0,0.0,0,0
train,66,10,0.22,24,6,0.15000000000000002,0.8888888888888888,0.75,0.7925925925925926,0.5,0.9,-0.011111111111111183,0.8934690094300575,0.45454545454545453,0.07407407407407407,0.08333333333333333,1.0,0.0,1.0,0.0,0.0,1,2,0.125,0,1
train,66,11,0.22,24,6,0.0,0.875,0.75,0.7777777777777778,0.38095238095238093,0.8888888888888888,-0.01388888888888884,0.8860814056580344,0.4090909090909091,0.06666666666666667,0.19047619047619047,0.5,0.0,0.0,0.0,1.0,0,0,0.0,0,0
train,66,12,0.22,24,6,0.0,0.8571428571428571,0.75,0.762962962962963,0.47619047619047616,0.875,-0.017857142857142905,0.8745059862519635,0.36363636363636365,0.05925925925925926,0.14285714285714285,0.75,0.0,0.0,0.0,1.0,0,0,0.0,0,0
train,66,13,0.22,24,6,0.0,0.875,0.75,0.7407407407407407,0.47619047619047616,0.8571428571428571,0.017857142857142905,0.8747035917511781,0.3181818181818182,0.06666666666666667,0.23809523809523808,0.5,1.0,0.0,0.0,0.0,0,0,0.0,0,0
train,66,14,0.22,24,6,0.0,0.8571428571428571,0.75,0.725925925925926,0.4583333333333333,0.875,-0.017857142857142905,0.8676792979078497,0.36363636363636365,0.05925925925925926,0.125,1.0,0.0,0.0,0.0,1.0,0,0,0.0,0,0
train,66,15,0.22,24,6,0.0,0.8333333333333334,0.75,0.7111111111111111,0.5416666666666666,0.8571428571428571,-0.023809523809523725,0.8539409120780431,0.3181818181818182,0.05185185185185185,0.125,0.5,0.0,0.0,0.0,1.0,0,0,0.0,0,0
train,66,16,0.22,24,6,0.13043478260869568,0.8,0.75,0.6888888888888889,0.5416666666666666,0.8333333333333334,-0.033333333333333326,0.832364547246826,0.2727272727272727,0.044444444444444446,0.08333333333333333,1.0,0.0,1.0,0.0,0.0,1,2,0.16666666666666666,0,1
train,66,17,0.22,24,6,0.0,0.75,0.75,0.674074074074074,0.38095238095238093,0.8,-0.050000000000000044,0.7994187283480956,0.22727272727272727,0.037037037037037035,0.19047619047619047,0.5,0.0,0.0,0.0,1.0,1,2,0.15384615384615385,0,1
train,66,18,0.22,24,6,0.0,0.6666666666666666,0.6666666666666666,0.6592592592592592,0.47619047619047616,0.75,-0.08333333333333337,0.746317903675524,0.18181818181818182,0.02962962962962963,0.14285714285714285,0.75,0.0,0.0,0.0,1.0,1,2,0.14285714285714285,0,1
train,66,19,0.22,24,6,0.0,0.75,0.5,0.6370370370370371,0.47619047619047616,0.6666666666666666,0.08333333333333337,0.7477907422053145,0.13636363636363635,0.06666666666666667,0.2857142857142857,0.25,0.0,0.0,1.0,0.0,0,0,0.0,0,0
train,66,20,0.22,24,6,0.07692307692307687,0.8571428571428571,0.75,0.6370370370370371,0.3333333333333333,0.75,0.1071428571428571,0.7915315881803315,0.18181818181818182,0.05925925925925926,0.2857142857142857,0.75,1.0,0.0,0.0,0.0,0,0,0.0,0,1
train,66,21,0.22,24,6,0.0,0.8,0.5,0.6296296296296297,0.3333333333333333,0.8571428571428571,-0.05714285714285705,0.794918952908199,0.22727272727272727,0.08148148148148149,0.3333333333333333,0.5,0.0,0.0,1.0,0.0,0,0,0.0,0,0
train,66,22,0.22,24,6,0.06666666666666665,0.8888888888888888,0.75,0.6296296296296297,0.2916666666666667,0.8,0.0888888888888888,0.832506927300475,0.2727272727272727,0.07407407407407407,0.25,1.0,1.0,0.0,0.0,0.0,0,0,0.0,0,0
train,66,23,0.22,24,6,0.0,0.875,0.75,0.6222222222222222,0.44,0.8888888888888888,-0.01388888888888884,0.849504156380285,0.3181818181818182,0.06666666666666667,0.2,0.5,1.0,0.0,0.0,0.0,0,0,0.0,0,0
train,66,24,0.22,24,6,0.0,0.8888888888888888,0.75,0.6,0.52,0.875,0.01388888888888884,0.8652580493837265,0.36363636363636365,0.07407407407407407,0.16,0.5,1.0,0.0,0.0,0.0,0,0,0.0,0,0
train,66,25,0.22,24,6,0.0,0.875,0.75,0.5777777777777777,0.56,0.8888888888888888,-0.01388888888888884,0.8691548296302358,0.4090909090909091,0.06666666666666667,0.24,0.5,0.0,0.0,0.0,1.0,0,0,0.0,0,0
train,66,26,0.22,24,6,0.0,0.8571428571428571,0.75,0.562962962962963,0.52,0.875,-0.017857142857142905,0.8643500406352843,0.36363636363636365,0.05925925925925926,0.24,0.5,0.0,0.0,0.0,1.0,0,0,0.0,0,0
train,66,27,0.22,24,6,0.0,0.8333333333333334,0.75,0.5407407407407407,0.48,0.8571428571428571,-0.023809523809523725,0.8519433577145039,0.3181818181818182,0.05185185185185185,0.28,0.75,0.0,0.0,0.0,1.0,0,0,0.0,0,0
train,66,28,0.22,24,6,0.0,0.8,0.75,0.5185185185185185,0.56,0.8333333333333334,-0.033333333333333326,0.8311660146287024,0.2727272727272727,0.044444444444444446,0.16,0.75,0.0,1.0,0.0,0.0,0,0,0.0,0,0
train,66,29,0.22,24,6,0.0,0.75,0.75,0.5037037037037037,0.4,0.8,-0.050000000000000044,0.7986996087772215,0.22727272727272727,0.037037037037037035,0.24,0.75,0.0,1.0,0.0,0.0,0,0,0.0,0,0
train,66,30,0.22,24,6,0.07692307692307687,0.6666666666666666,0.6666666666666666,0.48148148148148145,0.28,0.75,-0.08333333333333337,0.7458864319329995,0.18181818181818182,0.02962962962962963,0.24,1.0,0.0,1.0,0.0,0.0,0,0,0.0,0,0
train,66,31,0.22,24,6,0.0,0.5,0.5,0.4740740740740741,0.2916666666666667,0.6666666666666666,-0.16666666666666663,0.6475318591597997,0.13636363636363635,0.022222222222222223,0.20833333333333334,0.5,0.0,0.0,0.0,1.0,0,0,0.0,0,0
train,66,32,0.22,24,6,0.0,0.0,0.0,0.45925925925925926,0.391304347826087,0.5,-0.5,0.3885191154958798,0.09090909090909091,0.014814814814814815,0.08695652173913043,1.0,0.0,1.0,0.0,0.0,0,0,0.0,0,0
train,66,33,0.22,24,6,0.0,0.0,0.0,0.4444444444444444,0.3,0.0,0.0,0.23311146929752788,0.045454545454545456,0.007407407407407408,0.2,0.5,0.0,0.0,0.0,1.0,0,0,0.0,0,0
train,67,0,0.26,20,2,0.0,0.9411764705882353,0.75,0.9629629629629629,0.7058823529411765,0.9411764705882353,0.0,0.9411764705882353,0.8181818181818182,0.13333333333333333,0.17647058823529413,0.25,0.0,1.0,0.0,0.0,0,0,0.0,0,0
train,67,1,0.26,20,2,0.0,0.9375,0.75,0.9407407407407408,0.6,0.9411764705882353,-0.003676470588235281,0.9397058823529412,0.7727272727272727,0.1259259259259259,0.25,0.5,0.0,1.0,0.0,0.0,0,0,0.0,0,0
train,67,2,0.26,20,2,0.0,0.9333333333333333,0.75,0.9185185185185185,0.47619047619047616,0.9375,-0.004166666666666652,0.9371568627450981,0.7272727272727273,0.11851851851851852,0.2857142857142857,0.75,0.0,1.0,0.0,0.0,0,0,0.0,0,0
train,67,3,0.26,20,2,0.0,0.9285714285714286,0.75,0.8962962962962963,0.47619047619047616,0.9333333333333333,-0.004761904761904745,0.9337226890756303,0.6818181818181818,0.1111111111111111,0.23809523809523808,0.5,0.0,1.0,0.0,0.0,0,0,0.0,0,0
train,67,4,0.26,20,2,0.0,0.9230769230769231,0.75,0.8740740740740741,0.47619047619047616,0.9285714285714286,-0.005494505494505475,0.9294643826761474,0.6363636363636364,0.1037037037037037,0.23809523809523808,0.5,0.0,0.0,0.0,1.0,0,0,0.0,0,0
train,67,5,0.26,20,2,0.0,0.9166666666666666,0.75,0.8592592592592593,0.5,0.9230769230769231,-0.0064102564102564985,0.9243452962723551,0.5909090909090909,0.0962962962962963,0.20833333333333334,0.75,0.0,1.0,0.0,0.0,1,2,0.13333333333333333,0,1
train,67,6,0.26,20,2,0.10526315789473684,0.9090909090909091,0.75,0.8444444444444444,0.5217391304347826,0.9166666666666666,-0.007575757575757569,0.9182435413997767,0.5454545454545454,0.08888888888888889,0.17391304347826086,0.5,0.0,1.0,0.0,0.0,1,2,0.125,0,1
train,67,7,0.26,20,2,0.0,0.9,0.75,0.8222222222222222,0.45,0.9090909090909091,-0.009090909090909038,0.910946124839866,0.5,0.08148148148148149,0.2,0.75,0.0,0.0,0.0,1.0,1,2,0.11764705882352941,0,1
train,67,8,0.26,20,2,0.0,0.7333333333333333,0.0,0.8074074074074075,0.47619047619047616,0.9,-0.16666666666666674,0.8399010082372529,0.45454545454545453,0.11851851851851852,0.23809523809523808,0.25,0.0,0.0,1.0,0.0,0,0,0.0,0,0
train,67,9,0.26,20,2,0.0,0.7857142857142857,0.25,0.8074074074074075,0.35,0.7333333333333333,0.05238095238095242,0.818226319228066,0.5,0.1111111111111111,0.3,0.75,1.0,0.0,0.0,0.0,0,0,0.0,0,0
train,67,10,0.26,20,2,0.0,0.8461538461538461,0.5,0.8074074074074075,0.30434782608695654,0.7857142857142857,0.06043956043956045,0.8293973299983781,0.5454545454545454,0.1037037037037037,0.30434782608695654,0.5,1.0,0.0,0.0,0.0,0,0,0.0,0,0
train,67,11,0.26,20,2,0.0,0.9166666666666666,0.75,0.8074074074074075,0.2916666666666667,0.8461538461538461,0.07051282051282048,0.8643050646656936,0.5909090909090909,0.0962962962962963,0.2916666666666667,0.75,0.0,0.0,0.0,1.0,0,0,0.0,0,0
train,67,12,0.26,20,2,0.0,0.9230769230769231,0.75,0.7925925925925926,0.36,0.9166666666666666,0.0064102564102564985,0.8878138080301854,0.5454545454545454,0.1037037037037037,0.28,0.5,1.0,0.0,0.0,0.0,0,0,0.0,0,0
train,67,13,0.26,20,2,0.0,0.9166666666666666,0.75,0.7777777777777778,0.36,0.9230769230769231,-0.0064102564102564985,0.899354951484778,0.5909090909090909,0.0962962962962963,0.24,0.5,0.0,0.0,0.0,1.0,0,0,0.0,0,0
train,67,14,0.26,20,2,0.0,0.9090909090909091,0.75,0.762962962962963,0.48,0.9166666666666666,-0.007575757575757569,0.9032493345272304,0.5454545454545454,0.08888888888888889,0.2,0.75,0.0,0.0,0.0,1.0,0,0,0.0,0,0
train,67,15,0.26,20,2,0.0,0.9,0.75,0.7407407407407407,0.56,0.9090909090909091,-0.009090909090909038,0.9019496007163383,0.5,0.08148148148148149,0.12,1.0,0.0,1.0,0.0,0.0,1,2,0.18181818181818182,0,1
train,67,16,0.26,20,2,0.0,0.8888888888888888,0.75,0.725925925925926,0.44,0.9,-0.011111111111111183,0.8967253159853585,0.45454545454545453,0.07407407407407407,0.16,0.5,0.0,0.0,0.0,1.0,0,0,0.0,0,0
train,67,17,0.26,20,2,0.0,0.875,0.75,0.7111111111111111,0.56,0.8888888888888888,-0.01388888888888884,0.8880351895912151,0.4090909090909091,0.06666666666666667,0.12,0.75,0.0,0.0,0.0,1.0,0,0,0.0,0,0
train,67,18,0.26,20,2,0.0,0.8888888888888888,0.75,0.6888888888888889,0.56,0.875,0.01388888888888884,0.8883766693102846,0.36363636363636365,0.07407407407407407,0.2,0.5,1.0,0.0,0.0,0.0,0,0,0.0,0,0
train,67,19,0.26,20,2,0.0,0.875,0.75,0.674074074074074,0.48,0.8888888888888888,-0.01388888888888884,0.8830260015861708,0.4090909090909091,0.06666666666666667,0.12,1.0,0.0,0.0,0.0,1.0,0,0,0.0,0,0
train,67,20,0.26,20,2,0.0,0.8571428571428571,0.75,0.6592592592592592,0.56,0.875,-0.017857142857142905,0.8726727438088453,0.36363636363636365,0.05925925925925926,0.08,0.75,0.0,0.0,0.0,1.0,0,0,0.0,0,0
train,67,21,0.26,20,2,0.0,0.8333333333333334,0.75,0.6370370370370371,0.56,0.8571428571428571,-0.023809523809523725,0.8569369796186406,0.3181818181818182,0.05185185185185185,0.08,0.75,0.0,1.0,0.0,0.0,0,0,0.0,0,0
train,67,22,0.26,20,2,0.0,0.8,0.75,0.6222222222222222,0.48,0.8333333333333334,-0.033333333333333326,0.8341621877711843,0.2727272727272727,0.044444444444444446,0.12,0.75,0.0,1.0,0.0,0.0,0,0,0.0,0,0
train,67,23,0.26,20,2,0.1578947368421053,0.75,0.75,0.6,0.4166666666666667,0.8,-0.050000000000000044,0.8004973126627106,0.22727272727272727,0.037037037037037035,0.20833333333333334,0.75,0.0,1.0,0.0,0.0,1,2,0.4,0,1
train,67,24,0.26,20,2,0.0,0.6,0.5,0.5777777777777777,0.42857142857142855,0.75,-0.15000000000000002,0.7202983875976263,0.18181818181818182,0.044444444444444446,0.23809523809523808,0.5,1.0,0.0,0.0,0.0,0,0,0.0,0,0
train,67,25,0.26,20,2,0.0,0.75,0.75,0.5777777777777777,0.2916666666666667,0.6,0.15000000000000002,0.7321790325585757,0.22727272727272727,0.037037037037037035,0.2916666666666667,0.75,0.0,0.0,0.0,1.0,0,0,0.0,0,0
train,67,26,0.26,20,2,0.0,0.6666666666666666,0.6666666666666666,0.5703703703703704,0.4166666666666667,0.75,-0.08333333333333337,0.7059740862018121,0.18181818181818182,0.02962962962962963,0.20833333333333334,0.75,0.0,0.0,0.0,1.0,0,0,0.0,0,0
train,67,27,0.26,20,2,0.0,0.5,0.5,0.5481481481481482,0.5,0.6666666666666666,-0.16666666666666663,0.6235844517210873,0.13636363636363635,0.022222222222222223,0.16666666666666666,0.5,0.0,0.0,0.0,1.0,0,0,0.0,0,0
train,67,28,0.26,20,2,0.0,0.0,0.0,0.5259259259259259,0.5217391304347826,0.5,-0.5,0.37415067103265237,0.09090909090909091,0.014814814814814815,0.17391304347826086,0.75,0.0,1.0,0.0,0.0,0,0,0.0,0,0
train,67,29,0.26,20,2,0.0,0.0,0.0,0.5111111111111111,0.4,0.0,0.0,0.2244904026195914,0.045454545454545456,0.007407407407407408,0.25,0.5,0.0,0.0,0.0,1.0,0,0,0.0,0,0
train,68,0,0.3,20,2,0.0,0.9411764705882353,0.75,0.9629629629629629,0.7058823529411765,0.9411764705882353,0.0,0.9411764705882353,0.8181818181818182,0.13333333333333333,0.11764705882352941,0.5,0.0,1.0,0.0,0.0,0,0,0.0,0,0
train,68,1,0.3,20,2,0.0,0.9375,0.75,0.9407407407407408,0.6,0.9411764705882353,-0.003676470588235281,0.9397058823529412,0.7727272727272727,0.1259259259259259,0.2,0.5,0.0,0.0,0.0,1.0,0,0,0.0,0,0
train,68,2,0.3,20,2,0.0,0.9333333333333333,0.75,0.9259259259259259,0.5652173913043478,0.9375,-0.004166666666666652,0.9371568627450981,0.7272727272727273,0.11851851851851852,0.17391304347826086,1.0,0.0,1.0,0.0,0.0,1,2,0.1111111111111111,0,1
train,68,3,0.3,20,2,0.0,0.875,0.5,0.9111111111111111,0.5833333333333334,0.9333333333333333,-0.05833333333333335,0.9122941176470589,0.6818181818181818,0.1259259259259259,0.16666666666666666,0.25,1.0,0.0,0.0,0.0,0,0,0.0,0,0
train,68,4,0.3,20,2,0.0,0.9333333333333333,0.75,0.9111111111111111,0.4782608695652174,0.875,0.05833333333333335,0.9207098039215686,0.7272727272727273,0.11851851851851852,0.2608695652173913,1.0,0.0,0.0,0.0,1.0,0,0,0.0,0,0
train,68,5,0.3,20,2,0.0,0.9285714285714286,0.75,0.8962962962962963,0.5,0.9333333333333333,-0.004761904761904745,0.9238544537815127,0.6818181818181818,0.1111111111111111,0.20833333333333334,0.5,0.0,0.0,0.0,1.0,0,0,0.0,0,0
train,68,6,0.3,20,2,0.0,0.9230769230769231,0.75,0.8740740740740741,0.5416666666666666,0.9285714285714286,-0.005494505494505475,0.9235434414996768,0.6363636363636364,0.1037037037037037,0.08333333333333333,1.0,0.0,1.0,0.0,0.0,0,0,0.0,0,0
train,68,7,0.3,20,2,0.0,0.9166666666666666,0.75,0.8592592592592593,0.48,0.9230769230769231,-0.0064102564102564985,0.9207927315664728,0.5909090909090909,0.0962962962962963,0.16,0.75,0.0,1.0,0.0,0.0,0,0,0.0,0,0
train,68,8,0.3,20,2,0.0,0.9090909090909091,0.75,0.837037037037037,0.48,0.9166666666666666,-0.007575757575757569,0.9161120025762473,0.5454545454545454,0.08888888888888889,0.12,0.75,0.0,1.0,0.0,0.0,0,0,0.0,0,0
train,68,9,0.3,20,2,0.0,0.9,0.75,0.8148148148148148,0.52,0.9090909090909091,-0.009090909090909038,0.9096672015457483,0.5,0.08148148148148149,0.12,1.0,0.0,1.0,0.0,0.0,0,0,0.0,0,0
train,68,10,0.3,20,2,0.13636363636363635,0.8888888888888888,0.75,0.7925925925925926,0.5416666666666666,0.9,-0.011111111111111183,0.9013558764830045,0.45454545454545453,0.07407407407407407,0.08333333333333333,0.75,0.0,1.0,0.0,0.0,0,0,0.0,0,0
train,68,11,0.3,20,2,0.0,0.875,0.75,0.7703703703703704,0.47619047619047616,0.8888888888888888,-0.01388888888888884,0.8908135258898027,0.4090909090909091,0.06666666666666667,0.14285714285714285,0.5,0.0,0.0,0.0,1.0,0,0,0.0,0,0
train,68,12,0.3,20,2,0.0,0.8571428571428571,0.75,0.7555555555555555,0.42857142857142855,0.875,-0.017857142857142905,0.8773452583910244,0.36363636363636365,0.05925925925925926,0.23809523809523808,0.75,0.0,0.0,0.0,1.0,0,0,0.0,0,0
train,68,13,0.3,20,2,0.0,0.8333333333333334,0.75,0.7333333333333333,0.42857142857142855,0.8571428571428571,-0.023809523809523725,0.859740488367948,0.3181818181818182,0.05185185185185185,0.19047619047619047,0.75,0.0,0.0,0.0,1.0,0,0,0.0,0,0
train,68,14,0.3,20,2,0.0,0.8,0.75,0.7111111111111111,0.47619047619047616,0.8333333333333334,-0.033333333333333326,0.8358442930207689,0.2727272727272727,0.044444444444444446,0.19047619047619047,0.5,0.0,0.0,0.0,1.0,0,0,0.0,0,0
train,68,15,0.3,20,2,0.0,0.8333333333333334,0.75,0.6888888888888889,0.47619047619047616,0.8,0.033333333333333326,0.8348399091457946,0.22727272727272727,0.05185185185185185,0.23809523809523808,0.5,1.0,0.0,0.0,0.0,0,0,0.0,0,0
train,68,16,0.3,20,2,0.0,0.8,0.75,0.674074074074074,0.5,0.8333333333333334,-0.033333333333333326,0.8209039454874768,0.2727272727272727,0.044444444444444446,0.20833333333333334,0.5,0.0,0.0,0.0,1.0,0,0,0.0,0,0
train,68,17,0.3,20,2,0.0,0.75,0.75,0.6592592592592592,0.5416666666666666,0.8,-0.050000000000000044,0.7925423672924861,0.22727272727272727,0.037037037037037035,0.20833333333333334,0.5,0.0,0.0,0.0,1.0,0,0,0.0,0,0
train,68,18,0.3,20,2,0.09090909090909094,0.6666666666666666,0.6666666666666666,0.6370370370370371,0.5416666666666666,0.75,-0.08333333333333337,0.7421920870421583,0.18181818181818182,0.02962962962962963,0.16666666666666666,1.0,0.0,1.0,0.0,0.0,0,0,0.0,0,0
train,68,19,0.3,20,2,0.0,0.5,0.5,0.6222222222222222,0.38095238095238093,0.6666666666666666,-0.16666666666666663,0.645315252225295,0.13636363636363635,0.022222222222222223,0.19047619047619047,0.5,0.0,0.0,0.0,1.0,0,0,0.0,0,0
train,68,20,0.3,20,2,0.0,0.0,0.0,0.6074074074074074,0.47619047619047616,0.5,-0.5,0.38718915133517695,0.09090909090909091,0.014814814814814815,0.14285714285714285,0.75,0.0,0.0,0.0,1.0,0,0,0.0,0,0
train,68,21,0.3,20,2,0.0,0.0,0.0,0.5851851851851851,0.45,0.0,0.0,0.23231349080110617,0.045454545454545456,0.007407407407407408,0.2,0.75,0.0,0.0,0.0,1.0,0,0,0.0,0,0
train,69,0,0.34,22,4,0.0,0.9411764705882353,0.75,0.9629629629629629,0.7058823529411765,0.9411764705882353,0.0,0.9411764705882353,0.8181818181818182,0.13333333333333333,0.11764705882352941,0.5,0.0,1.0,0.0,0.0,0,0,0.0,0,0
train,69,1,0.34,22,4,0.0,0.9375,0.75,0.9407407407407408,0.6,0.9411764705882353,-0.003676470588235281,0.9397058823529412,0.7727272727272727,0.1259259259259259,0.2,0.5,0.0,1.0,0.0,0.0,0,0,0.0,0,0
train,69,2,0.34,22,4,0.0,0.9333333333333333,0.75,0.9185185185185185,0.47619047619047616,0.9375,-0.004166666666666652,0.9371568627450981,0.7272727272727273,0.11851851851851852,0.23809523809523808,0.75,0.0,1.0,0.0,0.0,0,0,0.0,0,0
train,69,3,0.34,22,4,0.0,0.9285714285714286,0.75,0.8962962962962963,0.47619047619047616,0.9333333333333333,-0.004761904761904745,0.9337226890756303,0.6818181818181818,0.1111111111111111,0.23809523809523808,0.5,0.0,0.0,0.0,1.0,0,0,0.0,0,0
train,69,4,0.34,22,4,0.0,0.9230769230769231,0.75,0.8814814814814815,0.5,0.9285714285714286,-0.005494505494505475,0.9294643826761474,0.6363636363636364,0.1037037037037037,0.20833333333333334,0.75,0.0,0.0,0.0,1.0,0,0,0.0,0,0
train,69,5,0.34,22,4,0.0,0.9166666666666666,0.75,0.8592592592592593,0.52,0.9230769230769231,-0.0064102564102564985,0.9243452962723551,0.5909090909090909,0.0962962962962963,0.2,0.75,0.0,1.0,0.0,0.0,0,0,0.0,0,0
train,69,6,0.34,22,4,0.0,0.9090909090909091,0.75,0.8444444444444444,0.56,0.9166666666666666,-0.007575757575757569,0.9182435413997767,0.5454545454545454,0.08888888888888889,0.16,0.5,0.0,0.0,0.0,1.0,0,0,0.0,0,0
train,69,7,0.34,22,4,0.0,0.9,0.75,0.8296296296296296,0.56,0.9090909090909091,-0.009090909090909038,0.910946124839866,0.5,0.08148148148148149,0.2,0.75,0.0,1.0,0.0,0.0,0,0,0.0,0,0
train,69,8,0.34,22,4,0.125,0.8888888888888888,0.75,0.8148148148148148,0.5833333333333334,0.9,-0.011111111111111183,0.9021232304594751,0.45454545454545453,0.07407407407407407,0.125,0.75,0.0,1.0,0.0,0.0,1,2,0.14285714285714285,0,1
train,69,9,0.34,22,4,0.0,0.8,0.5,0.7925925925925926,0.47619047619047616,0.8888888888888888,-0.0888888888888888,0.8612739382756851,0.4090909090909091,0.08148148148148149,0.19047619047619047,0.5,1.0,0.0,0.0,0.0,0,0,0.0,0,0
train,69,10,0.34,22,4,0.04761904761904767,0.8888888888888888,0.75,0.7925925925925926,0.4583333333333333,0.8,0.0888888888888888,0.8723199185209667,0.45454545454545453,0.07407407407407407,0.20833333333333334,0.75,0.0,0.0,0.0,1.0,0,0,0.0,0,0
train,69,11,0.34,22,4,0.0,0.875,0.75,0.7851851851851852,0.5,0.8888888888888888,-0.01388888888888884,0.8733919511125801,0.4090909090909091,0.06666666666666667,0.16666666666666666,0.5,0.0,0.0,0.0,1.0,0,0,0.0,0,0
train,69,12,0.34,22,4,0.0,0.8571428571428571,0.75,0.762962962962963,0.5416666666666666,0.875,-0.017857142857142905,0.8668923135246909,0.36363636363636365,0.05925925925925926,0.16666666666666666,0.75,0.0,0.0,0.0,1.0,0,0,0.0,0,0
train,69,13,0.34,22,4,0.13043478260869568,0.8333333333333334,0.75,0.7407407407407407,0.5416666666666666,0.8571428571428571,-0.023809523809523725,0.8534687214481479,0.3181818181818182,0.05185185185185185,0.125,1.0,0.0,1.0,0.0,0.0,1,2,0.18181818181818182,0,1
train,69,14,0.34,22,4,0.0,0.8,0.75,0.725925925925926,0.42857142857142855,0.8333333333333334,-0.033333333333333326,0.8320812328688888,0.2727272727272727,0.044444444444444446,0.14285714285714285,0.5,0.0,0.0,0.0,1.0,0,0,0.0,0,0
train,69,15,0.34,22,4,0.0,0.75,0.75,0.7111111111111111,0.47619047619047616,0.8,-0.050000000000000044,0.7992487397213333,0.22727272727272727,0.037037037037037035,0.19047619047619047,0.75,0.0,0.0,0.0,1.0,1,2,0.18181818181818182,0,1
train,69,16,0.34,22,4,0.0,0.7777777777777778,0.5,0.6888888888888889,0.47619047619047616,0.75,0.02777777777777779,0.7906603549439111,0.18181818181818182,0.07407407407407407,0.2857142857142857,0.25,0.0,0.0,1.0,0.0,0,0,0.0,0,0
train,69,17,0.34,22,4,0.06666666666666665,0.875,0.75,0.6888888888888889,0.3333333333333333,0.7777777777777778,0.09722222222222221,0.8243962129663467,0.22727272727272727,0.06666666666666667,0.3333333333333333,0.75,1.0,0.0,0.0,0.0,0,0,0.0,0,0
train,69,18,0.34,22,4,0.0,0.8571428571428571,0.75,0.6814814814814815,0.3333333333333333,0.875,-0.017857142857142905,0.8374948706369508,0.2727272727272727,0.05925925925925926,0.25,0.75,1.0,0.0,0.0,0.0,0,0,0.0,0,0
train,69,19,0.34,22,4,0.0,0.8333333333333334,0.75,0.6666666666666666,0.44,0.8571428571428571,-0.023809523809523725,0.8358302557155038,0.3181818181818182,0.05185185185185185,0.12,1.0,0.0,0.0,0.0,1.0,0,0,0.0,0,0
train,69,20,0.34,22,4,0.0,0.8571428571428571,0.75,0.6518518518518519,0.44,0.8333333333333334,0.023809523809523725,0.8443552962864451,0.2727272727272727,0.05925925925925926,0.16,0.5,1.0,0.0,0.0,0.0,0,0,0.0,0,0
train,69,21,0.34,22,4,0.0,0.8333333333333334,0.75,0.6370370370370371,0.56,0.8571428571428571,-0.023809523809523725,0.8399465111052005,0.3181818181818182,0.05185185185185185,0.08,1.0,0.0,0.0,0.0,1.0,0,0,0.0,0,0
train,69,22,0.34,22,4,0.0,0.8,0.75,0.6222222222222222,0.56,0.8333333333333334,-0.033333333333333326,0.8239679066631204,0.2727272727272727,0.044444444444444446,0.12,0.75,0.0,0.0,0.0,1.0,0,0,0.0,0,0
train,69,23,0.34,22,4,0.0,0.75,0.75,0.6,0.56,0.8,-0.050000000000000044,0.7943807439978723,0.22727272727272727,0.037037037037037035,0.08,0.75,0.0,1.0,0.0,0.0,0,0,0.0,0,0
train,69,24,0.34,22,4,0.0,0.6666666666666666,0.6666666666666666,0.5851851851851851,0.44,0.75,-0.08333333333333337,0.74329511306539,0.18181818181818182,0.02962962962962963,0.16,0.75,0.0,1.0,0.0,0.0,0,0,0.0,0,0
train,69,25,0.34,22,4,0.07692307692307687,0.5,0.5,0.562962962962963,0.3333333333333333,0.6666666666666666,-0.16666666666666663,0.645977067839234,0.13636363636363635,0.022222222222222223,0.16666666666666666,1.0,0.0,1.0,0.0,0.0,0,0,0.0,0,0
train,69,26,0.34,22,4,0.0,0.0,0.0,0.5481481481481482,0.2857142857142857,0.5,-0.5,0.3875862407035404,0.09090909090909091,0.014814814814814815,0.23809523809523808,0.5,0.0,0.0,0.0,1.0,0,0,0.0,0,0
train,69,27,0.34,22,4,0.0,0.0,0.0,0.5333333333333333,0.35,0.0,0.0,0.23255174442212423,0.045454545454545456,0.007407407407407408,0.15,0.75,0.0,0.0,0.0,1.0,0,0,0.0,0,0
train,70,0,0.18,20,2,0.0,0.9411764705882353,0.75,0.9629629629629629,0.7058823529411765,0.9411764705882353,0.0,0.9411764705882353,0.8181818181818182,0.13333333333333333,0.11764705882352941,0.5,0.0,1.0,0.0,0.0,0,0,0.0,0,0
train,70,1,0.18,20,2,0.0,0.9375,0.75,0.9407407407407408,0.6,0.9411764705882353,-0.003676470588235281,0.9397058823529412,0.7727272727272727,0.1259259259259259,0.15,0.75,0.0,1.0,0.0,0.0,0,0,0.0,0,0
train,70,2,0.18,20,2,0.0,0.9333333333333333,0.75,0.9185185185185185,0.47619047619047616,0.9375,-0.004166666666666652,0.9371568627450981,0.7272727272727273,0.11851851851851852,0.19047619047619047,0.75,0.0,1.0,0.0,0.0,1,2,0.1111111111111111,0,1
train,70,3,0.18,20,2,0.0,0.9285714285714286,0.75,0.8962962962962963,0.47619047619047616,0.9333333333333333,-0.004761904761904745,0.9337226890756303,0.6818181818181818,0.1111111111111111,0.19047619047619047,0.5,0.0,0.0,0.0,1.0,0,0,0.0,0,0
train,70,4,0.18,20,2,0.0,0.9230769230769231,0.75,0.8814814814814815,0.5,0.9285714285714286,-0.005494505494505475,0.9294643826761474,0.6363636363636364,0.1037037037037037,0.125,1.0,0.0,1.0,0.0,0.0,0,0,0.0,0,0
train,70,5,0.18,20,2,0.0,0.9166666666666666,0.75,0.8666666666666667,0.5416666666666666,0.9230769230769231,-0.0064102564102564985,0.9243452962723551,0.5909090909090909,0.0962962962962963,0.08333333333333333,0.75,0.0,1.0,0.0,0.0,1,2,0.11764705882352941,0,1
train,70,6,0.18,20,2,0.1578947368421053,0.9090909090909091,0.75,0.8444444444444444,0.5217391304347826,0.9166666666666666,-0.007575757575757569,0.9182435413997767,0.5454545454545454,0.08888888888888889,0.043478260869565216,1.0,0.0,1.0,0.0,0.0,1,2,0.1111111111111111,0,1
train,70,7,0.18,20,2,0.0,0.9,0.75,0.8222222222222222,0.45,0.9090909090909091,-0.009090909090909038,0.910946124839866,0.5,0.08148148148148149,0.1,0.75,0.0,0.0,0.0,1.0,0,0,0.0,0,0
train,70,8,0.18,20,2,0.0,0.8888888888888888,0.75,0.8074074074074075,0.42857142857142855,0.9,-0.011111111111111183,0.9021232304594751,0.45454545454545453,0.07407407407407407,0.09523809523809523,0.75,0.0,0.0,0.0,1.0,0,0,0.0,0,0
train,70,9,0.18,20,2,0.0,0.875,0.75,0.7851851851851852,0.42857142857142855,0.8888888888888888,-0.01388888888888884,0.8912739382756851,0.4090909090909091,0.06666666666666667,0.14285714285714285,0.75,0.0,0.0,0.0,1.0,0,0,0.0,0,0
train,70,10,0.18,20,2,0.0,0.8571428571428571,0.75,0.762962962962963,0.47619047619047616,0.875,-0.017857142857142905,0.8776215058225539,0.36363636363636365,0.05925925925925926,0.14285714285714285,0.75,0.0,0.0,0.0,1.0,0,0,0.0,0,0
train,70,11,0.18,20,2,0.0,0.8333333333333334,0.75,0.7407407407407407,0.47619047619047616,0.8571428571428571,-0.023809523809523725,0.8599062368268657,0.3181818181818182,0.05185185185185185,0.14285714285714285,0.75,0.0,0.0,0.0,1.0,0,0,0.0,0,0
train,70,12,0.18,20,2,0.0,0.8,0.75,0.7185185185185186,0.47619047619047616,0.8333333333333334,-0.033333333333333326,0.8359437420961194,0.2727272727272727,0.044444444444444446,0.14285714285714285,0.75,0.0,0.0,0.0,1.0,1,2,0.14285714285714285,0,1
train,70,13,0.18,20,2,0.0,0.75,0.75,0.6962962962962963,0.47619047619047616,0.8,-0.050000000000000044,0.8015662452576717,0.22727272727272727,0.037037037037037035,0.14285714285714285,0.75,0.0,0.0,0.0,1.0,1,2,0.13333333333333333,0,1
train,70,14,0.18,20,2,0.0,0.6666666666666666,0.6666666666666666,0.674074074074074,0.47619047619047616,0.75,-0.08333333333333337,0.7476064138212697,0.18181818181818182,0.02962962962962963,0.14285714285714285,0.75,0.0,0.0,0.0,1.0,1,2,0.125,0,1
train,70,15,0.18,20,2,0.0,0.5,0.5,0.6518518518518519,0.47619047619047616,0.6666666666666666,-0.16666666666666663,0.6485638482927618,0.13636363636363635,0.022222222222222223,0.19047619047619047,0.5,0.0,0.0,0.0,1.0,1,2,0.11764705882352941,0,1
train,70,16,0.18,20,2,0.0,0.6666666666666666,0.25,0.6296296296296297,0.47619047619047616,0.5,0.16666666666666663,0.6558049756423238,0.09090909090909091,0.07407407407407407,0.2857142857142857,0.25,0.0,0.0,1.0,0.0,0,0,0.0,0,0
train,70,17,0.18,20,2,0.0,0.75,0.5,0.6296296296296297,0.3333333333333333,0.6666666666666666,0.08333333333333337,0.6934829853853943,0.13636363636363635,0.06666666666666667,0.3333333333333333,0.5,0.0,0.0,1.0,0.0,0,0,0.0,0,0
train,70,18,0.18,20,2,0.09090909090909094,0.8571428571428571,0.75,0.6296296296296297,0.19047619047619047,0.75,0.1071428571428571,0.7589469340883794,0.18181818181818182,0.05925925925925926,0.38095238095238093,0.75,1.0,0.0,0.0,0.0,0,0,0.0,0,1
train,70,19,0.18,20,2,0.0,0.9,0.75,0.6222222222222222,0.375,0.8571428571428571,0.04285714285714293,0.8153681604530276,0.22727272727272727,0.08148148148148149,0.25,0.5,0.0,0.0,1.0,0.0,0,0,0.0,0,0
train,70,20,0.18,20,2,0.0,0.9090909090909091,0.75,0.6148148148148148,0.2916666666666667,0.9,0.009090909090909038,0.8528572599081802,0.2727272727272727,0.08888888888888889,0.2916666666666667,0.75,0.0,0.0,1.0,0.0,0,0,0.0,0,0
train,70,21,0.18,20,2,0.07692307692307687,0.9,0.75,0.6074074074074074,0.25,0.9090909090909091,-0.009090909090909038,0.8717143559449081,0.3181818181818182,0.08148148148148149,0.25,1.0,1.0,0.0,0.0,0.0,0,0,0.0,0,0
train,70,22,0.18,20,2,0.0,0.8888888888888888,0.75,0.5925925925925926,0.44,0.9,-0.011111111111111183,0.8785841691225005,0.36363636363636365,0.07407407407407407,0.12,0.75,1.0,0.0,0.0,0.0,0,0,0.0,0,0
train,70,23,0.18,20,2,0.0,0.9,0.75,0.5703703703703704,0.52,0.8888888888888888,0.011111111111111183,0.8871505014735004,0.4090909090909091,0.08148148148148149,0.12,0.75,1.0,0.0,0.0,0.0,0,0,0.0,0,0
train,70,24,0.18,20,2,0.0,0.8888888888888888,0.75,0.5481481481481482,0.56,0.9,-0.011111111111111183,0.8878458564396559,0.45454545454545453,0.07407407407407407,0.12,0.75,0.0,0.0,0.0,1.0,0,0,0.0,0,0
train,70,25,0.18,20,2,0.0,0.875,0.75,0.5333333333333333,0.48,0.8888888888888888,-0.01388888888888884,0.8827075138637934,0.4090909090909091,0.06666666666666667,0.16,0.75,0.0,0.0,0.0,1.0,0,0,0.0,0,0
train,70,26,0.18,20,2,0.04761904761904767,0.8571428571428571,0.75,0.5111111111111111,0.44,0.875,-0.017857142857142905,0.8724816511754189,0.36363636363636365,0.05925925925925926,0.16,1.0,0.0,1.0,0.0,0.0,1,2,0.25,0,1
train,70,27,0.18,20,2,0.0,0.75,0.5,0.5037037037037037,0.28,0.8571428571428571,-0.1071428571428571,0.8234889907052514,0.3181818181818182,0.06666666666666667,0.2,0.25,1.0,0.0,0.0,0.0,0,0,0.0,0,0
train,70,28,0.18,20,2,0.0,0.8571428571428571,0.75,0.5037037037037037,0.4,0.75,0.1071428571428571,0.8369505372802937,0.36363636363636365,0.05925925925925926,0.2,1.0,0.0,0.0,0.0,1.0,0,0,0.0,0,0
train,70,29,0.18,20,2,0.0,0.8333333333333334,0.75,0.4888888888888889,0.48,0.8571428571428571,-0.023809523809523725,0.8355036557015095,0.3181818181818182,0.05185185185185185,0.16,0.75,0.0,0.0,0.0,1.0,0,0,0.0,0,0
train,70,30,0.18,20,2,0.0,0.8,0.75,0.4666666666666667,0.52,0.8333333333333334,-0.033333333333333326,0.8213021934209057,0.2727272727272727,0.044444444444444446,0.08,1.0,0.0,1.0,0.0,0.0,0,0,0.0,0,0
train,70,31,0.18,20,2,0.0625,0.75,0.75,0.45185185185185184,0.36,0.8,-0.050000000000000044,0.7927813160525434,0.22727272727272727,0.037037037037037035,0.2,0.75,0.0,1.0,0.0,0.0,0,0,0.0,0,0
train,70,32,0.18,20,2,0.0,0.6666666666666666,0.6666666666666666,0.43703703703703706,0.2,0.75,-0.08333333333333337,0.7423354562981928,0.18181818181818182,0.02962962962962963,0.28,0.75,0.0,0.0,0.0,1.0,0,0,0.0,0,0
train,70,33,0.18,20,2,0.07692307692307687,0.5,0.5,0.4222222222222222,0.375,0.6666666666666666,-0.16666666666666663,0.6454012737789157,0.13636363636363635,0.022222222222222223,0.25,0.75,0.0,1.0,0.0,0.0,0,0,0.0,0,0
train,70,34,0.18,20,2,0.0,0.0,0.0,0.4148148148148148,0.30434782608695654,0.5,-0.5,0.3872407642673494,0.09090909090909091,0.014814814814814815,0.21739130434782608,0.5,0.0,0.0,0.0,1.0,0,0,0.0,0,0
train,70,35,0.18,20,2,0.0,0.0,0.0,0.4,0.4,0.0,0.0,0.2323444585604096,0.045454545454545456,0.007407407407407408,0.25,0.5,0.0,1.0,0.0,0.0,0,0,0.0,0,0
train,71,0,0.22,24,6,0.0,0.9411764705882353,0.75,0.9629629629629629,0.7058823529411765,0.9411764705882353,0.0,0.9411764705882353,0.8181818181818182,0.13333333333333333,0.11764705882352941,0.5,0.0,1.0,0.0,0.0,0,0,0.0,0,0
train,71,1,0.22,24,6,0.0,0.9375,0.75,0.9407407407407408,0.6,0.9411764705882353,-0.003676470588235281,0.9397058823529412,0.7727272727272727,0.1259259259259259,0.2,0.5,0.0,0.0,0.0,1.0,0,0,0.0,0,0
train,71,2,0.22,24,6,0.0,0.9333333333333333,0.75,0.9259259259259259,0.5652173913043478,0.9375,-0.004166666666666652,0.9371568627450981,0.7272727272727273,0.11851851851851852,0.17391304347826086,1.0,0.0,1.0,0.0,0.0,0,0,0.0,0,0
train,71,3,0.22,24,6,0.0,0.9285714285714286,0.75,0.9111111111111111,0.5833333333333334,0.9333333333333333,-0.004761904761904745,0.9337226890756303,0.6818181818181818,0.1111111111111111,0.08333333333333333,0.75,0.0,1.0,0.0,0.0,0,0,0.0,0,0
train,71,4,0.22,24,6,0.0,0.9230769230769231,0.75,0.8888888888888888,0.5416666666666666,0.9285714285714286,-0.005494505494505475,0.9294643826761474,0.6363636363636364,0.1037037037037037,0.041666666666666664,1.0,0.0,1.0,0.0,0.0,0,0,0.0,0,0
train,71,5,0.22,24,6,0.0,0.9166666666666666,0.75,0.8666666666666667,0.5416666666666666,0.9230769230769231,-0.0064102564102564985,0.9243452962723551,0.5909090909090909,0.0962962962962963,0.041666666666666664,1.0,0.0,1.0,0.0,0.0,0,0,0.0,0,0
train,71,6,0.22,24,6,0.0,0.9090909090909091,0.75,0.8444444444444444,0.5217391304347826,0.9166666666666666,-0.007575757575757569,0.9182435413997767,0.5454545454545454,0.08888888888888889,0.043478260869565216,0.75,0.0,0.0,0.0,1.0,0,0,0.0,0,0
train,71,7,0.22,24,6,0.1428571428571429,0.9,0.75,0.8296296296296296,0.5,0.9090909090909091,-0.009090909090909038,0.910946124839866,0.5,0.08148148148148149,0.041666666666666664,1.0,0.0,1.0,0.0,0.0,0,0,0.0,0,0
train,71,8,0.22,24,6,0.0,0.8888888888888888,0.75,0.8148148148148148,0.47619047619047616,0.9,-0.011111111111111183,0.9021232304594751,0.45454545454545453,0.07407407407407407,0.09523809523809523,0.5,0.0,0.0,0.0,1.0,0,0,0.0,0,0
train,71,9,0.22,24,6,0.0,0.875,0.75,0.8,0.5238095238095238,0.8888888888888888,-0.01388888888888884,0.8912739382756851,0.4090909090909091,0.06666666666666667,0.14285714285714285,0.75,0.0,0.0,0.0,1.0,0,0,0.0,0,0
train,71,10,0.22,24,6,0.0,0.8571428571428571,0.75,0.7777777777777778,0.47619047619047616,0.875,-0.017857142857142905,0.8776215058225539,0.36363636363636365,0.05925925925925926,0.23809523809523808,0.5,0.0,0.0,0.0,1.0,0,0,0.0,0,0
train,71,11,0.22,24,6,0.0,0.8333333333333334,0.75,0.7555555555555555,0.47619047619047616,0.8571428571428571,-0.023809523809523725,0.8599062368268657,0.3181818181818182,0.05185185185185185,0.19047619047619047,0.75,0.0,0.0,0.0,1.0,0,0,0.0,0,0
train,71,12,0.22,24,6,0.0,0.8,0.75,0.7333333333333333,0.47619047619047616,0.8333333333333334,-0.033333333333333326,0.8359437420961194,0.2727272727272727,0.044444444444444446,0.23809523809523808,0.5,0.0,0.0,0.0,1.0,0,0,0.0,0,0
train,71,13,0.22,24,6,0.0,0.75,0.75,0.7111111111111111,0.47619047619047616,0.8,-0.050000000000000044,0.8015662452576717,0.22727272727272727,0.037037037037037035,0.19047619047619047,0.75,0.0,0.0,0.0,1.0,0,0,0.0,0,0
train,71,14,0.22,24,6,0.0,0.6666666666666666,0.6666666666666666,0.6888888888888889,0.47619047619047616,0.75,-0.08333333333333337,0.7476064138212697,0.18181818181818182,0.02962962962962963,0.19047619047619047,0.75,0.0,0.0,0.0,1.0,0,0,0.0,0,0
train,71,15,0.22,24,6,0.0,0.75,0.75,0.6666666666666666,0.47619047619047616,0.6666666666666666,0.08333333333333337,0.7485638482927619,0.13636363636363635,0.037037037037037035,0.19047619047619047,0.5,1.0,0.0,0.0,0.0,0,0,0.0,0,0
train,71,16,0.22,24,6,0.0,0.8,0.75,0.6518518518518519,0.5,0.75,0.050000000000000044,0.7691383089756572,0.18181818181818182,0.044444444444444446,0.20833333333333334,0.75,1.0,0.0,0.0,0.0,0,0,0.0,0,0
train,71,17,0.22,24,6,0.0,0.8333333333333334,0.75,0.6296296296296297,0.52,0.8,0.033333333333333326,0.7948163187187276,0.22727272727272727,0.05185185185185185,0.16,0.75,1.0,0.0,0.0,0.0,0,0,0.0,0,0
train,71,18,0.22,24,6,0.0,0.8,0.75,0.6074074074074074,0.56,0.8333333333333334,-0.033333333333333326,0.7968897912312366,0.2727272727272727,0.044444444444444446,0.08,1.0,0.0,0.0,0.0,1.0,0,0,0.0,0,0
train,71,19,0.22,24,6,0.0,0.75,0.75,0.5925925925925926,0.52,0.8,-0.050000000000000044,0.778133874738742,0.22727272727272727,0.037037037037037035,0.12,0.75,0.0,0.0,0.0,1.0,0,0,0.0,0,0
train,71,20,0.22,24,6,0.0,0.6666666666666666,0.6666666666666666,0.5703703703703704,0.5,0.75,-0.08333333333333337,0.7335469915099118,0.18181818181818182,0.02962962962962963,0.08333333333333333,1.0,0.0,1.0,0.0,0.0,0,0,0.0,0,0
train,71,21,0.22,24,6,0.0,0.5,0.5,0.5555555555555556,0.375,0.6666666666666666,-0.16666666666666663,0.6401281949059471,0.13636363636363635,0.022222222222222223,0.16666666666666666,0.5,0.0,1.0,0.0,0.0,0,0,0.0,0,0
train,71,22,0.22,24,6,0.0,0.0,0.0,0.5407407407407407,0.30434782608695654,0.5,-0.5,0.3840769169435682,0.09090909090909091,0.014814814814814815,0.21739130434782608,0.5,0.0,0.0,0.0,1.0,0,0,0.0,0,0
train,71,23,0.22,24,6,0.0,0.0,0.0,0.5259259259259259,0.35,0.0,0.0,0.23044615016614092,0.045454545454545456,0.007407407407407408,0.3,0.5,0.0,1.0,0.0,0.0,0,0,0.0,0,0
train,72,0,0.26,24,6,0.0,0.9411764705882353,0.75,0.9629629629629629,0.7058823529411765,0.9411764705882353,0.0,0.9411764705882353,0.8181818181818182,0.13333333333333333,0.11764705882352941,0.5,0.0,1.0,0.0,0.0,0,0,0.0,0,0
train,72,1,0.26,24,6,0.0,0.9375,0.75,0.9407407407407408,0.6,0.9411764705882353,-0.003676470588235281,0.9397058823529412,0.7727272727272727,0.1259259259259259,0.2,0.5,0.0,1.0,0.0,0.0,0,0,0.0,0,0
train,72,2,0.26,24,6,0.0,0.9333333333333333,0.75,0.9185185185185185,0.47619047619047616,0.9375,-0.004166666666666652,0.9371568627450981,0.7272727272727273,0.11851851851851852,0.2857142857142857,0.5,0.0,1.0,0.0,0.0,0,0,0.0,0,0
train,72,3,0.26,24,6,0.0,0.9285714285714286,0.75,0.8962962962962963,0.47619047619047616,0.9333333333333333,-0.004761904761904745,0.9337226890756303,0.6818181818181818,0.1111111111111111,0.2857142857142857,0.5,0.0,1.0,0.0,0.0,0,0,0.0,0,0
train,72,4,0.26,24,6,0.0,0.9230769230769231,0.75,0.8740740740740741,0.47619047619047616,0.9285714285714286,-0.005494505494505475,0.9294643826761474,0.6363636363636364,0.1037037037037037,0.23809523809523808,0.75,0.0,1.0,0.0,0.0,0,0,0.0,0,0
train,72,5,0.26,24,6,0.2142857142857143,0.9166666666666666,0.75,0.8518518518518519,0.45,0.9230769230769231,-0.0064102564102564985,0.9243452962723551,0.5909090909090909,0.0962962962962963,0.2,0.75,0.0,1.0,0.0,0.0,1,2,0.10526315789473684,0,1
train,72,6,0.26,24,6,0.0,0.9090909090909091,0.75,0.8296296296296296,0.35294117647058826,0.9166666666666666,-0.007575757575757569,0.9182435413997767,0.5454545454545454,0.08888888888888889,0.23529411764705882,0.5,0.0,0.0,0.0,1.0,0,0,0.0,0,0
train,72,7,0.26,24,6,0.0,0.9166666666666666,0.75,0.8148148148148148,0.4,0.9090909090909091,0.007575757575757569,0.9176127915065327,0.5,0.0962962962962963,0.3,0.5,1.0,0.0,0.0,0.0,0,0,0.0,0,0
train,72,8,0.26,24,6,0.0,0.9090909090909091,0.75,0.8074074074074075,0.30434782608695654,0.9166666666666666,-0.007575757575757569,0.9142040385402833,0.5454545454545454,0.08888888888888889,0.34782608695652173,1.0,0.0,0.0,0.0,1.0,0,0,0.0,0,0
train,72,9,0.26,24,6,0.0,0.9,0.75,0.7925925925925926,0.4583333333333333,0.9090909090909091,-0.009090909090909038,0.90852242312417,0.5,0.08148148148148149,0.16666666666666666,0.75,0.0,0.0,0.0,1.0,0,0,0.0,0,0
train,72,10,0.26,24,6,0.1428571428571429,0.8888888888888888,0.75,0.7703703703703704,0.5416666666666666,0.9,-0.011111111111111183,0.9006690094300576,0.45454545454545453,0.07407407407407407,0.08333333333333333,0.75,0.0,1.0,0.0,0.0,1,2,0.125,0,1
train,72,11,0.26,24,6,0.0,0.875,0.75,0.7555555555555555,0.38095238095238093,0.8888888888888888,-0.01388888888888884,0.8904014056580345,0.4090909090909091,0.06666666666666667,0.19047619047619047,0.5,0.0,0.0,0.0,1.0,0,0,0.0,0,0
train,72,12,0.26,24,6,0.0,0.8571428571428571,0.75,0.7407407407407407,0.47619047619047616,0.875,-0.017857142857142905,0.8770979862519636,0.36363636363636365,0.05925925925925926,0.19047619047619047,0.75,0.0,0.0,0.0,1.0,0,0,0.0,0,0
train,72,13,0.26,24,6,0.0,0.8333333333333334,0.75,0.7185185185185186,0.47619047619047616,0.8571428571428571,-0.023809523809523725,0.8595921250845114,0.3181818181818182,0.05185185185185185,0.19047619047619047,0.75,0.0,0.0,0.0,1.0,0,0,0.0,0,0
train,72,14,0.26,24,6,0.0,0.8,0.75,0.6962962962962963,0.47619047619047616,0.8333333333333334,-0.033333333333333326,0.8357552750507069,0.2727272727272727,0.044444444444444446,0.14285714285714285,0.75,0.0,0.0,0.0,1.0,1,2,0.14285714285714285,0,1
train,72,15,0.26,24,6,0.0,0.75,0.75,0.674074074074074,0.47619047619047616,0.8,-0.050000000000000044,0.8014531650304242,0.22727272727272727,0.037037037037037035,0.14285714285714285,0.75,0.0,0.0,0.0,1.0,1,2,0.13333333333333333,0,1
train,72,16,0.26,24,6,0.0,0.8,0.75,0.6518518518518519,0.47619047619047616,0.75,0.050000000000000044,0.8008718990182546,0.18181818181818182,0.044444444444444446,0.19047619047619047,0.5,1.0,0.0,0.0,0.0,0,0,0.0,0,1
train,72,17,0.26,24,6,0.0,0.75,0.75,0.6370370370370371,0.5,0.8,-0.050000000000000044,0.7805231394109529,0.22727272727272727,0.037037037037037035,0.16666666666666666,0.75,0.0,0.0,0.0,1.0,1,2,0.13333333333333333,0,1
train,72,18,0.26,24,6,0.0,0.8181818181818182,0.5,0.6222222222222222,0.5416666666666666,0.75,0.06818181818181823,0.795586610919299,0.18181818181818182,0.08888888888888889,0.20833333333333334,0.25,0.0,0.0,1.0,0.0,0,0,0.0,0,0
train,72,19,0.26,24,6,0.0,0.9,0.75,0.6222222222222222,0.4166666666666667,0.8181818181818182,0.08181818181818179,0.8373519665515794,0.22727272727272727,0.08148148148148149,0.25,0.75,0.0,0.0,1.0,0.0,0,0,0.0,0,0
train,72,20,0.26,24,6,0.0625,0.8888888888888888,0.75,0.6148148148148148,0.25,0.9,-0.011111111111111183,0.8579667354865033,0.2727272727272727,0.07407407407407407,0.2916666666666667,1.0,1.0,0.0,0.0,0.0,0,0,0.0,0,1
train,72,21,0.26,24,6,0.0,0.9166666666666666,0.75,0.6,0.44,0.8888888888888888,0.02777777777777779,0.8814467079585686,0.3181818181818182,0.0962962962962963,0.16,0.5,0.0,0.0,1.0,0.0,0,0,0.0,0,0
train,72,22,0.26,24,6,0.0625,0.9090909090909091,0.75,0.5851851851851851,0.32,0.9166666666666666,-0.007575757575757569,0.8925043884115048,0.36363636363636365,0.08888888888888889,0.2,1.0,1.0,0.0,0.0,0.0,0,0,0.0,0,0
train,72,23,0.26,24,6,0.0,0.9,0.75,0.5703703703703704,0.52,0.9090909090909091,-0.009090909090909038,0.8955026330469029,0.4090909090909091,0.08148148148148149,0.08,0.75,1.0,0.0,0.0,0.0,0,0,0.0,0,0
train,72,24,0.26,24,6,0.0,0.8888888888888888,0.75,0.5481481481481482,0.56,0.9,-0.011111111111111183,0.8928571353836974,0.45454545454545453,0.07407407407407407,0.08,0.75,0.0,0.0,0.0,1.0,0,0,0.0,0,0
train,72,25,0.26,24,6,0.0,0.875,0.75,0.5333333333333333,0.48,0.8888888888888888,-0.01388888888888884,0.8857142812302183,0.4090909090909091,0.06666666666666667,0.12,0.75,0.0,0.0,0.0,1.0,0,0,0.0,0,0
train,72,26,0.26,24,6,0.09999999999999998,0.8571428571428571,0.75,0.5111111111111111,0.4,0.875,-0.017857142857142905,0.8742857115952738,0.36363636363636365,0.05925925925925926,0.16,1.0,0.0,1.0,0.0,0.0,0,0,0.0,0,0
train,72,27,0.26,24,6,0.0,0.8333333333333334,0.75,0.5037037037037037,0.24,0.8571428571428571,-0.023809523809523725,0.8579047602904977,0.3181818181818182,0.05185185185185185,0.12,0.5,0.0,0.0,0.0,1.0,0,0,0.0,0,0
train,72,28,0.26,24,6,0.0,0.8,0.75,0.4962962962962963,0.36,0.8333333333333334,-0.033333333333333326,0.8347428561742987,0.2727272727272727,0.044444444444444446,0.2,0.75,0.0,0.0,0.0,1.0,0,0,0.0,0,0
train,72,29,0.26,24,6,0.0,0.75,0.75,0.4740740740740741,0.48,0.8,-0.050000000000000044,0.8008457137045792,0.22727272727272727,0.037037037037037035,0.2,0.75,0.0,0.0,0.0,1.0,0,0,0.0,0,0
train,72,30,0.26,24,6,0.0,0.6666666666666666,0.6666666666666666,0.45185185185185184,0.5,0.75,-0.08333333333333337,0.7471740948894141,0.18181818181818182,0.02962962962962963,0.16666666666666666,0.75,0.0,1.0,0.0,0.0,0,0,0.0,0,0
train,72,31,0.26,24,6,0.0,0.5,0.5,0.43703703703703706,0.4166666666666667,0.6666666666666666,-0.16666666666666663,0.6483044569336485,0.13636363636363635,0.022222222222222223,0.20833333333333334,0.75,0.0,1.0,0.0,0.0,0,0,0.0,0,0
train,72,32,0.26,24,6,0.0,0.0,0.0,0.4222222222222222,0.34782608695652173,0.5,-0.5,0.38898267416018906,0.09090909090909091,0.014814814814814815,0.21739130434782608,0.75,0.0,1.0,0.0,0.0,0,0,0.0,0,0
train,72,33,0.26,24,6,0.0,0.0,0.0,0.4,0.3,0.0,0.0,0.23338960449611343,0.045454545454545456,0.007407407407407408,0.25,0.5,0.0,0.0,0.0,1.0,0,0,0.0,0,0
train,73,0,0.3,20,2,0.0,0.9411764705882353,0.75,0.9629629629629629,0.7058823529411765,0.9411764705882353,0.0,0.9411764705882353,0.8181818181818182,0.13333333333333333,0.17647058823529413,0.25,0.0,1.0,0.0,0.0,0,0,0.0,0,0
train,73,1,0.3,20,2,0.0,0.9375,0.75,0.9407407407407408,0.6,0.9411764705882353,-0.003676470588235281,0.9397058823529412,0.7727272727272727,0.1259259259259259,0.2,0.75,0.0,1.0,0.0,0.0,0,0,0.0,0,0
train,73,2,0.3,20,2,0.0,0.9333333333333333,0.75,0.9185185185185185,0.47619047619047616,0.9375,-0.004166666666666652,0.9371568627450981,0.7272727272727273,0.11851851851851852,0.2857142857142857,0.5,0.0,0.0,0.0,1.0,0,0,0.0,0,0
train,73,3,0.3,20,2,0.0,0.9285714285714286,0.75,0.9037037037037037,0.5416666666666666,0.9333333333333333,-0.004761904761904745,0.9337226890756303,0.6818181818181818,0.1111111111111111,0.16666666666666666,1.0,0.0,1.0,0.0,0.0,0,0,0.0,0,0
train,73,4,0.3,20,2,0.0,0.9230769230769231,0.75,0.8888888888888888,0.5416666666666666,0.9285714285714286,-0.005494505494505475,0.9294643826761474,0.6363636363636364,0.1037037037037037,0.16666666666666666,0.5,0.0,0.0,0.0,1.0,0,0,0.0,0,0
train,73,5,0.3,20,2,0.0,0.9166666666666666,0.75,0.8740740740740741,0.6,0.9230769230769231,-0.0064102564102564985,0.9243452962723551,0.5909090909090909,0.0962962962962963,0.08,1.0,0.0,1.0,0.0,0.0,1,2,0.13333333333333333,0,1
train,73,6,0.3,20,2,0.0,0.9090909090909091,0.75,0.8592592592592593,0.6,0.9166666666666666,-0.007575757575757569,0.9182435413997767,0.5454545454545454,0.08888888888888889,0.08,0.75,0.0,1.0,0.0,0.0,1,2,0.125,0,1
train,73,7,0.3,20,2,0.0,0.9,0.75,0.837037037037037,0.5416666666666666,0.9090909090909091,-0.009090909090909038,0.910946124839866,0.5,0.08148148148148149,0.08333333333333333,0.75,0.0,0.0,0.0,1.0,0,0,0.0,0,0
train,73,8,0.3,20,2,0.125,0.8888888888888888,0.75,0.8222222222222222,0.5416666666666666,0.9,-0.011111111111111183,0.9021232304594751,0.45454545454545453,0.07407407407407407,0.08333333333333333,1.0,0.0,1.0,0.0,0.0,1,2,0.125,0,1
train,73,9,0.3,20,2,0.0,0.875,0.75,0.8074074074074075,0.47619047619047616,0.8888888888888888,-0.01388888888888884,0.8912739382756851,0.4090909090909091,0.06666666666666667,0.09523809523809523,0.5,0.0,0.0,0.0,1.0,0,0,0.0,0,0
train,73,10,0.3,20,2,0.0,0.8571428571428571,0.75,0.7925925925925926,0.5238095238095238,0.875,-0.017857142857142905,0.8776215058225539,0.36363636363636365,0.05925925925925926,0.14285714285714285,0.75,0.0,0.0,0.0,1.0,1,2,0.125,0,1
train,73,11,0.3,20,2,0.0,0.8333333333333334,0.5,0.7703703703703704,0.47619047619047616,0.8571428571428571,-0.023809523809523725,0.8599062368268657,0.3181818181818182,0.0962962962962963,0.2857142857142857,0.25,0.0,0.0,1.0,0.0,0,0,0.0,0,0
train,73,12,0.3,20,2,0.0625,0.9090909090909091,0.75,0.7703703703703704,0.38095238095238093,0.8333333333333334,0.07575757575757569,0.879580105732483,0.36363636363636365,0.08888888888888889,0.2857142857142857,0.75,1.0,0.0,0.0,0.0,0,0,0.0,0,0
train,73,13,0.3,20,2,0.0,0.9,0.75,0.762962962962963,0.2916666666666667,0.9090909090909091,-0.009090909090909038,0.8877480634394899,0.4090909090909091,0.08148148148148149,0.25,0.75,1.0,0.0,0.0,0.0,0,0,0.0,0,0
train,73,14,0.3,20,2,0.0,0.8888888888888888,0.75,0.7481481481481481,0.36,0.9,-0.011111111111111183,0.8882043936192494,0.45454545454545453,0.07407407407407407,0.12,1.0,0.0,0.0,0.0,1.0,0,0,0.0,0,0
train,73,15,0.3,20,2,0.0,0.9,0.75,0.7333333333333333,0.4,0.8888888888888888,0.011111111111111183,0.8929226361715497,0.4090909090909091,0.08148148148148149,0.16,0.5,1.0,0.0,0.0,0.0,0,0,0.0,0,0
train,73,16,0.3,20,2,0.0,0.8888888888888888,0.75,0.7185185185185186,0.48,0.9,-0.011111111111111183,0.8913091372584854,0.45454545454545453,0.07407407407407407,0.12,0.75,0.0,0.0,0.0,1.0,0,0,0.0,0,0
train,73,17,0.3,20,2,0.0,0.875,0.75,0.7037037037037037,0.52,0.8888888888888888,-0.01388888888888884,0.8847854823550911,0.4090909090909091,0.06666666666666667,0.16,0.75,0.0,0.0,0.0,1.0,0,0,0.0,0,0
train,73,18,0.3,20,2,0.0,0.8571428571428571,0.75,0.6814814814814815,0.56,0.875,-0.017857142857142905,0.8737284322701975,0.36363636363636365,0.05925925925925926,0.08,1.0,0.0,1.0,0.0,0.0,1,2,0.2,0,1
train,73,19,0.3,20,2,0.0,0.8333333333333334,0.75,0.6666666666666666,0.44,0.8571428571428571,-0.023809523809523725,0.8575703926954519,0.3181818181818182,0.05185185185185185,0.16,0.5,0.0,0.0,0.0,1.0,0,0,0.0,0,0
train,73,20,0.3,20,2,0.0,0.8,0.75,0.6518518518518519,0.56,0.8333333333333334,-0.033333333333333326,0.8345422356172711,0.2727272727272727,0.044444444444444446,0.08,1.0,0.0,1.0,0.0,0.0,1,2,0.2,0,1
train,73,21,0.3,20,2,0.09999999999999998,0.75,0.75,0.6370370370370371,0.5,0.8,-0.050000000000000044,0.8007253413703627,0.22727272727272727,0.037037037037037035,0.20833333333333334,0.5,0.0,1.0,0.0,0.0,1,2,0.18181818181818182,0,1
train,73,22,0.3,20,2,0.0,0.5714285714285714,0.25,0.6148148148148148,0.38095238095238093,0.75,-0.1785714285714286,0.7090066333936461,0.18181818181818182,0.05925925925925926,0.23809523809523808,0.5,1.0,0.0,0.0,0.0,0,0,0.0,0,0
train,73,23,0.3,20,2,0.0,0.6666666666666666,0.5,0.6148148148148148,0.375,0.5714285714285714,0.09523809523809523,0.6920706467028543,0.22727272727272727,0.05185185185185185,0.2916666666666667,0.5,1.0,0.0,0.0,0.0,0,0,0.0,0,0
train,73,24,0.3,20,2,0.0,0.8,0.75,0.6148148148148148,0.36,0.6666666666666666,0.13333333333333341,0.7352423880217127,0.2727272727272727,0.044444444444444446,0.2,1.0,0.0,0.0,0.0,1.0,0,0,0.0,0,0
train,73,25,0.3,20,2,0.0,0.8333333333333334,0.75,0.6,0.48,0.8,0.033333333333333326,0.774478766146361,0.22727272727272727,0.05185185185185185,0.2,0.5,1.0,0.0,0.0,0.0,0,0,0.0,0,0
train,73,26,0.3,20,2,0.0,0.8571428571428571,0.75,0.5851851851851851,0.44,0.8333333333333334,0.023809523809523725,0.8075444025449594,0.2727272727272727,0.05925925925925926,0.16,0.75,1.0,0.0,0.0,0.0,0,0,0.0,0,0
train,73,27,0.3,20,2,0.0,0.8333333333333334,0.75,0.562962962962963,0.44,0.8571428571428571,-0.023809523809523725,0.817859974860309,0.3181818181818182,0.05185185185185185,0.16,0.75,0.0,0.0,0.0,1.0,0,0,0.0,0,0
train,73,28,0.3,20,2,0.0,0.8,0.75,0.5481481481481482,0.52,0.8333333333333334,-0.033333333333333326,0.8107159849161855,0.2727272727272727,0.044444444444444446,0.16,0.5,0.0,0.0,0.0,1.0,0,0,0.0,0,0
train,73,29,0.3,20,2,0.0,0.75,0.75,0.5259259259259259,0.5,0.8,-0.050000000000000044,0.7864295909497113,0.22727272727272727,0.037037037037037035,0.20833333333333334,0.75,0.0,1.0,0.0,0.0,0,0,0.0,0,0
train,73,30,0.3,20,2,0.0,0.6666666666666666,0.6666666666666666,0.5111111111111111,0.4166666666666667,0.75,-0.08333333333333337,0.7385244212364934,0.18181818181818182,0.02962962962962963,0.16666666666666666,0.75,0.0,1.0,0.0,0.0,0,0,0.0,0,0
train,73,31,0.3,20,2,0.0,0.5,0.5,0.4962962962962963,0.375,0.6666666666666666,-0.16666666666666663,0.643114652741896,0.13636363636363635,0.022222222222222223,0.16666666666666666,0.75,0.0,1.0,0.0,0.0,0,0,0.0,0,0
train,73,32,0.3,20,2,0.0,0.0,0.0,0.4740740740740741,0.34782608695652173,0.5,-0.5,0.3858687916451376,0.09090909090909091,0.014814814814814815,0.21739130434782608,0.75,0.0,0.0,0.0,1.0,0,0,0.0,0,0
train,73,33,0.3,20,2,0.0,0.0,0.0,0.45925925925925926,0.35,0.0,0.0,0.23152127498708255,0.045454545454545456,0.007407407407407408,0.25,0.75,0.0,1.0,0.0,0.0,0,0,0.0,0,0
train,74,0,0.34,24,6,0.0,0.9411764705882353,0.75,0.9629629629629629,0.7058823529411765,0.9411764705882353,0.0,0.9411764705882353,0.8181818181818182,0.13333333333333333,0.17647058823529413,0.25,0.0,1.0,0.0,0.0,0,0,0.0,0,0
train,74,1,0.34,24,6,0.0,0.9375,0.75,0.9407407407407408,0.6,0.9411764705882353,-0.003676470588235281,0.9397058823529412,0.7727272727272727,0.1259259259259259,0.25,0.5,0.0,0.0,0.0,1.0,0,0,0.0,0,0
train,74,2,0.34,24,6,0.0,0.9333333333333333,0.75,0.9259259259259259,0.5652173913043478,0.9375,-0.004166666666666652,0.9371568627450981,0.7272727272727273,0.11851851851851852,0.21739130434782608,0.75,0.0,1.0,0.0,0.0,0,0,0.0,0,0
train,74,3,0.34,24,6,0.0,0.9285714285714286,0.75,0.9111111111111111,0.5833333333333334,0.9333333333333333,-0.004761904761904745,0.9337226890756303,0.6818181818181818,0.1111111111111111,0.16666666666666666,0.5,0.0,1.0,0.0,0.0,0,0,0.0,0,0
train,74,4,0.34,24,6,0.0,0.9230769230769231,0.75,0.8888888888888888,0.5416666666666666,0.9285714285714286,-0.005494505494505475,0.9294643826761474,0.6363636363636364,0.1037037037037037,0.16666666666666666,0.75,0.0,1.0,0.0,0.0,0,0,0.0,0,0
train,74,5,0.34,24,6,0.0,0.9166666666666666,0.75,0.8666666666666667,0.5416666666666666,0.9230769230769231,-0.0064102564102564985,0.9243452962723551,0.5909090909090909,0.0962962962962963,0.16666666666666666,0.75,0.0,0.0,0.0,1.0,1,2,0.10526315789473684,0,1
train,74,6,0.34,24,6,0.0,0.8666666666666667,0.5,0.8518518518518519,0.52,0.9166666666666666,-0.04999999999999993,0.9012738444300797,0.5454545454545454,0.11851851851851852,0.2,0.25,0.0,0.0,1.0,0.0,0,0,0.0,0,0
train,74,7,0.34,24,6,0.0,0.9285714285714286,0.75,0.8518518518518519,0.4583333333333333,0.8666666666666667,0.06190476190476191,0.9121928780866193,0.5909090909090909,0.1111111111111111,0.25,0.75,0.0,0.0,1.0,0.0,0,0,0.0,0,0
train,74,8,0.34,24,6,0.0,0.9230769230769231,0.75,0.837037037037037,0.3333333333333333,0.9285714285714286,-0.005494505494505475,0.9165464960827409,0.6363636363636364,0.1037037037037037,0.2857142857142857,0.75,0.0,1.0,0.0,0.0,0,0,0.0,0,0
train,74,9,0.34,24,6,0.0,0.9166666666666666,0.75,0.8222222222222222,0.4,0.9230769230769231,-0.0064102564102564985,0.9165945643163111,0.5909090909090909,0.0962962962962963,0.25,0.5,0.0,1.0,0.0,0.0,0,0,0.0,0,0
train,74,10,0.34,24,6,0.0,0.9090909090909091,0.75,0.8,0.29411764705882354,0.9166666666666666,-0.007575757575757569,0.9135931022261503,0.5454545454545454,0.08888888888888889,0.35294117647058826,0.5,0.0,0.0,0.0,1.0,0,0,0.0,0,0
train,74,11,0.34,24,6,0.0,0.9,0.75,0.7851851851851852,0.3,0.9090909090909091,-0.009090909090909038,0.9081558613356902,0.5,0.08148148148148149,0.3,0.5,0.0,0.0,0.0,1.0,0,0,0.0,0,0
train,74,12,0.34,24,6,0.0,0.8888888888888888,0.75,0.7703703703703704,0.2857142857142857,0.9,-0.011111111111111183,0.9004490723569696,0.45454545454545453,0.07407407407407407,0.38095238095238093,0.5,0.0,0.0,0.0,1.0,0,0,0.0,0,0
train,74,13,0.34,24,6,0.0,0.875,0.75,0.7481481481481481,0.38095238095238093,0.8888888888888888,-0.01388888888888884,0.8902694434141818,0.4090909090909091,0.06666666666666667,0.2857142857142857,0.75,0.0,0.0,0.0,1.0,0,0,0.0,0,0
train,74,14,0.34,24,6,0.0,0.8888888888888888,0.75,0.725925925925926,0.42857142857142855,0.875,0.01388888888888884,0.8897172216040645,0.36363636363636365,0.07407407407407407,0.2857142857142857,0.5,1.0,0.0,0.0,0.0,0,0,0.0,0,0
train,74,15,0.34,24,6,0.0,0.9,0.75,0.7111111111111111,0.4166666666666667,0.8888888888888888,0.011111111111111183,0.8938303329624386,0.4090909090909091,0.08148148148148149,0.2916666666666667,0.75,1.0,0.0,0.0,0.0,0,0,0.0,0,0
train,74,16,0.34,24,6,0.0,0.8888888888888888,0.75,0.6962962962962963,0.4,0.9,-0.011111111111111183,0.8918537553330188,0.45454545454545453,0.07407407407407407,0.24,0.75,0.0,0.0,0.0,1.0,0,0,0.0,0,0
train,74,17,0.34,24,6,0.0,0.875,0.75,0.6814814814814815,0.52,0.8888888888888888,-0.01388888888888884,0.8851122531998112,0.4090909090909091,0.06666666666666667,0.12,0.75,0.0,0.0,0.0,1.0,0,0,0.0,0,0
train,74,18,0.34,24,6,0.0,0.8571428571428571,0.75,0.6592592592592592,0.52,0.875,-0.017857142857142905,0.8739244947770296,0.36363636363636365,0.05925925925925926,0.16,0.75,0.0,1.0,0.0,0.0,1,2,0.25,0,1
train,74,19,0.34,24,6,0.0,0.75,0.5,0.6444444444444445,0.4166666666666667,0.8571428571428571,-0.1071428571428571,0.8243546968662178,0.3181818181818182,0.06666666666666667,0.20833333333333334,0.25,1.0,0.0,0.0,0.0,0,0,0.0,0,0
train,74,20,0.34,24,6,0.0,0.8571428571428571,0.75,0.6444444444444445,0.44,0.75,0.1071428571428571,0.8374699609768734,0.36363636363636365,0.05925925925925926,0.24,0.75,0.0,0.0,0.0,1.0,0,0,0.0,0,0
train,74,21,0.34,24,6,0.0,0.8333333333333334,0.75,0.6296296296296297,0.52,0.8571428571428571,-0.023809523809523725,0.8358153099194574,0.3181818181818182,0.05185185185185185,0.2,0.5,0.0,0.0,0.0,1.0,0,0,0.0,0,0
train,74,22,0.34,24,6,0.0,0.8,0.75,0.6074074074074074,0.56,0.8333333333333334,-0.033333333333333326,0.8214891859516745,0.2727272727272727,0.044444444444444446,0.2,0.5,0.0,0.0,0.0,1.0,0,0,0.0,0,0
train,74,23,0.34,24,6,0.0,0.75,0.75,0.5851851851851851,0.56,0.8,-0.050000000000000044,0.7928935115710047,0.22727272727272727,0.037037037037037035,0.24,0.5,0.0,0.0,0.0,1.0,0,0,0.0,0,0
train,74,24,0.34,24,6,0.0,0.6666666666666666,0.6666666666666666,0.562962962962963,0.56,0.75,-0.08333333333333337,0.7424027736092695,0.18181818181818182,0.02962962962962963,0.2,0.75,0.0,1.0,0.0,0.0,0,0,0.0,0,0
train,74,25,0.34,24,6,0.050000000000000044,0.5,0.5,0.5481481481481482,0.5,0.6666666666666666,-0.16666666666666663,0.6454416641655617,0.13636363636363635,0.022222222222222223,0.20833333333333334,0.75,0.0,1.0,0.0,0.0,0,0,0.0,0,0
train,74,26,0.34,24,6,0.0,0.0,0.0,0.5259259259259259,0.42857142857142855,0.5,-0.5,0.387264998499337,0.09090909090909091,0.014814814814814815,0.19047619047619047,0.75,0.0,0.0,0.0,1.0,0,0,0.0,0,0
train,74,27,0.34,24,6,0.0,0.0,0.0,0.5111111111111111,0.45,0.0,0.0,0.23235899909960217,0.045454545454545456,0.007407407407407408,0.2,0.75,0.0,0.0,0.0,1.0,0,0,0.0,0,0
train,75,0,0.18,20,2,0.0,0.9411764705882353,0.75,0.9629629629629629,0.7058823529411765,0.9411764705882353,0.0,0.9411764705882353,0.8181818181818182,0.13333333333333333,0.17647058823529413,0.25,0.0,1.0,0.0,0.0,0,0,0.0,0,0
train,75,1,0.18,20,2,0.0,0.9375,0.75,0.9407407407407408,0.6,0.9411764705882353,-0.003676470588235281,0.9397058823529412,0.7727272727272727,0.1259259259259259,0.2,0.75,0.0,1.0,0.0,0.0,0,0,0.0,0,0
train,75,2,0.18,20,2,0.0,0.9333333333333333,0.75,0.9185185185185185,0.47619047619047616,0.9375,-0.004166666666666652,0.9371568627450981,0.7272727272727273,0.11851851851851852,0.2857142857142857,0.5,0.0,0.0,0.0,1.0,0,0,0.0,0,0
train,75,3,0.18,20,2,0.0,0.9285714285714286,0.75,0.9037037037037037,0.5416666666666666,0.9333333333333333,-0.004761904761904745,0.9337226890756303,0.6818181818181818,0.1111111111111111,0.20833333333333334,0.75,0.0,1.0,0.0,0.0,0,0,0.0,0,0
train,75,4,0.18,20,2,0.0,0.9230769230769231,0.75,0.8888888888888888,0.5416666666666666,0.9285714285714286,-0.005494505494505475,0.9294643826761474,0.6363636363636364,0.1037037037037037,0.16666666666666666,0.75,0.0,1.0,0.0,0.0,0,0,0.0,0,0
train,75,5,0.18,20,2,0.0,0.9166666666666666,0.75,0.8666666666666667,0.5416666666666666,0.9230769230769231,-0.0064102564102564985,0.9243452962723551,0.5909090909090909,0.0962962962962963,0.08333333333333333,1.0,0.0,1.0,0.0,0.0,0,0,0.0,0,0
train,75,6,0.18,20,2,0.1578947368421053,0.9090909090909091,0.75,0.8444444444444444,0.5217391304347826,0.9166666666666666,-0.007575757575757569,0.9182435413997767,0.5454545454545454,0.08888888888888889,0.043478260869565216,1.0,0.0,1.0,0.0,0.0,0,0,0.0,0,0
train,75,7,0.18,20,2,0.0,0.9,0.75,0.8222222222222222,0.45,0.9090909090909091,-0.009090909090909038,0.910946124839866,0.5,0.08148148148148149,0.1,0.5,0.0,0.0,0.0,1.0,0,0,0.0,0,0
train,75,8,0.18,20,2,0.0,0.8888888888888888,0.75,0.8074074074074075,0.42857142857142855,0.9,-0.011111111111111183,0.9021232304594751,0.45454545454545453,0.07407407407407407,0.14285714285714285,0.75,0.0,0.0,0.0,1.0,0,0,0.0,0,0
train,75,9,0.18,20,2,0.0,0.875,0.75,0.7851851851851852,0.42857142857142855,0.8888888888888888,-0.01388888888888884,0.8912739382756851,0.4090909090909091,0.06666666666666667,0.19047619047619047,0.75,0.0,0.0,0.0,1.0,0,0,0.0,0,0
train,75,10,0.18,20,2,0.0,0.8571428571428571,0.75,0.762962962962963,0.47619047619047616,0.875,-0.017857142857142905,0.8776215058225539,0.36363636363636365,0.05925925925925926,0.19047619047619047,0.5,0.0,0.0,0.0,1.0,0,0,0.0,0,0
train,75,11,0.18,20,2,0.0,0.8333333333333334,0.75,0.7407407407407407,0.47619047619047616,0.8571428571428571,-0.023809523809523725,0.8599062368268657,0.3181818181818182,0.05185185185185185,0.23809523809523808,0.5,0.0,0.0,0.0,1.0,0,0,0.0,0,0
train,75,12,0.18,20,2,0.0,0.8,0.75,0.7185185185185186,0.47619047619047616,0.8333333333333334,-0.033333333333333326,0.8359437420961194,0.2727272727272727,0.044444444444444446,0.2857142857142857,0.5,0.0,0.0,0.0,1.0,0,0,0.0,0,0
train,75,13,0.18,20,2,0.0,0.75,0.75,0.6962962962962963,0.47619047619047616,0.8,-0.050000000000000044,0.8015662452576717,0.22727272727272727,0.037037037037037035,0.23809523809523808,0.75,0.0,0.0,0.0,1.0,0,0,0.0,0,0
train,75,14,0.18,20,2,0.0,0.8,0.75,0.674074074074074,0.47619047619047616,0.75,0.050000000000000044,0.8009397471546031,0.18181818181818182,0.044444444444444446,0.23809523809523808,0.5,1.0,0.0,0.0,0.0,0,0,0.0,0,0
train,75,15,0.18,20,2,0.0,0.75,0.75,0.6592592592592592,0.5,0.8,-0.050000000000000044,0.7805638482927619,0.22727272727272727,0.037037037037037035,0.20833333333333334,1.0,0.0,0.0,0.0,1.0,0,0,0.0,0,0
train,75,16,0.18,20,2,0.0,0.6666666666666666,0.6666666666666666,0.6444444444444445,0.5416666666666666,0.75,-0.08333333333333337,0.7350049756423238,0.18181818181818182,0.02962962962962963,0.16666666666666666,0.5,0.0,0.0,0.0,1.0,0,0,0.0,0,0
train,75,17,0.18,20,2,0.04761904761904767,0.5,0.5,0.6222222222222222,0.5416666666666666,0.6666666666666666,-0.16666666666666663,0.6410029853853942,0.13636363636363635,0.022222222222222223,0.08333333333333333,1.0,0.0,1.0,0.0,0.0,1,2,0.6666666666666666,0,1
train,75,18,0.18,20,2,0.0,0.3333333333333333,0.3333333333333333,0.6074074074074074,0.38095238095238093,0.5,-0.16666666666666669,0.5179351245645699,0.09090909090909091,0.02962962962962963,0.23809523809523808,0.25,1.0,0.0,0.0,0.0,0,0,0.0,0,0
train,75,19,0.18,20,2,0.0,0.5,0.5,0.6074074074074074,0.4583333333333333,0.3333333333333333,0.16666666666666669,0.5107610747387419,0.13636363636363635,0.022222222222222223,0.16666666666666666,1.0,0.0,0.0,0.0,1.0,0,0,0.0,0,0
train,75,20,0.18,20,2,0.0,0.0,0.0,0.5925925925925926,0.4782608695652174,0.5,-0.5,0.30645664484324514,0.09090909090909091,0.014814814814814815,0.17391304347826086,0.75,0.0,0.0,0.0,1.0,0,0,0.0,0,0
train,75,21,0.18,20,2,0.0,0.0,0.0,0.5703703703703704,0.45,0.0,0.0,0.18387398690594708,0.045454545454545456,0.007407407407407408,0.15,0.5,0.0,1.0,0.0,0.0,0,0,0.0,0,0
train,76,0,0.22,20,2,0.0,0.9411764705882353,0.75,0.9629629629629629,0.7058823529411765,0.9411764705882353,0.0,0.9411764705882353,0.8181818181818182,0.13333333333333333,0.17647058823529413,0.25,0.0,1.0,0.0,0.0,0,0,0.0,0,0
train,76,1,0.22,20,2,0.0,0.9375,0.75,0.9407407407407408,0.6,0.9411764705882353,-0.003676470588235281,0.9397058823529412,0.7727272727272727,0.1259259259259259,0.25,0.5,0.0,0.0,0.0,1.0,0,0,0.0,0,0
train,76,2,0.22,20,2,0.0,0.9333333333333333,0.75,0.9259259259259259,0.5652173913043478,0.9375,-0.004166666666666652,0.9371568627450981,0.7272727272727273,0.11851851851851852,0.21739130434782608,0.75,0.0,1.0,0.0,0.0,0,0,0.0,0,0
train,76,3,0.22,20,2,0.0,0.9285714285714286,0.75,0.9111111111111111,0.5833333333333334,0.9333333333333333,-0.004761904761904745,0.9337226890756303,0.6818181818181818,0.1111111111111111,0.125,0.75,0.0,1.0,0.0,0.0,0,0,0.0,0,0
train,76,4,0.22,20,2,0.0,0.9230769230769231,0.75,0.8888888888888888,0.5416666666666666,0.9285714285714286,-0.005494505494505475,0.9294643826761474,0.6363636363636364,0.1037037037037037,0.16666666666666666,0.5,0.0,0.0,0.0,1.0,0,0,0.0,0,0
train,76,5,0.22,20,2,0.0,0.9166666666666666,0.75,0.8740740740740741,0.56,0.9230769230769231,-0.0064102564102564985,0.9243452962723551,0.5909090909090909,0.0962962962962963,0.12,1.0,0.0,1.0,0.0,0.0,0,0,0.0,0,0
train,76,6,0.22,20,2,0.0,0.9090909090909091,0.75,0.8592592592592593,0.56,0.9166666666666666,-0.007575757575757569,0.9182435413997767,0.5454545454545454,0.08888888888888889,0.08,0.75,0.0,1.0,0.0,0.0,0,0,0.0,0,0
train,76,7,0.22,20,2,0.13636363636363635,0.9,0.75,0.837037037037037,0.5416666666666666,0.9090909090909091,-0.009090909090909038,0.910946124839866,0.5,0.08148148148148149,0.041666666666666664,1.0,0.0,1.0,0.0,0.0,0,0,0.0,0,0
train,76,8,0.22,20,2,0.0,0.8888888888888888,0.75,0.8148148148148148,0.47619047619047616,0.9,-0.011111111111111183,0.9021232304594751,0.45454545454545453,0.07407407407407407,0.09523809523809523,0.75,0.0,0.0,0.0,1.0,0,0,0.0,0,0
train,76,9,0.22,20,2,0.0,0.875,0.75,0.8,0.42857142857142855,0.8888888888888888,-0.01388888888888884,0.8912739382756851,0.4090909090909091,0.06666666666666667,0.09523809523809523,0.75,0.0,0.0,0.0,1.0,0,0,0.0,0,0
train,76,10,0.22,20,2,0.0,0.8571428571428571,0.75,0.7777777777777778,0.42857142857142855,0.875,-0.017857142857142905,0.8776215058225539,0.36363636363636365,0.05925925925925926,0.14285714285714285,0.75,0.0,0.0,0.0,1.0,0,0,0.0,0,0
train,76,11,0.22,20,2,0.0,0.8333333333333334,0.75,0.7555555555555555,0.47619047619047616,0.8571428571428571,-0.023809523809523725,0.8599062368268657,0.3181818181818182,0.05185185185185185,0.19047619047619047,0.5,0.0,0.0,0.0,1.0,0,0,0.0,0,0
train,76,12,0.22,20,2,0.0,0.8,0.75,0.7333333333333333,0.47619047619047616,0.8333333333333334,-0.033333333333333326,0.8359437420961194,0.2727272727272727,0.044444444444444446,0.19047619047619047,0.75,0.0,0.0,0.0,1.0,0,0,0.0,0,0
train,76,13,0.22,20,2,0.0,0.75,0.75,0.7111111111111111,0.47619047619047616,0.8,-0.050000000000000044,0.8015662452576717,0.22727272727272727,0.037037037037037035,0.19047619047619047,0.75,0.0,0.0,0.0,1.0,0,0,0.0,0,0
train,76,14,0.22,20,2,0.0,0.6666666666666666,0.6666666666666666,0.6888888888888889,0.47619047619047616,0.75,-0.08333333333333337,0.7476064138212697,0.18181818181818182,0.02962962962962963,0.19047619047619047,0.5,0.0,0.0,0.0,1.0,0,0,0.0,0,0
train,76,15,0.22,20,2,0.0,0.75,0.75,0.6666666666666666,0.47619047619047616,0.6666666666666666,0.08333333333333337,0.7485638482927619,0.13636363636363635,0.037037037037037035,0.23809523809523808,0.5,1.0,0.0,0.0,0.0,0,0,0.0,0,0
train,76,16,0.22,20,2,0.0,0.6666666666666666,0.6666666666666666,0.6518518518518519,0.5,0.75,-0.08333333333333337,0.7158049756423238,0.18181818181818182,0.02962962962962963,0.16666666666666666,0.75,0.0,0.0,0.0,1.0,0,0,0.0,0,0
train,76,17,0.22,20,2,0.0,0.5,0.5,0.6370370370370371,0.5416666666666666,0.6666666666666666,-0.16666666666666663,0.6294829853853943,0.13636363636363635,0.022222222222222223,0.125,0.75,0.0,0.0,0.0,1.0,0,0,0.0,0,0
train,76,18,0.22,20,2,0.0,0.0,0.0,0.6148148148148148,0.5217391304347826,0.5,-0.5,0.3776897912312365,0.09090909090909091,0.014814814814814815,0.08695652173913043,1.0,0.0,1.0,0.0,0.0,0,0,0.0,0,0
train,76,19,0.22,20,2,0.0,0.0,0.0,0.6,0.35,0.0,0.0,0.2266138747387419,0.045454545454545456,0.007407407407407408,0.15,0.5,0.0,0.0,0.0,1.0,0,0,0.0,0,0
train,77,0,0.26,24,6,0.0,0.9411764705882353,0.75,0.9629629629629629,0.7058823529411765,0.9411764705882353,0.0,0.9411764705882353,0.8181818181818182,0.13333333333333333,0.17647058823529413,0.25,0.0,0.0,0.0,1.0,0,0,0.0,0,0
train,77,1,0.26,24,6,0.0,0.9375,0.75,0.9407407407407408,0.6,0.9411764705882353,-0.003676470588235281,0.9397058823529412,0.7727272727272727,0.1259259259259259,0.2,0.75,0.0,1.0,0.0,0.0,0,0,0.0,0,0
train,77,2,0.26,24,6,0.0,0.9333333333333333,0.75,0.9259259259259259,0.5652173913043478,0.9375,-0.004166666666666652,0.9371568627450981,0.7272727272727273,0.11851851851851852,0.17391304347826086,0.75,0.0,1.0,0.0,0.0,0,0,0.0,0,0
train,77,3,0.26,24,6,0.0,0.9285714285714286,0.75,0.9037037037037037,0.5416666666666666,0.9333333333333333,-0.004761904761904745,0.9337226890756303,0.6818181818181818,0.1111111111111111,0.08333333333333333,1.0,0.0,1.0,0.0,0.0,0,0,0.0,0,0
train,77,4,0.26,24,6,0.0,0.9230769230769231,0.75,0.8814814814814815,0.5416666666666666,0.9285714285714286,-0.005494505494505475,0.9294643826761474,0.6363636363636364,0.1037037037037037,0.041666666666666664,1.0,0.0,1.0,0.0,0.0,0,0,0.0,0,0
train,77,5,0.26,24,6,0.0,0.9166666666666666,0.75,0.8592592592592593,0.5416666666666666,0.9230769230769231,-0.0064102564102564985,0.9243452962723551,0.5909090909090909,0.0962962962962963,0.08333333333333333,0.5,0.0,0.0,0.0,1.0,0,0,0.0,0,0
train,77,6,0.26,24,6,0.0,0.9090909090909091,0.75,0.8444444444444444,0.52,0.9166666666666666,-0.007575757575757569,0.9182435413997767,0.5454545454545454,0.08888888888888889,0.08,1.0,0.0,1.0,0.0,0.0,0,0,0.0,0,0
train,77,7,0.26,24,6,0.09090909090909094,0.9,0.75,0.8296296296296296,0.5416666666666666,0.9090909090909091,-0.009090909090909038,0.910946124839866,0.5,0.08148148148148149,0.125,0.5,0.0,1.0,0.0,0.0,0,0,0.0,0,0
train,77,8,0.26,24,6,0.0,0.8888888888888888,0.75,0.8074074074074075,0.47619047619047616,0.9,-0.011111111111111183,0.9021232304594751,0.45454545454545453,0.07407407407407407,0.19047619047619047,0.5,0.0,0.0,0.0,1.0,0,0,0.0,0,0
train,77,9,0.26,24,6,0.0,0.875,0.75,0.7925925925925926,0.47619047619047616,0.8888888888888888,-0.01388888888888884,0.8912739382756851,0.4090909090909091,0.06666666666666667,0.23809523809523808,0.5,0.0,0.0,0.0,1.0,0,0,0.0,0,0
train,77,10,0.26,24,6,0.0,0.8571428571428571,0.75,0.7703703703703704,0.42857142857142855,0.875,-0.017857142857142905,0.8776215058225539,0.36363636363636365,0.05925925925925926,0.23809523809523808,0.75,0.0,0.0,0.0,1.0,0,0,0.0,0,0
train,77,11,0.26,24,6,0.0,0.8333333333333334,0.75,0.7481481481481481,0.47619047619047616,0.8571428571428571,-0.023809523809523725,0.8599062368268657,0.3181818181818182,0.05185185185185185,0.23809523809523808,0.5,0.0,0.0,0.0,1.0,0,0,0.0,0,0
train,77,12,0.26,24,6,0.0,0.8,0.75,0.725925925925926,0.47619047619047616,0.8333333333333334,-0.033333333333333326,0.8359437420961194,0.2727272727272727,0.044444444444444446,0.19047619047619047,0.75,0.0,0.0,0.0,1.0,0,0,0.0,0,0
train,77,13,0.26,24,6,0.0,0.75,0.75,0.7037037037037037,0.47619047619047616,0.8,-0.050000000000000044,0.8015662452576717,0.22727272727272727,0.037037037037037035,0.19047619047619047,0.75,0.0,0.0,0.0,1.0,0,0,0.0,0,0
train,77,14,0.26,24,6,0.0,0.8,0.75,0.6814814814814815,0.47619047619047616,0.75,0.050000000000000044,0.8009397471546031,0.18181818181818182,0.044444444444444446,0.19047619047619047,0.5,1.0,0.0,0.0,0.0,0,0,0.0,0,0
train,77,15,0.26,24,6,0.0,0.8333333333333334,0.75,0.6666666666666666,0.5,0.8,0.033333333333333326,0.8138971816260953,0.22727272727272727,0.05185185185185185,0.20833333333333334,0.75,1.0,0.0,0.0,0.0,0,0,0.0,0,0
train,77,16,0.26,24,6,0.0,0.8571428571428571,0.75,0.6444444444444445,0.52,0.8333333333333334,0.023809523809523725,0.8311954518328,0.2727272727272727,0.05925925925925926,0.2,0.5,1.0,0.0,0.0,0.0,0,0,0.0,0,0
train,77,17,0.26,24,6,0.0,0.8333333333333334,0.75,0.6222222222222222,0.56,0.8571428571428571,-0.023809523809523725,0.8320506044330134,0.3181818181818182,0.05185185185185185,0.16,0.75,0.0,0.0,0.0,1.0,0,0,0.0,0,0
train,77,18,0.26,24,6,0.0,0.8,0.75,0.6074074074074074,0.52,0.8333333333333334,-0.033333333333333326,0.8192303626598081,0.2727272727272727,0.044444444444444446,0.2,0.75,0.0,0.0,0.0,1.0,0,0,0.0,0,0
train,77,19,0.26,24,6,0.0,0.75,0.75,0.5851851851851851,0.52,0.8,-0.050000000000000044,0.7915382175958849,0.22727272727272727,0.037037037037037035,0.16,0.75,0.0,1.0,0.0,0.0,0,0,0.0,0,0
train,77,20,0.26,24,6,0.0,0.6666666666666666,0.6666666666666666,0.5703703703703704,0.4,0.75,-0.08333333333333337,0.7415895972241976,0.18181818181818182,0.02962962962962963,0.2,0.75,0.0,1.0,0.0,0.0,0,0,0.0,0,0
train,77,21,0.26,24,6,0.07692307692307687,0.5,0.5,0.5555555555555556,0.3333333333333333,0.6666666666666666,-0.16666666666666663,0.6449537583345186,0.13636363636363635,0.022222222222222223,0.16666666666666666,0.75,0.0,1.0,0.0,0.0,0,0,0.0,0,0
train,77,22,0.26,24,6,0.0,0.0,0.0,0.5407407407407407,0.2857142857142857,0.5,-0.5,0.38697225500071114,0.09090909090909091,0.014814814814814815,0.23809523809523808,0.5,0.0,0.0,0.0,1.0,0,0,0.0,0,0
train,77,23,0.26,24,6,0.0,0.0,0.0,0.5259259259259259,0.35,0.0,0.0,0.23218335300042667,0.045454545454545456,0.007407407407407408,0.2,0.75,0.0,0.0,0.0,1.0,0,0,0.0,0,0
train,78,0,0.3,20,2,0.0,0.9411764705882353,0.75,0.9629629629629629,0.7058823529411765,0.9411764705882353,0.0,0.9411764705882353,0.8181818181818182,0.13333333333333333,0.17647058823529413,0.25,0.0,1.0,0.0,0.0,0,0,0.0,0,0
train,78,1,0.3,20,2,0.0,0.9375,0.75,0.9407407407407408,0.6,0.9411764705882353,-0.003676470588235281,0.9397058823529412,0.7727272727272727,0.1259259259259259,0.25,0.5,0.0,1.0,0.0,0.0,0,0,0.0,0,0
train,78,2,0.3,20,2,0.0,0.9333333333333333,0.75,0.9185185185185185,0.47619047619047616,0.9375,-0.004166666666666652,0.9371568627450981,0.7272727272727273,0.11851851851851852,0.2857142857142857,0.75,0.0,1.0,0.0,0.0,0,0,0.0,0,0
train,78,3,0.3,20,2,0.0,0.9285714285714286,0.75,0.8962962962962963,0.47619047619047616,0.9333333333333333,-0.004761904761904745,0.9337226890756303,0.6818181818181818,0.1111111111111111,0.23809523809523808,0.5,0.0,0.0,0.0,1.0,0,0,0.0,0,0
train,78,4,0.3,20,2,0.0,0.9230769230769231,0.75,0.8814814814814815,0.5,0.9285714285714286,-0.005494505494505475,0.9294643826761474,0.6363636363636364,0.1037037037037037,0.25,0.75,0.0,0.0,0.0,1.0,0,0,0.0,0,0
train,78,5,0.3,20,2,0.0,0.9166666666666666,0.75,0.8592592592592593,0.52,0.9230769230769231,-0.0064102564102564985,0.9243452962723551,0.5909090909090909,0.0962962962962963,0.24,0.5,0.0,0.0,0.0,1.0,0,0,0.0,0,0
train,78,6,0.3,20,2,0.0,0.9090909090909091,0.75,0.837037037037037,0.56,0.9166666666666666,-0.007575757575757569,0.9182435413997767,0.5454545454545454,0.08888888888888889,0.16,0.75,0.0,1.0,0.0,0.0,1,2,0.14285714285714285,0,1
train,78,7,0.3,20,2,0.0,0.8571428571428571,0.5,0.8222222222222222,0.52,0.9090909090909091,-0.051948051948051965,0.8938032676970089,0.5,0.1111111111111111,0.28,0.25,1.0,0.0,0.0,0.0,0,0,0.0,0,0
train,78,8,0.3,20,2,0.0,0.9230769230769231,0.75,0.8222222222222222,0.48,0.8571428571428571,0.06593406593406603,0.9055127298489746,0.5454545454545454,0.1037037037037037,0.24,0.75,1.0,0.0,0.0,0.0,0,0,0.0,0,0
train,78,9,0.3,20,2,0.0,0.9166666666666666,0.75,0.8074074074074075,0.4,0.9230769230769231,-0.0064102564102564985,0.9099743045760514,0.5909090909090909,0.0962962962962963,0.24,0.75,0.0,0.0,0.0,1.0,0,0,0.0,0,0
train,78,10,0.3,20,2,0.0,0.9090909090909091,0.75,0.7925925925925926,0.52,0.9166666666666666,-0.007575757575757569,0.9096209463819945,0.5454545454545454,0.08888888888888889,0.12,0.75,0.0,0.0,0.0,1.0,0,0,0.0,0,0
train,78,11,0.3,20,2,0.0,0.9,0.75,0.7703703703703704,0.52,0.9090909090909091,-0.009090909090909038,0.9057725678291968,0.5,0.08148148148148149,0.16,0.75,0.0,1.0,0.0,0.0,1,2,0.18181818181818182,0,1
train,78,12,0.3,20,2,0.0,0.8888888888888888,0.75,0.7555555555555555,0.44,0.9,-0.011111111111111183,0.8990190962530735,0.45454545454545453,0.07407407407407407,0.16,0.5,0.0,1.0,0.0,0.0,1,2,0.16666666666666666,0,1
train,78,13,0.3,20,2,0.0,0.875,0.75,0.7407407407407407,0.4,0.8888888888888888,-0.01388888888888884,0.8894114577518442,0.4090909090909091,0.06666666666666667,0.28,0.5,0.0,1.0,0.0,0.0,0,0,0.0,0,0
train,78,14,0.3,20,2,0.1578947368421053,0.8571428571428571,0.75,0.7185185185185186,0.4583333333333333,0.875,-0.017857142857142905,0.8765040175082494,0.36363636363636365,0.05925925925925926,0.20833333333333334,1.0,0.0,1.0,0.0,0.0,1,2,0.16666666666666666,0,1
train,78,15,0.3,20,2,0.0,0.75,0.5,0.6962962962962963,0.42857142857142855,0.8571428571428571,-0.1071428571428571,0.8259024105049496,0.3181818181818182,0.06666666666666667,0.23809523809523808,0.5,1.0,0.0,0.0,0.0,0,0,0.0,0,0
train,78,16,0.3,20,2,0.0625,0.8571428571428571,0.75,0.6962962962962963,0.3333333333333333,0.75,0.1071428571428571,0.8383985891601127,0.36363636363636365,0.05925925925925926,0.2916666666666667,1.0,0.0,0.0,0.0,1.0,0,0,0.0,0,0
train,78,17,0.3,20,2,0.0,0.8333333333333334,0.75,0.6888888888888889,0.375,0.8571428571428571,-0.023809523809523725,0.8363724868294009,0.3181818181818182,0.05185185185185185,0.25,0.5,0.0,0.0,0.0,1.0,0,0,0.0,0,0
train,78,18,0.3,20,2,0.0,0.8,0.75,0.6666666666666666,0.5,0.8333333333333334,-0.033333333333333326,0.8218234920976406,0.2727272727272727,0.044444444444444446,0.16666666666666666,0.75,0.0,0.0,0.0,1.0,0,0,0.0,0,0
train,78,19,0.3,20,2,0.0,0.75,0.75,0.6444444444444445,0.5416666666666666,0.8,-0.050000000000000044,0.7930940952585843,0.22727272727272727,0.037037037037037035,0.16666666666666666,0.75,0.0,0.0,0.0,1.0,0,0,0.0,0,0
train,78,20,0.3,20,2,0.09090909090909094,0.6666666666666666,0.6666666666666666,0.6222222222222222,0.5416666666666666,0.75,-0.08333333333333337,0.7425231238218173,0.18181818181818182,0.02962962962962963,0.125,0.75,0.0,1.0,0.0,0.0,1,2,0.25,0,1
train,78,21,0.3,20,2,0.0,0.6666666666666666,0.5,0.6074074074074074,0.42857142857142855,0.6666666666666666,0.0,0.712180540959757,0.13636363636363635,0.05185185185185185,0.2857142857142857,0.25,1.0,0.0,0.0,0.0,0,0,0.0,0,0
train,78,22,0.3,20,2,0.0,0.8,0.75,0.6074074074074074,0.4583333333333333,0.6666666666666666,0.13333333333333341,0.7473083245758543,0.18181818181818182,0.044444444444444446,0.20833333333333334,0.75,1.0,0.0,0.0,0.0,0,0,0.0,0,0
train,78,23,0.3,20,2,0.0,0.8333333333333334,0.75,0.5925925925925926,0.44,0.8,0.033333333333333326,0.781718328078846,0.22727272727272727,0.05185185185185185,0.24,0.75,1.0,0.0,0.0,0.0,0,0,0.0,0,0
train,78,24,0.3,20,2,0.0,0.8,0.75,0.5703703703703704,0.48,0.8333333333333334,-0.033333333333333326,0.7890309968473077,0.2727272727272727,0.044444444444444446,0.12,1.0,0.0,0.0,0.0,1.0,0,0,0.0,0,0
train,78,25,0.3,20,2,0.0,0.75,0.75,0.5555555555555556,0.52,0.8,-0.050000000000000044,0.7734185981083846,0.22727272727272727,0.037037037037037035,0.12,0.75,0.0,0.0,0.0,1.0,0,0,0.0,0,0
train,78,26,0.3,20,2,0.0,0.6666666666666666,0.6666666666666666,0.5333333333333333,0.5,0.75,-0.08333333333333337,0.7307178255316975,0.18181818181818182,0.02962962962962963,0.125,0.75,0.0,1.0,0.0,0.0,0,0,0.0,0,0
train,78,27,0.3,20,2,0.0,0.5,0.5,0.5185185185185185,0.375,0.6666666666666666,-0.16666666666666663,0.6384306953190185,0.13636363636363635,0.022222222222222223,0.16666666666666666,0.75,0.0,1.0,0.0,0.0,0,0,0.0,0,0
train,78,28,0.3,20,2,0.0,0.0,0.0,0.5037037037037037,0.30434782608695654,0.5,-0.5,0.3830584171914111,0.09090909090909091,0.014814814814814815,0.17391304347826086,0.75,0.0,1.0,0.0,0.0,0,0,0.0,0,0
train,78,29,0.3,20,2,0.0,0.0,0.0,0.4888888888888889,0.25,0.0,0.0,0.22983505031484663,0.045454545454545456,0.007407407407407408,0.3,0.5,0.0,0.0,0.0,1.0,0,0,0.0,0,0
train,79,0,0.34,20,2,0.0,0.9411764705882353,0.75,0.9629629629629629,0.7058823529411765,0.9411764705882353,0.0,0.9411764705882353,0.8181818181818182,0.13333333333333333,0.11764705882352941,0.5,0.0,1.0,0.0,0.0,1,2,0.1,0,1
train,79,1,0.34,20,2,0.0,0.9375,0.75,0.9407407407407408,0.6,0.9411764705882353,-0.003676470588235281,0.9397058823529412,0.7727272727272727,0.1259259259259259,0.2,0.5,0.0,1.0,0.0,0.0,0,0,0.0,0,0
train,79,2,0.34,20,2,0.0,0.9333333333333333,0.75,0.9185185185185185,0.47619047619047616,0.9375,-0.004166666666666652,0.9371568627450981,0.7272727272727273,0.11851851851851852,0.23809523809523808,0.75,0.0,1.0,0.0,0.0,0,0,0.0,0,0
train,79,3,0.34,20,2,0.0,0.9285714285714286,0.75,0.8962962962962963,0.47619047619047616,0.9333333333333333,-0.004761904761904745,0.9337226890756303,0.6818181818181818,0.1111111111111111,0.19047619047619047,0.75,0.0,1.0,0.0,0.0,0,0,0.0,0,0
train,79,4,0.34,20,2,0.0,0.9230769230769231,0.75,0.8740740740740741,0.47619047619047616,0.9285714285714286,-0.005494505494505475,0.9294643826761474,0.6363636363636364,0.1037037037037037,0.14285714285714285,0.75,0.0,1.0,0.0,0.0,1,2,0.1111111111111111,0,1
train,79,5,0.34,20,2,0.1428571428571429,0.9166666666666666,0.75,0.8518518518518519,0.45,0.9230769230769231,-0.0064102564102564985,0.9243452962723551,0.5909090909090909,0.0962962962962963,0.2,0.5,0.0,1.0,0.0,0.0,1,2,0.10526315789473684,0,1
train,79,6,0.34,20,2,0.0,0.9090909090909091,0.75,0.8296296296296296,0.35294117647058826,0.9166666666666666,-0.007575757575757569,0.9182435413997767,0.5454545454545454,0.08888888888888889,0.29411764705882354,0.5,0.0,0.0,0.0,1.0,0,0,0.0,0,0
train,79,7,0.34,20,2,0.0,0.9,0.75,0.8148148148148148,0.4,0.9090909090909091,-0.009090909090909038,0.910946124839866,0.5,0.08148148148148149,0.25,0.5,0.0,0.0,0.0,1.0,0,0,0.0,0,0
train,79,8,0.34,20,2,0.0,0.8888888888888888,0.75,0.7925925925925926,0.42857142857142855,0.9,-0.011111111111111183,0.9021232304594751,0.45454545454545453,0.07407407407407407,0.2857142857142857,0.5,0.0,0.0,0.0,1.0,0,0,0.0,0,0
train,79,9,0.34,20,2,0.0,0.875,0.75,0.7703703703703704,0.47619047619047616,0.8888888888888888,-0.01388888888888884,0.8912739382756851,0.4090909090909091,0.06666666666666667,0.23809523809523808,0.75,0.0,0.0,0.0,1.0,1,2,0.11764705882352941,0,1
train,79,10,0.34,20,2,0.0,0.8461538461538461,0.5,0.7481481481481481,0.47619047619047616,0.875,-0.028846153846153855,0.8732259014269496,0.36363636363636365,0.1037037037037037,0.2857142857142857,0.25,0.0,0.0,1.0,0.0,0,0,0.0,0,0
train,79,11,0.34,20,2,0.0714285714285714,0.9166666666666666,0.75,0.7481481481481481,0.3333333333333333,0.8461538461538461,0.07051282051282048,0.8906022075228364,0.4090909090909091,0.0962962962962963,0.38095238095238093,0.75,1.0,0.0,0.0,0.0,0,0,0.0,0,0
train,79,12,0.34,20,2,0.0,0.9090909090909091,0.75,0.7407407407407407,0.375,0.9166666666666666,-0.007575757575757569,0.8979976881500654,0.45454545454545453,0.08888888888888889,0.2916666666666667,0.5,1.0,0.0,0.0,0.0,0,0,0.0,0,0
train,79,13,0.34,20,2,0.0,0.9,0.75,0.7185185185185186,0.4,0.9090909090909091,-0.009090909090909038,0.8987986128900394,0.5,0.08148148148148149,0.16,1.0,0.0,0.0,0.0,1.0,0,0,0.0,0,0
train,79,14,0.34,20,2,0.0,0.8888888888888888,0.75,0.7037037037037037,0.44,0.9,-0.011111111111111183,0.8948347232895792,0.45454545454545453,0.07407407407407407,0.2,0.5,0.0,0.0,0.0,1.0,0,0,0.0,0,0
train,79,15,0.34,20,2,0.04347826086956519,0.875,0.75,0.6814814814814815,0.48,0.8888888888888888,-0.01388888888888884,0.8869008339737476,0.4090909090909091,0.06666666666666667,0.12,1.0,0.0,1.0,0.0,0.0,1,2,0.15384615384615385,0,1
train,79,16,0.34,20,2,0.0,0.7777777777777778,0.5,0.674074074074074,0.375,0.875,-0.09722222222222221,0.8432516114953597,0.36363636363636365,0.07407407407407407,0.25,0.25,1.0,0.0,0.0,0.0,0,0,0.0,0,0
train,79,17,0.34,20,2,0.0,0.875,0.75,0.674074074074074,0.44,0.7777777777777778,0.09722222222222221,0.8559509668972158,0.4090909090909091,0.06666666666666667,0.16,1.0,0.0,0.0,0.0,1.0,0,0,0.0,0,0
train,79,18,0.34,20,2,0.0,0.8571428571428571,0.75,0.6592592592592592,0.52,0.875,-0.017857142857142905,0.8564277229954723,0.36363636363636365,0.05925925925925926,0.2,0.5,0.0,0.0,0.0,1.0,0,0,0.0,0,0
train,79,19,0.34,20,2,0.0,0.8333333333333334,0.75,0.6370370370370371,0.56,0.8571428571428571,-0.023809523809523725,0.8471899671306168,0.3181818181818182,0.05185185185185185,0.08,1.0,0.0,1.0,0.0,0.0,1,2,0.18181818181818182,0,1
train,79,20,0.34,20,2,0.0,0.8,0.75,0.6222222222222222,0.4583333333333333,0.8333333333333334,-0.033333333333333326,0.8283139802783701,0.2727272727272727,0.044444444444444446,0.20833333333333334,0.5,0.0,0.0,0.0,1.0,0,0,0.0,0,0
train,79,21,0.34,20,2,0.0,0.75,0.75,0.6074074074074074,0.5416666666666666,0.8,-0.050000000000000044,0.7969883881670221,0.22727272727272727,0.037037037037037035,0.125,0.75,0.0,0.0,0.0,1.0,1,2,0.18181818181818182,0,1
train,79,22,0.34,20,2,0.09090909090909094,0.6666666666666666,0.6666666666666666,0.5851851851851851,0.5416666666666666,0.75,-0.08333333333333337,0.7448596995668799,0.18181818181818182,0.02962962962962963,0.16666666666666666,0.75,0.0,1.0,0.0,0.0,1,2,0.16666666666666666,0,1
train,79,23,0.34,20,2,0.0,0.5,0.5,0.5703703703703704,0.47619047619047616,0.6666666666666666,-0.16666666666666663,0.6469158197401279,0.13636363636363635,0.022222222222222223,0.19047619047619047,0.5,0.0,0.0,0.0,1.0,1,2,0.15384615384615385,0,1
train,79,24,0.34,20,2,0.0,0.6666666666666666,0.6666666666666666,0.5555555555555556,0.47619047619047616,0.5,0.16666666666666663,0.6548161585107434,0.09090909090909091,0.02962962962962963,0.2857142857142857,0.5,1.0,0.0,0.0,0.0,0,0,0.0,0,1
train,79,25,0.34,20,2,0.0,0.7,0.25,0.5407407407407407,0.4166666666666667,0.6666666666666666,0.033333333333333326,0.672889695106446,0.13636363636363635,0.08148148148148149,0.2916666666666667,0.5,0.0,0.0,1.0,0.0,0,0,0.0,0,0
train,79,26,0.34,20,2,0.0,0.7777777777777778,0.5,0.5407407407407407,0.2916666666666667,0.7,0.07777777777777783,0.7148449281749787,0.18181818181818182,0.07407407407407407,0.375,0.75,0.0,0.0,1.0,0.0,0,0,0.0,0,0
train,79,27,0.34,20,2,0.07692307692307687,0.875,0.75,0.5407407407407407,0.25,0.7777777777777778,0.09722222222222221,0.7789069569049872,0.22727272727272727,0.06666666666666667,0.2916666666666667,0.75,1.0,0.0,0.0,0.0,0,0,0.0,0,0
train,79,28,0.34,20,2,0.0,0.8571428571428571,0.75,0.5333333333333333,0.32,0.875,-0.017857142857142905,0.8102013170001352,0.2727272727272727,0.05925925925925926,0.24,0.75,1.0,0.0,0.0,0.0,0,0,0.0,0,0
train,79,29,0.34,20,2,0.0,0.8333333333333334,0.75,0.5185185185185185,0.4,0.8571428571428571,-0.023809523809523725,0.8194541235334145,0.3181818181818182,0.05185185185185185,0.16,1.0,0.0,0.0,0.0,1.0,0,0,0.0,0,0
train,79,30,0.34,20,2,0.0,0.8,0.75,0.5037037037037037,0.4,0.8333333333333334,-0.033333333333333326,0.8116724741200487,0.2727272727272727,0.044444444444444446,0.16,0.5,0.0,0.0,0.0,1.0,0,0,0.0,0,0
train,79,31,0.34,20,2,0.0,0.8333333333333334,0.75,0.4888888888888889,0.4,0.8,0.033333333333333326,0.8203368178053626,0.22727272727272727,0.05185185185185185,0.2,0.5,1.0,0.0,0.0,0.0,0,0,0.0,0,0
train,79,32,0.34,20,2,0.0,0.8,0.75,0.4740740740740741,0.52,0.8333333333333334,-0.033333333333333326,0.8122020906832176,0.2727272727272727,0.044444444444444446,0.16,0.75,0.0,0.0,0.0,1.0,0,0,0.0,0,0
train,79,33,0.34,20,2,0.0,0.75,0.75,0.45925925925925926,0.5,0.8,-0.050000000000000044,0.7873212544099306,0.22727272727272727,0.037037037037037035,0.16666666666666666,0.75,0.0,0.0,0.0,1.0,0,0,0.0,0,0
train,79,34,0.34,20,2,0.0,0.6666666666666666,0.6666666666666666,0.43703703703703706,0.47619047619047616,0.75,-0.08333333333333337,0.739059419312625,0.18181818181818182,0.02962962962962963,0.14285714285714285,0.75,0.0,1.0,0.0,0.0,0,0,0.0,0,0
train,79,35,0.34,20,2,0.0,0.5,0.5,0.4222222222222222,0.3333333333333333,0.6666666666666666,-0.16666666666666663,0.643435651587575,0.13636363636363635,0.022222222222222223,0.23809523809523808,0.5,0.0,1.0,0.0,0.0,0,0,0.0,0,0
train,79,36,0.34,20,2,0.0,0.0,0.0,0.4,0.19047619047619047,0.5,-0.5,0.386061390952545,0.09090909090909091,0.014814814814814815,0.42857142857142855,0.5,0.0,1.0,0.0,0.0,0,0,0.0,0,0
train,79,37,0.34,20,2,0.0,0.0,0.0,0.3851851851851852,0.2,0.0,0.0,0.23163683457152698,0.045454545454545456,0.007407407407407408,0.4,0.5,0.0,1.0,0.0,0.0,0,0,0.0,0,0
train,80,0,0.18,20,2,0.0,0.9411764705882353,0.75,0.9629629629629629,0.7058823529411765,0.9411764705882353,0.0,0.9411764705882353,0.8181818181818182,0.13333333333333333,0.11764705882352941,0.5,0.0,1.0,0.0,0.0,0,0,0.0,0,0
train,80,1,0.18,20,2,0.0,0.9375,0.75,0.9407407407407408,0.6,0.9411764705882353,-0.003676470588235281,0.9397058823529412,0.7727272727272727,0.1259259259259259,0.15,0.75,0.0,1.0,0.0,0.0,1,2,0.10526315789473684,0,1
train,80,2,0.18,20,2,0.0,0.8823529411764706,0.5,0.9185185185185185,0.47619047619047616,0.9375,-0.05514705882352944,0.9167647058823529,0.7272727272727273,0.13333333333333333,0.2857142857142857,0.25,1.0,0.0,0.0,0.0,0,0,0.0,0,0
train,80,3,0.18,20,2,0.0,0.9375,0.75,0.9185185185185185,0.45,0.8823529411764706,0.05514705882352944,0.9250588235294117,0.7727272727272727,0.1259259259259259,0.3,0.75,0.0,0.0,0.0,1.0,0,0,0.0,0,0
train,80,4,0.18,20,2,0.0,0.9333333333333333,0.75,0.9111111111111111,0.4782608695652174,0.9375,-0.004166666666666652,0.9283686274509804,0.7272727272727273,0.11851851851851852,0.2608695652173913,0.75,0.0,0.0,0.0,1.0,0,0,0.0,0,0
train,80,5,0.18,20,2,0.0,0.9285714285714286,0.75,0.8888888888888888,0.5416666666666666,0.9333333333333333,-0.004761904761904745,0.9284497478991597,0.6818181818181818,0.1111111111111111,0.125,0.75,0.0,1.0,0.0,0.0,0,0,0.0,0,0
train,80,6,0.18,20,2,0.0,0.9230769230769231,0.75,0.8740740740740741,0.48,0.9285714285714286,-0.005494505494505475,0.9263006179702651,0.6363636363636364,0.1037037037037037,0.16,0.75,0.0,1.0,0.0,0.0,0,0,0.0,0,0
train,80,7,0.18,20,2,0.0,0.9166666666666666,0.75,0.8518518518518519,0.48,0.9230769230769231,-0.0064102564102564985,0.9224470374488257,0.5909090909090909,0.0962962962962963,0.16,0.75,0.0,1.0,0.0,0.0,0,0,0.0,0,0
train,80,8,0.18,20,2,0.0,0.9090909090909091,0.75,0.8296296296296296,0.52,0.9166666666666666,-0.007575757575757569,0.917104586105659,0.5454545454545454,0.08888888888888889,0.16,0.75,0.0,1.0,0.0,0.0,0,0,0.0,0,0
train,80,9,0.18,20,2,0.1428571428571429,0.9,0.75,0.8074074074074075,0.5416666666666666,0.9090909090909091,-0.009090909090909038,0.9102627516633954,0.5,0.08148148148148149,0.125,0.75,0.0,1.0,0.0,0.0,0,0,0.0,0,0
train,80,10,0.18,20,2,0.0,0.8888888888888888,0.75,0.7851851851851852,0.47619047619047616,0.9,-0.011111111111111183,0.9017132065535929,0.45454545454545453,0.07407407407407407,0.14285714285714285,0.75,0.0,0.0,0.0,1.0,0,0,0.0,0,0
train,80,11,0.18,20,2,0.0,0.875,0.75,0.7703703703703704,0.42857142857142855,0.8888888888888888,-0.01388888888888884,0.8910279239321557,0.4090909090909091,0.06666666666666667,0.19047619047619047,0.75,0.0,0.0,0.0,1.0,0,0,0.0,0,0
train,80,12,0.18,20,2,0.0,0.8571428571428571,0.75,0.7481481481481481,0.42857142857142855,0.875,-0.017857142857142905,0.8774738972164362,0.36363636363636365,0.05925925925925926,0.14285714285714285,0.75,0.0,0.0,0.0,1.0,0,0,0.0,0,0
train,80,13,0.18,20,2,0.0,0.8333333333333334,0.75,0.725925925925926,0.47619047619047616,0.8571428571428571,-0.023809523809523725,0.8598176716631951,0.3181818181818182,0.05185185185185185,0.19047619047619047,0.5,0.0,0.0,0.0,1.0,0,0,0.0,0,0
train,80,14,0.18,20,2,0.0,0.8,0.75,0.7037037037037037,0.47619047619047616,0.8333333333333334,-0.033333333333333326,0.8358906029979171,0.2727272727272727,0.044444444444444446,0.19047619047619047,0.75,0.0,0.0,0.0,1.0,0,0,0.0,0,0
train,80,15,0.18,20,2,0.0,0.75,0.75,0.6814814814814815,0.47619047619047616,0.8,-0.050000000000000044,0.8015343617987503,0.22727272727272727,0.037037037037037035,0.19047619047619047,0.75,0.0,0.0,0.0,1.0,0,0,0.0,0,0
train,80,16,0.18,20,2,0.0,0.6666666666666666,0.6666666666666666,0.6592592592592592,0.47619047619047616,0.75,-0.08333333333333337,0.7475872837459168,0.18181818181818182,0.02962962962962963,0.14285714285714285,0.75,0.0,0.0,0.0,1.0,0,0,0.0,0,0
train,80,17,0.18,20,2,0.0,0.5,0.5,0.6370370370370371,0.47619047619047616,0.6666666666666666,-0.16666666666666663,0.6485523702475501,0.13636363636363635,0.022222222222222223,0.14285714285714285,0.75,0.0,0.0,0.0,1.0,0,0,0.0,0,0
train,80,18,0.18,20,2,0.0,0.6666666666666666,0.6666666666666666,0.6148148148148148,0.47619047619047616,0.5,0.16666666666666663,0.6557980888151966,0.09090909090909091,0.02962962962962963,0.19047619047619047,0.5,1.0,0.0,0.0,0.0,0,0,0.0,0,0
train,80,19,0.18,20,2,0.0,0.5,0.5,0.6,0.5,0.6666666666666666,-0.16666666666666663,0.593478853289118,0.13636363636363635,0.022222222222222223,0.125,1.0,0.0,0.0,0.0,1.0,0,0,0.0,0,0
train,80,20,0.18,20,2,0.0,0.0,0.0,0.5851851851851851,0.5217391304347826,0.5,-0.5,0.35608731197347077,0.09090909090909091,0.014814814814814815,0.08695652173913043,0.75,0.0,0.0,0.0,1.0,0,0,0.0,0,0
train,80,21,0.18,20,2,0.0,0.0,0.0,0.562962962962963,0.45,0.0,0.0,0.21365238718408244,0.045454545454545456,0.007407407407407408,0.1,0.75,0.0,1.0,0.0,0.0,0,0,0.0,0,0
train,81,0,0.22,22,4,0.0,0.9411764705882353,0.75,0.9629629629629629,0.7058823529411765,0.9411764705882353,0.0,0.9411764705882353,0.8181818181818182,0.13333333333333333,0.17647058823529413,0.25,0.0,1.0,0.0,0.0,0,0,0.0,0,0
train,81,1,0.22,22,4,0.0,0.9375,0.75,0.9407407407407408,0.6,0.9411764705882353,-0.003676470588235281,0.9397058823529412,0.7727272727272727,0.1259259259259259,0.2,0.75,0.0,1.0,0.0,0.0,1,2,0.09523809523809523,0,1
train,81,2,0.22,22,4,0.0,0.9333333333333333,0.75,0.9185185185185185,0.47619047619047616,0.9375,-0.004166666666666652,0.9371568627450981,0.7272727272727273,0.11851851851851852,0.2857142857142857,0.5,0.0,0.0,0.0,1.0,0,0,0.0,0,0
train,81,3,0.22,22,4,0.0,0.9285714285714286,0.75,0.9037037037037037,0.5416666666666666,0.9333333333333333,-0.004761904761904745,0.9337226890756303,0.6818181818181818,0.1111111111111111,0.20833333333333334,0.75,0.0,1.0,0.0,0.0,0,0,0.0,0,0
train,81,4,0.22,22,4,0.0,0.9230769230769231,0.75,0.8888888888888888,0.5416666666666666,0.9285714285714286,-0.005494505494505475,0.9294643826761474,0.6363636363636364,0.1037037037037037,0.20833333333333334,0.5,0.0,0.0,0.0,1.0,0,0,0.0,0,0
train,81,5,0.22,22,4,0.0,0.9166666666666666,0.75,0.8740740740740741,0.6,0.9230769230769231,-0.0064102564102564985,0.9243452962723551,0.5909090909090909,0.0962962962962963,0.12,0.75,0.0,1.0,0.0,0.0,1,2,0.10526315789473684,0,1
train,81,6,0.22,22,4,0.0,0.9090909090909091,0.75,0.8592592592592593,0.6,0.9166666666666666,-0.007575757575757569,0.9182435413997767,0.5454545454545454,0.08888888888888889,0.16,0.5,0.0,1.0,0.0,0.0,1,2,0.1,0,1
train,81,7,0.22,22,4,0.0,0.9,0.75,0.837037037037037,0.5416666666666666,0.9090909090909091,-0.009090909090909038,0.910946124839866,0.5,0.08148148148148149,0.16666666666666666,0.75,0.0,1.0,0.0,0.0,1,2,0.09523809523809523,0,1
train,81,8,0.22,22,4,0.0,0.8888888888888888,0.75,0.8148148148148148,0.47619047619047616,0.9,-0.011111111111111183,0.9021232304594751,0.45454545454545453,0.07407407407407407,0.19047619047619047,0.75,0.0,0.0,0.0,1.0,1,2,0.09090909090909091,0,1
train,81,9,0.22,22,4,0.0,0.6875,0.0,0.8,0.42857142857142855,0.8888888888888888,-0.20138888888888884,0.8162739382756851,0.4090909090909091,0.1259259259259259,0.23809523809523808,0.25,0.0,0.0,1.0,0.0,0,0,0.0,0,0
train,81,10,0.22,22,4,0.0,0.7333333333333333,0.0,0.8,0.38095238095238093,0.6875,0.04583333333333328,0.7830976962987444,0.45454545454545453,0.11851851851851852,0.2857142857142857,0.75,1.0,0.0,0.0,0.0,0,0,0.0,0,0
train,81,11,0.22,22,4,0.0,0.7857142857142857,0.25,0.8,0.3333333333333333,0.7333333333333333,0.05238095238095242,0.7841443320649608,0.5,0.1111111111111111,0.2916666666666667,0.75,1.0,0.0,0.0,0.0,0,0,0.0,0,0
train,81,12,0.22,22,4,0.0,0.8461538461538461,0.5,0.8,0.36,0.7857142857142857,0.06043956043956045,0.808948137700515,0.5454545454545454,0.1037037037037037,0.24,0.5,1.0,0.0,0.0,0.0,0,0,0.0,0,0
train,81,13,0.22,22,4,0.0,0.9166666666666666,0.75,0.8,0.4,0.8461538461538461,0.07051282051282048,0.8520355492869757,0.5909090909090909,0.0962962962962963,0.2,0.75,0.0,0.0,0.0,1.0,0,0,0.0,0,0
train,81,14,0.22,22,4,0.0,0.9090909090909091,0.75,0.7851851851851852,0.44,0.9166666666666666,-0.007575757575757569,0.874857693208549,0.5454545454545454,0.08888888888888889,0.24,0.5,0.0,0.0,0.0,1.0,0,0,0.0,0,0
train,81,15,0.22,22,4,0.0,0.9,0.75,0.762962962962963,0.48,0.9090909090909091,-0.009090909090909038,0.8849146159251293,0.5,0.08148148148148149,0.2,1.0,0.0,1.0,0.0,0.0,1,2,0.11764705882352941,0,1
train,81,16,0.22,22,4,0.052631578947368474,0.8888888888888888,0.75,0.7481481481481481,0.36,0.9,-0.011111111111111183,0.886504325110633,0.45454545454545453,0.07407407407407407,0.24,0.5,0.0,1.0,0.0,0.0,1,2,0.1111111111111111,0,1
train,81,17,0.22,22,4,0.0,0.875,0.75,0.7407407407407407,0.2916666666666667,0.8888888888888888,-0.01388888888888884,0.8819025950663799,0.4090909090909091,0.06666666666666667,0.20833333333333334,0.5,0.0,0.0,0.0,1.0,1,2,0.10526315789473684,0,1
train,81,18,0.22,22,4,0.0,0.8571428571428571,0.75,0.725925925925926,0.4583333333333333,0.875,-0.017857142857142905,0.8719986998969708,0.36363636363636365,0.05925925925925926,0.20833333333333334,0.5,0.0,1.0,0.0,0.0,1,2,0.1,0,1
train,81,19,0.22,22,4,0.0,0.6428571428571429,0.0,0.7111111111111111,0.3333333333333333,0.8571428571428571,-0.2142857142857142,0.7803420770810396,0.3181818181818182,0.1111111111111111,0.3333333333333333,0.25,1.0,0.0,0.0,0.0,0,0,0.0,0,0
train,81,20,0.22,22,4,0.0,0.6923076923076923,0.0,0.7111111111111111,0.375,0.6428571428571429,0.049450549450549386,0.7451283231717007,0.36363636363636365,0.1037037037037037,0.2916666666666667,0.5,0.0,0.0,1.0,0.0,0,0,0.0,0,0
train,81,21,0.22,22,4,0.0,0.75,0.25,0.7111111111111111,0.125,0.6923076923076923,0.05769230769230771,0.7470769939030204,0.4090909090909091,0.0962962962962963,0.3333333333333333,0.5,1.0,0.0,0.0,0.0,0,0,0.0,0,0
train,81,22,0.22,22,4,0.0,0.8181818181818182,0.5,0.7111111111111111,0.24,0.75,0.06818181818181823,0.7755189236145396,0.45454545454545453,0.08888888888888889,0.28,0.5,1.0,0.0,0.0,0.0,0,0,0.0,0,0
train,81,23,0.22,22,4,0.0,0.9,0.75,0.7111111111111111,0.36,0.8181818181818182,0.08181818181818179,0.8253113541687238,0.5,0.08148148148148149,0.24,1.0,0.0,0.0,0.0,1.0,0,0,0.0,0,0
train,81,24,0.22,22,4,0.0,0.9090909090909091,0.75,0.6962962962962963,0.4,0.9,0.009090909090909038,0.858823176137598,0.45454545454545453,0.08888888888888889,0.2,0.5,1.0,0.0,0.0,0.0,0,0,0.0,0,0
train,81,25,0.22,22,4,0.0,0.9,0.75,0.6814814814814815,0.48,0.9090909090909091,-0.009090909090909038,0.8752939056825588,0.5,0.08148148148148149,0.16,1.0,0.0,0.0,0.0,1.0,0,0,0.0,0,0
train,81,26,0.22,22,4,0.0,0.8888888888888888,0.75,0.6666666666666666,0.52,0.9,-0.011111111111111183,0.8807318989650907,0.45454545454545453,0.07407407407407407,0.2,0.5,0.0,0.0,0.0,1.0,0,0,0.0,0,0
train,81,27,0.22,22,4,0.0,0.9,0.75,0.6444444444444445,0.56,0.8888888888888888,0.011111111111111183,0.8884391393790545,0.4090909090909091,0.08148148148148149,0.16,0.5,1.0,0.0,0.0,0.0,0,0,0.0,0,0
train,81,28,0.22,22,4,0.0,0.8888888888888888,0.75,0.6296296296296297,0.5416666666666666,0.9,-0.011111111111111183,0.8886190391829882,0.45454545454545453,0.07407407407407407,0.16666666666666666,0.75,0.0,0.0,0.0,1.0,0,0,0.0,0,0
train,81,29,0.22,22,4,0.0,0.9,0.75,0.6148148148148148,0.5416666666666666,0.8888888888888888,0.011111111111111183,0.893171423509793,0.4090909090909091,0.08148148148148149,0.16666666666666666,0.5,1.0,0.0,0.0,0.0,0,0,0.0,0,0
train,81,30,0.22,22,4,0.0,0.8888888888888888,0.75,0.6,0.5238095238095238,0.9,-0.011111111111111183,0.8914584096614313,0.45454545454545453,0.07407407407407407,0.19047619047619047,0.75,0.0,0.0,0.0,1.0,0,0,0.0,0,0
train,81,31,0.22,22,4,0.0,0.875,0.75,0.5851851851851851,0.5238095238095238,0.8888888888888888,-0.01388888888888884,0.8848750457968588,0.4090909090909091,0.06666666666666667,0.19047619047619047,0.5,0.0,0.0,0.0,1.0,0,0,0.0,0,0
train,81,32,0.22,22,4,0.0,0.8571428571428571,0.75,0.562962962962963,0.47619047619047616,0.875,-0.017857142857142905,0.8737821703352582,0.36363636363636365,0.05925925925925926,0.19047619047619047,0.75,0.0,1.0,0.0,0.0,1,2,0.25,0,1
train,81,33,0.22,22,4,0.0,0.75,0.5,0.5481481481481482,0.4583333333333333,0.8571428571428571,-0.1071428571428571,0.8242693022011549,0.3181818181818182,0.06666666666666667,0.25,0.25,1.0,0.0,0.0,0.0,0,0,0.0,0,0
train,81,34,0.22,22,4,0.0,0.8571428571428571,0.75,0.5481481481481482,0.38095238095238093,0.75,0.1071428571428571,0.8374187241778358,0.36363636363636365,0.05925925925925926,0.2857142857142857,0.75,0.0,0.0,0.0,1.0,0,0,0.0,0,0
train,81,35,0.22,22,4,0.0,0.8333333333333334,0.75,0.5333333333333333,0.4,0.8571428571428571,-0.023809523809523725,0.8357845678400349,0.3181818181818182,0.05185185185185185,0.3,0.5,0.0,0.0,0.0,1.0,0,0,0.0,0,0
train,81,36,0.22,22,4,0.0,0.8,0.75,0.5111111111111111,0.35294117647058826,0.8333333333333334,-0.033333333333333326,0.8214707407040209,0.2727272727272727,0.044444444444444446,0.29411764705882354,0.5,0.0,1.0,0.0,0.0,0,0,0.0,0,0
train,81,37,0.22,22,4,0.0,0.75,0.75,0.4962962962962963,0.35,0.8,-0.050000000000000044,0.7928824444224125,0.22727272727272727,0.037037037037037035,0.35,0.5,0.0,1.0,0.0,0.0,0,0,0.0,0,0
train,81,38,0.22,22,4,0.0,0.6666666666666666,0.6666666666666666,0.4740740740740741,0.38095238095238093,0.75,-0.08333333333333337,0.7423961333201141,0.18181818181818182,0.02962962962962963,0.2857142857142857,0.75,0.0,1.0,0.0,0.0,0,0,0.0,0,0
train,81,39,0.22,22,4,0.0,0.5,0.5,0.45185185185185184,0.42857142857142855,0.6666666666666666,-0.16666666666666663,0.6454376799920685,0.13636363636363635,0.022222222222222223,0.23809523809523808,0.75,0.0,1.0,0.0,0.0,0,0,0.0,0,0
train,81,40,0.22,22,4,0.0,0.0,0.0,0.42962962962962964,0.47619047619047616,0.5,-0.5,0.3872626079952411,0.09090909090909091,0.014814814814814815,0.14285714285714285,0.75,0.0,1.0,0.0,0.0,0,0,0.0,0,0
train,81,41,0.22,22,4,0.0,0.0,0.0,0.4074074074074074,0.45,0.0,0.0,0.23235756479714464,0.045454545454545456,0.007407407407407408,0.15,0.75,0.0,1.0,0.0,0.0,0,0,0.0,0,0
train,82,0,0.26,22,4,0.0,0.9411764705882353,0.75,0.9629629629629629,0.7058823529411765,0.9411764705882353,0.0,0.9411764705882353,0.8181818181818182,0.13333333333333333,0.11764705882352941,0.5,0.0,1.0,0.0,0.0,0,0,0.0,0,0
train,82,1,0.26,22,4,0.0,0.9375,0.75,0.9407407407407408,0.6,0.9411764705882353,-0.003676470588235281,0.9397058823529412,0.7727272727272727,0.1259259259259259,0.15,0.75,0.0,1.0,0.0,0.0,0,0,0.0,0,0
train,82,2,0.26,22,4,0.0,0.9333333333333333,0.75,0.9185185185185185,0.47619047619047616,0.9375,-0.004166666666666652,0.9371568627450981,0.7272727272727273,0.11851851851851852,0.19047619047619047,0.75,0.0,1.0,0.0,0.0,0,0,0.0,0,0
train,82,3,0.26,22,4,0.0,0.9285714285714286,0.75,0.8962962962962963,0.47619047619047616,0.9333333333333333,-0.004761904761904745,0.9337226890756303,0.6818181818181818,0.1111111111111111,0.19047619047619047,0.5,0.0,0.0,0.0,1.0,0,0,0.0,0,0
train,82,4,0.26,22,4,0.0,0.9230769230769231,0.75,0.8814814814814815,0.5,0.9285714285714286,-0.005494505494505475,0.9294643826761474,0.6363636363636364,0.1037037037037037,0.16666666666666666,0.75,0.0,1.0,0.0,0.0,0,0,0.0,0,0
train,82,5,0.26,22,4,0.0,0.9166666666666666,0.75,0.8666666666666667,0.5416666666666666,0.9230769230769231,-0.0064102564102564985,0.9243452962723551,0.5909090909090909,0.0962962962962963,0.125,0.75,0.0,1.0,0.0,0.0,1,2,0.11764705882352941,0,1
train,82,6,0.26,22,4,0.10526315789473684,0.9090909090909091,0.75,0.8444444444444444,0.5217391304347826,0.9166666666666666,-0.007575757575757569,0.9182435413997767,0.5454545454545454,0.08888888888888889,0.17391304347826086,0.5,0.0,1.0,0.0,0.0,1,2,0.1111111111111111,0,1
train,82,7,0.26,22,4,0.0,0.9,0.75,0.8222222222222222,0.45,0.9090909090909091,-0.009090909090909038,0.910946124839866,0.5,0.08148148148148149,0.2,0.75,0.0,0.0,0.0,1.0,1,2,0.10526315789473684,0,1
train,82,8,0.26,22,4,0.0,0.7333333333333333,0.0,0.8074074074074075,0.42857142857142855,0.9,-0.16666666666666674,0.8399010082372529,0.45454545454545453,0.11851851851851852,0.2857142857142857,0.25,0.0,0.0,1.0,0.0,0,0,0.0,0,0
train,82,9,0.26,22,4,0.0,0.7857142857142857,0.25,0.8074074074074075,0.35,0.7333333333333333,0.05238095238095242,0.818226319228066,0.5,0.1111111111111111,0.3,0.75,1.0,0.0,0.0,0.0,0,0,0.0,0,0
train,82,10,0.26,22,4,0.0,0.8461538461538461,0.5,0.8074074074074075,0.30434782608695654,0.7857142857142857,0.06043956043956045,0.8293973299983781,0.5454545454545454,0.1037037037037037,0.30434782608695654,0.5,1.0,0.0,0.0,0.0,0,0,0.0,0,0
train,82,11,0.26,22,4,0.0714285714285714,0.9166666666666666,0.75,0.8074074074074075,0.2916666666666667,0.8461538461538461,0.07051282051282048,0.8643050646656936,0.5909090909090909,0.0962962962962963,0.25,0.75,0.0,0.0,0.0,1.0,0,0,0.0,0,0
train,82,12,0.26,22,4,0.0,0.9090909090909091,0.75,0.8,0.4,0.9166666666666666,-0.007575757575757569,0.8822194024357798,0.5454545454545454,0.08888888888888889,0.24,0.5,0.0,0.0,0.0,1.0,0,0,0.0,0,0
train,82,13,0.26,22,4,0.045454545454545414,0.9,0.75,0.7777777777777778,0.48,0.9090909090909091,-0.009090909090909038,0.8893316414614678,0.5,0.08148148148148149,0.16,1.0,0.0,1.0,0.0,0.0,0,0,0.0,0,0
train,82,14,0.26,22,4,0.0,0.8888888888888888,0.75,0.7703703703703704,0.375,0.9,-0.011111111111111183,0.8891545404324361,0.45454545454545453,0.07407407407407407,0.20833333333333334,0.5,0.0,0.0,0.0,1.0,0,0,0.0,0,0
train,82,15,0.26,22,4,0.15000000000000002,0.875,0.75,0.7555555555555555,0.5,0.8888888888888888,-0.01388888888888884,0.8834927242594617,0.4090909090909091,0.06666666666666667,0.08333333333333333,1.0,0.0,1.0,0.0,0.0,1,2,0.15384615384615385,0,1
train,82,16,0.26,22,4,0.0,0.8571428571428571,0.75,0.7407407407407407,0.38095238095238093,0.875,-0.017857142857142905,0.8729527774128198,0.36363636363636365,0.05925925925925926,0.19047619047619047,0.5,0.0,0.0,0.0,1.0,0,0,0.0,0,0
train,82,17,0.26,22,4,0.0,0.8333333333333334,0.75,0.725925925925926,0.47619047619047616,0.8571428571428571,-0.023809523809523725,0.8571049997810253,0.3181818181818182,0.05185185185185185,0.14285714285714285,0.75,0.0,0.0,0.0,1.0,0,0,0.0,0,0
train,82,18,0.26,22,4,0.0,0.8,0.75,0.7037037037037037,0.47619047619047616,0.8333333333333334,-0.033333333333333326,0.8342629998686152,0.2727272727272727,0.044444444444444446,0.19047619047619047,0.75,0.0,0.0,0.0,1.0,0,0,0.0,0,0
train,82,19,0.26,22,4,0.0,0.75,0.75,0.6814814814814815,0.47619047619047616,0.8,-0.050000000000000044,0.8005577999211692,0.22727272727272727,0.037037037037037035,0.14285714285714285,0.75,0.0,0.0,0.0,1.0,1,2,0.18181818181818182,0,1
train,82,20,0.26,22,4,0.0,0.6666666666666666,0.6666666666666666,0.6592592592592592,0.47619047619047616,0.75,-0.08333333333333337,0.7470013466193681,0.18181818181818182,0.02962962962962963,0.14285714285714285,0.75,0.0,0.0,0.0,1.0,1,2,0.16666666666666666,0,1
train,82,21,0.26,22,4,0.0,0.75,0.5,0.6370370370370371,0.47619047619047616,0.6666666666666666,0.08333333333333337,0.7482008079716209,0.13636363636363635,0.06666666666666667,0.23809523809523808,0.25,0.0,0.0,1.0,0.0,0,0,0.0,0,0
train,82,22,0.26,22,4,0.0714285714285714,0.8571428571428571,0.75,0.6370370370370371,0.3333333333333333,0.75,0.1071428571428571,0.7917776276401154,0.18181818181818182,0.05925925925925926,0.2857142857142857,0.75,1.0,0.0,0.0,0.0,0,0,0.0,0,1
train,82,23,0.26,22,4,0.0,0.9,0.75,0.6296296296296297,0.4166666666666667,0.8571428571428571,0.04285714285714293,0.8350665765840692,0.22727272727272727,0.08148148148148149,0.25,0.5,0.0,0.0,1.0,0.0,0,0,0.0,0,0
train,82,24,0.26,22,4,0.06666666666666665,0.8888888888888888,0.75,0.6222222222222222,0.3333333333333333,0.9,-0.011111111111111183,0.8565955015059972,0.2727272727272727,0.07407407407407407,0.20833333333333334,1.0,1.0,0.0,0.0,0.0,0,0,0.0,0,0
train,82,25,0.26,22,4,0.0,0.875,0.75,0.6074074074074074,0.44,0.8888888888888888,-0.01388888888888884,0.8639573009035983,0.3181818181818182,0.06666666666666667,0.12,0.75,1.0,0.0,0.0,0.0,0,0,0.0,0,0
train,82,26,0.26,22,4,0.0,0.8571428571428571,0.75,0.5851851851851851,0.56,0.875,-0.017857142857142905,0.8612315233993019,0.36363636363636365,0.05925925925925926,0.08,0.75,0.0,0.0,0.0,1.0,0,0,0.0,0,0
train,82,27,0.26,22,4,0.0,0.8333333333333334,0.75,0.5703703703703704,0.48,0.8571428571428571,-0.023809523809523725,0.8500722473729144,0.3181818181818182,0.05185185185185185,0.12,0.75,0.0,0.0,0.0,1.0,0,0,0.0,0,0
train,82,28,0.26,22,4,0.045454545454545414,0.8,0.75,0.5481481481481482,0.44,0.8333333333333334,-0.033333333333333326,0.8300433484237487,0.2727272727272727,0.044444444444444446,0.2,0.5,0.0,1.0,0.0,0.0,0,0,0.0,0,0
train,82,29,0.26,22,4,0.0,0.75,0.75,0.5407407407407407,0.28,0.8,-0.050000000000000044,0.7980260090542493,0.22727272727272727,0.037037037037037035,0.24,0.5,0.0,0.0,0.0,1.0,0,0,0.0,0,0
train,82,30,0.26,22,4,0.05555555555555558,0.6666666666666666,0.6666666666666666,0.5259259259259259,0.44,0.75,-0.08333333333333337,0.7454822720992162,0.18181818181818182,0.02962962962962963,0.2,0.75,0.0,1.0,0.0,0.0,0,0,0.0,0,0
train,82,31,0.26,22,4,0.0,0.5,0.5,0.5185185185185185,0.375,0.6666666666666666,-0.16666666666666663,0.6472893632595298,0.13636363636363635,0.022222222222222223,0.20833333333333334,0.5,0.0,0.0,0.0,1.0,0,0,0.0,0,0
train,82,32,0.26,22,4,0.0,0.0,0.0,0.5037037037037037,0.4782608695652174,0.5,-0.5,0.38837361795571784,0.09090909090909091,0.014814814814814815,0.13043478260869565,1.0,0.0,1.0,0.0,0.0,0,0,0.0,0,0
train,82,33,0.26,22,4,0.0,0.0,0.0,0.4888888888888889,0.35,0.0,0.0,0.23302417077343068,0.045454545454545456,0.007407407407407408,0.2,0.5,0.0,0.0,0.0,1.0,0,0,0.0,0,0
train,83,0,0.3,20,2,0.0,0.9411764705882353,0.75,0.9629629629629629,0.7058823529411765,0.9411764705882353,0.0,0.9411764705882353,0.8181818181818182,0.13333333333333333,0.17647058823529413,0.25,0.0,1.0,0.0,0.0,0,0,0.0,0,0
train,83,1,0.3,20,2,0.0,0.9375,0.75,0.9407407407407408,0.6,0.9411764705882353,-0.003676470588235281,0.9397058823529412,0.7727272727272727,0.1259259259259259,0.2,0.75,0.0,1.0,0.0,0.0,1,2,0.10526315789473684,0,1
train,83,2,0.3,20,2,0.0,0.9333333333333333,0.75,0.9185185185185185,0.47619047619047616,0.9375,-0.004166666666666652,0.9371568627450981,0.7272727272727273,0.11851851851851852,0.23809523809523808,0.75,0.0,1.0,0.0,0.0,1,2,0.1,0,1
train,83,3,0.3,20,2,0.0,0.875,0.5,0.8962962962962963,0.47619047619047616,0.9333333333333333,-0.05833333333333335,0.9122941176470589,0.6818181818181818,0.1259259259259259,0.23809523809523808,0.25,1.0,0.0,0.0,0.0,0,0,0.0,0,0
train,83,4,0.3,20,2,0.0,0.9333333333333333,0.75,0.8962962962962963,0.3333333333333333,0.875,0.05833333333333335,0.9207098039215686,0.7272727272727273,0.11851851851851852,0.38095238095238093,0.75,0.0,0.0,0.0,1.0,0,0,0.0,0,0
train,83,5,0.3,20,2,0.04761904761904767,0.9375,0.75,0.8888888888888888,0.4583333333333333,0.9333333333333333,0.004166666666666652,0.9274258823529412,0.6818181818181818,0.1259259259259259,0.2916666666666667,0.5,1.0,0.0,0.0,0.0,0,0,0.0,0,0
train,83,6,0.3,20,2,0.0,0.9333333333333333,0.75,0.8814814814814815,0.391304347826087,0.9375,-0.004166666666666652,0.9297888627450981,0.7272727272727273,0.11851851851851852,0.30434782608695654,0.75,0.0,0.0,0.0,1.0,0,0,0.0,0,0
train,83,7,0.3,20,2,0.0,0.9285714285714286,0.75,0.8666666666666667,0.5,0.9333333333333333,-0.004761904761904745,0.9293018890756303,0.6818181818181818,0.1111111111111111,0.16666666666666666,0.75,0.0,0.0,0.0,1.0,0,0,0.0,0,0
train,83,8,0.3,20,2,0.0,0.9333333333333333,0.75,0.8444444444444444,0.5416666666666666,0.9285714285714286,0.004761904761904745,0.9309144667787115,0.6363636363636364,0.11851851851851852,0.16666666666666666,0.5,1.0,0.0,0.0,0.0,0,0,0.0,0,0
train,83,9,0.3,20,2,0.0,0.9285714285714286,0.75,0.8296296296296296,0.42857142857142855,0.9333333333333333,-0.004761904761904745,0.9299772514957984,0.6818181818181818,0.1111111111111111,0.23809523809523808,0.75,0.0,0.0,0.0,1.0,0,0,0.0,0,0
train,83,10,0.3,20,2,0.0,0.9230769230769231,0.75,0.8148148148148148,0.47619047619047616,0.9285714285714286,-0.005494505494505475,0.9272171201282482,0.6363636363636364,0.1037037037037037,0.23809523809523808,0.5,0.0,0.0,0.0,1.0,0,0,0.0,0,0
train,83,11,0.3,20,2,0.0,0.9166666666666666,0.75,0.7925925925925926,0.47619047619047616,0.9230769230769231,-0.0064102564102564985,0.9229969387436155,0.5909090909090909,0.0962962962962963,0.19047619047619047,0.75,0.0,1.0,0.0,0.0,0,0,0.0,0,0
train,83,12,0.3,20,2,0.0,0.9090909090909091,0.75,0.7777777777777778,0.4583333333333333,0.9166666666666666,-0.007575757575757569,0.9174345268825329,0.5454545454545454,0.08888888888888889,0.16666666666666666,0.75,0.0,1.0,0.0,0.0,0,0,0.0,0,0
train,83,13,0.3,20,2,0.0,0.9,0.75,0.7555555555555555,0.44,0.9090909090909091,-0.009090909090909038,0.9104607161295197,0.5,0.08148148148148149,0.2,0.75,0.0,1.0,0.0,0.0,0,0,0.0,0,0
train,83,14,0.3,20,2,0.0,0.8888888888888888,0.75,0.7333333333333333,0.52,0.9,-0.011111111111111183,0.9018319852332675,0.45454545454545453,0.07407407407407407,0.2,0.5,0.0,0.0,0.0,1.0,0,0,0.0,0,0
train,83,15,0.3,20,2,0.0,0.875,0.75,0.7185185185185186,0.52,0.8888888888888888,-0.01388888888888884,0.8910991911399604,0.4090909090909091,0.06666666666666667,0.12,0.75,0.0,1.0,0.0,0.0,0,0,0.0,0,0
train,83,16,0.3,20,2,0.0,0.8571428571428571,0.75,0.7037037037037037,0.56,0.875,-0.017857142857142905,0.8775166575411191,0.36363636363636365,0.05925925925925926,0.12,0.75,0.0,1.0,0.0,0.0,0,0,0.0,0,0
train,83,17,0.3,20,2,0.0,0.8333333333333334,0.75,0.6814814814814815,0.5416666666666666,0.8571428571428571,-0.023809523809523725,0.8598433278580048,0.3181818181818182,0.05185185185185185,0.16666666666666666,0.5,0.0,0.0,0.0,1.0,0,0,0.0,0,0
train,83,18,0.3,20,2,0.0,0.8,0.75,0.6666666666666666,0.5416666666666666,0.8333333333333334,-0.033333333333333326,0.8359059967148029,0.2727272727272727,0.044444444444444446,0.16666666666666666,0.75,0.0,0.0,0.0,1.0,0,0,0.0,0,0
train,83,19,0.3,20,2,0.0,0.75,0.75,0.6444444444444445,0.5,0.8,-0.050000000000000044,0.8015435980288818,0.22727272727272727,0.037037037037037035,0.20833333333333334,0.5,0.0,0.0,0.0,1.0,0,0,0.0,0,0
train,83,20,0.3,20,2,0.0,0.6666666666666666,0.6666666666666666,0.6222222222222222,0.5416666666666666,0.75,-0.08333333333333337,0.7475928254839956,0.18181818181818182,0.02962962962962963,0.16666666666666666,0.75,0.0,0.0,0.0,1.0,0,0,0.0,0,0
train,83,21,0.3,20,2,0.04761904761904767,0.5,0.5,0.6,0.5416666666666666,0.6666666666666666,-0.16666666666666663,0.6485556952903974,0.13636363636363635,0.022222222222222223,0.125,1.0,0.0,1.0,0.0,0.0,0,0,0.0,0,0
train,83,22,0.3,20,2,0.0,0.0,0.0,0.5851851851851851,0.42857142857142855,0.5,-0.5,0.3891334171742384,0.09090909090909091,0.014814814814814815,0.19047619047619047,0.5,0.0,0.0,0.0,1.0,0,0,0.0,0,0
train,83,23,0.3,20,2,0.0,0.0,0.0,0.5703703703703704,0.45,0.0,0.0,0.23348005030454302,0.045454545454545456,0.007407407407407408,0.2,0.75,0.0,0.0,0.0,1.0,0,0,0.0,0,0
train,84,0,0.34,24,6,0.0,0.9411764705882353,0.75,0.9629629629629629,0.7058823529411765,0.9411764705882353,0.0,0.9411764705882353,0.8181818181818182,0.13333333333333333,0.11764705882352941,0.5,0.0,1.0,0.0,0.0,0,0,0.0,0,0
train,84,1,0.34,24,6,0.0,0.9375,0.75,0.9407407407407408,0.6,0.9411764705882353,-0.003676470588235281,0.9397058823529412,0.7727272727272727,0.1259259259259259,0.15,0.75,0.0,1.0,0.0,0.0,1,2,0.08695652173913043,0,1
train,84,2,0.34,24,6,0.0,0.8823529411764706,0.5,0.9185185185185185,0.47619047619047616,0.9375,-0.05514705882352944,0.9167647058823529,0.7272727272727273,0.13333333333333333,0.2857142857142857,0.25,1.0,0.0,0.0,0.0,0,0,0.0,0,0
train,84,3,0.34,24,6,0.0,0.9375,0.75,0.9185185185185185,0.45,0.8823529411764706,0.05514705882352944,0.9250588235294117,0.7727272727272727,0.1259259259259259,0.3,0.75,0.0,0.0,0.0,1.0,0,0,0.0,0,0
train,84,4,0.34,24,6,0.0,0.9333333333333333,0.75,0.9111111111111111,0.4782608695652174,0.9375,-0.004166666666666652,0.9283686274509804,0.7272727272727273,0.11851851851851852,0.2608695652173913,0.75,0.0,0.0,0.0,1.0,0,0,0.0,0,0
train,84,5,0.34,24,6,0.0,0.9285714285714286,0.75,0.8888888888888888,0.5416666666666666,0.9333333333333333,-0.004761904761904745,0.9284497478991597,0.6818181818181818,0.1111111111111111,0.125,0.75,0.0,0.0,0.0,1.0,0,0,0.0,0,0
train,84,6,0.34,24,6,0.0,0.9230769230769231,0.75,0.8666666666666667,0.5416666666666666,0.9285714285714286,-0.005494505494505475,0.9263006179702651,0.6363636363636364,0.1037037037037037,0.125,0.75,0.0,1.0,0.0,0.0,0,0,0.0,0,0
train,84,7,0.34,24,6,0.0,0.9166666666666666,0.75,0.8518518518518519,0.52,0.9230769230769231,-0.0064102564102564985,0.9224470374488257,0.5909090909090909,0.0962962962962963,0.12,0.75,0.0,1.0,0.0,0.0,0,0,0.0,0,0
train,84,8,0.34,24,6,0.0,0.9090909090909091,0.75,0.8296296296296296,0.48,0.9166666666666666,-0.007575757575757569,0.917104586105659,0.5454545454545454,0.08888888888888889,0.16,1.0,0.0,1.0,0.0,0.0,1,2,0.1111111111111111,0,1
train,84,9,0.34,24,6,0.0,0.9,0.75,0.8074074074074075,0.56,0.9090909090909091,-0.009090909090909038,0.9102627516633954,0.5,0.08148148148148149,0.08,0.75,0.0,1.0,0.0,0.0,1,2,0.10526315789473684,0,1
train,84,10,0.34,24,6,0.13043478260869568,0.8888888888888888,0.75,0.7851851851851852,0.5416666666666666,0.9,-0.011111111111111183,0.9017132065535929,0.45454545454545453,0.07407407407407407,0.08333333333333333,0.75,0.0,1.0,0.0,0.0,1,2,0.1,0,1
train,84,11,0.34,24,6,0.0,0.8,0.5,0.762962962962963,0.47619047619047616,0.8888888888888888,-0.0888888888888888,0.8610279239321558,0.4090909090909091,0.08148148148148149,0.19047619047619047,0.5,1.0,0.0,0.0,0.0,0,0,0.0,0,0
train,84,12,0.34,24,6,0.050000000000000044,0.8888888888888888,0.75,0.762962962962963,0.4166666666666667,0.8,0.0888888888888888,0.8721723099148491,0.45454545454545453,0.07407407407407407,0.16666666666666666,0.75,0.0,0.0,0.0,1.0,0,0,0.0,0,0
train,84,13,0.34,24,6,0.0,0.875,0.75,0.7555555555555555,0.4166666666666667,0.8888888888888888,-0.01388888888888884,0.8733033859489094,0.4090909090909091,0.06666666666666667,0.16666666666666666,0.5,0.0,0.0,0.0,1.0,0,0,0.0,0,0
train,84,14,0.34,24,6,0.15000000000000002,0.8571428571428571,0.75,0.7333333333333333,0.5,0.875,-0.017857142857142905,0.8668391744264885,0.36363636363636365,0.05925925925925926,0.125,1.0,0.0,1.0,0.0,0.0,1,2,0.1111111111111111,0,1
train,84,15,0.34,24,6,0.0,0.8333333333333334,0.75,0.7185185185185186,0.38095238095238093,0.8571428571428571,-0.023809523809523725,0.8534368379892264,0.3181818181818182,0.05185185185185185,0.19047619047619047,0.5,0.0,0.0,0.0,1.0,0,0,0.0,0,0
train,84,16,0.34,24,6,0.0,0.8,0.75,0.7037037037037037,0.47619047619047616,0.8333333333333334,-0.033333333333333326,0.8320621027935359,0.2727272727272727,0.044444444444444446,0.14285714285714285,0.75,0.0,0.0,0.0,1.0,0,0,0.0,0,0
train,84,17,0.34,24,6,0.0,0.8333333333333334,0.75,0.6814814814814815,0.47619047619047616,0.8,0.033333333333333326,0.8325705950094549,0.22727272727272727,0.05185185185185185,0.23809523809523808,0.5,1.0,0.0,0.0,0.0,0,0,0.0,0,0
train,84,18,0.34,24,6,0.0,0.8571428571428571,0.75,0.6666666666666666,0.4583333333333333,0.8333333333333334,0.023809523809523725,0.8423994998628157,0.2727272727272727,0.05925925925925926,0.16666666666666666,0.75,1.0,0.0,0.0,0.0,0,0,0.0,0,0
train,84,19,0.34,24,6,0.0,0.875,0.75,0.6444444444444445,0.44,0.8571428571428571,0.017857142857142905,0.8554396999176894,0.3181818181818182,0.06666666666666667,0.24,0.5,1.0,0.0,0.0,0.0,0,0,0.0,0,0
train,84,20,0.34,24,6,0.0,0.8571428571428571,0.75,0.6222222222222222,0.48,0.875,-0.017857142857142905,0.8561209628077565,0.36363636363636365,0.05925925925925926,0.16,0.75,0.0,0.0,0.0,1.0,0,0,0.0,0,0
train,84,21,0.34,24,6,0.0,0.875,0.75,0.6074074074074074,0.52,0.8571428571428571,0.017857142857142905,0.8636725776846539,0.3181818181818182,0.06666666666666667,0.24,0.5,1.0,0.0,0.0,0.0,0,0,0.0,0,0
train,84,22,0.34,24,6,0.0,0.8571428571428571,0.75,0.5925925925925926,0.56,0.875,-0.017857142857142905,0.8610606894679351,0.36363636363636365,0.05925925925925926,0.16,0.75,0.0,0.0,0.0,1.0,0,0,0.0,0,0
train,84,23,0.34,24,6,0.0,0.875,0.75,0.5777777777777777,0.6,0.8571428571428571,0.017857142857142905,0.8666364136807612,0.3181818181818182,0.06666666666666667,0.16,0.5,1.0,0.0,0.0,0.0,0,0,0.0,0,0
train,84,24,0.34,24,6,0.0,0.8571428571428571,0.75,0.562962962962963,0.5833333333333334,0.875,-0.017857142857142905,0.8628389910655996,0.36363636363636365,0.05925925925925926,0.125,1.0,0.0,0.0,0.0,1.0,0,0,0.0,0,0
train,84,25,0.34,24,6,0.0,0.8333333333333334,0.75,0.5481481481481482,0.5833333333333334,0.8571428571428571,-0.023809523809523725,0.8510367279726931,0.3181818181818182,0.05185185185185185,0.08333333333333333,0.75,0.0,0.0,0.0,1.0,0,0,0.0,0,0
train,84,26,0.34,24,6,0.0,0.8,0.75,0.5259259259259259,0.5217391304347826,0.8333333333333334,-0.033333333333333326,0.8306220367836159,0.2727272727272727,0.044444444444444446,0.08695652173913043,0.75,0.0,0.0,0.0,1.0,0,0,0.0,0,0
train,84,27,0.34,24,6,0.0,0.75,0.75,0.5037037037037037,0.45,0.8,-0.050000000000000044,0.7983732220701696,0.22727272727272727,0.037037037037037035,0.15,0.75,0.0,1.0,0.0,0.0,0,0,0.0,0,0
train,84,28,0.34,24,6,0.0,0.6666666666666666,0.6666666666666666,0.4888888888888889,0.42857142857142855,0.75,-0.08333333333333337,0.7456905999087684,0.18181818181818182,0.02962962962962963,0.19047619047619047,0.5,0.0,1.0,0.0,0.0,0,0,0.0,0,0
train,84,29,0.34,24,6,0.0,0.5,0.5,0.4666666666666667,0.38095238095238093,0.6666666666666666,-0.16666666666666663,0.6474143599452611,0.13636363636363635,0.022222222222222223,0.2857142857142857,0.75,0.0,1.0,0.0,0.0,0,0,0.0,0,0
train,84,30,0.34,24,6,0.0,0.6666666666666666,0.6666666666666666,0.4444444444444444,0.47619047619047616,0.5,0.16666666666666663,0.6551152826338233,0.09090909090909091,0.02962962962962963,0.23809523809523808,0.5,0.0,0.0,1.0,0.0,0,0,0.0,0,0
train,84,31,0.34,24,6,0.0,0.5,0.5,0.42962962962962964,0.375,0.6666666666666666,-0.16666666666666663,0.593069169580294,0.13636363636363635,0.022222222222222223,0.2916666666666667,1.0,0.0,1.0,0.0,0.0,0,0,0.0,0,0
train,84,32,0.34,24,6,0.0,0.0,0.0,0.4148148148148148,0.4782608695652174,0.5,-0.5,0.35584150174817636,0.09090909090909091,0.014814814814814815,0.17391304347826086,0.75,0.0,1.0,0.0,0.0,0,0,0.0,0,0
train,84,33,0.34,24,6,0.0,0.0,0.0,0.3925925925925926,0.4,0.0,0.0,0.21350490104890582,0.045454545454545456,0.007407407407407408,0.15,0.75,0.0,0.0,0.0,1.0,0,0,0.0,0,0
train,85,0,0.18,24,6,0.0,0.9411764705882353,0.75,0.9629629629629629,0.7058823529411765,0.9411764705882353,0.0,0.9411764705882353,0.8181818181818182,0.13333333333333333,0.17647058823529413,0.25,0.0,1.0,0.0,0.0,0,0,0.0,0,0
train,85,1,0.18,24,6,0.0,0.9375,0.75,0.9407407407407408,0.6,0.9411764705882353,-0.003676470588235281,0.9397058823529412,0.7727272727272727,0.1259259259259259,0.25,0.5,0.0,1.0,0.0,0.0,0,0,0.0,0,0
train,85,2,0.18,24,6,0.0,0.9333333333333333,0.75,0.9185185185185185,0.47619047619047616,0.9375,-0.004166666666666652,0.9371568627450981,0.7272727272727273,0.11851851851851852,0.2857142857142857,0.75,0.0,1.0,0.0,0.0,0,0,0.0,0,0
train,85,3,0.18,24,6,0.0,0.9285714285714286,0.75,0.8962962962962963,0.47619047619047616,0.9333333333333333,-0.004761904761904745,0.9337226890756303,0.6818181818181818,0.1111111111111111,0.23809523809523808,0.5,0.0,0.0,0.0,1.0,0,0,0.0,0,0
train,85,4,0.18,24,6,0.0,0.9230769230769231,0.75,0.8814814814814815,0.5,0.9285714285714286,-0.005494505494505475,0.9294643826761474,0.6363636363636364,0.1037037037037037,0.25,0.75,0.0,0.0,0.0,1.0,0,0,0.0,0,0
train,85,5,0.18,24,6,0.0,0.9166666666666666,0.75,0.8592592592592593,0.52,0.9230769230769231,-0.0064102564102564985,0.9243452962723551,0.5909090909090909,0.0962962962962963,0.16,1.0,0.0,1.0,0.0,0.0,1,2,0.10526315789473684,0,1
train,85,6,0.18,24,6,0.0,0.9090909090909091,0.75,0.8444444444444444,0.56,0.9166666666666666,-0.007575757575757569,0.9182435413997767,0.5454545454545454,0.08888888888888889,0.08,0.75,0.0,1.0,0.0,0.0,1,2,0.1,0,1
train,85,7,0.18,24,6,0.13636363636363635,0.9,0.75,0.8222222222222222,0.5,0.9090909090909091,-0.009090909090909038,0.910946124839866,0.5,0.08148148148148149,0.08333333333333333,1.0,0.0,1.0,0.0,0.0,1,2,0.09523809523809523,0,1
train,85,8,0.18,24,6,0.0,0.8888888888888888,0.75,0.8,0.47619047619047616,0.9,-0.011111111111111183,0.9021232304594751,0.45454545454545453,0.07407407407407407,0.09523809523809523,0.75,0.0,0.0,0.0,1.0,0,0,0.0,0,0
train,85,9,0.18,24,6,0.0,0.875,0.75,0.7851851851851852,0.42857142857142855,0.8888888888888888,-0.01388888888888884,0.8912739382756851,0.4090909090909091,0.06666666666666667,0.09523809523809523,0.75,0.0,0.0,0.0,1.0,0,0,0.0,0,0
train,85,10,0.18,24,6,0.0,0.8571428571428571,0.75,0.762962962962963,0.42857142857142855,0.875,-0.017857142857142905,0.8776215058225539,0.36363636363636365,0.05925925925925926,0.14285714285714285,0.75,0.0,0.0,0.0,1.0,0,0,0.0,0,0
train,85,11,0.18,24,6,0.0,0.875,0.75,0.7407407407407407,0.47619047619047616,0.8571428571428571,0.017857142857142905,0.8765729034935323,0.3181818181818182,0.06666666666666667,0.19047619047619047,0.5,1.0,0.0,0.0,0.0,0,0,0.0,0,0
train,85,12,0.18,24,6,0.0,0.8888888888888888,0.75,0.725925925925926,0.4583333333333333,0.875,0.01388888888888884,0.8814992976516749,0.36363636363636365,0.07407407407407407,0.16666666666666666,0.75,1.0,0.0,0.0,0.0,0,0,0.0,0,0
train,85,13,0.18,24,6,0.0,0.875,0.75,0.7037037037037037,0.4,0.8888888888888888,-0.01388888888888884,0.878899578591005,0.4090909090909091,0.06666666666666667,0.12,1.0,0.0,0.0,0.0,1.0,0,0,0.0,0,0
train,85,14,0.18,24,6,0.0,0.8888888888888888,0.75,0.6888888888888889,0.52,0.875,0.01388888888888884,0.8828953027101585,0.36363636363636365,0.07407407407407407,0.12,0.5,1.0,0.0,0.0,0.0,0,0,0.0,0,0
train,85,15,0.18,24,6,0.0,0.875,0.75,0.674074074074074,0.52,0.8888888888888888,-0.01388888888888884,0.879737181626095,0.4090909090909091,0.06666666666666667,0.12,1.0,0.0,0.0,0.0,1.0,0,0,0.0,0,0
train,85,16,0.18,24,6,0.0,0.8571428571428571,0.75,0.6592592592592592,0.6,0.875,-0.017857142857142905,0.8706994518327998,0.36363636363636365,0.05925925925925926,0.08,0.75,0.0,0.0,0.0,1.0,1,2,0.14285714285714285,0,1
train,85,17,0.18,24,6,0.0,0.8333333333333334,0.5,0.6370370370370371,0.56,0.8571428571428571,-0.023809523809523725,0.8557530044330133,0.3181818181818182,0.0962962962962963,0.16,0.25,0.0,0.0,1.0,0.0,0,0,0.0,0,0
train,85,18,0.18,24,6,0.04166666666666663,0.9090909090909091,0.75,0.6370370370370371,0.48,0.8333333333333334,0.07575757575757569,0.8770881662961716,0.36363636363636365,0.08888888888888889,0.2,0.75,1.0,0.0,0.0,0.0,0,0,0.0,0,0
train,85,19,0.18,24,6,0.0,0.9,0.75,0.6296296296296297,0.52,0.9090909090909091,-0.009090909090909038,0.886252899777703,0.4090909090909091,0.08148148148148149,0.16,0.75,1.0,0.0,0.0,0.0,0,0,0.0,0,0
train,85,20,0.18,24,6,0.0,0.8888888888888888,0.75,0.6074074074074074,0.5416666666666666,0.9,-0.011111111111111183,0.8873072954221775,0.45454545454545453,0.07407407407407407,0.08333333333333333,1.0,0.0,0.0,0.0,1.0,0,0,0.0,0,0
train,85,21,0.18,24,6,0.0,0.9,0.75,0.5925925925925926,0.4583333333333333,0.8888888888888888,0.011111111111111183,0.8923843772533064,0.4090909090909091,0.08148148148148149,0.16666666666666666,0.5,1.0,0.0,0.0,0.0,0,0,0.0,0,0
train,85,22,0.18,24,6,0.0,0.8888888888888888,0.75,0.5777777777777777,0.47619047619047616,0.9,-0.011111111111111183,0.8909861819075393,0.45454545454545453,0.07407407407407407,0.14285714285714285,0.75,0.0,0.0,0.0,1.0,0,0,0.0,0,0
train,85,23,0.18,24,6,0.0,0.875,0.75,0.562962962962963,0.47619047619047616,0.8888888888888888,-0.01388888888888884,0.8845917091445237,0.4090909090909091,0.06666666666666667,0.23809523809523808,0.5,0.0,0.0,0.0,1.0,0,0,0.0,0,0
train,85,24,0.18,24,6,0.0,0.8571428571428571,0.75,0.5407407407407407,0.47619047619047616,0.875,-0.017857142857142905,0.873612168343857,0.36363636363636365,0.05925925925925926,0.23809523809523808,0.5,0.0,0.0,0.0,1.0,0,0,0.0,0,0
train,85,25,0.18,24,6,0.0,0.8333333333333334,0.75,0.5185185185185185,0.45,0.8571428571428571,-0.023809523809523725,0.8575006343396475,0.3181818181818182,0.05185185185185185,0.3,0.5,0.0,1.0,0.0,0.0,0,0,0.0,0,0
train,85,26,0.18,24,6,0.0,0.8,0.75,0.5037037037037037,0.4782608695652174,0.8333333333333334,-0.033333333333333326,0.8345003806037885,0.2727272727272727,0.044444444444444446,0.2608695652173913,0.5,0.0,1.0,0.0,0.0,0,0,0.0,0,0
train,85,27,0.18,24,6,0.0,0.75,0.75,0.48148148148148145,0.4166666666666667,0.8,-0.050000000000000044,0.8007002283622732,0.22727272727272727,0.037037037037037035,0.2916666666666667,1.0,0.0,1.0,0.0,0.0,0,0,0.0,0,0
train,85,28,0.18,24,6,0.0,0.6666666666666666,0.6666666666666666,0.45925925925925926,0.4583333333333333,0.75,-0.08333333333333337,0.7470868036840306,0.18181818181818182,0.02962962962962963,0.125,1.0,0.0,1.0,0.0,0.0,0,0,0.0,0,0
train,85,29,0.18,24,6,0.0,0.5,0.5,0.43703703703703706,0.4583333333333333,0.6666666666666666,-0.16666666666666663,0.6482520822104183,0.13636363636363635,0.022222222222222223,0.08333333333333333,1.0,0.0,1.0,0.0,0.0,0,0,0.0,0,0
train,85,30,0.18,24,6,0.0,0.0,0.0,0.4148148148148148,0.5217391304347826,0.5,-0.5,0.38895124932625097,0.09090909090909091,0.014814814814814815,0.0,1.0,0.0,1.0,0.0,0.0,0,0,0.0,0,0
train,85,31,0.18,24,6,0.0,0.0,0.0,0.3925925925925926,0.45,0.0,0.0,0.23337074959575058,0.045454545454545456,0.007407407407407408,0.05,0.75,0.0,0.0,0.0,1.0,0,0,0.0,0,0
train,86,0,0.22,20,2,0.0,0.9411764705882353,0.75,0.9629629629629629,0.7058823529411765,0.9411764705882353,0.0,0.9411764705882353,0.8181818181818182,0.13333333333333333,0.17647058823529413,0.25,0.0,1.0,0.0,0.0,0,0,0.0,0,0
train,86,1,0.22,20,2,0.0,0.9375,0.75,0.9407407407407408,0.6,0.9411764705882353,-0.003676470588235281,0.9397058823529412,0.7727272727272727,0.1259259259259259,0.25,0.5,0.0,1.0,0.0,0.0,0,0,0.0,0,0
train,86,2,0.22,20,2,0.0,0.9333333333333333,0.75,0.9185185185185185,0.47619047619047616,0.9375,-0.004166666666666652,0.9371568627450981,0.7272727272727273,0.11851851851851852,0.2857142857142857,0.75,0.0,1.0,0.0,0.0,0,0,0.0,0,0
train,86,3,0.22,20,2,0.0,0.9285714285714286,0.75,0.8962962962962963,0.47619047619047616,0.9333333333333333,-0.004761904761904745,0.9337226890756303,0.6818181818181818,0.1111111111111111,0.23809523809523808,0.5,0.0,0.0,0.0,1.0,0,0,0.0,0,0
train,86,4,0.22,20,2,0.0,0.9230769230769231,0.75,0.8814814814814815,0.5,0.9285714285714286,-0.005494505494505475,0.9294643826761474,0.6363636363636364,0.1037037037037037,0.20833333333333334,1.0,0.0,1.0,0.0,0.0,1,2,0.125,0,1
train,86,5,0.22,20,2,0.0,0.8571428571428571,0.5,0.8666666666666667,0.5416666666666666,0.9230769230769231,-0.06593406593406603,0.9005357724628312,0.5909090909090909,0.1111111111111111,0.20833333333333334,0.25,1.0,0.0,0.0,0.0,0,0,0.0,0,0
train,86,6,0.22,20,2,0.0,0.9230769230769231,0.75,0.8666666666666667,0.4166666666666667,0.8571428571428571,0.06593406593406603,0.909552232708468,0.6363636363636364,0.1037037037037037,0.2916666666666667,1.0,0.0,0.0,0.0,1.0,0,0,0.0,0,0
train,86,7,0.22,20,2,0.0,0.9166666666666666,0.75,0.8518518518518519,0.48,0.9230769230769231,-0.0064102564102564985,0.9123980062917475,0.5909090909090909,0.0962962962962963,0.2,0.75,0.0,0.0,0.0,1.0,0,0,0.0,0,0
train,86,8,0.22,20,2,0.0,0.9090909090909091,0.75,0.8296296296296296,0.56,0.9166666666666666,-0.007575757575757569,0.9110751674114121,0.5454545454545454,0.08888888888888889,0.08,0.75,0.0,1.0,0.0,0.0,0,0,0.0,0,0
train,86,9,0.22,20,2,0.0,0.9,0.75,0.8148148148148148,0.48,0.9090909090909091,-0.009090909090909038,0.9066451004468472,0.5,0.08148148148148149,0.16,0.75,0.0,1.0,0.0,0.0,1,2,0.15384615384615385,0,1
train,86,10,0.22,20,2,0.1428571428571429,0.8888888888888888,0.75,0.7925925925925926,0.4583333333333333,0.9,-0.011111111111111183,0.8995426158236639,0.45454545454545453,0.07407407407407407,0.16666666666666666,0.75,0.0,1.0,0.0,0.0,1,2,0.14285714285714285,0,1
train,86,11,0.22,20,2,0.0,0.875,0.75,0.7703703703703704,0.42857142857142855,0.8888888888888888,-0.01388888888888884,0.8897255694941983,0.4090909090909091,0.06666666666666667,0.19047619047619047,0.75,0.0,0.0,0.0,1.0,0,0,0.0,0,0
train,86,12,0.22,20,2,0.0,0.8571428571428571,0.75,0.7555555555555555,0.42857142857142855,0.875,-0.017857142857142905,0.8766924845536619,0.36363636363636365,0.05925925925925926,0.19047619047619047,0.75,0.0,0.0,0.0,1.0,0,0,0.0,0,0
train,86,13,0.22,20,2,0.0,0.875,0.75,0.7333333333333333,0.42857142857142855,0.8571428571428571,0.017857142857142905,0.8760154907321971,0.3181818181818182,0.06666666666666667,0.19047619047619047,0.5,1.0,0.0,0.0,0.0,0,0,0.0,0,0
train,86,14,0.22,20,2,0.0,0.8888888888888888,0.75,0.7185185185185186,0.375,0.875,0.01388888888888884,0.8811648499948739,0.36363636363636365,0.07407407407407407,0.25,0.75,1.0,0.0,0.0,0.0,0,0,0.0,0,0
train,86,15,0.22,20,2,0.0,0.875,0.75,0.7037037037037037,0.36,0.8888888888888888,-0.01388888888888884,0.8786989099969242,0.4090909090909091,0.06666666666666667,0.2,1.0,0.0,0.0,0.0,1.0,0,0,0.0,0,0
train,86,16,0.22,20,2,0.0,0.8571428571428571,0.75,0.6888888888888889,0.48,0.875,-0.017857142857142905,0.8700764888552974,0.36363636363636365,0.05925925925925926,0.12,0.75,0.0,0.0,0.0,1.0,0,0,0.0,0,0
train,86,17,0.22,20,2,0.0,0.875,0.75,0.6666666666666666,0.52,0.8571428571428571,0.017857142857142905,0.8720458933131785,0.3181818181818182,0.06666666666666667,0.16,0.5,1.0,0.0,0.0,0.0,0,0,0.0,0,0
train,86,18,0.22,20,2,0.0,0.8571428571428571,0.75,0.6518518518518519,0.52,0.875,-0.017857142857142905,0.8660846788450499,0.36363636363636365,0.05925925925925926,0.16,1.0,0.0,0.0,0.0,1.0,0,0,0.0,0,0
train,86,19,0.22,20,2,0.0,0.8333333333333334,0.75,0.6370370370370371,0.56,0.8571428571428571,-0.023809523809523725,0.8529841406403633,0.3181818181818182,0.05185185185185185,0.08,0.75,0.0,0.0,0.0,1.0,0,0,0.0,0,0
train,86,20,0.22,20,2,0.0,0.8,0.75,0.6148148148148148,0.56,0.8333333333333334,-0.033333333333333326,0.831790484384218,0.2727272727272727,0.044444444444444446,0.04,1.0,0.0,1.0,0.0,0.0,0,0,0.0,0,0
train,86,21,0.22,20,2,0.0,0.75,0.75,0.6,0.48,0.8,-0.050000000000000044,0.7990742906305308,0.22727272727272727,0.037037037037037035,0.08,0.75,0.0,1.0,0.0,0.0,0,0,0.0,0,0
train,86,22,0.22,20,2,0.11764705882352944,0.6666666666666666,0.6666666666666666,0.5777777777777777,0.4166666666666667,0.75,-0.08333333333333337,0.746111241044985,0.18181818181818182,0.02962962962962963,0.16666666666666666,0.75,0.0,1.0,0.0,0.0,1,2,0.5,0,1
train,86,23,0.22,20,2,0.0,0.5,0.5,0.5555555555555556,0.38095238095238093,0.6666666666666666,-0.16666666666666663,0.647666744626991,0.13636363636363635,0.022222222222222223,0.2857142857142857,0.5,0.0,0.0,0.0,1.0,0,0,0.0,0,0
train,86,24,0.22,20,2,0.0,0.6666666666666666,0.6666666666666666,0.5407407407407407,0.42857142857142855,0.5,0.16666666666666663,0.6552667134428612,0.09090909090909091,0.02962962962962963,0.23809523809523808,0.5,1.0,0.0,0.0,0.0,0,0,0.0,0,0
train,86,25,0.22,20,2,0.0,0.5,0.5,0.5333333333333333,0.3333333333333333,0.6666666666666666,-0.16666666666666663,0.5931600280657168,0.13636363636363635,0.022222222222222223,0.2916666666666667,1.0,0.0,0.0,0.0,1.0,0,0,0.0,0,0
train,86,26,0.22,20,2,0.0,0.0,0.0,0.5185185185185185,0.43478260869565216,0.5,-0.5,0.35589601683943006,0.09090909090909091,0.014814814814814815,0.13043478260869565,0.75,0.0,0.0,0.0,1.0,0,0,0.0,0,0
train,86,27,0.22,20,2,0.0,0.0,0.0,0.4962962962962963,0.45,0.0,0.0,0.21353761010365804,0.045454545454545456,0.007407407407407408,0.1,0.75,0.0,1.0,0.0,0.0,0,0,0.0,0,0
train,87,0,0.26,20,2,0.0,0.9411764705882353,0.75,0.9629629629629629,0.7058823529411765,0.9411764705882353,0.0,0.9411764705882353,0.8181818181818182,0.13333333333333333,0.11764705882352941,0.5,0.0,1.0,0.0,0.0,0,0,0.0,0,0
train,87,1,0.26,20,2,0.0,0.9375,0.75,0.9407407407407408,0.6,0.9411764705882353,-0.003676470588235281,0.9397058823529412,0.7727272727272727,0.1259259259259259,0.15,0.75,0.0,1.0,0.0,0.0,0,0,0.0,0,0
train,87,2,0.26,20,2,0.0,0.9333333333333333,0.75,0.9185185185185185,0.47619047619047616,0.9375,-0.004166666666666652,0.9371568627450981,0.7272727272727273,0.11851851851851852,0.19047619047619047,0.75,0.0,1.0,0.0,0.0,1,2,0.1111111111111111,0,1
train,87,3,0.26,20,2,0.0,0.9285714285714286,0.75,0.8962962962962963,0.47619047619047616,0.9333333333333333,-0.004761904761904745,0.9337226890756303,0.6818181818181818,0.1111111111111111,0.14285714285714285,0.75,0.0,1.0,0.0,0.0,0,0,0.0,0,0
train,87,4,0.26,20,2,0.0,0.9230769230769231,0.75,0.8740740740740741,0.47619047619047616,0.9285714285714286,-0.005494505494505475,0.9294643826761474,0.6363636363636364,0.1037037037037037,0.14285714285714285,0.75,0.0,1.0,0.0,0.0,1,2,0.1111111111111111,0,1
train,87,5,0.26,20,2,0.2142857142857143,0.9166666666666666,0.75,0.8518518518518519,0.45,0.9230769230769231,-0.0064102564102564985,0.9243452962723551,0.5909090909090909,0.0962962962962963,0.15,0.75,0.0,1.0,0.0,0.0,1,2,0.10526315789473684,0,1
train,87,6,0.26,20,2,0.0,0.9090909090909091,0.75,0.8296296296296296,0.35294117647058826,0.9166666666666666,-0.007575757575757569,0.9182435413997767,0.5454545454545454,0.08888888888888889,0.23529411764705882,0.5,0.0,0.0,0.0,1.0,0,0,0.0,0,0
train,87,7,0.26,20,2,0.0,0.9,0.75,0.8148148148148148,0.4,0.9090909090909091,-0.009090909090909038,0.910946124839866,0.5,0.08148148148148149,0.2,0.75,0.0,0.0,0.0,1.0,0,0,0.0,0,0
train,87,8,0.26,20,2,0.0,0.8888888888888888,0.75,0.7925925925925926,0.42857142857142855,0.9,-0.011111111111111183,0.9021232304594751,0.45454545454545453,0.07407407407407407,0.19047619047619047,0.75,0.0,0.0,0.0,1.0,0,0,0.0,0,0
train,87,9,0.26,20,2,0.0,0.875,0.75,0.7703703703703704,0.47619047619047616,0.8888888888888888,-0.01388888888888884,0.8912739382756851,0.4090909090909091,0.06666666666666667,0.14285714285714285,0.75,0.0,0.0,0.0,1.0,0,0,0.0,0,0
train,87,10,0.26,20,2,0.0,0.8571428571428571,0.75,0.7481481481481481,0.47619047619047616,0.875,-0.017857142857142905,0.8776215058225539,0.36363636363636365,0.05925925925925926,0.14285714285714285,0.75,0.0,0.0,0.0,1.0,0,0,0.0,0,0
train,87,11,0.26,20,2,0.0,0.8333333333333334,0.75,0.725925925925926,0.47619047619047616,0.8571428571428571,-0.023809523809523725,0.8599062368268657,0.3181818181818182,0.05185185185185185,0.14285714285714285,0.75,0.0,0.0,0.0,1.0,0,0,0.0,0,0
train,87,12,0.26,20,2,0.0,0.8,0.75,0.7037037037037037,0.47619047619047616,0.8333333333333334,-0.033333333333333326,0.8359437420961194,0.2727272727272727,0.044444444444444446,0.14285714285714285,0.75,0.0,0.0,0.0,1.0,1,2,0.14285714285714285,0,1
train,87,13,0.26,20,2,0.0,0.8333333333333334,0.75,0.6814814814814815,0.47619047619047616,0.8,0.033333333333333326,0.834899578591005,0.22727272727272727,0.05185185185185185,0.19047619047619047,0.5,1.0,0.0,0.0,0.0,0,0,0.0,0,1
train,87,14,0.26,20,2,0.0,0.9090909090909091,0.75,0.6666666666666666,0.5,0.8333333333333334,0.07575757575757569,0.8645761107909666,0.2727272727272727,0.08888888888888889,0.20833333333333334,0.5,0.0,0.0,1.0,0.0,0,0,0.0,0,0
train,87,15,0.26,20,2,0.05555555555555558,0.9,0.75,0.6592592592592592,0.3333333333333333,0.9090909090909091,-0.009090909090909038,0.8787456664745801,0.3181818181818182,0.08148148148148149,0.25,1.0,1.0,0.0,0.0,0.0,0,0,0.0,0,0
train,87,16,0.26,20,2,0.0,0.8888888888888888,0.75,0.6444444444444445,0.48,0.9,-0.011111111111111183,0.8828029554403036,0.36363636363636365,0.07407407407407407,0.12,0.75,1.0,0.0,0.0,0.0,0,0,0.0,0,0
train,87,17,0.26,20,2,0.0,0.875,0.75,0.6222222222222222,0.56,0.8888888888888888,-0.01388888888888884,0.8796817732641822,0.4090909090909091,0.06666666666666667,0.04,1.0,0.0,0.0,0.0,1.0,0,0,0.0,0,0
train,87,18,0.26,20,2,0.0,0.8571428571428571,0.75,0.6074074074074074,0.48,0.875,-0.017857142857142905,0.8706662068156521,0.36363636363636365,0.05925925925925926,0.12,0.5,0.0,0.0,0.0,1.0,0,0,0.0,0,0
train,87,19,0.26,20,2,0.0,0.875,0.75,0.5851851851851851,0.44,0.8571428571428571,0.017857142857142905,0.8723997240893913,0.3181818181818182,0.06666666666666667,0.24,0.5,1.0,0.0,0.0,0.0,0,0,0.0,0,0
train,87,20,0.26,20,2,0.0,0.8571428571428571,0.75,0.5703703703703704,0.52,0.875,-0.017857142857142905,0.8662969773107776,0.36363636363636365,0.05925925925925926,0.2,0.75,0.0,0.0,0.0,1.0,0,0,0.0,0,0
train,87,21,0.26,20,2,0.0,0.8333333333333334,0.75,0.5555555555555556,0.56,0.8571428571428571,-0.023809523809523725,0.8531115197197999,0.3181818181818182,0.05185185185185185,0.12,0.75,0.0,0.0,0.0,1.0,0,0,0.0,0,0
train,87,22,0.26,20,2,0.0,0.8,0.75,0.5333333333333333,0.56,0.8333333333333334,-0.033333333333333326,0.83186691183188,0.2727272727272727,0.044444444444444446,0.12,0.75,0.0,1.0,0.0,0.0,0,0,0.0,0,0
train,87,23,0.26,20,2,0.0,0.75,0.75,0.5185185185185185,0.48,0.8,-0.050000000000000044,0.799120147099128,0.22727272727272727,0.037037037037037035,0.12,0.75,0.0,1.0,0.0,0.0,0,0,0.0,0,0
train,87,24,0.26,20,2,0.0,0.6666666666666666,0.6666666666666666,0.4962962962962963,0.4,0.75,-0.08333333333333337,0.7461387549261435,0.18181818181818182,0.02962962962962963,0.24,0.75,0.0,0.0,0.0,1.0,0,0,0.0,0,0
train,87,25,0.26,20,2,0.0,0.5,0.5,0.48148148148148145,0.5,0.6666666666666666,-0.16666666666666663,0.6476832529556861,0.13636363636363635,0.022222222222222223,0.20833333333333334,0.75,0.0,0.0,0.0,1.0,0,0,0.0,0,0
train,87,26,0.26,20,2,0.0,0.0,0.0,0.45925925925925926,0.42857142857142855,0.5,-0.5,0.3886099517734116,0.09090909090909091,0.014814814814814815,0.19047619047619047,0.75,0.0,1.0,0.0,0.0,0,0,0.0,0,0
train,87,27,0.26,20,2,0.0,0.0,0.0,0.4444444444444444,0.45,0.0,0.0,0.23316597106404696,0.045454545454545456,0.007407407407407408,0.2,0.5,0.0,1.0,0.0,0.0,0,0,0.0,0,0
train,88,0,0.3,20,2,0.0,0.9411764705882353,0.75,0.9629629629629629,0.7058823529411765,0.9411764705882353,0.0,0.9411764705882353,0.8181818181818182,0.13333333333333333,0.17647058823529413,0.25,0.0,1.0,0.0,0.0,0,0,0.0,0,0
train,88,1,0.3,20,2,0.0,0.9375,0.75,0.9407407407407408,0.6,0.9411764705882353,-0.003676470588235281,0.9397058823529412,0.7727272727272727,0.1259259259259259,0.2,0.75,0.0,1.0,0.0,0.0,0,0,0.0,0,0
train,88,2,0.3,20,2,0.0,0.9333333333333333,0.75,0.9185185185185185,0.47619047619047616,0.9375,-0.004166666666666652,0.9371568627450981,0.7272727272727273,0.11851851851851852,0.23809523809523808,0.75,0.0,1.0,0.0,0.0,1,2,0.1111111111111111,0,1
train,88,3,0.3,20,2,0.0,0.9285714285714286,0.75,0.8962962962962963,0.47619047619047616,0.9333333333333333,-0.004761904761904745,0.9337226890756303,0.6818181818181818,0.1111111111111111,0.19047619047619047,0.5,0.0,0.0,0.0,1.0,0,0,0.0,0,0
train,88,4,0.3,20,2,0.0,0.9230769230769231,0.75,0.8814814814814815,0.5,0.9285714285714286,-0.005494505494505475,0.9294643826761474,0.6363636363636364,0.1037037037037037,0.20833333333333334,0.75,0.0,1.0,0.0,0.0,0,0,0.0,0,0
train,88,5,0.3,20,2,0.0,0.9166666666666666,0.75,0.8666666666666667,0.5416666666666666,0.9230769230769231,-0.0064102564102564985,0.9243452962723551,0.5909090909090909,0.0962962962962963,0.16666666666666666,0.5,0.0,0.0,0.0,1.0,0,0,0.0,0,0
train,88,6,0.3,20,2,0.0,0.9090909090909091,0.75,0.8518518518518519,0.6,0.9166666666666666,-0.007575757575757569,0.9182435413997767,0.5454545454545454,0.08888888888888889,0.12,0.75,0.0,1.0,0.0,0.0,1,2,0.125,0,1
train,88,7,0.3,20,2,0.0,0.9,0.75,0.837037037037037,0.5833333333333334,0.9090909090909091,-0.009090909090909038,0.910946124839866,0.5,0.08148148148148149,0.16666666666666666,0.5,0.0,0.0,0.0,1.0,0,0,0.0,0,0
train,88,8,0.3,20,2,0.0,0.8888888888888888,0.75,0.8222222222222222,0.5833333333333334,0.9,-0.011111111111111183,0.9021232304594751,0.45454545454545453,0.07407407407407407,0.16666666666666666,0.75,0.0,0.0,0.0,1.0,0,0,0.0,0,0
train,88,9,0.3,20,2,0.125,0.875,0.75,0.8,0.5416666666666666,0.8888888888888888,-0.01388888888888884,0.8912739382756851,0.4090909090909091,0.06666666666666667,0.125,1.0,0.0,1.0,0.0,0.0,1,2,0.13333333333333333,0,1
train,88,10,0.3,20,2,0.0,0.8571428571428571,0.75,0.7851851851851852,0.47619047619047616,0.875,-0.017857142857142905,0.8776215058225539,0.36363636363636365,0.05925925925925926,0.14285714285714285,0.5,0.0,0.0,0.0,1.0,0,0,0.0,0,0
train,88,11,0.3,20,2,0.0,0.875,0.75,0.7703703703703704,0.47619047619047616,0.8571428571428571,0.017857142857142905,0.8765729034935323,0.3181818181818182,0.06666666666666667,0.23809523809523808,0.5,1.0,0.0,0.0,0.0,0,0,0.0,0,0
train,88,12,0.3,20,2,0.0,0.8571428571428571,0.75,0.7555555555555555,0.4166666666666667,0.875,-0.017857142857142905,0.8688008849532622,0.36363636363636365,0.05925925925925926,0.16666666666666666,1.0,0.0,0.0,0.0,1.0,0,0,0.0,0,0
train,88,13,0.3,20,2,0.0,0.8333333333333334,0.75,0.7407407407407407,0.5,0.8571428571428571,-0.023809523809523725,0.8546138643052907,0.3181818181818182,0.05185185185185185,0.08333333333333333,0.75,0.0,0.0,0.0,1.0,0,0,0.0,0,0
train,88,14,0.3,20,2,0.0,0.8571428571428571,0.75,0.7185185185185186,0.5416666666666666,0.8333333333333334,0.023809523809523725,0.8556254614403173,0.2727272727272727,0.05925925925925926,0.125,0.5,1.0,0.0,0.0,0.0,0,0,0.0,0,0
train,88,15,0.3,20,2,0.0,0.875,0.75,0.7037037037037037,0.52,0.8571428571428571,0.017857142857142905,0.8633752768641905,0.3181818181818182,0.06666666666666667,0.16,0.75,1.0,0.0,0.0,0.0,0,0,0.0,0,0
train,88,16,0.3,20,2,0.0,0.8888888888888888,0.75,0.6814814814814815,0.52,0.875,0.01388888888888884,0.8735807216740699,0.36363636363636365,0.07407407407407407,0.2,0.5,1.0,0.0,0.0,0.0,0,0,0.0,0,0
train,88,17,0.3,20,2,0.0,0.875,0.75,0.6592592592592592,0.56,0.8888888888888888,-0.01388888888888884,0.874148433004442,0.4090909090909091,0.06666666666666667,0.16,0.75,0.0,0.0,0.0,1.0,0,0,0.0,0,0
train,88,18,0.3,20,2,0.0,0.8571428571428571,0.75,0.6444444444444445,0.52,0.875,-0.017857142857142905,0.867346202659808,0.36363636363636365,0.05925925925925926,0.2,0.75,0.0,0.0,0.0,1.0,0,0,0.0,0,0
train,88,19,0.3,20,2,0.0,0.8333333333333334,0.75,0.6222222222222222,0.52,0.8571428571428571,-0.023809523809523725,0.8537410549292181,0.3181818181818182,0.05185185185185185,0.16,0.75,0.0,0.0,0.0,1.0,0,0,0.0,0,0
train,88,20,0.3,20,2,0.0,0.8,0.75,0.6,0.56,0.8333333333333334,-0.033333333333333326,0.8322446329575309,0.2727272727272727,0.044444444444444446,0.12,0.75,0.0,1.0,0.0,0.0,0,0,0.0,0,0
train,88,21,0.3,20,2,0.0,0.75,0.75,0.5851851851851851,0.48,0.8,-0.050000000000000044,0.7993467797745186,0.22727272727272727,0.037037037037037035,0.16,0.75,0.0,1.0,0.0,0.0,0,0,0.0,0,0
train,88,22,0.3,20,2,0.0,0.6666666666666666,0.6666666666666666,0.562962962962963,0.4,0.75,-0.08333333333333337,0.7462747345313778,0.18181818181818182,0.02962962962962963,0.2,1.0,0.0,1.0,0.0,0.0,0,0,0.0,0,0
train,88,23,0.3,20,2,0.0,0.5,0.5,0.5407407407407407,0.4166666666666667,0.6666666666666666,-0.16666666666666663,0.6477648407188267,0.13636363636363635,0.022222222222222223,0.16666666666666666,0.75,0.0,0.0,0.0,1.0,0,0,0.0,0,0
train,88,24,0.3,20,2,0.0,0.0,0.0,0.5259259259259259,0.43478260869565216,0.5,-0.5,0.38865890443129597,0.09090909090909091,0.014814814814814815,0.13043478260869565,0.75,0.0,1.0,0.0,0.0,0,0,0.0,0,0
train,88,25,0.3,20,2,0.0,0.0,0.0,0.5111111111111111,0.45,0.0,0.0,0.23319534265877756,0.045454545454545456,0.007407407407407408,0.15,0.5,0.0,0.0,0.0,1.0,0,0,0.0,0,0
train,89,0,0.34,22,4,0.0,0.9411764705882353,0.75,0.9629629629629629,0.7058823529411765,0.9411764705882353,0.0,0.9411764705882353,0.8181818181818182,0.13333333333333333,0.17647058823529413,0.25,0.0,1.0,0.0,0.0,0,0,0.0,0,0
train,89,1,0.34,22,4,0.0,0.9375,0.75,0.9407407407407408,0.6,0.9411764705882353,-0.003676470588235281,0.9397058823529412,0.7727272727272727,0.1259259259259259,0.2,0.75,0.0,1.0,0.0,0.0,0,0,0.0,0,0
train,89,2,0.34,22,4,0.0,0.9333333333333333,0.75,0.9185185185185185,0.47619047619047616,0.9375,-0.004166666666666652,0.9371568627450981,0.7272727272727273,0.11851851851851852,0.23809523809523808,0.75,0.0,1.0,0.0,0.0,0,0,0.0,0,0
train,89,3,0.34,22,4,0.0,0.9285714285714286,0.75,0.8962962962962963,0.47619047619047616,0.9333333333333333,-0.004761904761904745,0.9337226890756303,0.6818181818181818,0.1111111111111111,0.14285714285714285,0.75,0.0,1.0,0.0,0.0,0,0,0.0,0,0
train,89,4,0.34,22,4,0.0,0.9230769230769231,0.75,0.8740740740740741,0.47619047619047616,0.9285714285714286,-0.005494505494505475,0.9294643826761474,0.6363636363636364,0.1037037037037037,0.19047619047619047,0.5,0.0,0.0,0.0,1.0,0,0,0.0,0,0
train,89,5,0.34,22,4,0.0,0.9166666666666666,0.75,0.8592592592592593,0.5,0.9230769230769231,-0.0064102564102564985,0.9243452962723551,0.5909090909090909,0.0962962962962963,0.16666666666666666,0.75,0.0,0.0,0.0,1.0,0,0,0.0,0,0
train,89,6,0.34,22,4,0.0,0.9090909090909091,0.75,0.837037037037037,0.52,0.9166666666666666,-0.007575757575757569,0.9182435413997767,0.5454545454545454,0.08888888888888889,0.16,0.75,0.0,0.0,0.0,1.0,0,0,0.0,0,0
train,89,7,0.34,22,4,0.0,0.9,0.75,0.8148148148148148,0.56,0.9090909090909091,-0.009090909090909038,0.910946124839866,0.5,0.08148148148148149,0.12,0.75,0.0,1.0,0.0,0.0,0,0,0.0,0,0
train,89,8,0.34,22,4,0.13043478260869568,0.8888888888888888,0.75,0.8,0.5,0.9,-0.011111111111111183,0.9021232304594751,0.45454545454545453,0.07407407407407407,0.16666666666666666,0.75,0.0,1.0,0.0,0.0,1,2,0.14285714285714285,0,1
train,89,9,0.34,22,4,0.0,0.875,0.75,0.7777777777777778,0.42857142857142855,0.8888888888888888,-0.01388888888888884,0.8912739382756851,0.4090909090909091,0.06666666666666667,0.19047619047619047,0.75,0.0,0.0,0.0,1.0,0,0,0.0,0,0
train,89,10,0.34,22,4,0.05555555555555558,0.8888888888888888,0.75,0.762962962962963,0.47619047619047616,0.875,0.01388888888888884,0.8903199185209667,0.36363636363636365,0.07407407407407407,0.23809523809523808,0.5,1.0,0.0,0.0,0.0,0,0,0.0,0,0
train,89,11,0.34,22,4,0.0,0.875,0.75,0.7555555555555555,0.375,0.8888888888888888,-0.01388888888888884,0.88419195111258,0.4090909090909091,0.06666666666666667,0.25,0.75,0.0,0.0,0.0,1.0,0,0,0.0,0,0
train,89,12,0.34,22,4,0.0,0.8571428571428571,0.75,0.7407407407407407,0.5,0.875,-0.017857142857142905,0.8733723135246908,0.36363636363636365,0.05925925925925926,0.16666666666666666,0.75,0.0,0.0,0.0,1.0,0,0,0.0,0,0
train,89,13,0.34,22,4,0.13636363636363635,0.8333333333333334,0.75,0.7185185185185186,0.5416666666666666,0.8571428571428571,-0.023809523809523725,0.8573567214481478,0.3181818181818182,0.05185185185185185,0.08333333333333333,1.0,0.0,1.0,0.0,0.0,1,2,0.18181818181818182,0,1
train,89,14,0.34,22,4,0.0,0.8,0.75,0.7037037037037037,0.38095238095238093,0.8333333333333334,-0.033333333333333326,0.8344140328688887,0.2727272727272727,0.044444444444444446,0.14285714285714285,0.5,0.0,0.0,0.0,1.0,0,0,0.0,0,0
train,89,15,0.34,22,4,0.0,0.8333333333333334,0.75,0.6888888888888889,0.47619047619047616,0.8,0.033333333333333326,0.8339817530546666,0.22727272727272727,0.05185185185185185,0.19047619047619047,0.5,1.0,0.0,0.0,0.0,0,0,0.0,0,0
train,89,16,0.34,22,4,0.0,0.8,0.75,0.674074074074074,0.4166666666666667,0.8333333333333334,-0.033333333333333326,0.8203890518328,0.2727272727272727,0.044444444444444446,0.16666666666666666,1.0,0.0,0.0,0.0,1.0,0,0,0.0,0,0
train,89,17,0.34,22,4,0.0,0.8333333333333334,0.75,0.6592592592592592,0.5,0.8,0.033333333333333326,0.8255667644330134,0.22727272727272727,0.05185185185185185,0.125,0.5,1.0,0.0,0.0,0.0,0,0,0.0,0,0
train,89,18,0.34,22,4,0.0,0.8571428571428571,0.75,0.6444444444444445,0.52,0.8333333333333334,0.023809523809523725,0.8381972015169509,0.2727272727272727,0.05925925925925926,0.12,0.75,1.0,0.0,0.0,0.0,0,0,0.0,0,0
train,89,19,0.34,22,4,0.0,0.8333333333333334,0.75,0.6222222222222222,0.52,0.8571428571428571,-0.023809523809523725,0.8362516542435039,0.3181818181818182,0.05185185185185185,0.16,0.75,0.0,0.0,0.0,1.0,0,0,0.0,0,0
train,89,20,0.34,22,4,0.0,0.8,0.75,0.6074074074074074,0.56,0.8333333333333334,-0.033333333333333326,0.8217509925461024,0.2727272727272727,0.044444444444444446,0.12,0.75,0.0,0.0,0.0,1.0,0,0,0.0,0,0
train,89,21,0.34,22,4,0.0,0.75,0.75,0.5851851851851851,0.52,0.8,-0.050000000000000044,0.7930505955276614,0.22727272727272727,0.037037037037037035,0.16,0.75,0.0,1.0,0.0,0.0,0,0,0.0,0,0
train,89,22,0.34,22,4,0.0,0.6666666666666666,0.6666666666666666,0.5703703703703704,0.44,0.75,-0.08333333333333337,0.7424970239832636,0.18181818181818182,0.02962962962962963,0.16,0.5,0.0,0.0,0.0,1.0,0,0,0.0,0,0
train,89,23,0.34,22,4,0.0,0.5,0.5,0.5555555555555556,0.5,0.6666666666666666,-0.16666666666666663,0.6454982143899581,0.13636363636363635,0.022222222222222223,0.16666666666666666,0.75,0.0,1.0,0.0,0.0,0,0,0.0,0,0
train,89,24,0.34,22,4,0.0,0.0,0.0,0.5407407407407407,0.4782608695652174,0.5,-0.5,0.38729892863397486,0.09090909090909091,0.014814814814814815,0.21739130434782608,0.5,0.0,1.0,0.0,0.0,0,0,0.0,0,0
train,89,25,0.34,22,4,0.0,0.0,0.0,0.5185185185185185,0.35,0.0,0.0,0.2323793571803849,0.045454545454545456,0.007407407407407408,0.3,0.75,0.0,0.0,0.0,1.0,0,0,0.0,0,0
train,90,0,0.18,24,6,0.0,0.9411764705882353,0.75,0.9629629629629629,0.7058823529411765,0.9411764705882353,0.0,0.9411764705882353,0.8181818181818182,0.13333333333333333,0.11764705882352941,0.5,0.0,1.0,0.0,0.0,0,0,0.0,0,0
train,90,1,0.18,24,6,0.0,0.9375,0.75,0.9407407407407408,0.6,0.9411764705882353,-0.003676470588235281,0.9397058823529412,0.7727272727272727,0.1259259259259259,0.2,0.5,0.0,1.0,0.0,0.0,0,0,0.0,0,0
train,90,2,0.18,24,6,0.0,0.9333333333333333,0.75,0.9185185185185185,0.47619047619047616,0.9375,-0.004166666666666652,0.9371568627450981,0.7272727272727273,0.11851851851851852,0.2857142857142857,0.5,0.0,1.0,0.0,0.0,0,0,0.0,0,0
train,90,3,0.18,24,6,0.0,0.9285714285714286,0.75,0.8962962962962963,0.47619047619047616,0.9333333333333333,-0.004761904761904745,0.9337226890756303,0.6818181818181818,0.1111111111111111,0.2857142857142857,0.5,0.0,0.0,0.0,1.0,0,0,0.0,0,0
train,90,4,0.18,24,6,0.0,0.9230769230769231,0.75,0.8814814814814815,0.5,0.9285714285714286,-0.005494505494505475,0.9294643826761474,0.6363636363636364,0.1037037037037037,0.20833333333333334,0.75,0.0,1.0,0.0,0.0,0,0,0.0,0,0
train,90,5,0.18,24,6,0.0,0.9166666666666666,0.75,0.8666666666666667,0.5416666666666666,0.9230769230769231,-0.0064102564102564985,0.9243452962723551,0.5909090909090909,0.0962962962962963,0.16666666666666666,0.75,0.0,1.0,0.0,0.0,0,0,0.0,0,0
train,90,6,0.18,24,6,0.0,0.9090909090909091,0.75,0.8444444444444444,0.5217391304347826,0.9166666666666666,-0.007575757575757569,0.9182435413997767,0.5454545454545454,0.08888888888888889,0.17391304347826086,0.5,0.0,0.0,0.0,1.0,0,0,0.0,0,0
train,90,7,0.18,24,6,0.13043478260869568,0.9,0.75,0.8296296296296296,0.5416666666666666,0.9090909090909091,-0.009090909090909038,0.910946124839866,0.5,0.08148148148148149,0.125,1.0,0.0,1.0,0.0,0.0,1,2,0.11764705882352941,0,1
train,90,8,0.18,24,6,0.0,0.8888888888888888,0.75,0.8148148148148148,0.47619047619047616,0.9,-0.011111111111111183,0.9021232304594751,0.45454545454545453,0.07407407407407407,0.14285714285714285,0.5,0.0,0.0,0.0,1.0,0,0,0.0,0,0
train,90,9,0.18,24,6,0.0,0.875,0.75,0.8,0.5238095238095238,0.8888888888888888,-0.01388888888888884,0.8912739382756851,0.4090909090909091,0.06666666666666667,0.14285714285714285,0.75,0.0,0.0,0.0,1.0,0,0,0.0,0,0
train,90,10,0.18,24,6,0.0,0.8571428571428571,0.75,0.7777777777777778,0.47619047619047616,0.875,-0.017857142857142905,0.8776215058225539,0.36363636363636365,0.05925925925925926,0.19047619047619047,0.75,0.0,0.0,0.0,1.0,0,0,0.0,0,0
train,90,11,0.18,24,6,0.0,0.875,0.75,0.7555555555555555,0.47619047619047616,0.8571428571428571,0.017857142857142905,0.8765729034935323,0.3181818181818182,0.06666666666666667,0.19047619047619047,0.5,1.0,0.0,0.0,0.0,0,0,0.0,0,0
train,90,12,0.18,24,6,0.0,0.8888888888888888,0.75,0.7407407407407407,0.5,0.875,0.01388888888888884,0.8814992976516749,0.36363636363636365,0.07407407407407407,0.16666666666666666,0.75,1.0,0.0,0.0,0.0,0,0,0.0,0,0
train,90,13,0.18,24,6,0.0,0.875,0.75,0.7185185185185186,0.48,0.8888888888888888,-0.01388888888888884,0.878899578591005,0.4090909090909091,0.06666666666666667,0.16,0.75,0.0,0.0,0.0,1.0,0,0,0.0,0,0
train,90,14,0.18,24,6,0.0,0.8888888888888888,0.75,0.7037037037037037,0.56,0.875,0.01388888888888884,0.8828953027101585,0.36363636363636365,0.07407407407407407,0.16,0.5,1.0,0.0,0.0,0.0,0,0,0.0,0,0
train,90,15,0.18,24,6,0.0,0.9,0.75,0.6888888888888889,0.56,0.8888888888888888,0.011111111111111183,0.889737181626095,0.4090909090909091,0.08148148148148149,0.2,0.75,1.0,0.0,0.0,0.0,0,0,0.0,0,0
train,90,16,0.18,24,6,0.0,0.8888888888888888,0.75,0.6666666666666666,0.56,0.9,-0.011111111111111183,0.8893978645312126,0.45454545454545453,0.07407407407407407,0.12,1.0,0.0,0.0,0.0,1.0,0,0,0.0,0,0
train,90,17,0.18,24,6,0.0,0.875,0.75,0.6518518518518519,0.56,0.8888888888888888,-0.01388888888888884,0.8836387187187276,0.4090909090909091,0.06666666666666667,0.08,0.75,0.0,0.0,0.0,1.0,0,0,0.0,0,0
train,90,18,0.18,24,6,0.0,0.8571428571428571,0.75,0.6296296296296297,0.52,0.875,-0.017857142857142905,0.8730403740883794,0.36363636363636365,0.05925925925925926,0.12,0.75,0.0,0.0,0.0,1.0,0,0,0.0,0,0
train,90,19,0.18,24,6,0.0,0.8333333333333334,0.75,0.6074074074074074,0.56,0.8571428571428571,-0.023809523809523725,0.857157557786361,0.3181818181818182,0.05185185185185185,0.08,1.0,0.0,1.0,0.0,0.0,0,0,0.0,0,0
train,90,20,0.18,24,6,0.0,0.8,0.75,0.5925925925925926,0.48,0.8333333333333334,-0.033333333333333326,0.8342945346718167,0.2727272727272727,0.044444444444444446,0.12,0.75,0.0,1.0,0.0,0.0,0,0,0.0,0,0
train,90,21,0.18,24,6,0.0,0.75,0.75,0.5703703703703704,0.44,0.8,-0.050000000000000044,0.8005767208030901,0.22727272727272727,0.037037037037037035,0.16,0.75,0.0,1.0,0.0,0.0,0,0,0.0,0,0
train,90,22,0.18,24,6,0.125,0.6666666666666666,0.6666666666666666,0.5481481481481482,0.4583333333333333,0.75,-0.08333333333333337,0.7470126991485206,0.18181818181818182,0.02962962962962963,0.16666666666666666,1.0,0.0,1.0,0.0,0.0,0,0,0.0,0,0
train,90,23,0.18,24,6,0.0,0.5,0.5,0.5259259259259259,0.42857142857142855,0.6666666666666666,-0.16666666666666663,0.6482076194891124,0.13636363636363635,0.022222222222222223,0.14285714285714285,0.75,0.0,0.0,0.0,1.0,0,0,0.0,0,0
train,90,24,0.18,24,6,0.0,0.0,0.0,0.5111111111111111,0.42857142857142855,0.5,-0.5,0.38892457169346745,0.09090909090909091,0.014814814814814815,0.14285714285714285,0.75,0.0,0.0,0.0,1.0,0,0,0.0,0,0
train,90,25,0.18,24,6,0.0,0.0,0.0,0.4888888888888889,0.4,0.0,0.0,0.23335474301608045,0.045454545454545456,0.007407407407407408,0.2,0.75,0.0,0.0,0.0,1.0,0,0,0.0,0,0
train,91,0,0.22,20,2,0.0,0.9411764705882353,0.75,0.9629629629629629,0.7058823529411765,0.9411764705882353,0.0,0.9411764705882353,0.8181818181818182,0.13333333333333333,0.11764705882352941,0.5,0.0,1.0,0.0,0.0,0,0,0.0,0,0
train,91,1,0.22,20,2,0.0,0.9375,0.75,0.9407407407407408,0.6,0.9411764705882353,-0.003676470588235281,0.9397058823529412,0.7727272727272727,0.1259259259259259,0.15,0.75,0.0,1.0,0.0,0.0,0,0,0.0,0,0
train,91,2,0.22,20,2,0.0,0.9333333333333333,0.75,0.9185185185185185,0.47619047619047616,0.9375,-0.004166666666666652,0.9371568627450981,0.7272727272727273,0.11851851851851852,0.19047619047619047,0.75,0.0,1.0,0.0,0.0,0,0,0.0,0,0
train,91,3,0.22,20,2,0.0,0.9285714285714286,0.75,0.8962962962962963,0.47619047619047616,0.9333333333333333,-0.004761904761904745,0.9337226890756303,0.6818181818181818,0.1111111111111111,0.14285714285714285,0.75,0.0,1.0,0.0,0.0,1,2,0.11764705882352941,0,1
train,91,4,0.22,20,2,0.0,0.9230769230769231,0.75,0.8740740740740741,0.47619047619047616,0.9285714285714286,-0.005494505494505475,0.9294643826761474,0.6363636363636364,0.1037037037037037,0.14285714285714285,0.75,0.0,1.0,0.0,0.0,1,2,0.1111111111111111,0,1
train,91,5,0.22,20,2,0.2142857142857143,0.9166666666666666,0.75,0.8518518518518519,0.45,0.9230769230769231,-0.0064102564102564985,0.9243452962723551,0.5909090909090909,0.0962962962962963,0.15,0.75,0.0,1.0,0.0,0.0,1,2,0.10526315789473684,0,1
train,91,6,0.22,20,2,0.0,0.8461538461538461,0.5,0.8296296296296296,0.35294117647058826,0.9166666666666666,-0.07051282051282048,0.8930687162249515,0.5454545454545454,0.1037037037037037,0.29411764705882354,0.25,1.0,0.0,0.0,0.0,0,0,0.0,0,0
train,91,7,0.22,20,2,0.0,0.9166666666666666,0.75,0.8296296296296296,0.3,0.8461538461538461,0.07051282051282048,0.9025078964016376,0.5909090909090909,0.0962962962962963,0.3,0.75,0.0,0.0,0.0,1.0,0,0,0.0,0,0
train,91,8,0.22,20,2,0.0,0.9090909090909091,0.75,0.8222222222222222,0.391304347826087,0.9166666666666666,-0.007575757575757569,0.9051411014773462,0.5454545454545454,0.08888888888888889,0.21739130434782608,0.75,0.0,0.0,0.0,1.0,0,0,0.0,0,0
train,91,9,0.22,20,2,0.1578947368421053,0.9,0.75,0.8,0.5,0.9090909090909091,-0.009090909090909038,0.9030846608864078,0.5,0.08148148148148149,0.08333333333333333,1.0,0.0,1.0,0.0,0.0,1,2,0.11764705882352941,0,1
train,91,10,0.22,20,2,0.0,0.8888888888888888,0.75,0.7851851851851852,0.38095238095238093,0.9,-0.011111111111111183,0.8974063520874003,0.45454545454545453,0.07407407407407407,0.19047619047619047,0.5,0.0,0.0,0.0,1.0,0,0,0.0,0,0
train,91,11,0.22,20,2,0.0,0.875,0.75,0.7703703703703704,0.47619047619047616,0.8888888888888888,-0.01388888888888884,0.8884438112524402,0.4090909090909091,0.06666666666666667,0.14285714285714285,0.75,0.0,0.0,0.0,1.0,1,2,0.11764705882352941,0,1
train,91,12,0.22,20,2,0.0,0.8571428571428571,0.75,0.7481481481481481,0.47619047619047616,0.875,-0.017857142857142905,0.8759234296086069,0.36363636363636365,0.05925925925925926,0.23809523809523808,0.5,0.0,0.0,0.0,1.0,1,2,0.1111111111111111,0,1
train,91,13,0.22,20,2,0.0,0.8333333333333334,0.75,0.725925925925926,0.47619047619047616,0.8571428571428571,-0.023809523809523725,0.8588873910984975,0.3181818181818182,0.05185185185185185,0.19047619047619047,0.75,0.0,0.0,0.0,1.0,1,2,0.10526315789473684,0,1
train,91,14,0.22,20,2,0.0,0.8,0.75,0.7037037037037037,0.47619047619047616,0.8333333333333334,-0.033333333333333326,0.8353324346590986,0.2727272727272727,0.044444444444444446,0.19047619047619047,0.75,0.0,0.0,0.0,1.0,1,2,0.1,0,1
train,91,15,0.22,20,2,0.0,0.75,0.75,0.6814814814814815,0.47619047619047616,0.8,-0.050000000000000044,0.8011994607954591,0.22727272727272727,0.037037037037037035,0.19047619047619047,0.5,0.0,0.0,0.0,1.0,1,2,0.09523809523809523,0,1
train,91,16,0.22,20,2,0.0,0.7272727272727273,0.25,0.6592592592592592,0.47619047619047616,0.75,-0.022727272727272707,0.7716287673863664,0.18181818181818182,0.08888888888888889,0.2857142857142857,0.25,0.0,0.0,1.0,0.0,0,0,0.0,0,0
train,91,17,0.22,20,2,0.0,0.8,0.5,0.6592592592592592,0.3333333333333333,0.7272727272727273,0.07272727272727275,0.7829772604318199,0.22727272727272727,0.08148148148148149,0.3333333333333333,0.5,0.0,0.0,1.0,0.0,0,0,0.0,0,0
train,91,18,0.22,20,2,0.08333333333333337,0.8888888888888888,0.75,0.6592592592592592,0.19047619047619047,0.8,0.0888888888888888,0.8253419118146474,0.2727272727272727,0.07407407407407407,0.42857142857142855,0.75,1.0,0.0,0.0,0.0,1,2,0.1,0,1
train,91,19,0.22,20,2,0.05882352941176472,0.9166666666666666,0.75,0.6518518518518519,0.375,0.8888888888888888,0.02777777777777779,0.8618718137554551,0.3181818181818182,0.0962962962962963,0.2916666666666667,0.5,0.0,0.0,1.0,0.0,0,0,0.0,0,1
train,91,20,0.22,20,2,0.0,0.7647058823529411,0.0,0.6444444444444445,0.2916666666666667,0.9166666666666666,-0.1519607843137255,0.8230054411944495,0.36363636363636365,0.13333333333333333,0.3333333333333333,0.5,0.0,1.0,0.0,0.0,0,0,0.0,0,0
train,91,21,0.22,20,2,0.0,0.8125,0.25,0.6444444444444445,0.09523809523809523,0.7647058823529411,0.047794117647058876,0.8188032647166696,0.3181818181818182,0.1259259259259259,0.42857142857142855,0.75,0.0,0.0,1.0,0.0,0,0,0.0,0,0
train,91,22,0.22,20,2,0.0,0.8666666666666667,0.5,0.6444444444444445,0.14285714285714285,0.8125,0.054166666666666696,0.8379486254966684,0.36363636363636365,0.11851851851851852,0.38095238095238093,0.5,0.0,0.0,1.0,0.0,0,0,0.0,0,0
train,91,23,0.22,20,2,0.1428571428571429,0.9285714285714286,0.75,0.6444444444444445,0.19047619047619047,0.8666666666666667,0.06190476190476191,0.8741977467265725,0.4090909090909091,0.1111111111111111,0.2857142857142857,0.75,1.0,0.0,0.0,0.0,0,0,0.0,0,0
train,91,24,0.22,20,2,0.0,0.9230769230769231,0.75,0.6370370370370371,0.20833333333333334,0.9285714285714286,-0.005494505494505475,0.8937494172667128,0.45454545454545453,0.1037037037037037,0.25,0.75,1.0,0.0,0.0,0.0,0,0,0.0,0,0
train,91,25,0.22,20,2,0.07692307692307687,0.9166666666666666,0.75,0.6222222222222222,0.28,0.9230769230769231,-0.0064102564102564985,0.9029163170266943,0.5,0.0962962962962963,0.16,1.0,0.0,0.0,0.0,1.0,0,0,0.0,0,0
train,91,26,0.22,20,2,0.0,0.9090909090909091,0.75,0.6148148148148148,0.32,0.9166666666666666,-0.007575757575757569,0.9053861538523802,0.45454545454545453,0.08888888888888889,0.16,0.5,1.0,0.0,0.0,0.0,0,0,0.0,0,0
train,91,27,0.22,20,2,0.0,0.9,0.75,0.6,0.44,0.9090909090909091,-0.009090909090909038,0.9032316923114281,0.5,0.08148148148148149,0.16,0.75,0.0,0.0,0.0,1.0,0,0,0.0,0,0
train,91,28,0.22,20,2,0.0,0.8888888888888888,0.75,0.5851851851851851,0.44,0.9,-0.011111111111111183,0.8974945709424125,0.45454545454545453,0.07407407407407407,0.16,0.75,0.0,0.0,0.0,1.0,0,0,0.0,0,0
train,91,29,0.22,20,2,0.0,0.9,0.75,0.5703703703703704,0.4,0.8888888888888888,0.011111111111111183,0.8984967425654475,0.4090909090909091,0.08148148148148149,0.2,0.5,1.0,0.0,0.0,0.0,0,0,0.0,0,0
train,91,30,0.22,20,2,0.0,0.8888888888888888,0.75,0.5555555555555556,0.52,0.9,-0.011111111111111183,0.8946536010948241,0.45454545454545453,0.07407407407407407,0.16,1.0,0.0,0.0,0.0,1.0,0,0,0.0,0,0
train,91,31,0.22,20,2,0.0,0.875,0.75,0.5407407407407407,0.52,0.8888888888888888,-0.01388888888888884,0.8867921606568945,0.4090909090909091,0.06666666666666667,0.16,0.75,0.0,0.0,0.0,1.0,0,0,0.0,0,0
train,91,32,0.22,20,2,0.0,0.8571428571428571,0.75,0.5185185185185185,0.52,0.875,-0.017857142857142905,0.8749324392512795,0.36363636363636365,0.05925925925925926,0.08,1.0,0.0,1.0,0.0,0.0,0,0,0.0,0,0
train,91,33,0.22,20,2,0.0,0.8333333333333334,0.75,0.5037037037037037,0.36,0.8571428571428571,-0.023809523809523725,0.8582927968841011,0.3181818181818182,0.05185185185185185,0.2,0.5,0.0,0.0,0.0,1.0,0,0,0.0,0,0
train,91,34,0.22,20,2,0.0,0.8,0.75,0.4888888888888889,0.48,0.8333333333333334,-0.033333333333333326,0.8349756781304607,0.2727272727272727,0.044444444444444446,0.2,0.75,0.0,0.0,0.0,1.0,0,0,0.0,0,0
train,91,35,0.22,20,2,0.0,0.75,0.75,0.4666666666666667,0.56,0.8,-0.050000000000000044,0.8009854068782765,0.22727272727272727,0.037037037037037035,0.16,0.75,0.0,1.0,0.0,0.0,0,0,0.0,0,0
train,91,36,0.22,20,2,0.0,0.6666666666666666,0.6666666666666666,0.45185185185185184,0.48,0.75,-0.08333333333333337,0.7472579107936326,0.18181818181818182,0.02962962962962963,0.2,0.75,0.0,1.0,0.0,0.0,0,0,0.0,0,0
train,91,37,0.22,20,2,0.0,0.5,0.5,0.42962962962962964,0.3333333333333333,0.6666666666666666,-0.16666666666666663,0.6483547464761795,0.13636363636363635,0.022222222222222223,0.2916666666666667,0.75,0.0,0.0,0.0,1.0,0,0,0.0,0,0
train,91,38,0.22,20,2,0.0,0.0,0.0,0.4148148148148148,0.43478260869565216,0.5,-0.5,0.3890128478857077,0.09090909090909091,0.014814814814814815,0.17391304347826086,1.0,0.0,1.0,0.0,0.0,0,0,0.0,0,0
train,91,39,0.22,20,2,0.0,0.0,0.0,0.4,0.35,0.0,0.0,0.23340770873142463,0.045454545454545456,0.007407407407407408,0.15,0.5,0.0,0.0,0.0,1.0,0,0,0.0,0,0
train,92,0,0.26,22,4,0.0,0.9411764705882353,0.75,0.9629629629629629,0.7058823529411765,0.9411764705882353,0.0,0.9411764705882353,0.8181818181818182,0.13333333333333333,0.11764705882352941,0.5,0.0,1.0,0.0,0.0,0,0,0.0,0,0
train,92,1,0.26,22,4,0.0,0.9375,0.75,0.9407407407407408,0.6,0.9411764705882353,-0.003676470588235281,0.9397058823529412,0.7727272727272727,0.1259259259259259,0.2,0.5,0.0,0.0,0.0,1.0,0,0,0.0,0,0
train,92,2,0.26,22,4,0.0,0.9333333333333333,0.75,0.9259259259259259,0.5652173913043478,0.9375,-0.004166666666666652,0.9371568627450981,0.7272727272727273,0.11851851851851852,0.17391304347826086,1.0,0.0,1.0,0.0,0.0,1,2,0.1,0,1
train,92,3,0.26,22,4,0.0,0.875,0.5,0.9111111111111111,0.5833333333333334,0.9333333333333333,-0.05833333333333335,0.9122941176470589,0.6818181818181818,0.1259259259259259,0.16666666666666666,0.25,1.0,0.0,0.0,0.0,0,0,0.0,0,0
train,92,4,0.26,22,4,0.0,0.9333333333333333,0.75,0.9111111111111111,0.4782608695652174,0.875,0.05833333333333335,0.9207098039215686,0.7272727272727273,0.11851851851851852,0.2608695652173913,1.0,0.0,0.0,0.0,1.0,0,0,0.0,0,0
train,92,5,0.26,22,4,0.0,0.9285714285714286,0.75,0.8962962962962963,0.5,0.9333333333333333,-0.004761904761904745,0.9238544537815127,0.6818181818181818,0.1111111111111111,0.16666666666666666,0.75,0.0,0.0,0.0,1.0,0,0,0.0,0,0
train,92,6,0.26,22,4,0.0,0.9230769230769231,0.75,0.8740740740740741,0.5416666666666666,0.9285714285714286,-0.005494505494505475,0.9235434414996768,0.6363636363636364,0.1037037037037037,0.041666666666666664,1.0,0.0,1.0,0.0,0.0,0,0,0.0,0,0
train,92,7,0.26,22,4,0.0,0.9166666666666666,0.75,0.8592592592592593,0.48,0.9230769230769231,-0.0064102564102564985,0.9207927315664728,0.5909090909090909,0.0962962962962963,0.16,0.5,0.0,0.0,0.0,1.0,0,0,0.0,0,0
train,92,8,0.26,22,4,0.0,0.9090909090909091,0.75,0.8444444444444444,0.56,0.9166666666666666,-0.007575757575757569,0.9161120025762473,0.5454545454545454,0.08888888888888889,0.12,0.75,0.0,0.0,0.0,1.0,0,0,0.0,0,0
train,92,9,0.26,22,4,0.0,0.9,0.75,0.8222222222222222,0.56,0.9090909090909091,-0.009090909090909038,0.9096672015457483,0.5,0.08148148148148149,0.16,0.75,0.0,1.0,0.0,0.0,1,2,0.13333333333333333,0,1
train,92,10,0.26,22,4,0.0,0.8888888888888888,0.75,0.8074074074074075,0.56,0.9,-0.011111111111111183,0.9013558764830045,0.45454545454545453,0.07407407407407407,0.16,0.5,0.0,0.0,0.0,1.0,0,0,0.0,0,0
train,92,11,0.26,22,4,0.0,0.9,0.75,0.7925925925925926,0.56,0.8888888888888888,0.011111111111111183,0.9008135258898027,0.4090909090909091,0.08148148148148149,0.24,0.5,1.0,0.0,0.0,0.0,0,0,0.0,0,0
train,92,12,0.26,22,4,0.0,0.8888888888888888,0.75,0.7777777777777778,0.44,0.9,-0.011111111111111183,0.896043671089437,0.45454545454545453,0.07407407407407407,0.2,1.0,0.0,0.0,0.0,1.0,0,0,0.0,0,0
train,92,13,0.26,22,4,0.0,0.9,0.75,0.762962962962963,0.52,0.8888888888888888,0.011111111111111183,0.8976262026536623,0.4090909090909091,0.08148148148148149,0.16,0.5,1.0,0.0,0.0,0.0,0,0,0.0,0,0
train,92,14,0.26,22,4,0.0,0.8888888888888888,0.75,0.7481481481481481,0.5,0.9,-0.011111111111111183,0.894131277147753,0.45454545454545453,0.07407407407407407,0.125,1.0,0.0,0.0,0.0,1.0,0,0,0.0,0,0
train,92,15,0.26,22,4,0.0,0.9,0.75,0.7333333333333333,0.5416666666666666,0.8888888888888888,0.011111111111111183,0.8964787662886518,0.4090909090909091,0.08148148148148149,0.16666666666666666,0.5,1.0,0.0,0.0,0.0,0,0,0.0,0,0
train,92,16,0.26,22,4,0.0,0.8888888888888888,0.75,0.7185185185185186,0.5238095238095238,0.9,-0.011111111111111183,0.8934428153287466,0.45454545454545453,0.07407407407407407,0.14285714285714285,0.75,0.0,0.0,0.0,1.0,0,0,0.0,0,0
train,92,17,0.26,22,4,0.0,0.875,0.75,0.7037037037037037,0.5238095238095238,0.8888888888888888,-0.01388888888888884,0.886065689197248,0.4090909090909091,0.06666666666666667,0.19047619047619047,0.5,0.0,0.0,0.0,1.0,0,0,0.0,0,0
train,92,18,0.26,22,4,0.0,0.8571428571428571,0.75,0.6814814814814815,0.47619047619047616,0.875,-0.017857142857142905,0.8744965563754916,0.36363636363636365,0.05925925925925926,0.19047619047619047,0.75,0.0,1.0,0.0,0.0,0,0,0.0,0,0
train,92,19,0.26,22,4,0.0,0.8333333333333334,0.75,0.6666666666666666,0.4583333333333333,0.8571428571428571,-0.023809523809523725,0.8580312671586283,0.3181818181818182,0.05185185185185185,0.16666666666666666,0.75,0.0,1.0,0.0,0.0,0,0,0.0,0,0
train,92,20,0.26,22,4,0.0,0.8,0.75,0.6444444444444445,0.44,0.8333333333333334,-0.033333333333333326,0.834818760295177,0.2727272727272727,0.044444444444444446,0.12,1.0,0.0,1.0,0.0,0.0,0,0,0.0,0,0
train,92,21,0.26,22,4,0.0,0.75,0.75,0.6222222222222222,0.48,0.8,-0.050000000000000044,0.8008912561771062,0.22727272727272727,0.037037037037037035,0.12,1.0,0.0,1.0,0.0,0.0,0,0,0.0,0,0
train,92,22,0.26,22,4,0.0,0.6666666666666666,0.6666666666666666,0.6,0.56,0.75,-0.08333333333333337,0.7472014203729304,0.18181818181818182,0.02962962962962963,0.0,1.0,0.0,1.0,0.0,0.0,0,0,0.0,0,0
train,92,23,0.26,22,4,0.04761904761904767,0.5,0.5,0.5777777777777777,0.5416666666666666,0.6666666666666666,-0.16666666666666663,0.6483208522237582,0.13636363636363635,0.022222222222222223,0.08333333333333333,0.5,0.0,1.0,0.0,0.0,0,0,0.0,0,0
train,92,24,0.26,22,4,0.0,0.0,0.0,0.5555555555555556,0.47619047619047616,0.5,-0.5,0.38899251133425494,0.09090909090909091,0.014814814814814815,0.14285714285714285,0.75,0.0,0.0,0.0,1.0,0,0,0.0,0,0
train,92,25,0.26,22,4,0.0,0.0,0.0,0.5407407407407407,0.4,0.0,0.0,0.23339550680055296,0.045454545454545456,0.007407407407407408,0.2,0.5,0.0,0.0,0.0,1.0,0,0,0.0,0,0
train,93,0,0.3,20,2,0.0,0.9411764705882353,0.75,0.9629629629629629,0.7058823529411765,0.9411764705882353,0.0,0.9411764705882353,0.8181818181818182,0.13333333333333333,0.11764705882352941,0.5,0.0,1.0,0.0,0.0,0,0,0.0,0,0
train,93,1,0.3,20,2,0.0,0.9375,0.75,0.9407407407407408,0.6,0.9411764705882353,-0.003676470588235281,0.9397058823529412,0.7727272727272727,0.1259259259259259,0.15,0.75,0.0,1.0,0.0,0.0,0,0,0.0,0,0
train,93,2,0.3,20,2,0.0,0.9333333333333333,0.75,0.9185185185185185,0.47619047619047616,0.9375,-0.004166666666666652,0.9371568627450981,0.7272727272727273,0.11851851851851852,0.19047619047619047,0.75,0.0,1.0,0.0,0.0,0,0,0.0,0,0
train,93,3,0.3,20,2,0.0,0.9285714285714286,0.75,0.8962962962962963,0.47619047619047616,0.9333333333333333,-0.004761904761904745,0.9337226890756303,0.6818181818181818,0.1111111111111111,0.19047619047619047,0.5,0.0,1.0,0.0,0.0,0,0,0.0,0,0
train,93,4,0.3,20,2,0.0,0.9230769230769231,0.75,0.8740740740740741,0.47619047619047616,0.9285714285714286,-0.005494505494505475,0.9294643826761474,0.6363636363636364,0.1037037037037037,0.23809523809523808,0.5,0.0,0.0,0.0,1.0,0,0,0.0,0,0
train,93,5,0.3,20,2,0.0,0.9166666666666666,0.75,0.8592592592592593,0.5,0.9230769230769231,-0.0064102564102564985,0.9243452962723551,0.5909090909090909,0.0962962962962963,0.20833333333333334,0.5,0.0,1.0,0.0,0.0,0,0,0.0,0,0
train,93,6,0.3,20,2,0.0,0.9090909090909091,0.75,0.8444444444444444,0.5217391304347826,0.9166666666666666,-0.007575757575757569,0.9182435413997767,0.5454545454545454,0.08888888888888889,0.21739130434782608,0.5,0.0,1.0,0.0,0.0,0,0,0.0,0,0
train,93,7,0.3,20,2,0.0,0.9,0.75,0.8222222222222222,0.45,0.9090909090909091,-0.009090909090909038,0.910946124839866,0.5,0.08148148148148149,0.25,0.75,0.0,0.0,0.0,1.0,0,0,0.0,0,0
train,93,8,0.3,20,2,0.0,0.8888888888888888,0.75,0.8074074074074075,0.47619047619047616,0.9,-0.011111111111111183,0.9021232304594751,0.45454545454545453,0.07407407407407407,0.23809523809523808,0.5,0.0,0.0,0.0,1.0,0,0,0.0,0,0
train,93,9,0.3,20,2,0.0,0.875,0.75,0.7851851851851852,0.42857142857142855,0.8888888888888888,-0.01388888888888884,0.8912739382756851,0.4090909090909091,0.06666666666666667,0.2857142857142857,0.5,0.0,0.0,0.0,1.0,0,0,0.0,0,0
train,93,10,0.3,20,2,0.0,0.8571428571428571,0.75,0.762962962962963,0.47619047619047616,0.875,-0.017857142857142905,0.8776215058225539,0.36363636363636365,0.05925925925925926,0.2857142857142857,0.5,0.0,0.0,0.0,1.0,0,0,0.0,0,0
train,93,11,0.3,20,2,0.0,0.875,0.75,0.7407407407407407,0.47619047619047616,0.8571428571428571,0.017857142857142905,0.8765729034935323,0.3181818181818182,0.06666666666666667,0.2857142857142857,0.5,1.0,0.0,0.0,0.0,0,0,0.0,0,0
train,93,12,0.3,20,2,0.0,0.8571428571428571,0.75,0.725925925925926,0.5,0.875,-0.017857142857142905,0.8688008849532622,0.36363636363636365,0.05925925925925926,0.2916666666666667,0.5,0.0,0.0,0.0,1.0,0,0,0.0,0,0
train,93,13,0.3,20,2,0.0,0.8333333333333334,0.75,0.7111111111111111,0.5416666666666666,0.8571428571428571,-0.023809523809523725,0.8546138643052907,0.3181818181818182,0.05185185185185185,0.20833333333333334,0.75,0.0,0.0,0.0,1.0,0,0,0.0,0,0
train,93,14,0.3,20,2,0.0,0.8,0.75,0.6888888888888889,0.5416666666666666,0.8333333333333334,-0.033333333333333326,0.8327683185831745,0.2727272727272727,0.044444444444444446,0.16666666666666666,0.75,0.0,0.0,0.0,1.0,0,0,0.0,0,0
train,93,15,0.3,20,2,0.13043478260869568,0.75,0.75,0.6666666666666666,0.5416666666666666,0.8,-0.050000000000000044,0.7996609911499046,0.22727272727272727,0.037037037037037035,0.08333333333333333,1.0,0.0,1.0,0.0,0.0,1,2,0.4,0,1
train,93,16,0.3,20,2,0.0,0.6,0.5,0.6518518518518519,0.42857142857142855,0.75,-0.15000000000000002,0.7197965946899427,0.18181818181818182,0.044444444444444446,0.19047619047619047,0.25,1.0,0.0,0.0,0.0,0,0,0.0,0,0
train,93,17,0.3,20,2,0.0,0.75,0.75,0.6518518518518519,0.4583333333333333,0.6,0.15000000000000002,0.7318779568139657,0.22727272727272727,0.037037037037037035,0.16666666666666666,1.0,0.0,0.0,0.0,1.0,0,0,0.0,0,0
train,93,18,0.3,20,2,0.0,0.6666666666666666,0.6666666666666666,0.6370370370370371,0.5,0.75,-0.08333333333333337,0.7057934407550461,0.18181818181818182,0.02962962962962963,0.125,0.75,0.0,0.0,0.0,1.0,0,0,0.0,0,0
train,93,19,0.3,20,2,0.050000000000000044,0.5,0.5,0.6148148148148148,0.5416666666666666,0.6666666666666666,-0.16666666666666663,0.6234760644530277,0.13636363636363635,0.022222222222222223,0.041666666666666664,1.0,0.0,1.0,0.0,0.0,0,0,0.0,0,0
train,93,20,0.3,20,2,0.0,0.0,0.0,0.6,0.38095238095238093,0.5,-0.5,0.3740856386718166,0.09090909090909091,0.014814814814814815,0.19047619047619047,0.5,0.0,0.0,0.0,1.0,0,0,0.0,0,0
train,93,21,0.3,20,2,0.0,0.0,0.0,0.5851851851851851,0.45,0.0,0.0,0.22445138320308997,0.045454545454545456,0.007407407407407408,0.15,0.75,0.0,0.0,0.0,1.0,0,0,0.0,0,0
train,94,0,0.34,20,2,0.0,0.9411764705882353,0.75,0.9629629629629629,0.7058823529411765,0.9411764705882353,0.0,0.9411764705882353,0.8181818181818182,0.13333333333333333,0.17647058823529413,0.25,0.0,0.0,0.0,1.0,0,0,0.0,0,0
train,94,1,0.34,20,2,0.0,0.9375,0.75,0.9407407407407408,0.6,0.9411764705882353,-0.003676470588235281,0.9397058823529412,0.7727272727272727,0.1259259259259259,0.25,0.5,0.0,0.0,0.0,1.0,0,0,0.0,0,0
train,94,2,0.34,20,2,0.0,0.9333333333333333,0.75,0.9185185185185185,0.47619047619047616,0.9375,-0.004166666666666652,0.9371568627450981,0.7272727272727273,0.11851851851851852,0.3333333333333333,0.5,0.0,0.0,0.0,1.0,0,0,0.0,0,0
train,94,3,0.34,20,2,0.0,0.9285714285714286,0.75,0.8962962962962963,0.47619047619047616,0.9333333333333333,-0.004761904761904745,0.9337226890756303,0.6818181818181818,0.1111111111111111,0.2857142857142857,0.5,0.0,0.0,0.0,1.0,0,0,0.0,0,0
train,94,4,0.34,20,2,0.0,0.9230769230769231,0.75,0.8740740740740741,0.47619047619047616,0.9285714285714286,-0.005494505494505475,0.9294643826761474,0.6363636363636364,0.1037037037037037,0.2857142857142857,0.5,0.0,1.0,0.0,0.0,0,0,0.0,0,0
train,94,5,0.34,20,2,0.0,0.9166666666666666,0.75,0.8592592592592593,0.5,0.9230769230769231,-0.0064102564102564985,0.9243452962723551,0.5909090909090909,0.0962962962962963,0.25,0.75,0.0,1.0,0.0,0.0,0,0,0.0,0,0
train,94,6,0.34,20,2,0.0,0.9090909090909091,0.75,0.837037037037037,0.52,0.9166666666666666,-0.007575757575757569,0.9182435413997767,0.5454545454545454,0.08888888888888889,0.16,1.0,0.0,1.0,0.0,0.0,0,0,0.0,0,0
train,94,7,0.34,20,2,0.0,0.9,0.75,0.8148148148148148,0.56,0.9090909090909091,-0.009090909090909038,0.910946124839866,0.5,0.08148148148148149,0.08,0.75,0.0,1.0,0.0,0.0,0,0,0.0,0,0
train,94,8,0.34,20,2,0.0,0.8888888888888888,0.75,0.7925925925925926,0.56,0.9,-0.011111111111111183,0.9021232304594751,0.45454545454545453,0.07407407407407407,0.08,0.75,0.0,0.0,0.0,1.0,0,0,0.0,0,0
train,94,9,0.34,20,2,0.0,0.875,0.75,0.7777777777777778,0.52,0.8888888888888888,-0.01388888888888884,0.8912739382756851,0.4090909090909091,0.06666666666666667,0.12,0.5,0.0,1.0,0.0,0.0,0,0,0.0,0,0
train,94,10,0.34,20,2,0.0,0.8571428571428571,0.75,0.762962962962963,0.5416666666666666,0.875,-0.017857142857142905,0.8776215058225539,0.36363636363636365,0.05925925925925926,0.16666666666666666,0.5,0.0,1.0,0.0,0.0,0,0,0.0,0,0
train,94,11,0.34,20,2,0.0,0.8333333333333334,0.75,0.7407407407407407,0.47619047619047616,0.8571428571428571,-0.023809523809523725,0.8599062368268657,0.3181818181818182,0.05185185185185185,0.2857142857142857,0.5,0.0,0.0,0.0,1.0,0,0,0.0,0,0
train,94,12,0.34,20,2,0.0,0.8,0.75,0.725925925925926,0.47619047619047616,0.8333333333333334,-0.033333333333333326,0.8359437420961194,0.2727272727272727,0.044444444444444446,0.2857142857142857,0.5,0.0,0.0,0.0,1.0,0,0,0.0,0,0
train,94,13,0.34,20,2,0.0,0.75,0.75,0.7037037037037037,0.42857142857142855,0.8,-0.050000000000000044,0.8015662452576717,0.22727272727272727,0.037037037037037035,0.2857142857142857,0.75,0.0,0.0,0.0,1.0,0,0,0.0,0,0
train,94,14,0.34,20,2,0.0,0.6666666666666666,0.6666666666666666,0.6814814814814815,0.47619047619047616,0.75,-0.08333333333333337,0.7476064138212697,0.18181818181818182,0.02962962962962963,0.19047619047619047,0.75,0.0,0.0,0.0,1.0,0,0,0.0,0,0
train,94,15,0.34,20,2,0.0,0.75,0.75,0.6592592592592592,0.47619047619047616,0.6666666666666666,0.08333333333333337,0.7485638482927619,0.13636363636363635,0.037037037037037035,0.19047619047619047,0.5,1.0,0.0,0.0,0.0,0,0,0.0,0,0
train,94,16,0.34,20,2,0.0,0.6666666666666666,0.6666666666666666,0.6444444444444445,0.5,0.75,-0.08333333333333337,0.7158049756423238,0.18181818181818182,0.02962962962962963,0.20833333333333334,0.75,0.0,0.0,0.0,1.0,0,0,0.0,0,0
train,94,17,0.34,20,2,0.0,0.5,0.5,0.6296296296296297,0.5416666666666666,0.6666666666666666,-0.16666666666666663,0.6294829853853943,0.13636363636363635,0.022222222222222223,0.125,0.75,0.0,0.0,0.0,1.0,0,0,0.0,0,0
train,94,18,0.34,20,2,0.0,0.0,0.0,0.6074074074074074,0.5217391304347826,0.5,-0.5,0.3776897912312365,0.09090909090909091,0.014814814814814815,0.17391304347826086,0.5,0.0,0.0,0.0,1.0,0,0,0.0,0,0
train,94,19,0.34,20,2,0.0,0.0,0.0,0.5851851851851851,0.45,0.0,0.0,0.2266138747387419,0.045454545454545456,0.007407407407407408,0.2,0.75,0.0,1.0,0.0,0.0,0,0,0.0,0,0
train,95,0,0.18,20,2,0.0,0.9411764705882353,0.75,0.9629629629629629,0.7058823529411765,0.9411764705882353,0.0,0.9411764705882353,0.8181818181818182,0.13333333333333333,0.11764705882352941,0.5,0.0,1.0,0.0,0.0,0,0,0.0,0,0
train,95,1,0.18,20,2,0.0,0.9375,0.75,0.9407407407407408,0.6,0.9411764705882353,-0.003676470588235281,0.9397058823529412,0.7727272727272727,0.1259259259259259,0.15,0.75,0.0,1.0,0.0,0.0,0,0,0.0,0,0
train,95,2,0.18,20,2,0.0,0.9333333333333333,0.75,0.9185185185185185,0.47619047619047616,0.9375,-0.004166666666666652,0.9371568627450981,0.7272727272727273,0.11851851851851852,0.19047619047619047,0.75,0.0,1.0,0.0,0.0,0,0,0.0,0,0
train,95,3,0.18,20,2,0.0,0.9285714285714286,0.75,0.8962962962962963,0.47619047619047616,0.9333333333333333,-0.004761904761904745,0.9337226890756303,0.6818181818181818,0.1111111111111111,0.19047619047619047,0.5,0.0,0.0,0.0,1.0,0,0,0.0,0,0
train,95,4,0.18,20,2,0.0,0.9230769230769231,0.75,0.8814814814814815,0.5,0.9285714285714286,-0.005494505494505475,0.9294643826761474,0.6363636363636364,0.1037037037037037,0.125,1.0,0.0,1.0,0.0,0.0,0,0,0.0,0,0
train,95,5,0.18,20,2,0.0,0.9166666666666666,0.75,0.8666666666666667,0.5416666666666666,0.9230769230769231,-0.0064102564102564985,0.9243452962723551,0.5909090909090909,0.0962962962962963,0.08333333333333333,0.75,0.0,1.0,0.0,0.0,0,0,0.0,0,0
train,95,6,0.18,20,2,0.0,0.9090909090909091,0.75,0.8444444444444444,0.5217391304347826,0.9166666666666666,-0.007575757575757569,0.9182435413997767,0.5454545454545454,0.08888888888888889,0.08695652173913043,0.75,0.0,0.0,0.0,1.0,0,0,0.0,0,0
train,95,7,0.18,20,2,0.0,0.9,0.75,0.8296296296296296,0.5416666666666666,0.9090909090909091,-0.009090909090909038,0.910946124839866,0.5,0.08148148148148149,0.125,0.75,0.0,0.0,0.0,1.0,0,0,0.0,0,0
train,95,8,0.18,20,2,0.13043478260869568,0.8888888888888888,0.75,0.8074074074074075,0.5,0.9,-0.011111111111111183,0.9021232304594751,0.45454545454545453,0.07407407407407407,0.08333333333333333,1.0,0.0,1.0,0.0,0.0,0,0,0.0,0,0
train,95,9,0.18,20,2,0.0,0.875,0.75,0.7925925925925926,0.47619047619047616,0.8888888888888888,-0.01388888888888884,0.8912739382756851,0.4090909090909091,0.06666666666666667,0.14285714285714285,0.5,0.0,0.0,0.0,1.0,0,0,0.0,0,0
train,95,10,0.18,20,2,0.0,0.8571428571428571,0.75,0.7777777777777778,0.47619047619047616,0.875,-0.017857142857142905,0.8776215058225539,0.36363636363636365,0.05925925925925926,0.19047619047619047,0.75,0.0,0.0,0.0,1.0,0,0,0.0,0,0
train,95,11,0.18,20,2,0.0,0.8333333333333334,0.75,0.7555555555555555,0.47619047619047616,0.8571428571428571,-0.023809523809523725,0.8599062368268657,0.3181818181818182,0.05185185185185185,0.19047619047619047,0.75,0.0,0.0,0.0,1.0,0,0,0.0,0,0
train,95,12,0.18,20,2,0.0,0.8,0.75,0.7333333333333333,0.47619047619047616,0.8333333333333334,-0.033333333333333326,0.8359437420961194,0.2727272727272727,0.044444444444444446,0.19047619047619047,0.5,0.0,0.0,0.0,1.0,0,0,0.0,0,0
train,95,13,0.18,20,2,0.0,0.8333333333333334,0.75,0.7111111111111111,0.47619047619047616,0.8,0.033333333333333326,0.834899578591005,0.22727272727272727,0.05185185185185185,0.23809523809523808,0.5,1.0,0.0,0.0,0.0,0,0,0.0,0,0
train,95,14,0.18,20,2,0.0,0.8,0.75,0.6962962962962963,0.5,0.8333333333333334,-0.033333333333333326,0.820939747154603,0.2727272727272727,0.044444444444444446,0.20833333333333334,0.5,0.0,0.0,0.0,1.0,0,0,0.0,0,0
train,95,15,0.18,20,2,0.0,0.75,0.75,0.6814814814814815,0.5416666666666666,0.8,-0.050000000000000044,0.7925638482927618,0.22727272727272727,0.037037037037037035,0.16666666666666666,0.75,0.0,0.0,0.0,1.0,0,0,0.0,0,0
train,95,16,0.18,20,2,0.0,0.6666666666666666,0.6666666666666666,0.6592592592592592,0.5416666666666666,0.75,-0.08333333333333337,0.7422049756423237,0.18181818181818182,0.02962962962962963,0.20833333333333334,0.5,0.0,0.0,0.0,1.0,0,0,0.0,0,0
train,95,17,0.18,20,2,0.04761904761904767,0.5,0.5,0.6370370370370371,0.5416666666666666,0.6666666666666666,-0.16666666666666663,0.6453229853853942,0.13636363636363635,0.022222222222222223,0.16666666666666666,0.75,0.0,1.0,0.0,0.0,0,0,0.0,0,0
train,95,18,0.18,20,2,0.0,0.0,0.0,0.6222222222222222,0.42857142857142855,0.5,-0.5,0.38719379123123654,0.09090909090909091,0.014814814814814815,0.23809523809523808,0.5,0.0,0.0,0.0,1.0,0,0,0.0,0,0
train,95,19,0.18,20,2,0.0,0.0,0.0,0.6074074074074074,0.45,0.0,0.0,0.23231627473874192,0.045454545454545456,0.007407407407407408,0.25,0.5,0.0,0.0,0.0,1.0,0,0,0.0,0,0
train,96,0,0.22,20,2,0.0,0.9411764705882353,0.75,0.9629629629629629,0.7058823529411765,0.9411764705882353,0.0,0.9411764705882353,0.8181818181818182,0.13333333333333333,0.17647058823529413,0.25,0.0,0.0,0.0,1.0,0,0,0.0,0,0
train,96,1,0.22,20,2,0.0,0.9375,0.75,0.9407407407407408,0.6,0.9411764705882353,-0.003676470588235281,0.9397058823529412,0.7727272727272727,0.1259259259259259,0.25,0.5,0.0,1.0,0.0,0.0,0,0,0.0,0,0
train,96,2,0.22,20,2,0.0,0.9333333333333333,0.75,0.9259259259259259,0.5652173913043478,0.9375,-0.004166666666666652,0.9371568627450981,0.7272727272727273,0.11851851851851852,0.2608695652173913,0.5,0.0,0.0,0.0,1.0,0,0,0.0,0,0
train,96,3,0.22,20,2,0.0,0.9285714285714286,0.75,0.9111111111111111,0.5833333333333334,0.9333333333333333,-0.004761904761904745,0.9337226890756303,0.6818181818181818,0.1111111111111111,0.16666666666666666,0.75,0.0,1.0,0.0,0.0,1,2,0.11764705882352941,0,1
train,96,4,0.22,20,2,0.0,0.9230769230769231,0.75,0.8962962962962963,0.6,0.9285714285714286,-0.005494505494505475,0.9294643826761474,0.6363636363636364,0.1037037037037037,0.12,0.75,0.0,1.0,0.0,0.0,1,2,0.1111111111111111,0,1
train,96,5,0.22,20,2,0.0,0.9166666666666666,0.75,0.8740740740740741,0.56,0.9230769230769231,-0.0064102564102564985,0.9243452962723551,0.5909090909090909,0.0962962962962963,0.16,0.5,0.0,0.0,0.0,1.0,0,0,0.0,0,0
train,96,6,0.22,20,2,0.0,0.9090909090909091,0.75,0.8592592592592593,0.56,0.9166666666666666,-0.007575757575757569,0.9182435413997767,0.5454545454545454,0.08888888888888889,0.12,1.0,0.0,1.0,0.0,0.0,0,0,0.0,0,0
train,96,7,0.22,20,2,0.0,0.9,0.75,0.8444444444444444,0.56,0.9090909090909091,-0.009090909090909038,0.910946124839866,0.5,0.08148148148148149,0.08,0.75,0.0,1.0,0.0,0.0,0,0,0.0,0,0
train,96,8,0.22,20,2,0.13043478260869568,0.8888888888888888,0.75,0.8222222222222222,0.5416666666666666,0.9,-0.011111111111111183,0.9021232304594751,0.45454545454545453,0.07407407407407407,0.041666666666666664,1.0,0.0,1.0,0.0,0.0,1,2,0.125,0,1
train,96,9,0.22,20,2,0.0,0.8,0.5,0.8,0.47619047619047616,0.8888888888888888,-0.0888888888888888,0.8612739382756851,0.4090909090909091,0.08148148148148149,0.14285714285714285,0.5,1.0,0.0,0.0,0.0,0,0,0.0,0,0
train,96,10,0.22,20,2,0.0,0.8888888888888888,0.75,0.8,0.4166666666666667,0.8,0.0888888888888888,0.8723199185209667,0.45454545454545453,0.07407407407407407,0.125,1.0,0.0,0.0,0.0,1.0,0,0,0.0,0,0
train,96,11,0.22,20,2,0.0,0.875,0.75,0.7925925925925926,0.4583333333333333,0.8888888888888888,-0.01388888888888884,0.8733919511125801,0.4090909090909091,0.06666666666666667,0.125,0.75,0.0,0.0,0.0,1.0,0,0,0.0,0,0
train,96,12,0.22,20,2,0.0,0.8571428571428571,0.75,0.7703703703703704,0.5,0.875,-0.017857142857142905,0.8668923135246909,0.36363636363636365,0.05925925925925926,0.125,0.5,0.0,1.0,0.0,0.0,0,0,0.0,0,0
train,96,13,0.22,20,2,0.0,0.8333333333333334,0.75,0.7555555555555555,0.38095238095238093,0.8571428571428571,-0.023809523809523725,0.8534687214481479,0.3181818181818182,0.05185185185185185,0.23809523809523808,0.5,0.0,0.0,0.0,1.0,0,0,0.0,0,0
train,96,14,0.22,20,2,0.0,0.8,0.75,0.7407407407407407,0.47619047619047616,0.8333333333333334,-0.033333333333333326,0.8320812328688888,0.2727272727272727,0.044444444444444446,0.23809523809523808,0.5,0.0,0.0,0.0,1.0,0,0,0.0,0,0
train,96,15,0.22,20,2,0.0,0.75,0.75,0.7185185185185186,0.47619047619047616,0.8,-0.050000000000000044,0.7992487397213333,0.22727272727272727,0.037037037037037035,0.23809523809523808,0.75,0.0,0.0,0.0,1.0,0,0,0.0,0,0
train,96,16,0.22,20,2,0.0,0.6666666666666666,0.6666666666666666,0.6962962962962963,0.47619047619047616,0.75,-0.08333333333333337,0.7462159104994666,0.18181818181818182,0.02962962962962963,0.19047619047619047,0.75,0.0,0.0,0.0,1.0,0,0,0.0,0,0
train,96,17,0.22,20,2,0.0,0.75,0.75,0.674074074074074,0.47619047619047616,0.6666666666666666,0.08333333333333337,0.74772954629968,0.13636363636363635,0.037037037037037035,0.19047619047619047,0.5,1.0,0.0,0.0,0.0,0,0,0.0,0,0
train,96,18,0.22,20,2,0.0,0.8,0.75,0.6592592592592592,0.5,0.75,0.050000000000000044,0.768637727779808,0.18181818181818182,0.044444444444444446,0.20833333333333334,0.75,1.0,0.0,0.0,0.0,0,0,0.0,0,0
train,96,19,0.22,20,2,0.0,0.8333333333333334,0.75,0.6370370370370371,0.52,0.8,0.033333333333333326,0.7945159700012181,0.22727272727272727,0.05185185185185185,0.16,0.75,1.0,0.0,0.0,0.0,0,0,0.0,0,0
train,96,20,0.22,20,2,0.0,0.8,0.75,0.6148148148148148,0.56,0.8333333333333334,-0.033333333333333326,0.7967095820007308,0.2727272727272727,0.044444444444444446,0.08,1.0,0.0,0.0,0.0,1.0,0,0,0.0,0,0
train,96,21,0.22,20,2,0.0,0.75,0.75,0.6,0.52,0.8,-0.050000000000000044,0.7780257492004385,0.22727272727272727,0.037037037037037035,0.12,0.75,0.0,0.0,0.0,1.0,0,0,0.0,0,0
train,96,22,0.22,20,2,0.0,0.6666666666666666,0.6666666666666666,0.5777777777777777,0.5,0.75,-0.08333333333333337,0.7334821161869298,0.18181818181818182,0.02962962962962963,0.08333333333333333,1.0,0.0,1.0,0.0,0.0,0,0,0.0,0,0
train,96,23,0.22,20,2,0.0,0.5,0.5,0.562962962962963,0.375,0.6666666666666666,-0.16666666666666663,0.6400892697121578,0.13636363636363635,0.022222222222222223,0.125,0.75,0.0,1.0,0.0,0.0,0,0,0.0,0,0
train,96,24,0.22,20,2,0.0,0.0,0.0,0.5481481481481482,0.30434782608695654,0.5,-0.5,0.3840535618272947,0.09090909090909091,0.014814814814814815,0.13043478260869565,0.75,0.0,1.0,0.0,0.0,0,0,0.0,0,0
train,96,25,0.22,20,2,0.0,0.0,0.0,0.5333333333333333,0.25,0.0,0.0,0.23043213709637683,0.045454545454545456,0.007407407407407408,0.25,0.5,0.0,0.0,0.0,1.0,0,0,0.0,0,0
train,97,0,0.26,20,2,0.0,0.9411764705882353,0.75,0.9629629629629629,0.7058823529411765,0.9411764705882353,0.0,0.9411764705882353,0.8181818181818182,0.13333333333333333,0.17647058823529413,0.25,0.0,1.0,0.0,0.0,0,0,0.0,0,0
train,97,1,0.26,20,2,0.0,0.9375,0.75,0.9407407407407408,0.6,0.9411764705882353,-0.003676470588235281,0.9397058823529412,0.7727272727272727,0.1259259259259259,0.25,0.5,0.0,0.0,0.0,1.0,0,0,0.0,0,0
train,97,2,0.26,20,2,0.0,0.9333333333333333,0.75,0.9259259259259259,0.5652173913043478,0.9375,-0.004166666666666652,0.9371568627450981,0.7272727272727273,0.11851851851851852,0.21739130434782608,0.75,0.0,1.0,0.0,0.0,0,0,0.0,0,0
train,97,3,0.26,20,2,0.0,0.9285714285714286,0.75,0.9111111111111111,0.5833333333333334,0.9333333333333333,-0.004761904761904745,0.9337226890756303,0.6818181818181818,0.1111111111111111,0.125,0.75,0.0,1.0,0.0,0.0,0,0,0.0,0,0
train,97,4,0.26,20,2,0.08333333333333337,0.9333333333333333,0.75,0.8888888888888888,0.5416666666666666,0.9285714285714286,0.004761904761904745,0.9335669467787115,0.6363636363636364,0.11851851851851852,0.16666666666666666,0.5,0.0,0.0,1.0,0.0,0,0,0.0,0,0
train,97,5,0.26,20,2,0.0,0.9285714285714286,0.75,0.8740740740740741,0.38095238095238093,0.9333333333333333,-0.004761904761904745,0.9315687394957983,0.6818181818181818,0.1111111111111111,0.23809523809523808,0.5,0.0,1.0,0.0,0.0,0,0,0.0,0,0
train,97,6,0.26,20,2,0.0,0.9230769230769231,0.75,0.8592592592592593,0.47619047619047616,0.9285714285714286,-0.005494505494505475,0.9281720129282482,0.6363636363636364,0.1037037037037037,0.23809523809523808,0.5,0.0,1.0,0.0,0.0,0,0,0.0,0,0
train,97,7,0.26,20,2,0.2142857142857143,0.9166666666666666,0.75,0.837037037037037,0.45,0.9230769230769231,-0.0064102564102564985,0.9235698744236156,0.5909090909090909,0.0962962962962963,0.25,0.75,0.0,1.0,0.0,0.0,1,2,0.15384615384615385,0,1
train,97,8,0.26,20,2,0.0,0.9090909090909091,0.75,0.8148148148148148,0.35294117647058826,0.9166666666666666,-0.007575757575757569,0.917778288290533,0.5454545454545454,0.08888888888888889,0.29411764705882354,0.5,0.0,0.0,0.0,1.0,0,0,0.0,0,0
train,97,9,0.26,20,2,0.08333333333333337,0.9166666666666666,0.75,0.8,0.4,0.9090909090909091,0.007575757575757569,0.9173336396409865,0.5,0.0962962962962963,0.3,0.5,1.0,0.0,0.0,0.0,0,0,0.0,0,0
train,97,10,0.26,20,2,0.0,0.9090909090909091,0.75,0.7925925925925926,0.2608695652173913,0.9166666666666666,-0.007575757575757569,0.9140365474209555,0.5454545454545454,0.08888888888888889,0.34782608695652173,0.75,0.0,0.0,0.0,1.0,0,0,0.0,0,0
train,97,11,0.26,20,2,0.0,0.9,0.75,0.7777777777777778,0.375,0.9090909090909091,-0.009090909090909038,0.9084219284525734,0.5,0.08148148148148149,0.20833333333333334,0.75,0.0,0.0,0.0,1.0,0,0,0.0,0,0
train,97,12,0.26,20,2,0.1578947368421053,0.8888888888888888,0.75,0.7555555555555555,0.5,0.9,-0.011111111111111183,0.9006087126270996,0.45454545454545453,0.07407407407407407,0.16666666666666666,0.75,0.0,1.0,0.0,0.0,0,0,0.0,0,0
train,97,13,0.26,20,2,0.0,0.875,0.75,0.7407407407407407,0.38095238095238093,0.8888888888888888,-0.01388888888888884,0.8903652275762597,0.4090909090909091,0.06666666666666667,0.19047619047619047,0.5,0.0,0.0,0.0,1.0,0,0,0.0,0,0
train,97,14,0.26,20,2,0.0,0.8571428571428571,0.75,0.725925925925926,0.47619047619047616,0.875,-0.017857142857142905,0.8770762794028987,0.36363636363636365,0.05925925925925926,0.19047619047619047,0.75,0.0,0.0,0.0,1.0,0,0,0.0,0,0
train,97,15,0.26,20,2,0.0,0.8333333333333334,0.75,0.7037037037037037,0.47619047619047616,0.8571428571428571,-0.023809523809523725,0.8595791009750725,0.3181818181818182,0.05185185185185185,0.19047619047619047,0.75,0.0,0.0,0.0,1.0,0,0,0.0,0,0
train,97,16,0.26,20,2,0.0,0.8,0.75,0.6814814814814815,0.47619047619047616,0.8333333333333334,-0.033333333333333326,0.8357474605850436,0.2727272727272727,0.044444444444444446,0.14285714285714285,0.75,0.0,0.0,0.0,1.0,0,0,0.0,0,0
train,97,17,0.26,20,2,0.0,0.75,0.75,0.6592592592592592,0.47619047619047616,0.8,-0.050000000000000044,0.8014484763510261,0.22727272727272727,0.037037037037037035,0.14285714285714285,0.75,0.0,0.0,0.0,1.0,0,0,0.0,0,0
train,97,18,0.26,20,2,0.0,0.6666666666666666,0.6666666666666666,0.6370370370370371,0.47619047619047616,0.75,-0.08333333333333337,0.7475357524772823,0.18181818181818182,0.02962962962962963,0.14285714285714285,0.75,0.0,0.0,0.0,1.0,0,0,0.0,0,0
train,97,19,0.26,20,2,0.0,0.5,0.5,0.6148148148148148,0.47619047619047616,0.6666666666666666,-0.16666666666666663,0.6485214514863694,0.13636363636363635,0.022222222222222223,0.19047619047619047,0.5,0.0,0.0,0.0,1.0,0,0,0.0,0,0
train,97,20,0.26,20,2,0.0,0.0,0.0,0.5925925925925926,0.47619047619047616,0.5,-0.5,0.3891128708918216,0.09090909090909091,0.014814814814814815,0.19047619047619047,0.75,0.0,0.0,0.0,1.0,0,0,0.0,0,0
train,97,21,0.26,20,2,0.0,0.0,0.0,0.5703703703703704,0.45,0.0,0.0,0.23346772253509296,0.045454545454545456,0.007407407407407408,0.2,0.75,0.0,0.0,0.0,1.0,0,0,0.0,0,0
train,98,0,0.3,20,2,0.0,0.9411764705882353,0.75,0.9629629629629629,0.7058823529411765,0.9411764705882353,0.0,0.9411764705882353,0.8181818181818182,0.13333333333333333,0.11764705882352941,0.5,0.0,1.0,0.0,0.0,0,0,0.0,0,0
train,98,1,0.3,20,2,0.0,0.9375,0.75,0.9407407407407408,0.6,0.9411764705882353,-0.003676470588235281,0.9397058823529412,0.7727272727272727,0.1259259259259259,0.2,0.5,0.0,0.0,0.0,1.0,0,0,0.0,0,0
train,98,2,0.3,20,2,0.0,0.9333333333333333,0.75,0.9259259259259259,0.5652173913043478,0.9375,-0.004166666666666652,0.9371568627450981,0.7272727272727273,0.11851851851851852,0.21739130434782608,0.75,0.0,0.0,0.0,1.0,0,0,0.0,0,0
train,98,3,0.3,20,2,0.0,0.9285714285714286,0.75,0.9037037037037037,0.5416666666666666,0.9333333333333333,-0.004761904761904745,0.9337226890756303,0.6818181818181818,0.1111111111111111,0.16666666666666666,0.75,0.0,1.0,0.0,0.0,1,2,0.11764705882352941,0,1
train,98,4,0.3,20,2,0.0,0.9230769230769231,0.75,0.8888888888888888,0.56,0.9285714285714286,-0.005494505494505475,0.9294643826761474,0.6363636363636364,0.1037037037037037,0.16,0.5,0.0,1.0,0.0,0.0,1,2,0.1111111111111111,0,1
train,98,5,0.3,20,2,0.0,0.9166666666666666,0.75,0.8666666666666667,0.52,0.9230769230769231,-0.0064102564102564985,0.9243452962723551,0.5909090909090909,0.0962962962962963,0.2,0.75,0.0,0.0,0.0,1.0,0,0,0.0,0,0
train,98,6,0.3,20,2,0.0,0.9090909090909091,0.75,0.8518518518518519,0.56,0.9166666666666666,-0.007575757575757569,0.9182435413997767,0.5454545454545454,0.08888888888888889,0.16,0.5,0.0,0.0,0.0,1.0,0,0,0.0,0,0
train,98,7,0.3,20,2,0.0,0.9,0.75,0.8296296296296296,0.52,0.9090909090909091,-0.009090909090909038,0.910946124839866,0.5,0.08148148148148149,0.16,0.75,0.0,1.0,0.0,0.0,1,2,0.11764705882352941,0,1
train,98,8,0.3,20,2,0.0,0.8888888888888888,0.75,0.8148148148148148,0.56,0.9,-0.011111111111111183,0.9021232304594751,0.45454545454545453,0.07407407407407407,0.2,0.5,0.0,0.0,0.0,1.0,0,0,0.0,0,0
train,98,9,0.3,20,2,0.0,0.875,0.75,0.8,0.56,0.8888888888888888,-0.01388888888888884,0.8912739382756851,0.4090909090909091,0.06666666666666667,0.2,0.75,0.0,1.0,0.0,0.0,1,2,0.11764705882352941,0,1
train,98,10,0.3,20,2,0.0,0.8571428571428571,0.75,0.7851851851851852,0.5833333333333334,0.875,-0.017857142857142905,0.8776215058225539,0.36363636363636365,0.05925925925925926,0.16666666666666666,0.5,0.0,0.0,0.0,1.0,0,0,0.0,0,0
train,98,11,0.3,20,2,0.0,0.8333333333333334,0.75,0.7703703703703704,0.5833333333333334,0.8571428571428571,-0.023809523809523725,0.8599062368268657,0.3181818181818182,0.05185185185185185,0.16666666666666666,0.5,0.0,0.0,0.0,1.0,0,0,0.0,0,0
train,98,12,0.3,20,2,0.08333333333333337,0.8,0.75,0.7481481481481481,0.5416666666666666,0.8333333333333334,-0.033333333333333326,0.8359437420961194,0.2727272727272727,0.044444444444444446,0.20833333333333334,0.75,0.0,1.0,0.0,0.0,1,2,0.125,0,1
train,98,13,0.3,20,2,0.0,0.75,0.75,0.7333333333333333,0.47619047619047616,0.8,-0.050000000000000044,0.8015662452576717,0.22727272727272727,0.037037037037037035,0.23809523809523808,0.5,0.0,0.0,0.0,1.0,1,2,0.11764705882352941,0,1
train,98,14,0.3,20,2,0.0,0.6666666666666666,0.6666666666666666,0.7185185185185186,0.47619047619047616,0.75,-0.08333333333333337,0.7476064138212697,0.18181818181818182,0.02962962962962963,0.23809523809523808,0.5,0.0,0.0,0.0,1.0,1,2,0.1111111111111111,0,1
train,98,15,0.3,20,2,0.0,0.6,0.0,0.6962962962962963,0.47619047619047616,0.6666666666666666,-0.06666666666666665,0.6885638482927618,0.13636363636363635,0.08148148148148149,0.3333333333333333,0.25,0.0,0.0,1.0,0.0,0,0,0.0,0,0
train,98,16,0.3,20,2,0.0,0.6666666666666666,0.25,0.6962962962962963,0.3333333333333333,0.6,0.06666666666666665,0.6798049756423238,0.18181818181818182,0.07407407407407407,0.38095238095238093,0.5,0.0,0.0,1.0,0.0,0,0,0.0,0,0
train,98,17,0.3,20,2,0.0,0.75,0.5,0.6962962962962963,0.23809523809523808,0.6666666666666666,0.08333333333333337,0.7078829853853943,0.22727272727272727,0.06666666666666667,0.42857142857142855,0.5,1.0,0.0,0.0,0.0,0,0,0.0,0,0
train,98,18,0.3,20,2,0.0,0.8571428571428571,0.75,0.6962962962962963,0.3333333333333333,0.75,0.1071428571428571,0.7675869340883794,0.2727272727272727,0.05925925925925926,0.3333333333333333,0.75,1.0,0.0,0.0,0.0,0,0,0.0,0,0
train,98,19,0.3,20,2,0.0,0.8333333333333334,0.75,0.6814814814814815,0.36,0.8571428571428571,-0.023809523809523725,0.793885493786361,0.3181818181818182,0.05185185185185185,0.2,0.75,0.0,0.0,0.0,1.0,1,2,0.13333333333333333,0,1
train,98,20,0.3,20,2,0.0,0.8,0.75,0.6666666666666666,0.4,0.8333333333333334,-0.033333333333333326,0.7963312962718166,0.2727272727272727,0.044444444444444446,0.16,0.75,0.0,0.0,0.0,1.0,1,2,0.125,0,1
train,98,21,0.3,20,2,0.0,0.8333333333333334,0.75,0.6518518518518519,0.4,0.8,0.033333333333333326,0.8111321110964234,0.22727272727272727,0.05185185185185185,0.24,0.5,1.0,0.0,0.0,0.0,0,0,0.0,0,1
train,98,22,0.3,20,2,0.0,0.8,0.75,0.6370370370370371,0.52,0.8333333333333334,-0.033333333333333326,0.806679266657854,0.2727272727272727,0.044444444444444446,0.12,1.0,0.0,0.0,0.0,1.0,1,2,0.125,0,1
train,98,23,0.3,20,2,0.0,0.8,0.5,0.6222222222222222,0.52,0.8,0.0,0.8040075599947125,0.22727272727272727,0.08148148148148149,0.2,0.25,0.0,0.0,1.0,0.0,0,0,0.0,0,0
train,98,24,0.3,20,2,0.04761904761904767,0.8888888888888888,0.75,0.6222222222222222,0.44,0.8,0.0888888888888888,0.837960091552383,0.2727272727272727,0.07407407407407407,0.2,1.0,1.0,0.0,0.0,0.0,1,2,0.125,0,1
train,98,25,0.3,20,2,0.0,0.8125,0.25,0.6074074074074074,0.48,0.8888888888888888,-0.07638888888888884,0.8277760549314299,0.3181818181818182,0.1259259259259259,0.24,0.25,0.0,1.0,0.0,0.0,0,0,0.0,0,0
train,98,26,0.3,20,2,0.0,0.8666666666666667,0.5,0.6074074074074074,0.36,0.8125,0.054166666666666696,0.8433322996255246,0.2727272727272727,0.11851851851851852,0.28,1.0,0.0,0.0,1.0,0.0,0,0,0.0,0,0
train,98,27,0.3,20,2,0.0,0.9285714285714286,0.75,0.6074074074074074,0.24,0.8666666666666667,0.06190476190476191,0.8774279512038862,0.3181818181818182,0.1111111111111111,0.32,0.75,0.0,0.0,1.0,0.0,0,0,0.0,0,0
train,98,28,0.3,20,2,0.09999999999999998,0.9230769230769231,0.75,0.5925925925925926,0.24,0.9285714285714286,-0.005494505494505475,0.8956875399531009,0.36363636363636365,0.1037037037037037,0.12,1.0,1.0,0.0,0.0,0.0,0,0,0.0,0,0
train,98,29,0.3,20,2,0.0,0.9166666666666666,0.75,0.5777777777777777,0.32,0.9230769230769231,-0.0064102564102564985,0.9040791906385273,0.4090909090909091,0.0962962962962963,0.24,0.5,1.0,0.0,0.0,0.0,0,0,0.0,0,0
train,98,30,0.3,20,2,0.0625,0.9090909090909091,0.75,0.5555555555555556,0.4583333333333333,0.9166666666666666,-0.007575757575757569,0.90608387801948,0.45454545454545453,0.08888888888888889,0.125,1.0,0.0,0.0,0.0,1.0,0,0,0.0,0,0
train,98,31,0.3,20,2,0.0,0.9,0.75,0.5481481481481482,0.375,0.9090909090909091,-0.009090909090909038,0.903650326811688,0.4090909090909091,0.08148148148148149,0.16666666666666666,0.5,1.0,0.0,0.0,0.0,0,0,0.0,0,0
train,98,32,0.3,20,2,0.0,0.8888888888888888,0.75,0.5333333333333333,0.42857142857142855,0.9,-0.011111111111111183,0.8977457516425684,0.45454545454545453,0.07407407407407407,0.14285714285714285,0.75,0.0,0.0,0.0,1.0,0,0,0.0,0,0
train,98,33,0.3,20,2,0.0,0.875,0.75,0.5185185185185185,0.38095238095238093,0.8888888888888888,-0.01388888888888884,0.8886474509855411,0.4090909090909091,0.06666666666666667,0.23809523809523808,0.5,0.0,0.0,0.0,1.0,0,0,0.0,0,0
train,98,34,0.3,20,2,0.08333333333333337,0.8571428571428571,0.75,0.4962962962962963,0.3333333333333333,0.875,-0.017857142857142905,0.8760456134484675,0.36363636363636365,0.05925925925925926,0.23809523809523808,0.75,0.0,1.0,0.0,0.0,0,0,0.0,0,0
train,98,35,0.3,20,2,0.0,0.8333333333333334,0.75,0.4888888888888889,0.25,0.8571428571428571,-0.023809523809523725,0.8589607014024139,0.3181818181818182,0.05185185185185185,0.2916666666666667,0.5,0.0,0.0,0.0,1.0,0,0,0.0,0,0
train,98,36,0.3,20,2,0.07692307692307687,0.8,0.75,0.4740740740740741,0.391304347826087,0.8333333333333334,-0.033333333333333326,0.8353764208414484,0.2727272727272727,0.044444444444444446,0.17391304347826086,1.0,0.0,1.0,0.0,0.0,0,0,0.0,0,0
train,98,37,0.3,20,2,0.0,0.75,0.75,0.4666666666666667,0.375,0.8,-0.050000000000000044,0.801225852504869,0.22727272727272727,0.037037037037037035,0.20833333333333334,0.5,0.0,0.0,0.0,1.0,0,0,0.0,0,0
train,98,38,0.3,20,2,0.0,0.6666666666666666,0.6666666666666666,0.45185185185185184,0.42857142857142855,0.75,-0.08333333333333337,0.7474021781695881,0.18181818181818182,0.02962962962962963,0.14285714285714285,0.75,0.0,1.0,0.0,0.0,0,0,0.0,0,0
train,98,39,0.3,20,2,0.0,0.5,0.5,0.43703703703703706,0.38095238095238093,0.6666666666666666,-0.16666666666666663,0.6484413069017528,0.13636363636363635,0.022222222222222223,0.23809523809523808,0.5,0.0,1.0,0.0,0.0,0,0,0.0,0,0
train,98,40,0.3,20,2,0.0,0.0,0.0,0.4148148148148148,0.3333333333333333,0.5,-0.5,0.38906478414105167,0.09090909090909091,0.014814814814814815,0.23809523809523808,0.75,0.0,1.0,0.0,0.0,0,0,0.0,0,0
train,98,41,0.3,20,2,0.0,0.0,0.0,0.3925925925925926,0.3,0.0,0.0,0.233438870484631,0.045454545454545456,0.007407407407407408,0.35,0.75,0.0,1.0,0.0,0.0,0,0,0.0,0,0
train,99,0,0.34,20,2,0.0,0.9411764705882353,0.75,0.9629629629629629,0.7058823529411765,0.9411764705882353,0.0,0.9411764705882353,0.8181818181818182,0.13333333333333333,0.11764705882352941,0.5,0.0,1.0,0.0,0.0,1,2,0.1,0,1
train,99,1,0.34,20,2,0.0,0.8888888888888888,0.5,0.9407407407407408,0.6,0.9411764705882353,-0.05228758169934644,0.9202614379084968,0.7727272727272727,0.14074074074074075,0.25,0.25,1.0,0.0,0.0,0.0,0,0,0.0,0,0
train,99,2,0.34,20,2,0.0,0.9411764705882353,0.75,0.9407407407407408,0.5294117647058824,0.8888888888888888,0.05228758169934644,0.9286274509803921,0.8181818181818182,0.13333333333333333,0.29411764705882354,0.5,0.0,0.0,0.0,1.0,0,0,0.0,0,0
train,99,3,0.34,20,2,0.0,0.9375,0.75,0.9259259259259259,0.5,0.9411764705882353,-0.003676470588235281,0.9321764705882353,0.7727272727272727,0.1259259259259259,0.3,0.5,0.0,0.0,0.0,1.0,0,0,0.0,0,0
train,99,4,0.34,20,2,0.0,0.9333333333333333,0.75,0.9037037037037037,0.47619047619047616,0.9375,-0.004166666666666652,0.9326392156862744,0.7272727272727273,0.11851851851851852,0.23809523809523808,0.75,0.0,1.0,0.0,0.0,0,0,0.0,0,0
train,99,5,0.34,20,2,0.0,0.9285714285714286,0.75,0.8888888888888888,0.4583333333333333,0.9333333333333333,-0.004761904761904745,0.931012100840336,0.6818181818181818,0.1111111111111111,0.25,0.5,0.0,0.0,0.0,1.0,0,0,0.0,0,0
train,99,6,0.34,20,2,0.0,0.9230769230769231,0.75,0.8740740740740741,0.5416666666666666,0.9285714285714286,-0.005494505494505475,0.9278380297349709,0.6363636363636364,0.1037037037037037,0.125,1.0,0.0,1.0,0.0,0.0,0,0,0.0,0,0
train,99,7,0.34,20,2,0.0,0.9166666666666666,0.75,0.8592592592592593,0.56,0.9230769230769231,-0.0064102564102564985,0.9233694845076492,0.5909090909090909,0.0962962962962963,0.16,0.5,0.0,1.0,0.0,0.0,0,0,0.0,0,0
train,99,8,0.34,20,2,0.0,0.9090909090909091,0.75,0.837037037037037,0.56,0.9166666666666666,-0.007575757575757569,0.9176580543409532,0.5454545454545454,0.08888888888888889,0.16,0.5,0.0,0.0,0.0,1.0,0,0,0.0,0,0
train,99,9,0.34,20,2,0.0,0.9,0.75,0.8222222222222222,0.56,0.9090909090909091,-0.009090909090909038,0.9105948326045719,0.5,0.08148148148148149,0.16,0.75,0.0,1.0,0.0,0.0,1,2,0.15384615384615385,0,1
train,99,10,0.34,20,2,0.0,0.8181818181818182,0.5,0.8074074074074075,0.56,0.9,-0.08181818181818179,0.8736296268354704,0.45454545454545453,0.08888888888888889,0.2,0.25,1.0,0.0,0.0,0.0,0,0,0.0,0,0
train,99,11,0.34,20,2,0.0,0.9,0.75,0.8074074074074075,0.48,0.8181818181818182,0.08181818181818179,0.8841777761012823,0.5,0.08148148148148149,0.24,0.75,0.0,0.0,0.0,1.0,0,0,0.0,0,0
train,99,12,0.34,20,2,0.0,0.8888888888888888,0.75,0.7925925925925926,0.48,0.9,-0.011111111111111183,0.8860622212163249,0.45454545454545453,0.07407407407407407,0.2,0.75,0.0,0.0,0.0,1.0,0,0,0.0,0,0
train,99,13,0.34,20,2,0.0,0.875,0.75,0.7703703703703704,0.56,0.8888888888888888,-0.01388888888888884,0.881637332729795,0.4090909090909091,0.06666666666666667,0.12,0.75,0.0,0.0,0.0,1.0,0,0,0.0,0,0
train,99,14,0.34,20,2,0.0,0.8571428571428571,0.75,0.7481481481481481,0.56,0.875,-0.017857142857142905,0.8718395424950198,0.36363636363636365,0.05925925925925926,0.12,0.75,0.0,1.0,0.0,0.0,0,0,0.0,0,0
train,99,15,0.34,20,2,0.0,0.8333333333333334,0.75,0.7333333333333333,0.52,0.8571428571428571,-0.023809523809523725,0.8564370588303453,0.3181818181818182,0.05185185185185185,0.16,0.5,0.0,0.0,0.0,1.0,0,0,0.0,0,0
train,99,16,0.34,20,2,0.0,0.8,0.75,0.7185185185185186,0.56,0.8333333333333334,-0.033333333333333326,0.8338622352982072,0.2727272727272727,0.044444444444444446,0.2,0.5,0.0,1.0,0.0,0.0,0,0,0.0,0,0
train,99,17,0.34,20,2,0.0,0.75,0.75,0.7037037037037037,0.5833333333333334,0.8,-0.050000000000000044,0.8003173411789244,0.22727272727272727,0.037037037037037035,0.20833333333333334,0.5,0.0,0.0,0.0,1.0,0,0,0.0,0,0
train,99,18,0.34,20,2,0.08333333333333337,0.6666666666666666,0.6666666666666666,0.6888888888888889,0.5833333333333334,0.75,-0.08333333333333337,0.7468570713740212,0.18181818181818182,0.02962962962962963,0.16666666666666666,0.75,0.0,1.0,0.0,0.0,1,2,0.3333333333333333,0,1
train,99,19,0.34,20,2,0.0,0.5,0.5,0.674074074074074,0.5238095238095238,0.6666666666666666,-0.16666666666666663,0.6481142428244128,0.13636363636363635,0.022222222222222223,0.19047619047619047,0.5,0.0,0.0,0.0,1.0,0,0,0.0,0,0
train,99,20,0.34,20,2,0.0,0.6666666666666666,0.6666666666666666,0.6592592592592592,0.5238095238095238,0.5,0.16666666666666663,0.6555352123613143,0.09090909090909091,0.02962962962962963,0.23809523809523808,0.5,1.0,0.0,0.0,0.0,0,0,0.0,0,0
train,99,21,0.34,20,2,0.0,0.75,0.75,0.6444444444444445,0.4166666666666667,0.6666666666666666,0.08333333333333337,0.6933211274167885,0.13636363636363635,0.037037037037037035,0.2916666666666667,0.75,1.0,0.0,0.0,0.0,0,0,0.0,0,0
train,99,22,0.34,20,2,0.0,0.6666666666666666,0.6666666666666666,0.6296296296296297,0.4,0.75,-0.08333333333333337,0.6826593431167398,0.18181818181818182,0.02962962962962963,0.2,0.75,0.0,0.0,0.0,1.0,0,0,0.0,0,0
train,99,23,0.34,20,2,0.0,0.5,0.5,0.6148148148148148,0.5,0.6666666666666666,-0.16666666666666663,0.6095956058700439,0.13636363636363635,0.022222222222222223,0.16666666666666666,0.5,0.0,0.0,0.0,1.0,0,0,0.0,0,0
train,99,24,0.34,20,2,0.0,0.0,0.0,0.5925925925925926,0.42857142857142855,0.5,-0.5,0.3657573635220263,0.09090909090909091,0.014814814814814815,0.23809523809523808,0.75,0.0,1.0,0.0,0.0,0,0,0.0,0,0
train,99,25,0.34,20,2,0.0,0.0,0.0,0.5777777777777777,0.3,0.0,0.0,0.21945441811321578,0.045454545454545456,0.007407407407407408,0.25,0.5,0.0,1.0,0.0,0.0,0,0,0.0,0,0
train,100,0,0.18,20,2,0.0,0.9411764705882353,0.75,0.9629629629629629,0.7058823529411765,0.9411764705882353,0.0,0.9411764705882353,0.8181818181818182,0.13333333333333333,0.11764705882352941,0.5,0.0,1.0,0.0,0.0,0,0,0.0,0,0
train,100,1,0.18,20,2,0.0,0.9375,0.75,0.9407407407407408,0.6,0.9411764705882353,-0.003676470588235281,0.9397058823529412,0.7727272727272727,0.1259259259259259,0.2,0.5,0.0,1.0,0.0,0.0,0,0,0.0,0,0
train,100,2,0.18,20,2,0.0,0.9333333333333333,0.75,0.9185185185185185,0.47619047619047616,0.9375,-0.004166666666666652,0.9371568627450981,0.7272727272727273,0.11851851851851852,0.2857142857142857,0.5,0.0,1.0,0.0,0.0,0,0,0.0,0,0
train,100,3,0.18,20,2,0.0,0.9285714285714286,0.75,0.8962962962962963,0.47619047619047616,0.9333333333333333,-0.004761904761904745,0.9337226890756303,0.6818181818181818,0.1111111111111111,0.23809523809523808,0.75,0.0,1.0,0.0,0.0,0,0,0.0,0,0
train,100,4,0.18,20,2,0.0,0.9230769230769231,0.75,0.8740740740740741,0.47619047619047616,0.9285714285714286,-0.005494505494505475,0.9294643826761474,0.6363636363636364,0.1037037037037037,0.23809523809523808,0.5,0.0,1.0,0.0,0.0,0,0,0.0,0,0
train,100,5,0.18,20,2,0.2142857142857143,0.9166666666666666,0.75,0.8518518518518519,0.45,0.9230769230769231,-0.0064102564102564985,0.9243452962723551,0.5909090909090909,0.0962962962962963,0.2,0.75,0.0,1.0,0.0,0.0,1,2,0.13333333333333333,0,1
train,100,6,0.18,20,2,0.0,0.9090909090909091,0.75,0.8296296296296296,0.35294117647058826,0.9166666666666666,-0.007575757575757569,0.9182435413997767,0.5454545454545454,0.08888888888888889,0.29411764705882354,0.5,0.0,0.0,0.0,1.0,0,0,0.0,0,0
train,100,7,0.18,20,2,0.0,0.9,0.75,0.8148148148148148,0.4,0.9090909090909091,-0.009090909090909038,0.910946124839866,0.5,0.08148148148148149,0.25,0.75,0.0,0.0,0.0,1.0,0,0,0.0,0,0
train,100,8,0.18,20,2,0.0,0.8888888888888888,0.75,0.7925925925925926,0.42857142857142855,0.9,-0.011111111111111183,0.9021232304594751,0.45454545454545453,0.07407407407407407,0.23809523809523808,0.75,0.0,0.0,0.0,1.0,0,0,0.0,0,0
train,100,9,0.18,20,2,0.0,0.875,0.75,0.7703703703703704,0.47619047619047616,0.8888888888888888,-0.01388888888888884,0.8912739382756851,0.4090909090909091,0.06666666666666667,0.19047619047619047,0.5,0.0,0.0,0.0,1.0,0,0,0.0,0,0
train,100,10,0.18,20,2,0.0,0.8571428571428571,0.75,0.7481481481481481,0.47619047619047616,0.875,-0.017857142857142905,0.8776215058225539,0.36363636363636365,0.05925925925925926,0.19047619047619047,0.75,0.0,0.0,0.0,1.0,0,0,0.0,0,0
train,100,11,0.18,20,2,0.0,0.875,0.75,0.725925925925926,0.47619047619047616,0.8571428571428571,0.017857142857142905,0.8765729034935323,0.3181818181818182,0.06666666666666667,0.23809523809523808,0.5,1.0,0.0,0.0,0.0,0,0,0.0,0,0
train,100,12,0.18,20,2,0.0,0.8571428571428571,0.75,0.7111111111111111,0.5,0.875,-0.017857142857142905,0.8688008849532622,0.36363636363636365,0.05925925925925926,0.16666666666666666,1.0,0.0,0.0,0.0,1.0,0,0,0.0,0,0
train,100,13,0.18,20,2,0.0,0.875,0.75,0.6962962962962963,0.5416666666666666,0.8571428571428571,0.017857142857142905,0.8712805309719573,0.3181818181818182,0.06666666666666667,0.16666666666666666,0.5,1.0,0.0,0.0,0.0,0,0,0.0,0,0
train,100,14,0.18,20,2,0.0,0.8571428571428571,0.75,0.6814814814814815,0.6,0.875,-0.017857142857142905,0.8656254614403173,0.36363636363636365,0.05925925925925926,0.08,1.0,0.0,0.0,0.0,1.0,0,0,0.0,0,0
train,100,15,0.18,20,2,0.0,0.8333333333333334,0.75,0.6666666666666666,0.6,0.8571428571428571,-0.023809523809523725,0.8527086101975238,0.3181818181818182,0.05185185185185185,0.12,0.5,0.0,0.0,0.0,1.0,0,0,0.0,0,0
train,100,16,0.18,20,2,0.0,0.8,0.75,0.6444444444444445,0.56,0.8333333333333334,-0.033333333333333326,0.8316251661185143,0.2727272727272727,0.044444444444444446,0.08,1.0,0.0,1.0,0.0,0.0,0,0,0.0,0,0
train,100,17,0.18,20,2,0.15000000000000002,0.75,0.75,0.6296296296296297,0.4583333333333333,0.8,-0.050000000000000044,0.7989750996711087,0.22727272727272727,0.037037037037037035,0.125,0.75,0.0,1.0,0.0,0.0,0,0,0.0,0,0
train,100,18,0.18,20,2,0.0,0.6666666666666666,0.6666666666666666,0.6074074074074074,0.3333333333333333,0.75,-0.08333333333333337,0.7460517264693318,0.18181818181818182,0.02962962962962963,0.19047619047619047,0.5,0.0,0.0,0.0,1.0,0,0,0.0,0,0
train,100,19,0.18,20,2,0.0,0.5,0.5,0.5925925925925926,0.42857142857142855,0.6666666666666666,-0.16666666666666663,0.6476310358815991,0.13636363636363635,0.022222222222222223,0.23809523809523808,0.75,0.0,0.0,0.0,1.0,0,0,0.0,0,0
train,100,20,0.18,20,2,0.0,0.0,0.0,0.5703703703703704,0.42857142857142855,0.5,-0.5,0.38857862152895944,0.09090909090909091,0.014814814814814815,0.23809523809523808,0.5,0.0,0.0,0.0,1.0,0,0,0.0,0,0
train,100,21,0.18,20,2,0.0,0.0,0.0,0.5481481481481482,0.45,0.0,0.0,0.23314717291737566,0.045454545454545456,0.007407407407407408,0.2,0.75,0.0,0.0,0.0,1.0,0,0,0.0,0,0
train,101,0,0.22,20,2,0.0,0.9411764705882353,0.75,0.9629629629629629,0.7058823529411765,0.9411764705882353,0.0,0.9411764705882353,0.8181818181818182,0.13333333333333333,0.11764705882352941,0.5,0.0,1.0,0.0,0.0,0,0,0.0,0,0
train,101,1,0.22,20,2,0.0,0.9375,0.75,0.9407407407407408,0.6,0.9411764705882353,-0.003676470588235281,0.9397058823529412,0.7727272727272727,0.1259259259259259,0.15,0.75,0.0,1.0,0.0,0.0,1,2,0.10526315789473684,0,1
train,101,2,0.22,20,2,0.0,0.9333333333333333,0.75,0.9185185185185185,0.47619047619047616,0.9375,-0.004166666666666652,0.9371568627450981,0.7272727272727273,0.11851851851851852,0.23809523809523808,0.5,0.0,1.0,0.0,0.0,1,2,0.1,0,1
train,101,3,0.22,20,2,0.0,0.9285714285714286,0.75,0.8962962962962963,0.47619047619047616,0.9333333333333333,-0.004761904761904745,0.9337226890756303,0.6818181818181818,0.1111111111111111,0.19047619047619047,0.75,0.0,1.0,0.0,0.0,1,2,0.09523809523809523,0,1
train,101,4,0.22,20,2,0.0,0.9230769230769231,0.75,0.8740740740740741,0.47619047619047616,0.9285714285714286,-0.005494505494505475,0.9294643826761474,0.6363636363636364,0.1037037037037037,0.19047619047619047,0.75,0.0,1.0,0.0,0.0,0,0,0.0,0,0
train,101,5,0.22,20,2,0.2142857142857143,0.9166666666666666,0.75,0.8518518518518519,0.45,0.9230769230769231,-0.0064102564102564985,0.9243452962723551,0.5909090909090909,0.0962962962962963,0.15,0.75,0.0,1.0,0.0,0.0,1,2,0.09523809523809523,0,1
train,101,6,0.22,20,2,0.0,0.9090909090909091,0.75,0.8296296296296296,0.35294117647058826,0.9166666666666666,-0.007575757575757569,0.9182435413997767,0.5454545454545454,0.08888888888888889,0.23529411764705882,0.5,0.0,0.0,0.0,1.0,0,0,0.0,0,0
train,101,7,0.22,20,2,0.0,0.9,0.75,0.8148148148148148,0.4,0.9090909090909091,-0.009090909090909038,0.910946124839866,0.5,0.08148148148148149,0.2,0.75,0.0,0.0,0.0,1.0,0,0,0.0,0,0
train,101,8,0.22,20,2,0.0,0.8888888888888888,0.75,0.7925925925925926,0.42857142857142855,0.9,-0.011111111111111183,0.9021232304594751,0.45454545454545453,0.07407407407407407,0.19047619047619047,0.75,0.0,0.0,0.0,1.0,0,0,0.0,0,0
train,101,9,0.22,20,2,0.0,0.875,0.75,0.7703703703703704,0.47619047619047616,0.8888888888888888,-0.01388888888888884,0.8912739382756851,0.4090909090909091,0.06666666666666667,0.14285714285714285,0.75,0.0,0.0,0.0,1.0,0,0,0.0,0,0
train,101,10,0.22,20,2,0.0,0.8571428571428571,0.75,0.7481481481481481,0.47619047619047616,0.875,-0.017857142857142905,0.8776215058225539,0.36363636363636365,0.05925925925925926,0.14285714285714285,0.75,0.0,0.0,0.0,1.0,1,2,0.1111111111111111,0,1
train,101,11,0.22,20,2,0.0,0.875,0.75,0.725925925925926,0.47619047619047616,0.8571428571428571,0.017857142857142905,0.8765729034935323,0.3181818181818182,0.06666666666666667,0.19047619047619047,0.5,1.0,0.0,0.0,0.0,0,0,0.0,0,1
train,101,12,0.22,20,2,0.0,0.9230769230769231,0.75,0.7111111111111111,0.5,0.875,0.04807692307692313,0.8951745113268886,0.36363636363636365,0.1037037037037037,0.20833333333333334,0.5,0.0,0.0,1.0,0.0,0,0,0.0,0,0
train,101,13,0.22,20,2,0.05882352941176472,0.9166666666666666,0.75,0.7037037037037037,0.3333333333333333,0.9230769230769231,-0.0064102564102564985,0.9037713734627999,0.4090909090909091,0.0962962962962963,0.25,1.0,1.0,0.0,0.0,0.0,0,0,0.0,0,0
train,101,14,0.22,20,2,0.0,0.9090909090909091,0.75,0.6888888888888889,0.44,0.9166666666666666,-0.007575757575757569,0.9058991877140435,0.45454545454545453,0.08888888888888889,0.16,0.5,1.0,0.0,0.0,0.0,0,0,0.0,0,0
train,101,15,0.22,20,2,0.0,0.9166666666666666,0.75,0.6666666666666666,0.52,0.9090909090909091,0.007575757575757569,0.9102061792950928,0.5,0.0962962962962963,0.16,0.5,1.0,0.0,0.0,0.0,0,0,0.0,0,0
train,101,16,0.22,20,2,0.0,0.9090909090909091,0.75,0.6444444444444445,0.52,0.9166666666666666,-0.007575757575757569,0.9097600712134193,0.5454545454545454,0.08888888888888889,0.2,1.0,0.0,0.0,0.0,1.0,0,0,0.0,0,0
train,101,17,0.22,20,2,0.0,0.9,0.75,0.6296296296296297,0.52,0.9090909090909091,-0.009090909090909038,0.9058560427280515,0.5,0.08148148148148149,0.12,0.75,0.0,0.0,0.0,1.0,0,0,0.0,0,0
train,101,18,0.22,20,2,0.0,0.8888888888888888,0.75,0.6074074074074074,0.48,0.9,-0.011111111111111183,0.8990691811923865,0.45454545454545453,0.07407407407407407,0.2,0.5,0.0,1.0,0.0,0.0,0,0,0.0,0,0
train,101,19,0.22,20,2,0.052631578947368474,0.875,0.75,0.5925925925925926,0.32,0.8888888888888888,-0.01388888888888884,0.8894415087154319,0.4090909090909091,0.06666666666666667,0.32,0.5,0.0,1.0,0.0,0.0,0,0,0.0,0,0
train,101,20,0.22,20,2,0.0,0.8571428571428571,0.75,0.5851851851851851,0.28,0.875,-0.017857142857142905,0.876522048086402,0.36363636363636365,0.05925925925925926,0.32,0.5,0.0,0.0,0.0,1.0,0,0,0.0,0,0
train,101,21,0.22,20,2,0.0,0.8333333333333334,0.75,0.5703703703703704,0.44,0.8571428571428571,-0.023809523809523725,0.8592465621851746,0.3181818181818182,0.05185185185185185,0.28,0.5,0.0,1.0,0.0,0.0,0,0,0.0,0,0
train,101,22,0.22,20,2,0.0,0.8,0.75,0.5555555555555556,0.375,0.8333333333333334,-0.033333333333333326,0.8355479373111048,0.2727272727272727,0.044444444444444446,0.2916666666666667,0.5,0.0,1.0,0.0,0.0,0,0,0.0,0,0
train,101,23,0.22,20,2,0.0,0.75,0.75,0.5407407407407407,0.2857142857142857,0.8,-0.050000000000000044,0.8013287623866628,0.22727272727272727,0.037037037037037035,0.3333333333333333,0.5,0.0,0.0,0.0,1.0,0,0,0.0,0,0
train,101,24,0.22,20,2,0.0,0.6666666666666666,0.6666666666666666,0.5259259259259259,0.42857142857142855,0.75,-0.08333333333333337,0.7474639240986644,0.18181818181818182,0.02962962962962963,0.2857142857142857,0.5,0.0,0.0,0.0,1.0,0,0,0.0,0,0
train,101,25,0.22,20,2,0.0,0.5,0.5,0.5037037037037037,0.42857142857142855,0.6666666666666666,-0.16666666666666663,0.6484783544591985,0.13636363636363635,0.022222222222222223,0.2857142857142857,0.75,0.0,0.0,0.0,1.0,0,0,0.0,0,0
train,101,26,0.22,20,2,0.0,0.6666666666666666,0.6666666666666666,0.48148148148148145,0.47619047619047616,0.5,0.16666666666666663,0.6557536793421858,0.09090909090909091,0.02962962962962963,0.23809523809523808,0.5,1.0,0.0,0.0,0.0,0,0,0.0,0,0
train,101,27,0.22,20,2,0.0,0.5,0.5,0.4666666666666667,0.4583333333333333,0.6666666666666666,-0.16666666666666663,0.5934522076053115,0.13636363636363635,0.022222222222222223,0.20833333333333334,1.0,0.0,0.0,0.0,1.0,0,0,0.0,0,0
train,101,28,0.22,20,2,0.0,0.0,0.0,0.45185185185185184,0.5217391304347826,0.5,-0.5,0.35607132456318685,0.09090909090909091,0.014814814814814815,0.17391304347826086,0.5,0.0,0.0,0.0,1.0,0,0,0.0,0,0
train,101,29,0.22,20,2,0.0,0.0,0.0,0.42962962962962964,0.45,0.0,0.0,0.21364279473791212,0.045454545454545456,0.007407407407407408,0.15,0.75,0.0,1.0,0.0,0.0,0,0,0.0,0,0
train,102,0,0.26,20,2,0.0,0.9411764705882353,0.75,0.9629629629629629,0.7058823529411765,0.9411764705882353,0.0,0.9411764705882353,0.8181818181818182,0.13333333333333333,0.11764705882352941,0.5,0.0,1.0,0.0,0.0,0,0,0.0,0,0
train,102,1,0.26,20,2,0.0,0.9375,0.75,0.9407407407407408,0.6,0.9411764705882353,-0.003676470588235281,0.9397058823529412,0.7727272727272727,0.1259259259259259,0.15,0.75,0.0,1.0,0.0,0.0,0,0,0.0,0,0
train,102,2,0.26,20,2,0.0,0.9333333333333333,0.75,0.9185185185185185,0.47619047619047616,0.9375,-0.004166666666666652,0.9371568627450981,0.7272727272727273,0.11851851851851852,0.19047619047619047,0.75,0.0,1.0,0.0,0.0,0,0,0.0,0,0
train,102,3,0.26,20,2,0.0,0.9285714285714286,0.75,0.8962962962962963,0.47619047619047616,0.9333333333333333,-0.004761904761904745,0.9337226890756303,0.6818181818181818,0.1111111111111111,0.14285714285714285,0.75,0.0,1.0,0.0,0.0,1,2,0.11764705882352941,0,1
train,102,4,0.26,20,2,0.0,0.9230769230769231,0.75,0.8740740740740741,0.47619047619047616,0.9285714285714286,-0.005494505494505475,0.9294643826761474,0.6363636363636364,0.1037037037037037,0.19047619047619047,0.5,0.0,1.0,0.0,0.0,1,2,0.1111111111111111,0,1
train,102,5,0.26,20,2,0.2142857142857143,0.9166666666666666,0.75,0.8518518518518519,0.45,0.9230769230769231,-0.0064102564102564985,0.9243452962723551,0.5909090909090909,0.0962962962962963,0.2,0.75,0.0,1.0,0.0,0.0,1,2,0.10526315789473684,0,1
train,102,6,0.26,20,2,0.0,0.9090909090909091,0.75,0.8296296296296296,0.35294117647058826,0.9166666666666666,-0.007575757575757569,0.9182435413997767,0.5454545454545454,0.08888888888888889,0.29411764705882354,0.5,0.0,0.0,0.0,1.0,0,0,0.0,0,0
train,102,7,0.26,20,2,0.07692307692307687,0.9166666666666666,0.75,0.8148148148148148,0.4,0.9090909090909091,0.007575757575757569,0.9176127915065327,0.5,0.0962962962962963,0.3,0.5,1.0,0.0,0.0,0.0,0,0,0.0,0,0
train,102,8,0.26,20,2,0.0,0.9090909090909091,0.75,0.8074074074074075,0.30434782608695654,0.9166666666666666,-0.007575757575757569,0.9142040385402833,0.5454545454545454,0.08888888888888889,0.30434782608695654,0.75,0.0,0.0,0.0,1.0,0,0,0.0,0,0
train,102,9,0.26,20,2,0.0,0.9,0.75,0.7925925925925926,0.4583333333333333,0.9090909090909091,-0.009090909090909038,0.90852242312417,0.5,0.08148148148148149,0.16666666666666666,0.75,0.0,0.0,0.0,1.0,0,0,0.0,0,0
train,102,10,0.26,20,2,0.1428571428571429,0.8888888888888888,0.75,0.7703703703703704,0.5416666666666666,0.9,-0.011111111111111183,0.9006690094300576,0.45454545454545453,0.07407407407407407,0.08333333333333333,1.0,0.0,1.0,0.0,0.0,1,2,0.125,0,1
train,102,11,0.26,20,2,0.0,0.875,0.75,0.7555555555555555,0.38095238095238093,0.8888888888888888,-0.01388888888888884,0.8904014056580345,0.4090909090909091,0.06666666666666667,0.14285714285714285,0.5,0.0,0.0,0.0,1.0,1,2,0.11764705882352941,0,1
train,102,12,0.26,20,2,0.0,0.8888888888888888,0.75,0.7407407407407407,0.47619047619047616,0.875,0.01388888888888884,0.8897963989503763,0.36363636363636365,0.07407407407407407,0.19047619047619047,0.5,1.0,0.0,0.0,0.0,0,0,0.0,0,1
train,102,13,0.26,20,2,0.0,0.875,0.75,0.725925925925926,0.4166666666666667,0.8888888888888888,-0.01388888888888884,0.8838778393702258,0.4090909090909091,0.06666666666666667,0.20833333333333334,0.75,0.0,0.0,0.0,1.0,1,2,0.11764705882352941,0,1
train,102,14,0.26,20,2,0.0,0.8,0.25,0.7111111111111111,0.5,0.875,-0.07499999999999996,0.8503267036221355,0.36363636363636365,0.11851851851851852,0.20833333333333334,0.25,0.0,0.0,1.0,0.0,0,0,0.0,0,0
train,102,15,0.26,20,2,0.0,0.8571428571428571,0.5,0.7111111111111111,0.3333333333333333,0.8,0.05714285714285705,0.8530531650304242,0.4090909090909091,0.1111111111111111,0.2916666666666667,0.75,0.0,0.0,1.0,0.0,0,0,0.0,0,0
train,102,16,0.26,20,2,0.07692307692307687,0.9230769230769231,0.75,0.7111111111111111,0.20833333333333334,0.8571428571428571,0.06593406593406603,0.8810626682490237,0.45454545454545453,0.1037037037037037,0.3333333333333333,1.0,1.0,0.0,0.0,0.0,0,0,0.0,0,0
train,102,17,0.26,20,2,0.0,0.9166666666666666,0.75,0.7037037037037037,0.32,0.9230769230769231,-0.0064102564102564985,0.8953042676160808,0.5,0.0962962962962963,0.2,0.75,1.0,0.0,0.0,0.0,0,0,0.0,0,0
train,102,18,0.26,20,2,0.0,0.9230769230769231,0.75,0.6814814814814815,0.36,0.9166666666666666,0.0064102564102564985,0.9064133298004178,0.5454545454545454,0.1037037037037037,0.16,0.75,1.0,0.0,0.0,0.0,0,0,0.0,0,0
train,102,19,0.26,20,2,0.0,0.9166666666666666,0.75,0.6592592592592592,0.4,0.9230769230769231,-0.0064102564102564985,0.9105146645469173,0.5909090909090909,0.0962962962962963,0.16,0.5,0.0,0.0,0.0,1.0,0,0,0.0,0,0
train,102,20,0.26,20,2,0.0,0.9090909090909091,0.75,0.6444444444444445,0.44,0.9166666666666666,-0.007575757575757569,0.9099451623645141,0.5454545454545454,0.08888888888888889,0.2,0.75,0.0,0.0,0.0,1.0,0,0,0.0,0,0
train,102,21,0.26,20,2,0.050000000000000044,0.9,0.75,0.6222222222222222,0.44,0.9090909090909091,-0.009090909090909038,0.9059670974187084,0.5,0.08148148148148149,0.24,0.75,0.0,1.0,0.0,0.0,0,0,0.0,0,0
train,102,22,0.26,20,2,0.0,0.8888888888888888,0.75,0.6148148148148148,0.28,0.9,-0.011111111111111183,0.8991358140067807,0.45454545454545453,0.07407407407407407,0.24,0.5,0.0,0.0,0.0,1.0,0,0,0.0,0,0
train,102,23,0.26,20,2,0.04761904761904767,0.875,0.75,0.6,0.44,0.8888888888888888,-0.01388888888888884,0.8894814884040685,0.4090909090909091,0.06666666666666667,0.2,1.0,0.0,1.0,0.0,0.0,1,2,0.2222222222222222,0,1
train,102,24,0.26,20,2,0.0,0.8571428571428571,0.75,0.5925925925925926,0.4,0.875,-0.017857142857142905,0.8765460358995839,0.36363636363636365,0.05925925925925926,0.2,0.5,0.0,0.0,0.0,1.0,0,0,0.0,0,0
train,102,25,0.26,20,2,0.0,0.8333333333333334,0.75,0.5777777777777777,0.52,0.8571428571428571,-0.023809523809523725,0.8592609548730837,0.3181818181818182,0.05185185185185185,0.16,0.75,0.0,0.0,0.0,1.0,0,0,0.0,0,0
train,102,26,0.26,20,2,0.0,0.8,0.75,0.5555555555555556,0.56,0.8333333333333334,-0.033333333333333326,0.8355565729238503,0.2727272727272727,0.044444444444444446,0.12,1.0,0.0,1.0,0.0,0.0,1,2,0.25,0,1
train,102,27,0.26,20,2,0.1428571428571429,0.75,0.75,0.5407407407407407,0.5,0.8,-0.050000000000000044,0.8013339437543102,0.22727272727272727,0.037037037037037035,0.08333333333333333,0.75,0.0,1.0,0.0,0.0,1,2,0.2222222222222222,0,1
train,102,28,0.26,20,2,0.0,0.6,0.5,0.5185185185185185,0.38095238095238093,0.75,-0.15000000000000002,0.7208003662525861,0.18181818181818182,0.044444444444444446,0.23809523809523808,0.5,1.0,0.0,0.0,0.0,0,0,0.0,0,0
train,102,29,0.26,20,2,0.0,0.75,0.75,0.5185185185185185,0.375,0.6,0.15000000000000002,0.7324802197515516,0.22727272727272727,0.037037037037037035,0.16666666666666666,0.75,0.0,0.0,0.0,1.0,0,0,0.0,0,0
train,102,30,0.26,20,2,0.0,0.8,0.75,0.5111111111111111,0.4583333333333333,0.75,0.050000000000000044,0.759488131850931,0.18181818181818182,0.044444444444444446,0.20833333333333334,0.5,1.0,0.0,0.0,0.0,0,0,0.0,0,0
train,102,31,0.26,20,2,0.0,0.75,0.75,0.4962962962962963,0.44,0.8,-0.050000000000000044,0.7556928791105586,0.22727272727272727,0.037037037037037035,0.12,1.0,0.0,0.0,0.0,1.0,0,0,0.0,0,0
train,102,32,0.26,20,2,0.0,0.8,0.75,0.48148148148148145,0.52,0.75,0.050000000000000044,0.7734157274663351,0.18181818181818182,0.044444444444444446,0.12,0.5,1.0,0.0,0.0,0.0,0,0,0.0,0,0
train,102,33,0.26,20,2,0.0,0.75,0.75,0.4666666666666667,0.52,0.8,-0.050000000000000044,0.7640494364798012,0.22727272727272727,0.037037037037037035,0.12,0.75,0.0,0.0,0.0,1.0,0,0,0.0,0,0
train,102,34,0.26,20,2,0.0,0.6666666666666666,0.6666666666666666,0.45185185185185184,0.5416666666666666,0.75,-0.08333333333333337,0.7250963285545473,0.18181818181818182,0.02962962962962963,0.125,0.75,0.0,0.0,0.0,1.0,0,0,0.0,0,0
train,102,35,0.26,20,2,0.0,0.5,0.5,0.42962962962962964,0.47619047619047616,0.6666666666666666,-0.16666666666666663,0.6350577971327284,0.13636363636363635,0.022222222222222223,0.14285714285714285,0.75,0.0,1.0,0.0,0.0,0,0,0.0,0,0
train,102,36,0.26,20,2,0.0,0.0,0.0,0.4148148148148148,0.38095238095238093,0.5,-0.5,0.381034678279637,0.09090909090909091,0.014814814814814815,0.19047619047619047,0.5,0.0,1.0,0.0,0.0,0,0,0.0,0,0
train,102,37,0.26,20,2,0.0,0.0,0.0,0.3925925925925926,0.3,0.0,0.0,0.2286208069677822,0.045454545454545456,0.007407407407407408,0.25,0.75,0.0,1.0,0.0,0.0,0,0,0.0,0,0
train,103,0,0.3,20,2,0.0,0.9411764705882353,0.75,0.9629629629629629,0.7058823529411765,0.9411764705882353,0.0,0.9411764705882353,0.8181818181818182,0.13333333333333333,0.11764705882352941,0.5,0.0,1.0,0.0,0.0,0,0,0.0,0,0
train,103,1,0.3,20,2,0.0,0.9375,0.75,0.9407407407407408,0.6,0.9411764705882353,-0.003676470588235281,0.9397058823529412,0.7727272727272727,0.1259259259259259,0.15,0.75,0.0,1.0,0.0,0.0,0,0,0.0,0,0
train,103,2,0.3,20,2,0.0,0.9333333333333333,0.75,0.9185185185185185,0.47619047619047616,0.9375,-0.004166666666666652,0.9371568627450981,0.7272727272727273,0.11851851851851852,0.19047619047619047,0.75,0.0,1.0,0.0,0.0,1,2,0.1111111111111111,0,1
train,103,3,0.3,20,2,0.0,0.9285714285714286,0.75,0.8962962962962963,0.47619047619047616,0.9333333333333333,-0.004761904761904745,0.9337226890756303,0.6818181818181818,0.1111111111111111,0.19047619047619047,0.5,0.0,1.0,0.0,0.0,1,2,0.10526315789473684,0,1
train,103,4,0.3,20,2,0.0,0.8235294117647058,0.25,0.8740740740740741,0.47619047619047616,0.9285714285714286,-0.10504201680672276,0.8896453781512605,0.6363636363636364,0.13333333333333333,0.2857142857142857,0.25,1.0,0.0,0.0,0.0,0,0,0.0,0,0
train,103,5,0.3,20,2,0.0,0.875,0.5,0.8740740740740741,0.3333333333333333,0.8235294117647058,0.05147058823529416,0.8837872268907563,0.6818181818181818,0.1259259259259259,0.3333333333333333,0.5,1.0,0.0,0.0,0.0,0,0,0.0,0,0
train,103,6,0.3,20,2,0.0,0.9333333333333333,0.75,0.8740740740740741,0.19047619047619047,0.875,0.05833333333333335,0.9036056694677872,0.7272727272727273,0.11851851851851852,0.42857142857142855,0.75,0.0,0.0,0.0,1.0,0,0,0.0,0,0
train,103,7,0.3,20,2,0.0,0.9285714285714286,0.75,0.8666666666666667,0.4166666666666667,0.9333333333333333,-0.004761904761904745,0.9135919731092438,0.6818181818181818,0.1111111111111111,0.20833333333333334,0.75,0.0,0.0,0.0,1.0,0,0,0.0,0,0
train,103,8,0.3,20,2,0.0,0.9230769230769231,0.75,0.8444444444444444,0.48,0.9285714285714286,-0.005494505494505475,0.9173859530963155,0.6363636363636364,0.1037037037037037,0.16,0.75,0.0,0.0,0.0,1.0,0,0,0.0,0,0
train,103,9,0.3,20,2,0.0,0.9166666666666666,0.75,0.8222222222222222,0.56,0.9230769230769231,-0.0064102564102564985,0.917098238524456,0.5909090909090909,0.0962962962962963,0.08,1.0,0.0,1.0,0.0,0.0,0,0,0.0,0,0
train,103,10,0.3,20,2,0.0,0.9090909090909091,0.75,0.8074074074074075,0.48,0.9166666666666666,-0.007575757575757569,0.9138953067510373,0.5454545454545454,0.08888888888888889,0.16,0.5,0.0,0.0,0.0,1.0,0,0,0.0,0,0
train,103,11,0.3,20,2,0.0,0.9,0.75,0.7925925925925926,0.56,0.9090909090909091,-0.009090909090909038,0.9083371840506225,0.5,0.08148148148148149,0.12,1.0,0.0,1.0,0.0,0.0,1,2,0.15384615384615385,0,1
train,103,12,0.3,20,2,0.0,0.8888888888888888,0.75,0.7777777777777778,0.56,0.9,-0.011111111111111183,0.900557865985929,0.45454545454545453,0.07407407407407407,0.12,0.75,0.0,1.0,0.0,0.0,1,2,0.14285714285714285,0,1
train,103,13,0.3,20,2,0.09090909090909094,0.875,0.75,0.7555555555555555,0.5416666666666666,0.8888888888888888,-0.01388888888888884,0.8903347195915574,0.4090909090909091,0.06666666666666667,0.08333333333333333,0.75,0.0,1.0,0.0,0.0,1,2,0.13333333333333333,0,1
train,103,14,0.3,20,2,0.0,0.7272727272727273,0.25,0.7333333333333333,0.47619047619047616,0.875,-0.1477272727272727,0.8251099226640253,0.36363636363636365,0.08888888888888889,0.23809523809523808,0.25,1.0,0.0,0.0,0.0,0,0,0.0,0,0
train,103,15,0.3,20,2,0.0,0.8,0.5,0.7333333333333333,0.4166666666666667,0.7272727272727273,0.07272727272727275,0.8150659535984153,0.4090909090909091,0.08148148148148149,0.20833333333333334,0.75,1.0,0.0,0.0,0.0,0,0,0.0,0,0
train,103,16,0.3,20,2,0.0,0.8888888888888888,0.75,0.7333333333333333,0.32,0.8,0.0888888888888888,0.8445951277146047,0.45454545454545453,0.07407407407407407,0.28,0.75,0.0,0.0,0.0,1.0,0,0,0.0,0,0
train,103,17,0.3,20,2,0.0,0.9,0.75,0.725925925925926,0.48,0.8888888888888888,0.011111111111111183,0.8667570766287629,0.4090909090909091,0.08148148148148149,0.16,0.5,1.0,0.0,0.0,0.0,0,0,0.0,0,0
train,103,18,0.3,20,2,0.0,0.8888888888888888,0.75,0.7111111111111111,0.4,0.9,-0.011111111111111183,0.8756098015328133,0.45454545454545453,0.07407407407407407,0.24,0.75,0.0,0.0,0.0,1.0,0,0,0.0,0,0
train,103,19,0.3,20,2,0.0,0.9,0.75,0.6962962962962963,0.52,0.8888888888888888,0.011111111111111183,0.885365880919688,0.4090909090909091,0.08148148148148149,0.16,0.5,1.0,0.0,0.0,0.0,0,0,0.0,0,0
train,103,20,0.3,20,2,0.0,0.8888888888888888,0.75,0.6814814814814815,0.52,0.9,-0.011111111111111183,0.8867750841073683,0.45454545454545453,0.07407407407407407,0.12,0.75,0.0,0.0,0.0,1.0,0,0,0.0,0,0
train,103,21,0.3,20,2,0.0,0.875,0.75,0.6666666666666666,0.56,0.8888888888888888,-0.01388888888888884,0.882065050464421,0.4090909090909091,0.06666666666666667,0.16,0.5,0.0,0.0,0.0,1.0,0,0,0.0,0,0
train,103,22,0.3,20,2,0.0,0.8571428571428571,0.75,0.6444444444444445,0.56,0.875,-0.017857142857142905,0.8720961731357955,0.36363636363636365,0.05925925925925926,0.16,0.75,0.0,1.0,0.0,0.0,0,0,0.0,0,0
train,103,23,0.3,20,2,0.0,0.8333333333333334,0.75,0.6296296296296297,0.48,0.8571428571428571,-0.023809523809523725,0.8565910372148107,0.3181818181818182,0.05185185185185185,0.2,0.5,0.0,0.0,0.0,1.0,0,0,0.0,0,0
train,103,24,0.3,20,2,0.0,0.8,0.75,0.6148148148148148,0.56,0.8333333333333334,-0.033333333333333326,0.8339546223288864,0.2727272727272727,0.044444444444444446,0.12,0.75,0.0,1.0,0.0,0.0,0,0,0.0,0,0
train,103,25,0.3,20,2,0.0,0.75,0.75,0.6,0.56,0.8,-0.050000000000000044,0.8003727733973318,0.22727272727272727,0.037037037037037035,0.16,0.75,0.0,1.0,0.0,0.0,0,0,0.0,0,0
train,103,26,0.3,20,2,0.0,0.6666666666666666,0.6666666666666666,0.5777777777777777,0.5416666666666666,0.75,-0.08333333333333337,0.7468903307050657,0.18181818181818182,0.02962962962962963,0.125,0.75,0.0,0.0,0.0,1.0,0,0,0.0,0,0
train,103,27,0.3,20,2,0.045454545454545414,0.5,0.5,0.562962962962963,0.5416666666666666,0.6666666666666666,-0.16666666666666663,0.6481341984230394,0.13636363636363635,0.022222222222222223,0.08333333333333333,1.0,0.0,1.0,0.0,0.0,0,0,0.0,0,0
train,103,28,0.3,20,2,0.0,0.0,0.0,0.5481481481481482,0.47619047619047616,0.5,-0.5,0.38888051905382365,0.09090909090909091,0.014814814814814815,0.09523809523809523,0.5,0.0,0.0,0.0,1.0,0,0,0.0,0,0
train,103,29,0.3,20,2,0.0,0.0,0.0,0.5333333333333333,0.5,0.0,0.0,0.23332831143229418,0.045454545454545456,0.007407407407407408,0.15,0.75,0.0,0.0,0.0,1.0,0,0,0.0,0,0
train,104,0,0.34,22,4,0.0,0.9411764705882353,0.75,0.9629629629629629,0.7058823529411765,0.9411764705882353,0.0,0.9411764705882353,0.8181818181818182,0.13333333333333333,0.11764705882352941,0.5,0.0,1.0,0.0,0.0,0,0,0.0,0,0
train,104,1,0.34,22,4,0.0,0.9375,0.75,0.9407407407407408,0.6,0.9411764705882353,-0.003676470588235281,0.9397058823529412,0.7727272727272727,0.1259259259259259,0.2,0.5,0.0,1.0,0.0,0.0,0,0,0.0,0,0
train,104,2,0.34,22,4,0.0,0.9333333333333333,0.75,0.9185185185185185,0.47619047619047616,0.9375,-0.004166666666666652,0.9371568627450981,0.7272727272727273,0.11851851851851852,0.2857142857142857,0.5,0.0,0.0,0.0,1.0,0,0,0.0,0,0
train,104,3,0.34,22,4,0.0,0.9285714285714286,0.75,0.9037037037037037,0.5416666666666666,0.9333333333333333,-0.004761904761904745,0.9337226890756303,0.6818181818181818,0.1111111111111111,0.16666666666666666,0.75,0.0,1.0,0.0,0.0,0,0,0.0,0,0
train,104,4,0.34,22,4,0.0,0.9230769230769231,0.75,0.8888888888888888,0.5416666666666666,0.9285714285714286,-0.005494505494505475,0.9294643826761474,0.6363636363636364,0.1037037037037037,0.125,0.75,0.0,1.0,0.0,0.0,0,0,0.0,0,0
train,104,5,0.34,22,4,0.0,0.9166666666666666,0.75,0.8666666666666667,0.5416666666666666,0.9230769230769231,-0.0064102564102564985,0.9243452962723551,0.5909090909090909,0.0962962962962963,0.16666666666666666,0.5,0.0,1.0,0.0,0.0,0,0,0.0,0,0
train,104,6,0.34,22,4,0.1578947368421053,0.9090909090909091,0.75,0.8444444444444444,0.5217391304347826,0.9166666666666666,-0.007575757575757569,0.9182435413997767,0.5454545454545454,0.08888888888888889,0.17391304347826086,0.75,0.0,1.0,0.0,0.0,1,2,0.125,0,1
train,104,7,0.34,22,4,0.0,0.8333333333333334,0.5,0.8222222222222222,0.45,0.9090909090909091,-0.07575757575757569,0.8842794581731994,0.5,0.0962962962962963,0.25,0.5,1.0,0.0,0.0,0.0,0,0,0.0,0,0
train,104,8,0.34,22,4,0.0625,0.9090909090909091,0.75,0.8222222222222222,0.391304347826087,0.8333333333333334,0.07575757575757569,0.8942040385402833,0.5454545454545454,0.08888888888888889,0.2608695652173913,0.75,0.0,0.0,0.0,1.0,0,0,0.0,0,0
train,104,9,0.34,22,4,0.0,0.9,0.75,0.8148148148148148,0.4166666666666667,0.9090909090909091,-0.009090909090909038,0.89652242312417,0.5,0.08148148148148149,0.20833333333333334,0.5,0.0,0.0,0.0,1.0,0,0,0.0,0,0
train,104,10,0.34,22,4,0.0,0.8888888888888888,0.75,0.7925925925925926,0.5,0.9,-0.011111111111111183,0.8934690094300575,0.45454545454545453,0.07407407407407407,0.16666666666666666,0.75,0.0,0.0,0.0,1.0,0,0,0.0,0,0
train,104,11,0.34,22,4,0.09090909090909094,0.875,0.75,0.7703703703703704,0.5416666666666666,0.8888888888888888,-0.01388888888888884,0.8860814056580344,0.4090909090909091,0.06666666666666667,0.16666666666666666,0.75,0.0,1.0,0.0,0.0,0,0,0.0,0,0
train,104,12,0.34,22,4,0.0,0.8571428571428571,0.75,0.7555555555555555,0.42857142857142855,0.875,-0.017857142857142905,0.8745059862519635,0.36363636363636365,0.05925925925925926,0.19047619047619047,0.5,0.0,0.0,0.0,1.0,0,0,0.0,0,0
train,104,13,0.34,22,4,0.0,0.8333333333333334,0.75,0.7407407407407407,0.47619047619047616,0.8571428571428571,-0.023809523809523725,0.8580369250845115,0.3181818181818182,0.05185185185185185,0.23809523809523808,0.5,0.0,0.0,0.0,1.0,0,0,0.0,0,0
train,104,14,0.34,22,4,0.0,0.8,0.75,0.7185185185185186,0.47619047619047616,0.8333333333333334,-0.033333333333333326,0.8348221550507069,0.2727272727272727,0.044444444444444446,0.23809523809523808,0.75,0.0,0.0,0.0,1.0,0,0,0.0,0,0
train,104,15,0.34,22,4,0.0,0.75,0.75,0.6962962962962963,0.47619047619047616,0.8,-0.050000000000000044,0.8008932930304241,0.22727272727272727,0.037037037037037035,0.19047619047619047,0.75,0.0,0.0,0.0,1.0,0,0,0.0,0,0
train,104,16,0.34,22,4,0.0,0.6666666666666666,0.6666666666666666,0.674074074074074,0.47619047619047616,0.75,-0.08333333333333337,0.7472026424849212,0.18181818181818182,0.02962962962962963,0.19047619047619047,0.5,0.0,0.0,0.0,1.0,0,0,0.0,0,0
train,104,17,0.34,22,4,0.0,0.5,0.5,0.6518518518518519,0.47619047619047616,0.6666666666666666,-0.16666666666666663,0.6483215854909528,0.13636363636363635,0.022222222222222223,0.19047619047619047,0.75,0.0,0.0,0.0,1.0,1,2,0.2857142857142857,0,1
train,104,18,0.34,22,4,0.0,0.7142857142857143,0.5,0.6296296296296297,0.47619047619047616,0.5,0.2142857142857143,0.6747072370088574,0.09090909090909091,0.05925925925925926,0.2857142857142857,0.25,0.0,0.0,1.0,0.0,0,0,0.0,0,0
train,104,19,0.34,22,4,0.0714285714285714,0.8333333333333334,0.75,0.6296296296296297,0.3333333333333333,0.7142857142857143,0.11904761904761907,0.7381576755386479,0.13636363636363635,0.05185185185185185,0.3333333333333333,0.75,1.0,0.0,0.0,0.0,0,0,0.0,0,0
train,104,20,0.34,22,4,0.0,0.8,0.75,0.6222222222222222,0.4166666666666667,0.8333333333333334,-0.033333333333333326,0.7628946053231888,0.18181818181818182,0.044444444444444446,0.25,0.5,1.0,0.0,0.0,0.0,0,0,0.0,0,0
train,104,21,0.34,22,4,0.0,0.75,0.75,0.6,0.52,0.8,-0.050000000000000044,0.7577367631939133,0.22727272727272727,0.037037037037037035,0.16,0.75,0.0,0.0,0.0,1.0,0,0,0.0,0,0
train,104,22,0.34,22,4,0.0,0.6666666666666666,0.6666666666666666,0.5851851851851851,0.48,0.75,-0.08333333333333337,0.7213087245830145,0.18181818181818182,0.02962962962962963,0.2,0.75,0.0,0.0,0.0,1.0,0,0,0.0,0,0
train,104,23,0.34,22,4,0.052631578947368474,0.5,0.5,0.562962962962963,0.4583333333333333,0.6666666666666666,-0.16666666666666663,0.6327852347498087,0.13636363636363635,0.022222222222222223,0.125,1.0,0.0,1.0,0.0,0.0,0,0,0.0,0,0
train,104,24,0.34,22,4,0.0,0.0,0.0,0.5555555555555556,0.34782608695652173,0.5,-0.5,0.37967114084988524,0.09090909090909091,0.014814814814814815,0.17391304347826086,0.5,0.0,0.0,0.0,1.0,0,0,0.0,0,0
train,104,25,0.34,22,4,0.0,0.0,0.0,0.5407407407407407,0.4,0.0,0.0,0.22780268450993113,0.045454545454545456,0.007407407407407408,0.15,0.75,0.0,1.0,0.0,0.0,0,0,0.0,0,0
train,105,0,0.18,20,2,0.0,0.9411764705882353,0.75,0.9629629629629629,0.7058823529411765,0.9411764705882353,0.0,0.9411764705882353,0.8181818181818182,0.13333333333333333,0.17647058823529413,0.25,0.0,1.0,0.0,0.0,0,0,0.0,0,0
train,105,1,0.18,20,2,0.0,0.9375,0.75,0.9407407407407408,0.6,0.9411764705882353,-0.003676470588235281,0.9397058823529412,0.7727272727272727,0.1259259259259259,0.2,0.75,0.0,1.0,0.0,0.0,0,0,0.0,0,0
train,105,2,0.18,20,2,0.0,0.9333333333333333,0.75,0.9185185185185185,0.47619047619047616,0.9375,-0.004166666666666652,0.9371568627450981,0.7272727272727273,0.11851851851851852,0.23809523809523808,0.75,0.0,1.0,0.0,0.0,0,0,0.0,0,0
train,105,3,0.18,20,2,0.0,0.9285714285714286,0.75,0.8962962962962963,0.47619047619047616,0.9333333333333333,-0.004761904761904745,0.9337226890756303,0.6818181818181818,0.1111111111111111,0.14285714285714285,0.75,0.0,1.0,0.0,0.0,0,0,0.0,0,0
train,105,4,0.18,20,2,0.0,0.9230769230769231,0.75,0.8740740740740741,0.47619047619047616,0.9285714285714286,-0.005494505494505475,0.9294643826761474,0.6363636363636364,0.1037037037037037,0.14285714285714285,0.75,0.0,1.0,0.0,0.0,0,0,0.0,0,0
train,105,5,0.18,20,2,0.2142857142857143,0.9166666666666666,0.75,0.8518518518518519,0.45,0.9230769230769231,-0.0064102564102564985,0.9243452962723551,0.5909090909090909,0.0962962962962963,0.15,0.75,0.0,1.0,0.0,0.0,1,2,0.13333333333333333,0,1
train,105,6,0.18,20,2,0.0,0.9090909090909091,0.75,0.8296296296296296,0.35294117647058826,0.9166666666666666,-0.007575757575757569,0.9182435413997767,0.5454545454545454,0.08888888888888889,0.23529411764705882,0.5,0.0,0.0,0.0,1.0,0,0,0.0,0,0
train,105,7,0.18,20,2,0.0,0.9166666666666666,0.75,0.8148148148148148,0.4,0.9090909090909091,0.007575757575757569,0.9176127915065327,0.5,0.0962962962962963,0.25,0.5,1.0,0.0,0.0,0.0,0,0,0.0,0,0
train,105,8,0.18,20,2,0.0,0.9090909090909091,0.75,0.8074074074074075,0.30434782608695654,0.9166666666666666,-0.007575757575757569,0.9142040385402833,0.5454545454545454,0.08888888888888889,0.2608695652173913,1.0,0.0,0.0,0.0,1.0,0,0,0.0,0,0
train,105,9,0.18,20,2,0.0,0.9,0.75,0.7925925925925926,0.4583333333333333,0.9090909090909091,-0.009090909090909038,0.90852242312417,0.5,0.08148148148148149,0.125,0.75,0.0,0.0,0.0,1.0,0,0,0.0,0,0
train,105,10,0.18,20,2,0.1428571428571429,0.8888888888888888,0.75,0.7703703703703704,0.5416666666666666,0.9,-0.011111111111111183,0.9006690094300576,0.45454545454545453,0.07407407407407407,0.041666666666666664,1.0,0.0,1.0,0.0,0.0,1,2,0.16666666666666666,0,1
train,105,11,0.18,20,2,0.0,0.875,0.75,0.7555555555555555,0.38095238095238093,0.8888888888888888,-0.01388888888888884,0.8904014056580345,0.4090909090909091,0.06666666666666667,0.14285714285714285,0.5,0.0,0.0,0.0,1.0,0,0,0.0,0,0
train,105,12,0.18,20,2,0.0,0.8571428571428571,0.75,0.7407407407407407,0.47619047619047616,0.875,-0.017857142857142905,0.8770979862519636,0.36363636363636365,0.05925925925925926,0.14285714285714285,0.75,0.0,0.0,0.0,1.0,0,0,0.0,0,0
train,105,13,0.18,20,2,0.0,0.8333333333333334,0.75,0.7185185185185186,0.47619047619047616,0.8571428571428571,-0.023809523809523725,0.8595921250845114,0.3181818181818182,0.05185185185185185,0.19047619047619047,0.75,0.0,0.0,0.0,1.0,0,0,0.0,0,0
train,105,14,0.18,20,2,0.0,0.8,0.75,0.6962962962962963,0.47619047619047616,0.8333333333333334,-0.033333333333333326,0.8357552750507069,0.2727272727272727,0.044444444444444446,0.14285714285714285,0.75,0.0,0.0,0.0,1.0,1,2,0.2,0,1
train,105,15,0.18,20,2,0.0,0.8,0.5,0.674074074074074,0.47619047619047616,0.8,0.0,0.8214531650304242,0.22727272727272727,0.08148148148148149,0.23809523809523808,0.25,0.0,0.0,1.0,0.0,0,0,0.0,0,0
train,105,16,0.18,20,2,0.06666666666666665,0.8888888888888888,0.75,0.674074074074074,0.3333333333333333,0.8,0.0888888888888888,0.8484274545738101,0.2727272727272727,0.07407407407407407,0.2857142857142857,0.75,1.0,0.0,0.0,0.0,0,0,0.0,0,0
train,105,17,0.18,20,2,0.0,0.875,0.75,0.6666666666666666,0.4166666666666667,0.8888888888888888,-0.01388888888888884,0.859056472744286,0.3181818181818182,0.06666666666666667,0.20833333333333334,0.75,1.0,0.0,0.0,0.0,0,0,0.0,0,0
train,105,18,0.18,20,2,0.0,0.8571428571428571,0.75,0.6444444444444445,0.48,0.875,-0.017857142857142905,0.8582910265037145,0.36363636363636365,0.05925925925925926,0.12,0.75,0.0,0.0,0.0,1.0,0,0,0.0,0,0
train,105,19,0.18,20,2,0.0,0.8333333333333334,0.75,0.6296296296296297,0.48,0.8571428571428571,-0.023809523809523725,0.8483079492355621,0.3181818181818182,0.05185185185185185,0.16,0.75,0.0,0.0,0.0,1.0,0,0,0.0,0,0
train,105,20,0.18,20,2,0.04166666666666663,0.8,0.75,0.6074074074074074,0.48,0.8333333333333334,-0.033333333333333326,0.8289847695413373,0.2727272727272727,0.044444444444444446,0.12,1.0,0.0,1.0,0.0,0.0,1,2,0.3333333333333333,0,1
train,105,21,0.18,20,2,0.0,0.6666666666666666,0.5,0.6,0.375,0.8,-0.13333333333333341,0.764057528391469,0.22727272727272727,0.05185185185185185,0.16666666666666666,0.25,1.0,0.0,0.0,0.0,0,0,0.0,0,0
train,105,22,0.18,20,2,0.0,0.8,0.75,0.6,0.44,0.6666666666666666,0.13333333333333341,0.7784345170348814,0.2727272727272727,0.044444444444444446,0.16,1.0,0.0,0.0,0.0,1.0,0,0,0.0,0,0
train,105,23,0.18,20,2,0.0,0.75,0.75,0.5851851851851851,0.52,0.8,-0.050000000000000044,0.7670607102209288,0.22727272727272727,0.037037037037037035,0.12,0.75,0.0,0.0,0.0,1.0,0,0,0.0,0,0
train,105,24,0.18,20,2,0.0,0.6666666666666666,0.6666666666666666,0.562962962962963,0.56,0.75,-0.08333333333333337,0.7269030927992239,0.18181818181818182,0.02962962962962963,0.04,1.0,0.0,1.0,0.0,0.0,0,0,0.0,0,0
train,105,25,0.18,20,2,0.05555555555555558,0.5,0.5,0.5481481481481482,0.4583333333333333,0.6666666666666666,-0.16666666666666663,0.6361418556795344,0.13636363636363635,0.022222222222222223,0.16666666666666666,0.5,0.0,1.0,0.0,0.0,0,0,0.0,0,0
train,105,26,0.18,20,2,0.0,0.0,0.0,0.5259259259259259,0.3333333333333333,0.5,-0.5,0.38168511340772066,0.09090909090909091,0.014814814814814815,0.19047619047619047,0.75,0.0,0.0,0.0,1.0,0,0,0.0,0,0
train,105,27,0.18,20,2,0.0,0.0,0.0,0.5111111111111111,0.4,0.0,0.0,0.2290110680446324,0.045454545454545456,0.007407407407407408,0.25,0.5,0.0,0.0,0.0,1.0,0,0,0.0,0,0
train,106,0,0.22,22,4,0.0,0.9411764705882353,0.75,0.9629629629629629,0.7058823529411765,0.9411764705882353,0.0,0.9411764705882353,0.8181818181818182,0.13333333333333333,0.17647058823529413,0.25,0.0,0.0,0.0,1.0,0,0,0.0,0,0
train,106,1,0.22,22,4,0.0,0.9375,0.75,0.9407407407407408,0.6,0.9411764705882353,-0.003676470588235281,0.9397058823529412,0.7727272727272727,0.1259259259259259,0.2,0.75,0.0,1.0,0.0,0.0,0,0,0.0,0,0
train,106,2,0.22,22,4,0.0,0.9333333333333333,0.75,0.9259259259259259,0.5652173913043478,0.9375,-0.004166666666666652,0.9371568627450981,0.7272727272727273,0.11851851851851852,0.17391304347826086,0.75,0.0,1.0,0.0,0.0,0,0,0.0,0,0
train,106,3,0.22,22,4,0.0,0.9285714285714286,0.75,0.9037037037037037,0.5416666666666666,0.9333333333333333,-0.004761904761904745,0.9337226890756303,0.6818181818181818,0.1111111111111111,0.125,0.75,0.0,1.0,0.0,0.0,0,0,0.0,0,0
train,106,4,0.22,22,4,0.0,0.9230769230769231,0.75,0.8814814814814815,0.5416666666666666,0.9285714285714286,-0.005494505494505475,0.9294643826761474,0.6363636363636364,0.1037037037037037,0.08333333333333333,1.0,0.0,1.0,0.0,0.0,0,0,0.0,0,0
train,106,5,0.22,22,4,0.0,0.9166666666666666,0.75,0.8592592592592593,0.5416666666666666,0.9230769230769231,-0.0064102564102564985,0.9243452962723551,0.5909090909090909,0.0962962962962963,0.08333333333333333,0.75,0.0,0.0,0.0,1.0,0,0,0.0,0,0
train,106,6,0.22,22,4,0.0,0.9090909090909091,0.75,0.8444444444444444,0.52,0.9166666666666666,-0.007575757575757569,0.9182435413997767,0.5454545454545454,0.08888888888888889,0.08,1.0,0.0,1.0,0.0,0.0,1,2,0.125,0,1
train,106,7,0.22,22,4,0.0,0.8333333333333334,0.5,0.8296296296296296,0.5416666666666666,0.9090909090909091,-0.07575757575757569,0.8842794581731994,0.5,0.0962962962962963,0.16666666666666666,0.25,1.0,0.0,0.0,0.0,0,0,0.0,0,0
train,106,8,0.22,22,4,0.0,0.9090909090909091,0.75,0.8296296296296296,0.44,0.8333333333333334,0.07575757575757569,0.8942040385402833,0.5454545454545454,0.08888888888888889,0.16,1.0,0.0,0.0,0.0,1.0,0,0,0.0,0,0
train,106,9,0.22,22,4,0.0,0.9,0.75,0.8148148148148148,0.48,0.9090909090909091,-0.009090909090909038,0.89652242312417,0.5,0.08148148148148149,0.16,0.75,0.0,0.0,0.0,1.0,0,0,0.0,0,0
train,106,10,0.22,22,4,0.0,0.8888888888888888,0.75,0.7925925925925926,0.56,0.9,-0.011111111111111183,0.8934690094300575,0.45454545454545453,0.07407407407407407,0.08,0.75,0.0,1.0,0.0,0.0,1,2,0.14285714285714285,0,1
train,106,11,0.22,22,4,0.09090909090909094,0.875,0.75,0.7777777777777778,0.4583333333333333,0.8888888888888888,-0.01388888888888884,0.8860814056580344,0.4090909090909091,0.06666666666666667,0.20833333333333334,0.5,0.0,1.0,0.0,0.0,1,2,0.13333333333333333,0,1
train,106,12,0.22,22,4,0.0,0.8571428571428571,0.75,0.7555555555555555,0.38095238095238093,0.875,-0.017857142857142905,0.8745059862519635,0.36363636363636365,0.05925925925925926,0.23809523809523808,0.75,0.0,0.0,0.0,1.0,1,2,0.125,0,1
train,106,13,0.22,22,4,0.0,0.8333333333333334,0.75,0.7407407407407407,0.42857142857142855,0.8571428571428571,-0.023809523809523725,0.8580369250845115,0.3181818181818182,0.05185185185185185,0.23809523809523808,0.5,0.0,0.0,0.0,1.0,1,2,0.11764705882352941,0,1
train,106,14,0.22,22,4,0.0,0.6153846153846154,0.0,0.7185185185185186,0.42857142857142855,0.8333333333333334,-0.21794871794871795,0.760976001204553,0.2727272727272727,0.1037037037037037,0.2857142857142857,0.25,0.0,0.0,1.0,0.0,0,0,0.0,0,0
train,106,15,0.22,22,4,0.0,0.6666666666666666,0.0,0.7185185185185186,0.2857142857142857,0.6153846153846154,0.05128205128205121,0.7232522673893984,0.3181818181818182,0.0962962962962963,0.38095238095238093,0.5,0.0,0.0,1.0,0.0,0,0,0.0,0,0
train,106,16,0.22,22,4,0.0,0.7272727272727273,0.25,0.7185185185185186,0.14285714285714285,0.6666666666666666,0.06060606060606066,0.7248604513427299,0.36363636363636365,0.08888888888888889,0.42857142857142855,0.75,1.0,0.0,0.0,0.0,0,0,0.0,0,0
train,106,17,0.22,22,4,0.0,0.8,0.5,0.7185185185185186,0.20833333333333334,0.7272727272727273,0.07272727272727275,0.7549162708056381,0.4090909090909091,0.08148148148148149,0.3333333333333333,0.5,1.0,0.0,0.0,0.0,0,0,0.0,0,0
train,106,18,0.22,22,4,0.0,0.8888888888888888,0.75,0.7185185185185186,0.32,0.8,0.0888888888888888,0.8085053180389383,0.45454545454545453,0.07407407407407407,0.2,0.75,0.0,0.0,0.0,1.0,0,0,0.0,0,0
train,106,19,0.22,22,4,0.0,0.875,0.75,0.7037037037037037,0.36,0.8888888888888888,-0.01388888888888884,0.835103190823363,0.4090909090909091,0.06666666666666667,0.2,0.75,0.0,0.0,0.0,1.0,0,0,0.0,0,0
train,106,20,0.22,22,4,0.0,0.8571428571428571,0.75,0.6888888888888889,0.4,0.875,-0.017857142857142905,0.8439190573511607,0.36363636363636365,0.05925925925925926,0.24,0.5,0.0,0.0,0.0,1.0,0,0,0.0,0,0
train,106,21,0.22,22,4,0.0,0.875,0.75,0.6666666666666666,0.48,0.8571428571428571,0.017857142857142905,0.8563514344106964,0.3181818181818182,0.06666666666666667,0.24,0.5,1.0,0.0,0.0,0.0,0,0,0.0,0,0
train,106,22,0.22,22,4,0.0,0.8888888888888888,0.75,0.6518518518518519,0.48,0.875,0.01388888888888884,0.8693664162019734,0.36363636363636365,0.07407407407407407,0.28,0.5,1.0,0.0,0.0,0.0,0,0,0.0,0,0
train,106,23,0.22,22,4,0.0,0.875,0.75,0.6296296296296297,0.52,0.8888888888888888,-0.01388888888888884,0.871619849721184,0.4090909090909091,0.06666666666666667,0.16,1.0,0.0,0.0,0.0,1.0,0,0,0.0,0,0
train,106,24,0.22,22,4,0.0,0.8571428571428571,0.75,0.6148148148148148,0.56,0.875,-0.017857142857142905,0.8658290526898532,0.36363636363636365,0.05925925925925926,0.12,0.75,0.0,0.0,0.0,1.0,0,0,0.0,0,0
train,106,25,0.22,22,4,0.0,0.8333333333333334,0.75,0.5925925925925926,0.52,0.8571428571428571,-0.023809523809523725,0.8528307649472453,0.3181818181818182,0.05185185185185185,0.12,0.75,0.0,0.0,0.0,1.0,0,0,0.0,0,0
train,106,26,0.22,22,4,0.0,0.8,0.75,0.5703703703703704,0.56,0.8333333333333334,-0.033333333333333326,0.8316984589683473,0.2727272727272727,0.044444444444444446,0.08,1.0,0.0,1.0,0.0,0.0,0,0,0.0,0,0
train,106,27,0.22,22,4,0.0,0.75,0.75,0.5555555555555556,0.48,0.8,-0.050000000000000044,0.7990190753810084,0.22727272727272727,0.037037037037037035,0.12,0.75,0.0,1.0,0.0,0.0,1,2,0.4,0,1
train,106,28,0.22,22,4,0.21052631578947367,0.8,0.75,0.5333333333333333,0.44,0.75,0.050000000000000044,0.7994114452286051,0.18181818181818182,0.044444444444444446,0.2,0.5,0.0,0.0,1.0,0.0,0,0,0.0,0,0
train,106,29,0.22,22,4,0.1428571428571429,0.75,0.75,0.5259259259259259,0.28,0.8,-0.050000000000000044,0.779646867137163,0.22727272727272727,0.037037037037037035,0.24,0.5,0.0,1.0,0.0,0.0,0,0,0.0,0,0
train,106,30,0.22,22,4,0.0,0.6666666666666666,0.6666666666666666,0.5111111111111111,0.3333333333333333,0.75,-0.08333333333333337,0.7344547869489644,0.18181818181818182,0.02962962962962963,0.3333333333333333,0.75,0.0,1.0,0.0,0.0,0,0,0.0,0,0
train,106,31,0.22,22,4,0.0,0.5,0.5,0.4888888888888889,0.3333333333333333,0.6666666666666666,-0.16666666666666663,0.6406728721693786,0.13636363636363635,0.022222222222222223,0.3333333333333333,0.5,0.0,0.0,0.0,1.0,0,0,0.0,0,0
train,106,32,0.22,22,4,0.0,0.0,0.0,0.4740740740740741,0.3333333333333333,0.5,-0.5,0.38440372330162714,0.09090909090909091,0.014814814814814815,0.2857142857142857,0.5,0.0,0.0,0.0,1.0,0,0,0.0,0,0
train,106,33,0.22,22,4,0.0,0.0,0.0,0.45185185185185184,0.3,0.0,0.0,0.23064223398097627,0.045454545454545456,0.007407407407407408,0.3,0.75,0.0,0.0,0.0,1.0,0,0,0.0,0,0
train,107,0,0.26,20,2,0.0,0.9411764705882353,0.75,0.9629629629629629,0.7058823529411765,0.9411764705882353,0.0,0.9411764705882353,0.8181818181818182,0.13333333333333333,0.17647058823529413,0.25,0.0,1.0,0.0,0.0,0,0,0.0,0,0
train,107,1,0.26,20,2,0.0,0.9375,0.75,0.9407407407407408,0.6,0.9411764705882353,-0.003676470588235281,0.9397058823529412,0.7727272727272727,0.1259259259259259,0.2,0.75,0.0,1.0,0.0,0.0,0,0,0.0,0,0
train,107,2,0.26,20,2,0.0,0.9333333333333333,0.75,0.9185185185185185,0.47619047619047616,0.9375,-0.004166666666666652,0.9371568627450981,0.7272727272727273,0.11851851851851852,0.23809523809523808,0.75,0.0,1.0,0.0,0.0,0,0,0.0,0,0
train,107,3,0.26,20,2,0.0,0.9285714285714286,0.75,0.8962962962962963,0.47619047619047616,0.9333333333333333,-0.004761904761904745,0.9337226890756303,0.6818181818181818,0.1111111111111111,0.14285714285714285,0.75,0.0,1.0,0.0,0.0,0,0,0.0,0,0
train,107,4,0.26,20,2,0.0,0.9230769230769231,0.75,0.8740740740740741,0.47619047619047616,0.9285714285714286,-0.005494505494505475,0.9294643826761474,0.6363636363636364,0.1037037037037037,0.19047619047619047,0.5,0.0,0.0,0.0,1.0,0,0,0.0,0,0
train,107,5,0.26,20,2,0.0,0.9166666666666666,0.75,0.8592592592592593,0.5,0.9230769230769231,-0.0064102564102564985,0.9243452962723551,0.5909090909090909,0.0962962962962963,0.125,1.0,0.0,1.0,0.0,0.0,1,2,0.13333333333333333,0,1
train,107,6,0.26,20,2,0.10526315789473684,0.9090909090909091,0.75,0.8444444444444444,0.5217391304347826,0.9166666666666666,-0.007575757575757569,0.9182435413997767,0.5454545454545454,0.08888888888888889,0.13043478260869565,0.5,0.0,1.0,0.0,0.0,1,2,0.125,0,1
train,107,7,0.26,20,2,0.0,0.9,0.75,0.8222222222222222,0.45,0.9090909090909091,-0.009090909090909038,0.910946124839866,0.5,0.08148148148148149,0.2,0.5,0.0,0.0,0.0,1.0,1,2,0.11764705882352941,0,1
train,107,8,0.26,20,2,0.0,0.8888888888888888,0.75,0.8074074074074075,0.47619047619047616,0.9,-0.011111111111111183,0.9021232304594751,0.45454545454545453,0.07407407407407407,0.23809523809523808,0.5,0.0,0.0,0.0,1.0,1,2,0.1111111111111111,0,1
train,107,9,0.26,20,2,0.0,0.6875,0.0,0.7851851851851852,0.42857142857142855,0.8888888888888888,-0.20138888888888884,0.8162739382756851,0.4090909090909091,0.1259259259259259,0.3333333333333333,0.25,0.0,0.0,1.0,0.0,0,0,0.0,0,0
train,107,10,0.26,20,2,0.0,0.7333333333333333,0.0,0.7851851851851852,0.3333333333333333,0.6875,0.04583333333333328,0.7830976962987444,0.45454545454545453,0.11851851851851852,0.38095238095238093,0.5,0.0,0.0,1.0,0.0,0,0,0.0,0,0
train,107,11,0.26,20,2,0.0,0.7857142857142857,0.25,0.7851851851851852,0.2,0.7333333333333333,0.05238095238095242,0.7841443320649608,0.5,0.1111111111111111,0.4,0.5,1.0,0.0,0.0,0.0,0,0,0.0,0,0
train,107,12,0.26,20,2,0.0,0.8461538461538461,0.5,0.7851851851851852,0.2608695652173913,0.7857142857142857,0.06043956043956045,0.808948137700515,0.5454545454545454,0.1037037037037037,0.30434782608695654,0.5,1.0,0.0,0.0,0.0,0,0,0.0,0,0
train,107,13,0.26,20,2,0.0,0.9166666666666666,0.75,0.7851851851851852,0.25,0.8461538461538461,0.07051282051282048,0.8520355492869757,0.5909090909090909,0.0962962962962963,0.2916666666666667,1.0,0.0,0.0,0.0,1.0,0,0,0.0,0,0
train,107,14,0.26,20,2,0.0,0.9090909090909091,0.75,0.7703703703703704,0.32,0.9166666666666666,-0.007575757575757569,0.874857693208549,0.5454545454545454,0.08888888888888889,0.24,0.5,0.0,0.0,0.0,1.0,0,0,0.0,0,0
train,107,15,0.26,20,2,0.0,0.9,0.75,0.7555555555555555,0.4,0.9090909090909091,-0.009090909090909038,0.8849146159251293,0.5,0.08148148148148149,0.24,0.5,0.0,0.0,0.0,1.0,0,0,0.0,0,0
train,107,16,0.26,20,2,0.045454545454545414,0.8888888888888888,0.75,0.7333333333333333,0.48,0.9,-0.011111111111111183,0.886504325110633,0.45454545454545453,0.07407407407407407,0.24,0.75,0.0,1.0,0.0,0.0,1,2,0.16666666666666666,0,1
train,107,17,0.26,20,2,0.0,0.8,0.5,0.725925925925926,0.375,0.8888888888888888,-0.0888888888888888,0.8519025950663799,0.4090909090909091,0.08148148148148149,0.2916666666666667,0.25,1.0,0.0,0.0,0.0,0,0,0.0,0,0
train,107,18,0.26,20,2,0.0,0.8888888888888888,0.75,0.725925925925926,0.44,0.8,0.0888888888888888,0.8666971125953835,0.45454545454545453,0.07407407407407407,0.28,0.75,0.0,0.0,0.0,1.0,0,0,0.0,0,0
train,107,19,0.26,20,2,0.0,0.875,0.75,0.7111111111111111,0.52,0.8888888888888888,-0.01388888888888884,0.8700182675572301,0.4090909090909091,0.06666666666666667,0.2,0.75,0.0,0.0,0.0,1.0,0,0,0.0,0,0
train,107,20,0.26,20,2,0.0,0.8571428571428571,0.75,0.6888888888888889,0.56,0.875,-0.017857142857142905,0.8648681033914809,0.36363636363636365,0.05925925925925926,0.16,0.5,0.0,1.0,0.0,0.0,0,0,0.0,0,0
train,107,21,0.26,20,2,0.15000000000000002,0.8333333333333334,0.75,0.674074074074074,0.4583333333333333,0.8571428571428571,-0.023809523809523725,0.8522541953682219,0.3181818181818182,0.05185185185185185,0.20833333333333334,0.75,0.0,1.0,0.0,0.0,1,2,0.2222222222222222,0,1
train,107,22,0.26,20,2,0.0,0.8,0.75,0.6518518518518519,0.3333333333333333,0.8333333333333334,-0.033333333333333326,0.8313525172209332,0.2727272727272727,0.044444444444444446,0.23809523809523808,0.75,0.0,0.0,0.0,1.0,0,0,0.0,0,0
train,107,23,0.26,20,2,0.0625,0.8333333333333334,0.75,0.6370370370370371,0.42857142857142855,0.8,0.033333333333333326,0.8321448436658933,0.22727272727272727,0.05185185185185185,0.2857142857142857,0.5,1.0,0.0,0.0,0.0,0,0,0.0,0,0
train,107,24,0.26,20,2,0.0,0.8,0.75,0.6296296296296297,0.375,0.8333333333333334,-0.033333333333333326,0.819286906199536,0.2727272727272727,0.044444444444444446,0.25,0.75,0.0,0.0,0.0,1.0,0,0,0.0,0,0
train,107,25,0.26,20,2,0.0,0.8333333333333334,0.75,0.6148148148148148,0.5,0.8,0.033333333333333326,0.824905477053055,0.22727272727272727,0.05185185185185185,0.20833333333333334,0.5,1.0,0.0,0.0,0.0,0,0,0.0,0,0
train,107,26,0.26,20,2,0.0,0.8,0.75,0.6,0.48,0.8333333333333334,-0.033333333333333326,0.814943286231833,0.2727272727272727,0.044444444444444446,0.16,0.75,0.0,0.0,0.0,1.0,0,0,0.0,0,0
train,107,27,0.26,20,2,0.0,0.75,0.75,0.5851851851851851,0.56,0.8,-0.050000000000000044,0.7889659717390998,0.22727272727272727,0.037037037037037035,0.16,0.5,0.0,0.0,0.0,1.0,0,0,0.0,0,0
train,107,28,0.26,20,2,0.0,0.6666666666666666,0.6666666666666666,0.562962962962963,0.56,0.75,-0.08333333333333337,0.7400462497101266,0.18181818181818182,0.02962962962962963,0.12,1.0,0.0,1.0,0.0,0.0,0,0,0.0,0,0
train,107,29,0.26,20,2,0.05555555555555558,0.5,0.5,0.5481481481481482,0.4583333333333333,0.6666666666666666,-0.16666666666666663,0.6440277498260759,0.13636363636363635,0.022222222222222223,0.125,0.75,0.0,1.0,0.0,0.0,0,0,0.0,0,0
train,107,30,0.26,20,2,0.0,0.0,0.0,0.5259259259259259,0.3333333333333333,0.5,-0.5,0.38641664989564556,0.09090909090909091,0.014814814814814815,0.14285714285714285,0.75,0.0,0.0,0.0,1.0,0,0,0.0,0,0
train,107,31,0.26,20,2,0.0,0.0,0.0,0.5111111111111111,0.4,0.0,0.0,0.2318499899373873,0.045454545454545456,0.007407407407407408,0.2,0.75,0.0,0.0,0.0,1.0,0,0,0.0,0,0
train,108,0,0.3,22,4,0.0,0.9411764705882353,0.75,0.9629629629629629,0.7058823529411765,0.9411764705882353,0.0,0.9411764705882353,0.8181818181818182,0.13333333333333333,0.17647058823529413,0.25,0.0,1.0,0.0,0.0,0,0,0.0,0,0
train,108,1,0.3,22,4,0.0,0.9375,0.75,0.9407407407407408,0.6,0.9411764705882353,-0.003676470588235281,0.9397058823529412,0.7727272727272727,0.1259259259259259,0.25,0.5,0.0,1.0,0.0,0.0,0,0,0.0,0,0
train,108,2,0.3,22,4,0.0,0.9333333333333333,0.75,0.9185185185185185,0.47619047619047616,0.9375,-0.004166666666666652,0.9371568627450981,0.7272727272727273,0.11851851851851852,0.2857142857142857,0.75,0.0,1.0,0.0,0.0,1,2,0.1,0,1
train,108,3,0.3,22,4,0.0,0.9285714285714286,0.75,0.8962962962962963,0.47619047619047616,0.9333333333333333,-0.004761904761904745,0.9337226890756303,0.6818181818181818,0.1111111111111111,0.19047619047619047,0.75,0.0,1.0,0.0,0.0,1,2,0.09523809523809523,0,1
train,108,4,0.3,22,4,0.0,0.9230769230769231,0.75,0.8740740740740741,0.47619047619047616,0.9285714285714286,-0.005494505494505475,0.9294643826761474,0.6363636363636364,0.1037037037037037,0.19047619047619047,0.5,0.0,1.0,0.0,0.0,1,2,0.09090909090909091,0,1
train,108,5,0.3,22,4,0.0,0.9166666666666666,0.75,0.8518518518518519,0.45,0.9230769230769231,-0.0064102564102564985,0.9243452962723551,0.5909090909090909,0.0962962962962963,0.25,0.5,0.0,1.0,0.0,0.0,1,2,0.08695652173913043,0,1
train,108,6,0.3,22,4,0.0,0.7647058823529411,0.0,0.8296296296296296,0.35294117647058826,0.9166666666666666,-0.1519607843137255,0.8604895307045896,0.5454545454545454,0.13333333333333333,0.4117647058823529,0.25,1.0,0.0,0.0,0.0,0,0,0.0,0,0
train,108,7,0.3,22,4,0.0,0.8125,0.25,0.8296296296296296,0.3,0.7647058823529411,0.047794117647058876,0.8412937184227538,0.5909090909090909,0.1259259259259259,0.4,0.5,1.0,0.0,0.0,0.0,0,0,0.0,0,0
train,108,8,0.3,22,4,0.0,0.8666666666666667,0.5,0.8296296296296296,0.19047619047619047,0.8125,0.054166666666666696,0.8514428977203189,0.6363636363636364,0.11851851851851852,0.42857142857142855,0.5,1.0,0.0,0.0,0.0,0,0,0.0,0,0
train,108,9,0.3,22,4,0.0,0.9285714285714286,0.75,0.8296296296296296,0.19047619047619047,0.8666666666666667,0.06190476190476191,0.8822943100607628,0.6818181818181818,0.1111111111111111,0.38095238095238093,0.75,0.0,0.0,0.0,1.0,0,0,0.0,0,0
train,108,10,0.3,22,4,0.05882352941176472,0.9333333333333333,0.75,0.8222222222222222,0.3333333333333333,0.9285714285714286,0.004761904761904745,0.902709919369791,0.6363636363636364,0.11851851851851852,0.375,0.5,1.0,0.0,0.0,0.0,0,0,0.0,0,0
train,108,11,0.3,22,4,0.0,0.9285714285714286,0.75,0.8148148148148148,0.3333333333333333,0.9333333333333333,-0.004761904761904745,0.913054523050446,0.6818181818181818,0.1111111111111111,0.3333333333333333,0.75,0.0,0.0,0.0,1.0,0,0,0.0,0,0
train,108,12,0.3,22,4,0.0,0.9230769230769231,0.75,0.8,0.48,0.9285714285714286,-0.005494505494505475,0.9170634830610368,0.6363636363636364,0.1037037037037037,0.2,0.75,0.0,0.0,0.0,1.0,0,0,0.0,0,0
train,108,13,0.3,22,4,0.0,0.9166666666666666,0.75,0.7777777777777778,0.56,0.9230769230769231,-0.0064102564102564985,0.9169047565032887,0.5909090909090909,0.0962962962962963,0.16,0.5,0.0,1.0,0.0,0.0,0,0,0.0,0,0
train,108,14,0.3,22,4,0.0,0.9090909090909091,0.75,0.762962962962963,0.48,0.9166666666666666,-0.007575757575757569,0.9137792175383369,0.5454545454545454,0.08888888888888889,0.16,0.75,0.0,1.0,0.0,0.0,1,2,0.125,0,1
train,108,15,0.3,22,4,0.26315789473684215,0.9166666666666666,0.75,0.7407407407407407,0.4,0.9090909090909091,0.007575757575757569,0.9149341971896688,0.5,0.0962962962962963,0.28,0.5,0.0,0.0,1.0,0.0,1,2,0.11764705882352941,0,1
train,108,16,0.3,22,4,0.16666666666666663,0.9090909090909091,0.75,0.7333333333333333,0.2,0.9166666666666666,-0.007575757575757569,0.912596881950165,0.5454545454545454,0.08888888888888889,0.28,0.5,0.0,1.0,0.0,0.0,1,2,0.1111111111111111,0,1
train,108,17,0.3,22,4,0.0,0.9,0.75,0.725925925925926,0.2916666666666667,0.9090909090909091,-0.009090909090909038,0.9075581291700989,0.5,0.08148148148148149,0.2916666666666667,0.5,0.0,1.0,0.0,0.0,1,2,0.10526315789473684,0,1
train,108,18,0.3,22,4,0.0,0.8888888888888888,0.75,0.7111111111111111,0.2857142857142857,0.9,-0.011111111111111183,0.9000904330576149,0.45454545454545453,0.07407407407407407,0.38095238095238093,0.5,0.0,0.0,0.0,1.0,0,0,0.0,0,0
train,108,19,0.3,22,4,0.0,0.875,0.75,0.6962962962962963,0.3333333333333333,0.8888888888888888,-0.01388888888888884,0.8900542598345689,0.4090909090909091,0.06666666666666667,0.2857142857142857,0.5,0.0,0.0,0.0,1.0,0,0,0.0,0,0
train,108,20,0.3,22,4,0.0,0.8571428571428571,0.75,0.674074074074074,0.3333333333333333,0.875,-0.017857142857142905,0.8768896987578841,0.36363636363636365,0.05925925925925926,0.3333333333333333,0.5,0.0,0.0,0.0,1.0,0,0,0.0,0,0
train,108,21,0.3,22,4,0.0,0.8333333333333334,0.75,0.6518518518518519,0.42857142857142855,0.8571428571428571,-0.023809523809523725,0.8594671525880638,0.3181818181818182,0.05185185185185185,0.2857142857142857,0.75,0.0,0.0,0.0,1.0,0,0,0.0,0,0
train,108,22,0.3,22,4,0.0,0.8571428571428571,0.75,0.6296296296296297,0.47619047619047616,0.8333333333333334,0.023809523809523725,0.8585374344099811,0.2727272727272727,0.05925925925925926,0.23809523809523808,0.5,1.0,0.0,0.0,0.0,0,0,0.0,0,0
train,108,23,0.3,22,4,0.0,0.8333333333333334,0.75,0.6148148148148148,0.4583333333333333,0.8571428571428571,-0.023809523809523725,0.848455793979322,0.3181818181818182,0.05185185185185185,0.25,1.0,0.0,0.0,0.0,1.0,1,2,0.13333333333333333,0,1
train,108,24,0.3,22,4,0.0,0.8571428571428571,0.75,0.6,0.5416666666666666,0.8333333333333334,0.023809523809523725,0.851930619244736,0.2727272727272727,0.05925925925925926,0.16666666666666666,0.5,1.0,0.0,0.0,0.0,0,0,0.0,0,1
train,108,25,0.3,22,4,0.0,0.875,0.75,0.5851851851851851,0.56,0.8571428571428571,0.017857142857142905,0.8611583715468416,0.3181818181818182,0.06666666666666667,0.16,0.75,1.0,0.0,0.0,0.0,0,0,0.0,0,1
train,108,26,0.3,22,4,0.0,0.9230769230769231,0.75,0.562962962962963,0.52,0.875,0.04807692307692313,0.8859257921588742,0.36363636363636365,0.1037037037037037,0.2,0.5,0.0,0.0,1.0,0.0,0,0,0.0,0,0
train,108,27,0.3,22,4,0.0625,0.9166666666666666,0.75,0.5481481481481482,0.32,0.9230769230769231,-0.0064102564102564985,0.8982221419619912,0.4090909090909091,0.0962962962962963,0.2,1.0,1.0,0.0,0.0,0.0,0,0,0.0,0,0
train,108,28,0.3,22,4,0.0,0.9090909090909091,0.75,0.5333333333333333,0.44,0.9166666666666666,-0.007575757575757569,0.9025696488135584,0.45454545454545453,0.08888888888888889,0.12,0.75,1.0,0.0,0.0,0.0,0,0,0.0,0,0
train,108,29,0.3,22,4,0.0,0.9,0.75,0.5111111111111111,0.4583333333333333,0.9090909090909091,-0.009090909090909038,0.901541789288135,0.5,0.08148148148148149,0.16666666666666666,0.75,0.0,0.0,0.0,1.0,0,0,0.0,0,0
train,108,30,0.3,22,4,0.0,0.8888888888888888,0.75,0.4962962962962963,0.4583333333333333,0.9,-0.011111111111111183,0.8964806291284366,0.45454545454545453,0.07407407407407407,0.16666666666666666,0.5,0.0,0.0,0.0,1.0,0,0,0.0,0,0
train,108,31,0.3,22,4,0.052631578947368474,0.875,0.75,0.4740740740740741,0.4166666666666667,0.8888888888888888,-0.01388888888888884,0.8878883774770621,0.4090909090909091,0.06666666666666667,0.20833333333333334,1.0,0.0,1.0,0.0,0.0,0,0,0.0,0,0
train,108,32,0.3,22,4,0.0,0.8571428571428571,0.75,0.4666666666666667,0.32,0.875,-0.017857142857142905,0.8755901693433801,0.36363636363636365,0.05925925925925926,0.2,0.5,0.0,0.0,0.0,1.0,0,0,0.0,0,0
train,108,33,0.3,22,4,0.0,0.8333333333333334,0.75,0.45185185185185184,0.48,0.8571428571428571,-0.023809523809523725,0.8586874349393614,0.3181818181818182,0.05185185185185185,0.12,1.0,0.0,1.0,0.0,0.0,0,0,0.0,0,0
train,108,34,0.3,22,4,0.0,0.8,0.75,0.43703703703703706,0.4,0.8333333333333334,-0.033333333333333326,0.8352124609636169,0.2727272727272727,0.044444444444444446,0.16,0.75,0.0,1.0,0.0,0.0,0,0,0.0,0,0
train,108,35,0.3,22,4,0.0,0.75,0.75,0.4222222222222222,0.36,0.8,-0.050000000000000044,0.8011274765781702,0.22727272727272727,0.037037037037037035,0.12,0.75,0.0,1.0,0.0,0.0,0,0,0.0,0,0
train,108,36,0.3,22,4,0.1428571428571429,0.6666666666666666,0.6666666666666666,0.4074074074074074,0.375,0.75,-0.08333333333333337,0.7473431526135688,0.18181818181818182,0.02962962962962963,0.16666666666666666,0.75,0.0,1.0,0.0,0.0,1,2,0.5,0,1
train,108,37,0.3,22,4,0.0,0.5,0.5,0.3851851851851852,0.3333333333333333,0.6666666666666666,-0.16666666666666663,0.6484058915681412,0.13636363636363635,0.037037037037037035,0.23809523809523808,0.5,1.0,0.0,0.0,0.0,0,0,0.0,0,0
train,108,38,0.3,22,4,0.0,0.6666666666666666,0.6666666666666666,0.3851851851851852,0.25,0.5,0.16666666666666663,0.6557102016075513,0.18181818181818182,0.02962962962962963,0.25,0.75,0.0,0.0,0.0,1.0,0,0,0.0,0,0
train,108,39,0.3,22,4,0.0,0.5,0.5,0.37777777777777777,0.375,0.6666666666666666,-0.16666666666666663,0.5934261209645308,0.13636363636363635,0.022222222222222223,0.16666666666666666,0.75,0.0,0.0,0.0,1.0,0,0,0.0,0,0
train,108,40,0.3,22,4,0.0,0.0,0.0,0.35555555555555557,0.4782608695652174,0.5,-0.5,0.3560556725787185,0.09090909090909091,0.014814814814814815,0.13043478260869565,0.75,0.0,0.0,0.0,1.0,0,0,0.0,0,0
train,108,41,0.3,22,4,0.0,0.0,0.0,0.3333333333333333,0.45,0.0,0.0,0.2136334035472311,0.045454545454545456,0.007407407407407408,0.2,0.5,0.0,1.0,0.0,0.0,0,0,0.0,0,0
train,109,0,0.34,20,2,0.0,0.9411764705882353,0.75,0.9629629629629629,0.7058823529411765,0.9411764705882353,0.0,0.9411764705882353,0.8181818181818182,0.13333333333333333,0.17647058823529413,0.25,0.0,0.0,0.0,1.0,0,0,0.0,0,0
train,109,1,0.34,20,2,0.0,0.9375,0.75,0.9407407407407408,0.6,0.9411764705882353,-0.003676470588235281,0.9397058823529412,0.7727272727272727,0.1259259259259259,0.2,0.75,0.0,1.0,0.0,0.0,1,2,0.10526315789473684,0,1
train,109,2,0.34,20,2,0.0,0.8823529411764706,0.5,0.9259259259259259,0.5652173913043478,0.9375,-0.05514705882352944,0.9167647058823529,0.7272727272727273,0.13333333333333333,0.2608695652173913,0.25,1.0,0.0,0.0,0.0,0,0,0.0,0,0
train,109,3,0.34,20,2,0.0,0.9375,0.75,0.9259259259259259,0.5,0.8823529411764706,0.05514705882352944,0.9250588235294117,0.7727272727272727,0.1259259259259259,0.3,0.75,0.0,0.0,0.0,1.0,0,0,0.0,0,0
train,109,4,0.34,20,2,0.0,0.9333333333333333,0.75,0.9111111111111111,0.42857142857142855,0.9375,-0.004166666666666652,0.9283686274509804,0.7272727272727273,0.11851851851851852,0.3333333333333333,0.5,0.0,0.0,0.0,1.0,0,0,0.0,0,0
train,109,5,0.34,20,2,0.0,0.9285714285714286,0.75,0.8888888888888888,0.47619047619047616,0.9333333333333333,-0.004761904761904745,0.9284497478991597,0.6818181818181818,0.1111111111111111,0.23809523809523808,0.5,0.0,1.0,0.0,0.0,0,0,0.0,0,0
train,109,6,0.34,20,2,0.0,0.9230769230769231,0.75,0.8740740740740741,0.4583333333333333,0.9285714285714286,-0.005494505494505475,0.9263006179702651,0.6363636363636364,0.1037037037037037,0.25,0.75,0.0,1.0,0.0,0.0,0,0,0.0,0,0
train,109,7,0.34,20,2,0.08333333333333337,0.9285714285714286,0.75,0.8518518518518519,0.48,0.9230769230769231,0.005494505494505475,0.9272089422107305,0.5909090909090909,0.1111111111111111,0.24,0.5,0.0,0.0,1.0,0.0,0,0,0.0,0,0
train,109,8,0.34,20,2,0.0,0.9230769230769231,0.75,0.8444444444444444,0.4,0.9285714285714286,-0.005494505494505475,0.9255561345572075,0.6363636363636364,0.1037037037037037,0.24,0.5,0.0,1.0,0.0,0.0,0,0,0.0,0,0
train,109,9,0.34,20,2,0.0,0.9166666666666666,0.75,0.8296296296296296,0.52,0.9230769230769231,-0.0064102564102564985,0.9220003474009912,0.5909090909090909,0.0962962962962963,0.2,0.5,0.0,1.0,0.0,0.0,0,0,0.0,0,0
train,109,10,0.34,20,2,0.0,0.9090909090909091,0.75,0.8074074074074075,0.56,0.9166666666666666,-0.007575757575757569,0.9168365720769583,0.5454545454545454,0.08888888888888889,0.2,0.75,0.0,0.0,0.0,1.0,0,0,0.0,0,0
train,109,11,0.34,20,2,0.0,0.9,0.75,0.7925925925925926,0.48,0.9090909090909091,-0.009090909090909038,0.910101943246175,0.5,0.08148148148148149,0.2,0.5,0.0,1.0,0.0,0.0,0,0,0.0,0,0
train,109,12,0.34,20,2,0.13636363636363635,0.8888888888888888,0.75,0.7777777777777778,0.5416666666666666,0.9,-0.011111111111111183,0.9016167215032604,0.45454545454545453,0.07407407407407407,0.125,0.75,0.0,1.0,0.0,0.0,1,2,0.2,0,1
train,109,13,0.34,20,2,0.0,0.8,0.5,0.7555555555555555,0.47619047619047616,0.8888888888888888,-0.0888888888888888,0.8609700329019563,0.4090909090909091,0.08148148148148149,0.2857142857142857,0.25,1.0,0.0,0.0,0.0,0,0,0.0,0,0
train,109,14,0.34,20,2,0.052631578947368474,0.8888888888888888,0.75,0.7555555555555555,0.4166666666666667,0.8,0.0888888888888888,0.8721375752967293,0.45454545454545453,0.07407407407407407,0.25,0.75,0.0,0.0,0.0,1.0,0,0,0.0,0,0
train,109,15,0.34,20,2,0.0,0.875,0.75,0.7481481481481481,0.4583333333333333,0.8888888888888888,-0.01388888888888884,0.8732825451780375,0.4090909090909091,0.06666666666666667,0.2916666666666667,0.5,0.0,0.0,0.0,1.0,0,0,0.0,0,0
train,109,16,0.34,20,2,0.0,0.8571428571428571,0.75,0.725925925925926,0.5416666666666666,0.875,-0.017857142857142905,0.8668266699639653,0.36363636363636365,0.05925925925925926,0.16666666666666666,0.75,0.0,0.0,0.0,1.0,0,0,0.0,0,0
train,109,17,0.34,20,2,0.13043478260869568,0.8333333333333334,0.75,0.7037037037037037,0.5416666666666666,0.8571428571428571,-0.023809523809523725,0.8534293353117125,0.3181818181818182,0.05185185185185185,0.16666666666666666,0.75,0.0,1.0,0.0,0.0,1,2,0.2857142857142857,0,1
train,109,18,0.34,20,2,0.0,0.8,0.75,0.6888888888888889,0.42857142857142855,0.8333333333333334,-0.033333333333333326,0.8320576011870275,0.2727272727272727,0.044444444444444446,0.19047619047619047,0.5,0.0,0.0,0.0,1.0,0,0,0.0,0,0
train,109,19,0.34,20,2,0.0,0.75,0.75,0.674074074074074,0.47619047619047616,0.8,-0.050000000000000044,0.7992345607122165,0.22727272727272727,0.037037037037037035,0.23809523809523808,0.75,0.0,0.0,0.0,1.0,0,0,0.0,0,0
train,109,20,0.34,20,2,0.0,0.8,0.75,0.6518518518518519,0.47619047619047616,0.75,0.050000000000000044,0.7995407364273299,0.18181818181818182,0.044444444444444446,0.23809523809523808,0.5,1.0,0.0,0.0,0.0,0,0,0.0,0,0
train,109,21,0.34,20,2,0.0,0.75,0.75,0.6370370370370371,0.4583333333333333,0.8,-0.050000000000000044,0.779724441856398,0.22727272727272727,0.037037037037037035,0.20833333333333334,0.75,0.0,0.0,0.0,1.0,0,0,0.0,0,0
train,109,22,0.34,20,2,0.0,0.6666666666666666,0.6666666666666666,0.6222222222222222,0.5416666666666666,0.75,-0.08333333333333337,0.7345013317805054,0.18181818181818182,0.02962962962962963,0.16666666666666666,0.5,0.0,0.0,0.0,1.0,0,0,0.0,0,0
train,109,23,0.34,20,2,0.04761904761904767,0.5,0.5,0.6,0.5416666666666666,0.6666666666666666,-0.16666666666666663,0.6407007990683032,0.13636363636363635,0.022222222222222223,0.125,1.0,0.0,1.0,0.0,0.0,0,0,0.0,0,0
train,109,24,0.34,20,2,0.0,0.0,0.0,0.5851851851851851,0.38095238095238093,0.5,-0.5,0.38442047944098195,0.09090909090909091,0.014814814814814815,0.19047619047619047,0.5,0.0,0.0,0.0,1.0,0,0,0.0,0,0
train,109,25,0.34,20,2,0.0,0.0,0.0,0.5703703703703704,0.45,0.0,0.0,0.23065228766458917,0.045454545454545456,0.007407407407407408,0.15,0.75,0.0,0.0,0.0,1.0,0,0,0.0,0,0
train,110,0,0.18,22,4,0.0,0.9411764705882353,0.75,0.9629629629629629,0.7058823529411765,0.9411764705882353,0.0,0.9411764705882353,0.8181818181818182,0.13333333333333333,0.11764705882352941,0.5,0.0,1.0,0.0,0.0,0,0,0.0,0,0
train,110,1,0.18,22,4,0.0,0.9375,0.75,0.9407407407407408,0.6,0.9411764705882353,-0.003676470588235281,0.9397058823529412,0.7727272727272727,0.1259259259259259,0.2,0.5,0.0,1.0,0.0,0.0,0,0,0.0,0,0
train,110,2,0.18,22,4,0.0,0.9333333333333333,0.75,0.9185185185185185,0.47619047619047616,0.9375,-0.004166666666666652,0.9371568627450981,0.7272727272727273,0.11851851851851852,0.2857142857142857,0.5,0.0,1.0,0.0,0.0,0,0,0.0,0,0
train,110,3,0.18,22,4,0.0,0.9285714285714286,0.75,0.8962962962962963,0.47619047619047616,0.9333333333333333,-0.004761904761904745,0.9337226890756303,0.6818181818181818,0.1111111111111111,0.2857142857142857,0.5,0.0,1.0,0.0,0.0,0,0,0.0,0,0
train,110,4,0.18,22,4,0.0,0.9230769230769231,0.75,0.8740740740740741,0.47619047619047616,0.9285714285714286,-0.005494505494505475,0.9294643826761474,0.6363636363636364,0.1037037037037037,0.23809523809523808,0.75,0.0,1.0,0.0,0.0,1,2,0.1111111111111111,0,1
train,110,5,0.18,22,4,0.1428571428571429,0.9166666666666666,0.75,0.8518518518518519,0.45,0.9230769230769231,-0.0064102564102564985,0.9243452962723551,0.5909090909090909,0.0962962962962963,0.25,0.5,0.0,1.0,0.0,0.0,1,2,0.10526315789473684,0,1
train,110,6,0.18,22,4,0.0,0.9090909090909091,0.75,0.8296296296296296,0.35294117647058826,0.9166666666666666,-0.007575757575757569,0.9182435413997767,0.5454545454545454,0.08888888888888889,0.29411764705882354,0.5,0.0,0.0,0.0,1.0,0,0,0.0,0,0
train,110,7,0.18,22,4,0.0,0.9,0.75,0.8148148148148148,0.4,0.9090909090909091,-0.009090909090909038,0.910946124839866,0.5,0.08148148148148149,0.3,0.5,0.0,0.0,0.0,1.0,0,0,0.0,0,0
train,110,8,0.18,22,4,0.0,0.8888888888888888,0.75,0.7925925925925926,0.42857142857142855,0.9,-0.011111111111111183,0.9021232304594751,0.45454545454545453,0.07407407407407407,0.23809523809523808,0.75,0.0,0.0,0.0,1.0,1,2,0.1111111111111111,0,1
train,110,9,0.18,22,4,0.0,0.9,0.75,0.7703703703703704,0.47619047619047616,0.8888888888888888,0.011111111111111183,0.9012739382756851,0.4090909090909091,0.08148148148148149,0.23809523809523808,0.5,1.0,0.0,0.0,0.0,0,0,0.0,0,1
train,110,10,0.18,22,4,0.0,0.9090909090909091,0.75,0.7555555555555555,0.4583333333333333,0.9,0.009090909090909038,0.9044007266017747,0.45454545454545453,0.08888888888888889,0.20833333333333334,0.75,1.0,0.0,0.0,0.0,0,0,0.0,0,1
train,110,11,0.18,22,4,0.0,0.9375,0.75,0.7333333333333333,0.4,0.9090909090909091,0.02840909090909094,0.9176404359610648,0.5,0.1259259259259259,0.28,0.5,0.0,0.0,1.0,0.0,0,0,0.0,0,0
train,110,12,0.18,22,4,0.09090909090909094,0.9333333333333333,0.75,0.725925925925926,0.2,0.9375,-0.004166666666666652,0.9239175949099723,0.5454545454545454,0.11851851851851852,0.32,1.0,1.0,0.0,0.0,0.0,0,0,0.0,0,0
train,110,13,0.18,22,4,0.0,0.9285714285714286,0.75,0.7185185185185186,0.28,0.9333333333333333,-0.004761904761904745,0.9257791283745548,0.5909090909090909,0.1111111111111111,0.28,0.5,1.0,0.0,0.0,0.0,0,0,0.0,0,0
train,110,14,0.18,22,4,0.0,0.9230769230769231,0.75,0.7037037037037037,0.32,0.9285714285714286,-0.005494505494505475,0.9246982462555021,0.6363636363636364,0.1037037037037037,0.2,0.75,0.0,0.0,0.0,1.0,0,0,0.0,0,0
train,110,15,0.18,22,4,0.0,0.9166666666666666,0.75,0.6888888888888889,0.4,0.9230769230769231,-0.0064102564102564985,0.9214856144199679,0.5909090909090909,0.0962962962962963,0.24,0.5,0.0,0.0,0.0,1.0,0,0,0.0,0,0
train,110,16,0.18,22,4,0.050000000000000044,0.9090909090909091,0.75,0.6666666666666666,0.44,0.9166666666666666,-0.007575757575757569,0.9165277322883444,0.5454545454545454,0.08888888888888889,0.2,1.0,0.0,1.0,0.0,0.0,0,0,0.0,0,0
train,110,17,0.18,22,4,0.0,0.9,0.75,0.6592592592592592,0.32,0.9090909090909091,-0.009090909090909038,0.9099166393730067,0.5,0.08148148148148149,0.24,0.5,0.0,0.0,0.0,1.0,0,0,0.0,0,0
train,110,18,0.18,22,4,0.0,0.8888888888888888,0.75,0.6444444444444445,0.48,0.9,-0.011111111111111183,0.9015055391793596,0.45454545454545453,0.07407407407407407,0.12,1.0,0.0,1.0,0.0,0.0,1,2,0.2,0,1
train,110,19,0.18,22,4,0.0,0.875,0.75,0.6296296296296297,0.4,0.8888888888888888,-0.01388888888888884,0.8909033235076158,0.4090909090909091,0.06666666666666667,0.16,0.75,0.0,1.0,0.0,0.0,1,2,0.18181818181818182,0,1
train,110,20,0.18,22,4,0.0,0.8571428571428571,0.75,0.6148148148148148,0.3333333333333333,0.875,-0.017857142857142905,0.8773991369617123,0.36363636363636365,0.05925925925925926,0.16666666666666666,0.5,0.0,0.0,0.0,1.0,0,0,0.0,0,0
train,110,21,0.18,22,4,0.10526315789473684,0.8333333333333334,0.75,0.6,0.4583333333333333,0.8571428571428571,-0.023809523809523725,0.8597728155103608,0.3181818181818182,0.05185185185185185,0.20833333333333334,0.75,0.0,1.0,0.0,0.0,1,2,0.18181818181818182,0,1
train,110,22,0.18,22,4,0.0,0.8,0.75,0.5851851851851851,0.38095238095238093,0.8333333333333334,-0.033333333333333326,0.8358636893062165,0.2727272727272727,0.044444444444444446,0.23809523809523808,0.5,0.0,0.0,0.0,1.0,1,2,0.16666666666666666,0,1
train,110,23,0.18,22,4,0.0,0.7,0.25,0.5703703703703704,0.47619047619047616,0.8,-0.10000000000000009,0.7815182135837297,0.22727272727272727,0.08148148148148149,0.2857142857142857,0.25,0.0,0.0,1.0,0.0,0,0,0.0,0,0
train,110,24,0.18,22,4,0.0,0.7777777777777778,0.5,0.5703703703703704,0.2857142857142857,0.7,0.07777777777777783,0.7800220392613489,0.2727272727272727,0.07407407407407407,0.3333333333333333,0.5,1.0,0.0,0.0,0.0,0,0,0.0,0,0
train,110,25,0.18,22,4,0.0,0.875,0.75,0.5703703703703704,0.2916666666666667,0.7777777777777778,0.09722222222222221,0.8180132235568094,0.3181818181818182,0.06666666666666667,0.3333333333333333,0.75,1.0,0.0,0.0,0.0,0,0,0.0,0,0
train,110,26,0.18,22,4,0.0,0.8571428571428571,0.75,0.562962962962963,0.32,0.875,-0.017857142857142905,0.8336650769912285,0.36363636363636365,0.05925925925925926,0.2,1.0,0.0,0.0,0.0,1.0,0,0,0.0,0,0
train,110,27,0.18,22,4,0.0,0.875,0.75,0.5481481481481482,0.4,0.8571428571428571,0.017857142857142905,0.8501990461947371,0.3181818181818182,0.06666666666666667,0.2,0.5,1.0,0.0,0.0,0.0,0,0,0.0,0,0
train,110,28,0.18,22,4,0.0,0.8571428571428571,0.75,0.5333333333333333,0.44,0.875,-0.017857142857142905,0.8529765705739851,0.36363636363636365,0.05925925925925926,0.08,1.0,0.0,0.0,0.0,1.0,0,0,0.0,0,0
train,110,29,0.18,22,4,0.0,0.8333333333333334,0.75,0.5185185185185185,0.52,0.8571428571428571,-0.023809523809523725,0.8451192756777244,0.3181818181818182,0.05185185185185185,0.12,0.75,0.0,0.0,0.0,1.0,0,0,0.0,0,0
train,110,30,0.18,22,4,0.0,0.8,0.75,0.4962962962962963,0.56,0.8333333333333334,-0.033333333333333326,0.8270715654066346,0.2727272727272727,0.044444444444444446,0.04,1.0,0.0,1.0,0.0,0.0,0,0,0.0,0,0
train,110,31,0.18,22,4,0.0,0.75,0.75,0.48148148148148145,0.44,0.8,-0.050000000000000044,0.7962429392439808,0.22727272727272727,0.037037037037037035,0.16,0.5,0.0,0.0,0.0,1.0,0,0,0.0,0,0
train,110,32,0.18,22,4,0.0,0.6666666666666666,0.6666666666666666,0.4666666666666667,0.56,0.75,-0.08333333333333337,0.7444124302130551,0.18181818181818182,0.02962962962962963,0.08,1.0,0.0,1.0,0.0,0.0,0,0,0.0,0,0
train,110,33,0.18,22,4,0.05555555555555558,0.5,0.5,0.45185185185185184,0.5,0.6666666666666666,-0.16666666666666663,0.6466474581278331,0.13636363636363635,0.022222222222222223,0.16666666666666666,0.75,0.0,1.0,0.0,0.0,0,0,0.0,0,0
train,110,34,0.18,22,4,0.0,0.0,0.0,0.42962962962962964,0.38095238095238093,0.5,-0.5,0.38798847487669985,0.09090909090909091,0.014814814814814815,0.19047619047619047,0.5,0.0,0.0,0.0,1.0,0,0,0.0,0,0
train,110,35,0.18,22,4,0.0,0.0,0.0,0.4148148148148148,0.4,0.0,0.0,0.2327930849260199,0.045454545454545456,0.007407407407407408,0.25,0.75,0.0,0.0,0.0,1.0,0,0,0.0,0,0
train,111,0,0.22,20,2,0.0,0.9411764705882353,0.75,0.9629629629629629,0.7058823529411765,0.9411764705882353,0.0,0.9411764705882353,0.8181818181818182,0.13333333333333333,0.17647058823529413,0.25,0.0,1.0,0.0,0.0,0,0,0.0,0,0
train,111,1,0.22,20,2,0.0,0.9375,0.75,0.9407407407407408,0.6,0.9411764705882353,-0.003676470588235281,0.9397058823529412,0.7727272727272727,0.1259259259259259,0.25,0.5,0.0,0.0,0.0,1.0,0,0,0.0,0,0
train,111,2,0.22,20,2,0.0,0.9333333333333333,0.75,0.9259259259259259,0.5652173913043478,0.9375,-0.004166666666666652,0.9371568627450981,0.7272727272727273,0.11851851851851852,0.2608695652173913,0.5,0.0,1.0,0.0,0.0,0,0,0.0,0,0
train,111,3,0.22,20,2,0.0,0.9285714285714286,0.75,0.9111111111111111,0.5833333333333334,0.9333333333333333,-0.004761904761904745,0.9337226890756303,0.6818181818181818,0.1111111111111111,0.16666666666666666,0.75,0.0,1.0,0.0,0.0,0,0,0.0,0,0
train,111,4,0.22,20,2,0.0,0.9230769230769231,0.75,0.8888888888888888,0.5416666666666666,0.9285714285714286,-0.005494505494505475,0.9294643826761474,0.6363636363636364,0.1037037037037037,0.125,1.0,0.0,1.0,0.0,0.0,0,0,0.0,0,0
train,111,5,0.22,20,2,0.0,0.9166666666666666,0.75,0.8666666666666667,0.5416666666666666,0.9230769230769231,-0.0064102564102564985,0.9243452962723551,0.5909090909090909,0.0962962962962963,0.08333333333333333,0.75,0.0,1.0,0.0,0.0,0,0,0.0,0,0
train,111,6,0.22,20,2,0.0,0.9090909090909091,0.75,0.8444444444444444,0.5217391304347826,0.9166666666666666,-0.007575757575757569,0.9182435413997767,0.5454545454545454,0.08888888888888889,0.08695652173913043,0.75,0.0,0.0,0.0,1.0,0,0,0.0,0,0
train,111,7,0.22,20,2,0.0,0.9,0.75,0.8296296296296296,0.5,0.9090909090909091,-0.009090909090909038,0.910946124839866,0.5,0.08148148148148149,0.125,0.5,0.0,0.0,0.0,1.0,0,0,0.0,0,0
train,111,8,0.22,20,2,0.13636363636363635,0.8888888888888888,0.75,0.8074074074074075,0.5,0.9,-0.011111111111111183,0.9021232304594751,0.45454545454545453,0.07407407407407407,0.125,1.0,0.0,1.0,0.0,0.0,1,2,0.16666666666666666,0,1
train,111,9,0.22,20,2,0.0,0.875,0.75,0.7925925925925926,0.47619047619047616,0.8888888888888888,-0.01388888888888884,0.8912739382756851,0.4090909090909091,0.06666666666666667,0.19047619047619047,0.5,0.0,0.0,0.0,1.0,0,0,0.0,0,0
train,111,10,0.22,20,2,0.0,0.8571428571428571,0.75,0.7777777777777778,0.47619047619047616,0.875,-0.017857142857142905,0.8776215058225539,0.36363636363636365,0.05925925925925926,0.19047619047619047,0.75,0.0,0.0,0.0,1.0,0,0,0.0,0,0
train,111,11,0.22,20,2,0.0,0.8333333333333334,0.75,0.7555555555555555,0.47619047619047616,0.8571428571428571,-0.023809523809523725,0.8599062368268657,0.3181818181818182,0.05185185185185185,0.19047619047619047,0.75,0.0,0.0,0.0,1.0,0,0,0.0,0,0
train,111,12,0.22,20,2,0.0,0.8,0.75,0.7333333333333333,0.47619047619047616,0.8333333333333334,-0.033333333333333326,0.8359437420961194,0.2727272727272727,0.044444444444444446,0.14285714285714285,0.75,0.0,0.0,0.0,1.0,0,0,0.0,0,0
train,111,13,0.22,20,2,0.0,0.8333333333333334,0.75,0.7111111111111111,0.47619047619047616,0.8,0.033333333333333326,0.834899578591005,0.22727272727272727,0.05185185185185185,0.19047619047619047,0.5,1.0,0.0,0.0,0.0,0,0,0.0,0,0
train,111,14,0.22,20,2,0.0,0.8,0.75,0.6962962962962963,0.5,0.8333333333333334,-0.033333333333333326,0.820939747154603,0.2727272727272727,0.044444444444444446,0.125,1.0,0.0,0.0,0.0,1.0,0,0,0.0,0,0
train,111,15,0.22,20,2,0.0,0.8333333333333334,0.75,0.6814814814814815,0.5416666666666666,0.8,0.033333333333333326,0.8258971816260952,0.22727272727272727,0.05185185185185185,0.125,0.5,1.0,0.0,0.0,0.0,0,0,0.0,0,0
train,111,16,0.22,20,2,0.0,0.8,0.75,0.6666666666666666,0.6,0.8333333333333334,-0.033333333333333326,0.8155383089756572,0.2727272727272727,0.044444444444444446,0.08,1.0,0.0,0.0,0.0,1.0,0,0,0.0,0,0
train,111,17,0.22,20,2,0.0,0.75,0.75,0.6518518518518519,0.6,0.8,-0.050000000000000044,0.7893229853853942,0.22727272727272727,0.037037037037037035,0.08,0.75,0.0,0.0,0.0,1.0,0,0,0.0,0,0
train,111,18,0.22,20,2,0.0,0.6666666666666666,0.6666666666666666,0.6296296296296297,0.56,0.75,-0.08333333333333337,0.7402604578979032,0.18181818181818182,0.02962962962962963,0.08,0.75,0.0,0.0,0.0,1.0,0,0,0.0,0,0
train,111,19,0.22,20,2,0.0,0.5,0.5,0.6074074074074074,0.5416666666666666,0.6666666666666666,-0.16666666666666663,0.6441562747387419,0.13636363636363635,0.022222222222222223,0.08333333333333333,1.0,0.0,1.0,0.0,0.0,0,0,0.0,0,0
train,111,20,0.22,20,2,0.0,0.0,0.0,0.5925925925925926,0.4782608695652174,0.5,-0.5,0.38649376484324516,0.09090909090909091,0.014814814814814815,0.08695652173913043,0.75,0.0,1.0,0.0,0.0,0,0,0.0,0,0
train,111,21,0.22,20,2,0.0,0.0,0.0,0.5703703703703704,0.35,0.0,0.0,0.2318962589059471,0.045454545454545456,0.007407407407407408,0.2,0.75,0.0,0.0,0.0,1.0,0,0,0.0,0,0
train,112,0,0.26,20,2,0.0,0.9411764705882353,0.75,0.9629629629629629,0.7058823529411765,0.9411764705882353,0.0,0.9411764705882353,0.8181818181818182,0.13333333333333333,0.11764705882352941,0.5,0.0,1.0,0.0,0.0,0,0,0.0,0,0
train,112,1,0.26,20,2,0.0,0.9375,0.75,0.9407407407407408,0.6,0.9411764705882353,-0.003676470588235281,0.9397058823529412,0.7727272727272727,0.1259259259259259,0.2,0.5,0.0,1.0,0.0,0.0,0,0,0.0,0,0
train,112,2,0.26,20,2,0.0,0.9333333333333333,0.75,0.9185185185185185,0.47619047619047616,0.9375,-0.004166666666666652,0.9371568627450981,0.7272727272727273,0.11851851851851852,0.2857142857142857,0.5,0.0,1.0,0.0,0.0,0,0,0.0,0,0
train,112,3,0.26,20,2,0.0,0.9285714285714286,0.75,0.8962962962962963,0.47619047619047616,0.9333333333333333,-0.004761904761904745,0.9337226890756303,0.6818181818181818,0.1111111111111111,0.23809523809523808,0.75,0.0,1.0,0.0,0.0,0,0,0.0,0,0
train,112,4,0.26,20,2,0.0,0.9230769230769231,0.75,0.8740740740740741,0.47619047619047616,0.9285714285714286,-0.005494505494505475,0.9294643826761474,0.6363636363636364,0.1037037037037037,0.19047619047619047,0.75,0.0,1.0,0.0,0.0,1,2,0.125,0,1
train,112,5,0.26,20,2,0.2142857142857143,0.9166666666666666,0.75,0.8518518518518519,0.45,0.9230769230769231,-0.0064102564102564985,0.9243452962723551,0.5909090909090909,0.0962962962962963,0.15,0.75,0.0,1.0,0.0,0.0,1,2,0.11764705882352941,0,1
train,112,6,0.26,20,2,0.0,0.9090909090909091,0.75,0.8296296296296296,0.35294117647058826,0.9166666666666666,-0.007575757575757569,0.9182435413997767,0.5454545454545454,0.08888888888888889,0.23529411764705882,0.5,0.0,0.0,0.0,1.0,0,0,0.0,0,0
train,112,7,0.26,20,2,0.0,0.9166666666666666,0.75,0.8148148148148148,0.4,0.9090909090909091,0.007575757575757569,0.9176127915065327,0.5,0.0962962962962963,0.25,0.5,1.0,0.0,0.0,0.0,0,0,0.0,0,0
train,112,8,0.26,20,2,0.0,0.9230769230769231,0.75,0.8074074074074075,0.30434782608695654,0.9166666666666666,0.0064102564102564985,0.9197984441346889,0.5454545454545454,0.1037037037037037,0.34782608695652173,0.75,1.0,0.0,0.0,0.0,0,0,0.0,0,0
train,112,9,0.26,20,2,0.0,0.9166666666666666,0.75,0.8,0.25,0.9230769230769231,-0.0064102564102564985,0.91854573314748,0.5909090909090909,0.0962962962962963,0.3333333333333333,1.0,0.0,0.0,0.0,1.0,0,0,0.0,0,0
train,112,10,0.26,20,2,0.0,0.9090909090909091,0.75,0.7851851851851852,0.44,0.9166666666666666,-0.007575757575757569,0.9147638035248516,0.5454545454545454,0.08888888888888889,0.2,0.5,0.0,0.0,0.0,1.0,0,0,0.0,0,0
train,112,11,0.26,20,2,0.0,0.9,0.75,0.762962962962963,0.52,0.9090909090909091,-0.009090909090909038,0.9088582821149109,0.5,0.08148148148148149,0.16,0.75,0.0,1.0,0.0,0.0,1,2,0.15384615384615385,0,1
train,112,12,0.26,20,2,0.0,0.8181818181818182,0.5,0.7481481481481481,0.4166666666666667,0.9,-0.08181818181818179,0.8725876965416739,0.45454545454545453,0.08888888888888889,0.25,0.25,1.0,0.0,0.0,0.0,0,0,0.0,0,0
train,112,13,0.26,20,2,0.0,0.9,0.75,0.7481481481481481,0.44,0.8181818181818182,0.08181818181818179,0.8835526179250044,0.5,0.08148148148148149,0.24,0.75,0.0,0.0,0.0,1.0,0,0,0.0,0,0
train,112,14,0.26,20,2,0.0,0.8888888888888888,0.75,0.7333333333333333,0.52,0.9,-0.011111111111111183,0.8856871263105581,0.45454545454545453,0.07407407407407407,0.24,0.5,0.0,0.0,0.0,1.0,0,0,0.0,0,0
train,112,15,0.26,20,2,0.0,0.9,0.75,0.7111111111111111,0.56,0.8888888888888888,0.011111111111111183,0.891412275786335,0.4090909090909091,0.08148148148148149,0.2,0.5,1.0,0.0,0.0,0.0,0,0,0.0,0,0
train,112,16,0.26,20,2,0.0,0.8888888888888888,0.75,0.6962962962962963,0.52,0.9,-0.011111111111111183,0.8904029210273565,0.45454545454545453,0.07407407407407407,0.24,0.75,0.0,0.0,0.0,1.0,0,0,0.0,0,0
train,112,17,0.26,20,2,0.0,0.875,0.75,0.6814814814814815,0.56,0.8888888888888888,-0.01388888888888884,0.8842417526164139,0.4090909090909091,0.06666666666666667,0.16,0.75,0.0,0.0,0.0,1.0,0,0,0.0,0,0
train,112,18,0.26,20,2,0.0,0.8571428571428571,0.75,0.6592592592592592,0.56,0.875,-0.017857142857142905,0.8734021944269912,0.36363636363636365,0.05925925925925926,0.08,1.0,0.0,1.0,0.0,0.0,0,0,0.0,0,0
train,112,19,0.26,20,2,0.0,0.8333333333333334,0.75,0.6444444444444445,0.48,0.8571428571428571,-0.023809523809523725,0.8573746499895281,0.3181818181818182,0.05185185185185185,0.08,0.75,0.0,1.0,0.0,0.0,1,2,0.2857142857142857,0,1
train,112,20,0.26,20,2,0.10526315789473684,0.8,0.75,0.6222222222222222,0.4166666666666667,0.8333333333333334,-0.033333333333333326,0.8344247899937168,0.2727272727272727,0.044444444444444446,0.16666666666666666,0.75,0.0,1.0,0.0,0.0,1,2,0.25,0,1
train,112,21,0.26,20,2,0.0,0.75,0.75,0.6,0.42857142857142855,0.8,-0.050000000000000044,0.8006548739962301,0.22727272727272727,0.037037037037037035,0.19047619047619047,0.75,0.0,0.0,0.0,1.0,1,2,0.2222222222222222,0,1
train,112,22,0.26,20,2,0.0,0.6666666666666666,0.6666666666666666,0.5851851851851851,0.42857142857142855,0.75,-0.08333333333333337,0.7470595910644047,0.18181818181818182,0.02962962962962963,0.14285714285714285,0.5,0.0,0.0,0.0,1.0,1,2,0.2,0,1
train,112,23,0.26,20,2,0.0,0.5,0.0,0.562962962962963,0.42857142857142855,0.6666666666666666,-0.16666666666666663,0.6482357546386428,0.13636363636363635,0.08148148148148149,0.2857142857142857,0.25,0.0,0.0,1.0,0.0,0,0,0.0,0,0
train,112,24,0.26,20,2,0.0,0.5555555555555556,0.0,0.562962962962963,0.2857142857142857,0.5,0.05555555555555558,0.6111636750054079,0.18181818181818182,0.07407407407407407,0.2857142857142857,0.5,0.0,0.0,1.0,0.0,0,0,0.0,0,0
train,112,25,0.26,20,2,0.0,0.625,0.25,0.562962962962963,0.19047619047619047,0.5555555555555556,0.06944444444444442,0.6166982050032448,0.22727272727272727,0.06666666666666667,0.38095238095238093,0.75,1.0,0.0,0.0,0.0,0,0,0.0,0,0
train,112,26,0.26,20,2,0.0,0.7142857142857143,0.5,0.562962962962963,0.16666666666666666,0.625,0.0892857142857143,0.6557332087162326,0.2727272727272727,0.05925925925925926,0.2916666666666667,0.75,1.0,0.0,0.0,0.0,0,0,0.0,0,0
train,112,27,0.26,20,2,0.0,0.8333333333333334,0.75,0.562962962962963,0.2,0.7142857142857143,0.11904761904761907,0.726773258563073,0.3181818181818182,0.05185185185185185,0.2,0.75,0.0,0.0,0.0,1.0,0,0,0.0,0,0
train,112,28,0.26,20,2,0.0,0.8,0.75,0.5555555555555556,0.32,0.8333333333333334,-0.033333333333333326,0.7560639551378439,0.2727272727272727,0.044444444444444446,0.16,0.75,0.0,0.0,0.0,1.0,0,0,0.0,0,0
train,112,29,0.26,20,2,0.0,0.75,0.75,0.5407407407407407,0.4,0.8,-0.050000000000000044,0.7536383730827063,0.22727272727272727,0.037037037037037035,0.2,0.75,0.0,0.0,0.0,1.0,0,0,0.0,0,0
train,112,30,0.26,20,2,0.050000000000000044,0.6666666666666666,0.6666666666666666,0.5185185185185185,0.48,0.75,-0.08333333333333337,0.7188496905162904,0.18181818181818182,0.02962962962962963,0.16,0.75,0.0,1.0,0.0,0.0,0,0,0.0,0,0
train,112,31,0.26,20,2,0.0,0.5,0.5,0.5111111111111111,0.375,0.6666666666666666,-0.16666666666666663,0.6313098143097743,0.13636363636363635,0.022222222222222223,0.20833333333333334,0.5,0.0,0.0,0.0,1.0,0,0,0.0,0,0
train,112,32,0.26,20,2,0.0,0.0,0.0,0.4962962962962963,0.4782608695652174,0.5,-0.5,0.37878588858586454,0.09090909090909091,0.014814814814814815,0.17391304347826086,0.75,0.0,1.0,0.0,0.0,0,0,0.0,0,0
train,112,33,0.26,20,2,0.0,0.0,0.0,0.48148148148148145,0.35,0.0,0.0,0.2272715331515187,0.045454545454545456,0.007407407407407408,0.25,0.5,0.0,0.0,0.0,1.0,0,0,0.0,0,0
train,113,0,0.3,20,2,0.0,0.9411764705882353,0.75,0.9629629629629629,0.7058823529411765,0.9411764705882353,0.0,0.9411764705882353,0.8181818181818182,0.13333333333333333,0.11764705882352941,0.5,0.0,1.0,0.0,0.0,0,0,0.0,0,0
train,113,1,0.3,20,2,0.0,0.9375,0.75,0.9407407407407408,0.6,0.9411764705882353,-0.003676470588235281,0.9397058823529412,0.7727272727272727,0.1259259259259259,0.2,0.5,0.0,1.0,0.0,0.0,0,0,0.0,0,0
train,113,2,0.3,20,2,0.0,0.9333333333333333,0.75,0.9185185185185185,0.47619047619047616,0.9375,-0.004166666666666652,0.9371568627450981,0.7272727272727273,0.11851851851851852,0.23809523809523808,0.75,0.0,1.0,0.0,0.0,0,0,0.0,0,0
train,113,3,0.3,20,2,0.0,0.9285714285714286,0.75,0.8962962962962963,0.47619047619047616,0.9333333333333333,-0.004761904761904745,0.9337226890756303,0.6818181818181818,0.1111111111111111,0.19047619047619047,0.75,0.0,1.0,0.0,0.0,1,2,0.11764705882352941,0,1
train,113,4,0.3,20,2,0.0,0.9230769230769231,0.75,0.8740740740740741,0.47619047619047616,0.9285714285714286,-0.005494505494505475,0.9294643826761474,0.6363636363636364,0.1037037037037037,0.19047619047619047,0.5,0.0,0.0,0.0,1.0,0,0,0.0,0,0
train,113,5,0.3,20,2,0.0,0.9166666666666666,0.75,0.8592592592592593,0.5,0.9230769230769231,-0.0064102564102564985,0.9243452962723551,0.5909090909090909,0.0962962962962963,0.20833333333333334,0.75,0.0,1.0,0.0,0.0,1,2,0.11764705882352941,0,1
train,113,6,0.3,20,2,0.1578947368421053,0.9090909090909091,0.75,0.8444444444444444,0.5217391304347826,0.9166666666666666,-0.007575757575757569,0.9182435413997767,0.5454545454545454,0.08888888888888889,0.13043478260869565,0.75,0.0,1.0,0.0,0.0,1,2,0.1111111111111111,0,1
train,113,7,0.3,20,2,0.0,0.9,0.75,0.8222222222222222,0.45,0.9090909090909091,-0.009090909090909038,0.910946124839866,0.5,0.08148148148148149,0.2,0.5,0.0,0.0,0.0,1.0,0,0,0.0,0,0
train,113,8,0.3,20,2,0.0,0.8888888888888888,0.75,0.8074074074074075,0.47619047619047616,0.9,-0.011111111111111183,0.9021232304594751,0.45454545454545453,0.07407407407407407,0.23809523809523808,0.75,0.0,0.0,0.0,1.0,0,0,0.0,0,0
train,113,9,0.3,20,2,0.0,0.875,0.75,0.7851851851851852,0.42857142857142855,0.8888888888888888,-0.01388888888888884,0.8912739382756851,0.4090909090909091,0.06666666666666667,0.23809523809523808,0.75,0.0,0.0,0.0,1.0,1,2,0.11764705882352941,0,1
train,113,10,0.3,20,2,0.0,0.8571428571428571,0.75,0.762962962962963,0.47619047619047616,0.875,-0.017857142857142905,0.8776215058225539,0.36363636363636365,0.05925925925925926,0.19047619047619047,0.5,0.0,0.0,0.0,1.0,1,2,0.1111111111111111,0,1
train,113,11,0.3,20,2,0.0,0.8333333333333334,0.75,0.7407407407407407,0.47619047619047616,0.8571428571428571,-0.023809523809523725,0.8599062368268657,0.3181818181818182,0.05185185185185185,0.23809523809523808,0.5,0.0,0.0,0.0,1.0,1,2,0.10526315789473684,0,1
train,113,12,0.3,20,2,0.0,0.8,0.75,0.7185185185185186,0.47619047619047616,0.8333333333333334,-0.033333333333333326,0.8359437420961194,0.2727272727272727,0.044444444444444446,0.2857142857142857,0.5,0.0,0.0,0.0,1.0,1,2,0.1,0,1
train,113,13,0.3,20,2,0.0,0.6875,0.0,0.6962962962962963,0.47619047619047616,0.8,-0.11250000000000004,0.7765662452576717,0.22727272727272727,0.1259259259259259,0.3333333333333333,0.25,0.0,0.0,1.0,0.0,0,0,0.0,0,0
train,113,14,0.3,20,2,0.0,0.7333333333333333,0.0,0.6962962962962963,0.3333333333333333,0.6875,0.04583333333333328,0.7592730804879364,0.2727272727272727,0.11851851851851852,0.42857142857142855,0.5,0.0,0.0,1.0,0.0,0,0,0.0,0,0
train,113,15,0.3,20,2,0.0,0.7857142857142857,0.25,0.6962962962962963,0.19047619047619047,0.7333333333333333,0.05238095238095242,0.769849562578476,0.3181818181818182,0.1111111111111111,0.47619047619047616,0.5,0.0,0.0,1.0,0.0,0,0,0.0,0,0
train,113,16,0.3,20,2,0.0,0.8461538461538461,0.5,0.6962962962962963,0.19047619047619047,0.7857142857142857,0.06043956043956045,0.8003712760086241,0.36363636363636365,0.1037037037037037,0.38095238095238093,0.5,0.0,0.0,1.0,0.0,0,0,0.0,0,0
train,113,17,0.3,20,2,0.11111111111111116,0.9166666666666666,0.75,0.6962962962962963,0.14285714285714285,0.8461538461538461,0.07051282051282048,0.8468894322718412,0.4090909090909091,0.0962962962962963,0.42857142857142855,0.75,1.0,0.0,0.0,0.0,0,0,0.0,0,0
train,113,18,0.3,20,2,0.0,0.9090909090909091,0.75,0.6888888888888889,0.25,0.9166666666666666,-0.007575757575757569,0.8717700229994684,0.45454545454545453,0.08888888888888889,0.3333333333333333,0.75,1.0,0.0,0.0,0.0,0,0,0.0,0,0
train,113,19,0.3,20,2,0.0,0.9,0.75,0.674074074074074,0.36,0.9090909090909091,-0.009090909090909038,0.883062013799681,0.5,0.08148148148148149,0.16,0.75,0.0,0.0,0.0,1.0,0,0,0.0,0,0
train,113,20,0.3,20,2,0.0,0.9090909090909091,0.75,0.6592592592592592,0.36,0.9,0.009090909090909038,0.8934735719161722,0.45454545454545453,0.08888888888888889,0.24,0.5,1.0,0.0,0.0,0.0,0,0,0.0,0,0
train,113,21,0.3,20,2,0.0,0.9,0.75,0.6444444444444445,0.48,0.9090909090909091,-0.009090909090909038,0.8960841431497033,0.5,0.08148148148148149,0.16,1.0,0.0,0.0,0.0,1.0,0,0,0.0,0,0
train,113,22,0.3,20,2,0.0,0.8888888888888888,0.75,0.6296296296296297,0.48,0.9,-0.011111111111111183,0.8932060414453775,0.45454545454545453,0.07407407407407407,0.16,0.75,0.0,0.0,0.0,1.0,0,0,0.0,0,0
train,113,23,0.3,20,2,0.0,0.9,0.75,0.6074074074074074,0.4,0.8888888888888888,0.011111111111111183,0.8959236248672264,0.4090909090909091,0.08148148148148149,0.24,0.5,1.0,0.0,0.0,0.0,0,0,0.0,0,0
train,113,24,0.3,20,2,0.0,0.8888888888888888,0.75,0.5925925925925926,0.52,0.9,-0.011111111111111183,0.8931097304758915,0.45454545454545453,0.07407407407407407,0.16,1.0,0.0,0.0,0.0,1.0,0,0,0.0,0,0
train,113,25,0.3,20,2,0.0,0.875,0.75,0.5777777777777777,0.52,0.8888888888888888,-0.01388888888888884,0.8858658382855349,0.4090909090909091,0.06666666666666667,0.16,0.5,0.0,0.0,0.0,1.0,0,0,0.0,0,0
train,113,26,0.3,20,2,0.0,0.8571428571428571,0.75,0.5555555555555556,0.56,0.875,-0.017857142857142905,0.8743766458284637,0.36363636363636365,0.05925925925925926,0.12,0.75,0.0,1.0,0.0,0.0,0,0,0.0,0,0
train,113,27,0.3,20,2,0.0,0.8333333333333334,0.75,0.5407407407407407,0.4,0.8571428571428571,-0.023809523809523725,0.8579593208304116,0.3181818181818182,0.05185185185185185,0.28,0.5,0.0,1.0,0.0,0.0,0,0,0.0,0,0
train,113,28,0.3,20,2,0.06666666666666665,0.8,0.75,0.5185185185185185,0.28,0.8333333333333334,-0.033333333333333326,0.834775592498247,0.2727272727272727,0.044444444444444446,0.36,0.75,0.0,1.0,0.0,0.0,0,0,0.0,0,0
train,113,29,0.3,20,2,0.0,0.75,0.75,0.5111111111111111,0.2916666666666667,0.8,-0.050000000000000044,0.8008653554989482,0.22727272727272727,0.037037037037037035,0.375,0.5,0.0,0.0,0.0,1.0,0,0,0.0,0,0
train,113,30,0.3,20,2,0.125,0.6666666666666666,0.6666666666666666,0.4962962962962963,0.4166666666666667,0.75,-0.08333333333333337,0.7471858799660356,0.18181818181818182,0.02962962962962963,0.25,0.75,0.0,1.0,0.0,0.0,0,0,0.0,0,0
train,113,31,0.3,20,2,0.0,0.5,0.5,0.48148148148148145,0.3333333333333333,0.6666666666666666,-0.16666666666666663,0.6483115279796213,0.13636363636363635,0.022222222222222223,0.2857142857142857,0.5,0.0,0.0,0.0,1.0,0,0,0.0,0,0
train,113,32,0.3,20,2,0.0,0.0,0.0,0.4666666666666667,0.47619047619047616,0.5,-0.5,0.3889869167877728,0.09090909090909091,0.014814814814814815,0.19047619047619047,0.75,0.0,0.0,0.0,1.0,0,0,0.0,0,0
train,113,33,0.3,20,2,0.0,0.0,0.0,0.4444444444444444,0.45,0.0,0.0,0.23339215007266367,0.045454545454545456,0.007407407407407408,0.2,0.75,0.0,0.0,0.0,1.0,0,0,0.0,0,0
train,114,0,0.34,20,2,0.0,0.9411764705882353,0.75,0.9629629629629629,0.7058823529411765,0.9411764705882353,0.0,0.9411764705882353,0.8181818181818182,0.13333333333333333,0.11764705882352941,0.5,0.0,1.0,0.0,0.0,0,0,0.0,0,0
train,114,1,0.34,20,2,0.0,0.9375,0.75,0.9407407407407408,0.6,0.9411764705882353,-0.003676470588235281,0.9397058823529412,0.7727272727272727,0.1259259259259259,0.15,0.75,0.0,1.0,0.0,0.0,0,0,0.0,0,0
train,114,2,0.34,20,2,0.0,0.9333333333333333,0.75,0.9185185185185185,0.47619047619047616,0.9375,-0.004166666666666652,0.9371568627450981,0.7272727272727273,0.11851851851851852,0.19047619047619047,0.75,0.0,1.0,0.0,0.0,0,0,0.0,0,0
train,114,3,0.34,20,2,0.0,0.9285714285714286,0.75,0.8962962962962963,0.47619047619047616,0.9333333333333333,-0.004761904761904745,0.9337226890756303,0.6818181818181818,0.1111111111111111,0.19047619047619047,0.5,0.0,0.0,0.0,1.0,0,0,0.0,0,0
train,114,4,0.34,20,2,0.0,0.9230769230769231,0.75,0.8814814814814815,0.5,0.9285714285714286,-0.005494505494505475,0.9294643826761474,0.6363636363636364,0.1037037037037037,0.16666666666666666,0.75,0.0,1.0,0.0,0.0,0,0,0.0,0,0
train,114,5,0.34,20,2,0.0,0.9166666666666666,0.75,0.8666666666666667,0.5416666666666666,0.9230769230769231,-0.0064102564102564985,0.9243452962723551,0.5909090909090909,0.0962962962962963,0.16666666666666666,0.5,0.0,0.0,0.0,1.0,0,0,0.0,0,0
train,114,6,0.34,20,2,0.0,0.9090909090909091,0.75,0.8518518518518519,0.6,0.9166666666666666,-0.007575757575757569,0.9182435413997767,0.5454545454545454,0.08888888888888889,0.12,0.75,0.0,1.0,0.0,0.0,0,0,0.0,0,0
train,114,7,0.34,20,2,0.125,0.9,0.75,0.837037037037037,0.5833333333333334,0.9090909090909091,-0.009090909090909038,0.910946124839866,0.5,0.08148148148148149,0.125,0.75,0.0,1.0,0.0,0.0,1,2,0.15384615384615385,0,1
train,114,8,0.34,20,2,0.0,0.8181818181818182,0.5,0.8148148148148148,0.47619047619047616,0.9,-0.08181818181818179,0.8738404021766468,0.45454545454545453,0.08888888888888889,0.19047619047619047,0.5,1.0,0.0,0.0,0.0,0,0,0.0,0,0
train,114,9,0.34,20,2,0.0,0.9,0.75,0.8148148148148148,0.4583333333333333,0.8181818181818182,0.08181818181818179,0.8843042413059881,0.5,0.08148148148148149,0.20833333333333334,0.75,0.0,0.0,0.0,1.0,0,0,0.0,0,0
train,114,10,0.34,20,2,0.0,0.8888888888888888,0.75,0.8074074074074075,0.5,0.9,-0.011111111111111183,0.8861381003391484,0.45454545454545453,0.07407407407407407,0.16666666666666666,0.75,0.0,0.0,0.0,1.0,0,0,0.0,0,0
train,114,11,0.34,20,2,0.13636363636363635,0.875,0.75,0.7851851851851852,0.5416666666666666,0.8888888888888888,-0.01388888888888884,0.881682860203489,0.4090909090909091,0.06666666666666667,0.08333333333333333,1.0,0.0,1.0,0.0,0.0,0,0,0.0,0,0
train,114,12,0.34,20,2,0.0,0.8571428571428571,0.75,0.7703703703703704,0.38095238095238093,0.875,-0.017857142857142905,0.8718668589792362,0.36363636363636365,0.05925925925925926,0.14285714285714285,0.5,0.0,0.0,0.0,1.0,0,0,0.0,0,0
train,114,13,0.34,20,2,0.0,0.8333333333333334,0.75,0.7555555555555555,0.47619047619047616,0.8571428571428571,-0.023809523809523725,0.856453448720875,0.3181818181818182,0.05185185185185185,0.14285714285714285,0.75,0.0,0.0,0.0,1.0,0,0,0.0,0,0
train,114,14,0.34,20,2,0.0,0.8,0.75,0.7333333333333333,0.47619047619047616,0.8333333333333334,-0.033333333333333326,0.8338720692325251,0.2727272727272727,0.044444444444444446,0.23809523809523808,0.5,0.0,0.0,0.0,1.0,0,0,0.0,0,0
train,114,15,0.34,20,2,0.0,0.8333333333333334,0.75,0.7111111111111111,0.47619047619047616,0.8,0.033333333333333326,0.8336565748728484,0.22727272727272727,0.05185185185185185,0.23809523809523808,0.5,1.0,0.0,0.0,0.0,0,0,0.0,0,0
train,114,16,0.34,20,2,0.0,0.8,0.75,0.6962962962962963,0.5,0.8333333333333334,-0.033333333333333326,0.8201939449237091,0.2727272727272727,0.044444444444444446,0.20833333333333334,0.5,0.0,0.0,0.0,1.0,0,0,0.0,0,0
train,114,17,0.34,20,2,0.0,0.75,0.75,0.6814814814814815,0.5416666666666666,0.8,-0.050000000000000044,0.7921163669542255,0.22727272727272727,0.037037037037037035,0.20833333333333334,0.5,0.0,0.0,0.0,1.0,0,0,0.0,0,0
train,114,18,0.34,20,2,0.09090909090909094,0.6666666666666666,0.6666666666666666,0.6592592592592592,0.5416666666666666,0.75,-0.08333333333333337,0.741936486839202,0.18181818181818182,0.02962962962962963,0.16666666666666666,1.0,0.0,1.0,0.0,0.0,0,0,0.0,0,0
train,114,19,0.34,20,2,0.0,0.5,0.5,0.6444444444444445,0.38095238095238093,0.6666666666666666,-0.16666666666666663,0.6451618921035212,0.13636363636363635,0.022222222222222223,0.19047619047619047,0.5,0.0,0.0,0.0,1.0,0,0,0.0,0,0
train,114,20,0.34,20,2,0.0,0.0,0.0,0.6296296296296297,0.47619047619047616,0.5,-0.5,0.3870971352621127,0.09090909090909091,0.014814814814814815,0.14285714285714285,0.75,0.0,0.0,0.0,1.0,0,0,0.0,0,0
train,114,21,0.34,20,2,0.0,0.0,0.0,0.6074074074074074,0.45,0.0,0.0,0.2322582811572676,0.045454545454545456,0.007407407407407408,0.2,0.75,0.0,0.0,0.0,1.0,0,0,0.0,0,0
train,115,0,0.18,20,2,0.0,0.9411764705882353,0.75,0.9629629629629629,0.7058823529411765,0.9411764705882353,0.0,0.9411764705882353,0.8181818181818182,0.13333333333333333,0.17647058823529413,0.25,0.0,1.0,0.0,0.0,0,0,0.0,0,0
train,115,1,0.18,20,2,0.0,0.9375,0.75,0.9407407407407408,0.6,0.9411764705882353,-0.003676470588235281,0.9397058823529412,0.7727272727272727,0.1259259259259259,0.25,0.5,0.0,1.0,0.0,0.0,0,0,0.0,0,0
train,115,2,0.18,20,2,0.0,0.9333333333333333,0.75,0.9185185185185185,0.47619047619047616,0.9375,-0.004166666666666652,0.9371568627450981,0.7272727272727273,0.11851851851851852,0.3333333333333333,0.5,0.0,1.0,0.0,0.0,0,0,0.0,0,0
train,115,3,0.18,20,2,0.0,0.9285714285714286,0.75,0.8962962962962963,0.47619047619047616,0.9333333333333333,-0.004761904761904745,0.9337226890756303,0.6818181818181818,0.1111111111111111,0.23809523809523808,0.75,0.0,1.0,0.0,0.0,0,0,0.0,0,0
train,115,4,0.18,20,2,0.0,0.9230769230769231,0.75,0.8740740740740741,0.47619047619047616,0.9285714285714286,-0.005494505494505475,0.9294643826761474,0.6363636363636364,0.1037037037037037,0.19047619047619047,0.75,0.0,1.0,0.0,0.0,1,2,0.125,0,1
train,115,5,0.18,20,2,0.1428571428571429,0.9166666666666666,0.75,0.8518518518518519,0.45,0.9230769230769231,-0.0064102564102564985,0.9243452962723551,0.5909090909090909,0.0962962962962963,0.2,0.5,0.0,1.0,0.0,0.0,0,0,0.0,0,0
train,115,6,0.18,20,2,0.0,0.9090909090909091,0.75,0.8296296296296296,0.35294117647058826,0.9166666666666666,-0.007575757575757569,0.9182435413997767,0.5454545454545454,0.08888888888888889,0.29411764705882354,0.5,0.0,0.0,0.0,1.0,0,0,0.0,0,0
train,115,7,0.18,20,2,0.0,0.9,0.75,0.8148148148148148,0.4,0.9090909090909091,-0.009090909090909038,0.910946124839866,0.5,0.08148148148148149,0.25,0.5,0.0,0.0,0.0,1.0,0,0,0.0,0,0
train,115,8,0.18,20,2,0.0,0.8888888888888888,0.75,0.7925925925925926,0.42857142857142855,0.9,-0.011111111111111183,0.9021232304594751,0.45454545454545453,0.07407407407407407,0.23809523809523808,0.75,0.0,0.0,0.0,1.0,0,0,0.0,0,0
train,115,9,0.18,20,2,0.0,0.875,0.75,0.7703703703703704,0.47619047619047616,0.8888888888888888,-0.01388888888888884,0.8912739382756851,0.4090909090909091,0.06666666666666667,0.19047619047619047,0.75,0.0,0.0,0.0,1.0,0,0,0.0,0,0
train,115,10,0.18,20,2,0.0,0.8571428571428571,0.75,0.7481481481481481,0.47619047619047616,0.875,-0.017857142857142905,0.8776215058225539,0.36363636363636365,0.05925925925925926,0.14285714285714285,0.75,0.0,0.0,0.0,1.0,0,0,0.0,0,0
train,115,11,0.18,20,2,0.0,0.8333333333333334,0.75,0.725925925925926,0.47619047619047616,0.8571428571428571,-0.023809523809523725,0.8599062368268657,0.3181818181818182,0.05185185185185185,0.14285714285714285,0.75,0.0,0.0,0.0,1.0,0,0,0.0,0,0
train,115,12,0.18,20,2,0.0,0.8,0.75,0.7037037037037037,0.47619047619047616,0.8333333333333334,-0.033333333333333326,0.8359437420961194,0.2727272727272727,0.044444444444444446,0.14285714285714285,0.75,0.0,0.0,0.0,1.0,0,0,0.0,0,0
train,115,13,0.18,20,2,0.0,0.75,0.75,0.6814814814814815,0.47619047619047616,0.8,-0.050000000000000044,0.8015662452576717,0.22727272727272727,0.037037037037037035,0.14285714285714285,0.75,0.0,0.0,0.0,1.0,0,0,0.0,0,0
train,115,14,0.18,20,2,0.0,0.6666666666666666,0.6666666666666666,0.6592592592592592,0.47619047619047616,0.75,-0.08333333333333337,0.7476064138212697,0.18181818181818182,0.02962962962962963,0.14285714285714285,0.75,0.0,0.0,0.0,1.0,0,0,0.0,0,0
train,115,15,0.18,20,2,0.0,0.75,0.75,0.6370370370370371,0.47619047619047616,0.6666666666666666,0.08333333333333337,0.7485638482927619,0.13636363636363635,0.037037037037037035,0.19047619047619047,0.5,1.0,0.0,0.0,0.0,0,0,0.0,0,0
train,115,16,0.18,20,2,0.0,0.8,0.75,0.6222222222222222,0.5,0.75,0.050000000000000044,0.7691383089756572,0.18181818181818182,0.044444444444444446,0.16666666666666666,0.75,1.0,0.0,0.0,0.0,0,0,0.0,0,0
train,115,17,0.18,20,2,0.0,0.75,0.75,0.6,0.52,0.8,-0.050000000000000044,0.7614829853853944,0.22727272727272727,0.037037037037037035,0.2,0.5,0.0,0.0,0.0,1.0,0,0,0.0,0,0
train,115,18,0.18,20,2,0.0,0.6666666666666666,0.6666666666666666,0.5851851851851851,0.56,0.75,-0.08333333333333337,0.7235564578979032,0.18181818181818182,0.02962962962962963,0.16,0.75,0.0,0.0,0.0,1.0,0,0,0.0,0,0
train,115,19,0.18,20,2,0.0,0.5,0.5,0.562962962962963,0.5,0.6666666666666666,-0.16666666666666663,0.6341338747387419,0.13636363636363635,0.022222222222222223,0.16666666666666666,1.0,0.0,1.0,0.0,0.0,0,0,0.0,0,0
train,115,20,0.18,20,2,0.0,0.0,0.0,0.5481481481481482,0.391304347826087,0.5,-0.5,0.3804803248432452,0.09090909090909091,0.014814814814814815,0.13043478260869565,0.5,0.0,1.0,0.0,0.0,0,0,0.0,0,0
train,115,21,0.18,20,2,0.0,0.0,0.0,0.5333333333333333,0.25,0.0,0.0,0.2282881949059471,0.045454545454545456,0.007407407407407408,0.25,0.5,0.0,0.0,0.0,1.0,0,0,0.0,0,0
train,116,0,0.22,20,2,0.0,0.9411764705882353,0.75,0.9629629629629629,0.7058823529411765,0.9411764705882353,0.0,0.9411764705882353,0.8181818181818182,0.13333333333333333,0.11764705882352941,0.5,0.0,1.0,0.0,0.0,0,0,0.0,0,0
train,116,1,0.22,20,2,0.0,0.9375,0.75,0.9407407407407408,0.6,0.9411764705882353,-0.003676470588235281,0.9397058823529412,0.7727272727272727,0.1259259259259259,0.15,0.75,0.0,1.0,0.0,0.0,0,0,0.0,0,0
train,116,2,0.22,20,2,0.0,0.9333333333333333,0.75,0.9185185185185185,0.47619047619047616,0.9375,-0.004166666666666652,0.9371568627450981,0.7272727272727273,0.11851851851851852,0.23809523809523808,0.5,0.0,0.0,0.0,1.0,0,0,0.0,0,0
train,116,3,0.22,20,2,0.0,0.9285714285714286,0.75,0.9037037037037037,0.5416666666666666,0.9333333333333333,-0.004761904761904745,0.9337226890756303,0.6818181818181818,0.1111111111111111,0.125,1.0,0.0,1.0,0.0,0.0,0,0,0.0,0,0
train,116,4,0.22,20,2,0.0,0.9230769230769231,0.75,0.8888888888888888,0.5416666666666666,0.9285714285714286,-0.005494505494505475,0.9294643826761474,0.6363636363636364,0.1037037037037037,0.08333333333333333,0.75,0.0,1.0,0.0,0.0,0,0,0.0,0,0
train,116,5,0.22,20,2,0.0,0.9166666666666666,0.75,0.8666666666666667,0.5416666666666666,0.9230769230769231,-0.0064102564102564985,0.9243452962723551,0.5909090909090909,0.0962962962962963,0.041666666666666664,1.0,0.0,1.0,0.0,0.0,0,0,0.0,0,0
train,116,6,0.22,20,2,0.0,0.9090909090909091,0.75,0.8444444444444444,0.5217391304347826,0.9166666666666666,-0.007575757575757569,0.9182435413997767,0.5454545454545454,0.08888888888888889,0.08695652173913043,0.75,0.0,0.0,0.0,1.0,0,0,0.0,0,0
train,116,7,0.22,20,2,0.13636363636363635,0.9,0.75,0.8296296296296296,0.5,0.9090909090909091,-0.009090909090909038,0.910946124839866,0.5,0.08148148148148149,0.041666666666666664,1.0,0.0,1.0,0.0,0.0,1,2,0.15384615384615385,0,1
train,116,8,0.22,20,2,0.0,0.8888888888888888,0.75,0.8148148148148148,0.47619047619047616,0.9,-0.011111111111111183,0.9021232304594751,0.45454545454545453,0.07407407407407407,0.09523809523809523,0.5,0.0,0.0,0.0,1.0,0,0,0.0,0,0
train,116,9,0.22,20,2,0.0,0.875,0.75,0.8,0.5238095238095238,0.8888888888888888,-0.01388888888888884,0.8912739382756851,0.4090909090909091,0.06666666666666667,0.14285714285714285,0.75,0.0,0.0,0.0,1.0,0,0,0.0,0,0
train,116,10,0.22,20,2,0.0,0.8888888888888888,0.75,0.7777777777777778,0.47619047619047616,0.875,0.01388888888888884,0.8903199185209667,0.36363636363636365,0.07407407407407407,0.23809523809523808,0.5,1.0,0.0,0.0,0.0,0,0,0.0,0,0
train,116,11,0.22,20,2,0.0,0.875,0.75,0.762962962962963,0.4583333333333333,0.8888888888888888,-0.01388888888888884,0.88419195111258,0.4090909090909091,0.06666666666666667,0.125,1.0,0.0,0.0,0.0,1.0,0,0,0.0,0,0
train,116,12,0.22,20,2,0.0,0.8571428571428571,0.75,0.7481481481481481,0.5416666666666666,0.875,-0.017857142857142905,0.8733723135246908,0.36363636363636365,0.05925925925925926,0.08333333333333333,0.75,0.0,0.0,0.0,1.0,0,0,0.0,0,0
train,116,13,0.22,20,2,0.13043478260869568,0.8333333333333334,0.75,0.725925925925926,0.5416666666666666,0.8571428571428571,-0.023809523809523725,0.8573567214481478,0.3181818181818182,0.05185185185185185,0.041666666666666664,1.0,0.0,1.0,0.0,0.0,1,2,0.2222222222222222,0,1
train,116,14,0.22,20,2,0.0,0.8,0.75,0.7111111111111111,0.38095238095238093,0.8333333333333334,-0.033333333333333326,0.8344140328688887,0.2727272727272727,0.044444444444444446,0.14285714285714285,0.5,0.0,0.0,0.0,1.0,0,0,0.0,0,0
train,116,15,0.22,20,2,0.0,0.75,0.75,0.6962962962962963,0.47619047619047616,0.8,-0.050000000000000044,0.8006484197213333,0.22727272727272727,0.037037037037037035,0.14285714285714285,0.75,0.0,0.0,0.0,1.0,0,0,0.0,0,0
train,116,16,0.22,20,2,0.0,0.8,0.75,0.674074074074074,0.47619047619047616,0.75,0.050000000000000044,0.8003890518328001,0.18181818181818182,0.044444444444444446,0.23809523809523808,0.5,1.0,0.0,0.0,0.0,0,0,0.0,0,0
train,116,17,0.22,20,2,0.0,0.8333333333333334,0.75,0.6592592592592592,0.4583333333333333,0.8,0.033333333333333326,0.8135667644330133,0.22727272727272727,0.05185185185185185,0.16666666666666666,0.75,1.0,0.0,0.0,0.0,0,0,0.0,0,0
train,116,18,0.22,20,2,0.0,0.8,0.75,0.6370370370370371,0.44,0.8333333333333334,-0.033333333333333326,0.808140058659808,0.2727272727272727,0.044444444444444446,0.2,0.5,0.0,0.0,0.0,1.0,0,0,0.0,0,0
train,116,19,0.22,20,2,0.0,0.75,0.75,0.6222222222222222,0.52,0.8,-0.050000000000000044,0.7848840351958848,0.22727272727272727,0.037037037037037035,0.16,0.75,0.0,0.0,0.0,1.0,0,0,0.0,0,0
train,116,20,0.22,20,2,0.0,0.6666666666666666,0.6666666666666666,0.6,0.52,0.75,-0.08333333333333337,0.7375970877841975,0.18181818181818182,0.02962962962962963,0.16,1.0,0.0,1.0,0.0,0.0,0,0,0.0,0,0
train,116,21,0.22,20,2,0.0625,0.5,0.5,0.5851851851851851,0.4166666666666667,0.6666666666666666,-0.16666666666666663,0.6425582526705185,0.13636363636363635,0.022222222222222223,0.08333333333333333,0.75,0.0,1.0,0.0,0.0,0,0,0.0,0,0
train,116,22,0.22,20,2,0.0,0.0,0.0,0.5703703703703704,0.2857142857142857,0.5,-0.5,0.38553495160231105,0.09090909090909091,0.014814814814814815,0.19047619047619047,0.5,0.0,0.0,0.0,1.0,0,0,0.0,0,0
train,116,23,0.22,20,2,0.0,0.0,0.0,0.5555555555555556,0.4,0.0,0.0,0.23132097096138662,0.045454545454545456,0.007407407407407408,0.2,0.75,0.0,0.0,0.0,1.0,0,0,0.0,0,0
train,117,0,0.26,20,2,0.0,0.9411764705882353,0.75,0.9629629629629629,0.7058823529411765,0.9411764705882353,0.0,0.9411764705882353,0.8181818181818182,0.13333333333333333,0.11764705882352941,0.5,0.0,1.0,0.0,0.0,0,0,0.0,0,0
train,117,1,0.26,20,2,0.0,0.9375,0.75,0.9407407407407408,0.6,0.9411764705882353,-0.003676470588235281,0.9397058823529412,0.7727272727272727,0.1259259259259259,0.2,0.5,0.0,0.0,0.0,1.0,0,0,0.0,0,0
train,117,2,0.26,20,2,0.0,0.9333333333333333,0.75,0.9259259259259259,0.5652173913043478,0.9375,-0.004166666666666652,0.9371568627450981,0.7272727272727273,0.11851851851851852,0.21739130434782608,0.75,0.0,1.0,0.0,0.0,0,0,0.0,0,0
train,117,3,0.26,20,2,0.0,0.9285714285714286,0.75,0.9111111111111111,0.5833333333333334,0.9333333333333333,-0.004761904761904745,0.9337226890756303,0.6818181818181818,0.1111111111111111,0.125,0.75,0.0,1.0,0.0,0.0,1,2,0.11764705882352941,0,1
train,117,4,0.26,20,2,0.0,0.9230769230769231,0.75,0.8888888888888888,0.5416666666666666,0.9285714285714286,-0.005494505494505475,0.9294643826761474,0.6363636363636364,0.1037037037037037,0.08333333333333333,1.0,0.0,1.0,0.0,0.0,1,2,0.1111111111111111,0,1
train,117,5,0.26,20,2,0.0,0.9166666666666666,0.75,0.8666666666666667,0.5416666666666666,0.9230769230769231,-0.0064102564102564985,0.9243452962723551,0.5909090909090909,0.0962962962962963,0.041666666666666664,1.0,0.0,1.0,0.0,0.0,1,2,0.10526315789473684,0,1
train,117,6,0.26,20,2,0.10526315789473684,0.9090909090909091,0.75,0.8444444444444444,0.5217391304347826,0.9166666666666666,-0.007575757575757569,0.9182435413997767,0.5454545454545454,0.08888888888888889,0.043478260869565216,0.75,0.0,1.0,0.0,0.0,1,2,0.1,0,1
train,117,7,0.26,20,2,0.0,0.9,0.75,0.8222222222222222,0.45,0.9090909090909091,-0.009090909090909038,0.910946124839866,0.5,0.08148148148148149,0.1,0.75,0.0,0.0,0.0,1.0,1,2,0.09523809523809523,0,1
train,117,8,0.26,20,2,0.0,0.7333333333333333,0.0,0.8074074074074075,0.42857142857142855,0.9,-0.16666666666666674,0.8399010082372529,0.45454545454545453,0.11851851851851852,0.19047619047619047,0.25,0.0,0.0,1.0,0.0,0,0,0.0,0,0
train,117,9,0.26,20,2,0.0,0.7857142857142857,0.25,0.8074074074074075,0.35,0.7333333333333333,0.05238095238095242,0.818226319228066,0.5,0.1111111111111111,0.2,0.75,1.0,0.0,0.0,0.0,0,0,0.0,0,0
train,117,10,0.26,20,2,0.0,0.8461538461538461,0.5,0.8074074074074075,0.30434782608695654,0.7857142857142857,0.06043956043956045,0.8293973299983781,0.5454545454545454,0.1037037037037037,0.17391304347826086,0.75,1.0,0.0,0.0,0.0,0,0,0.0,0,0
train,117,11,0.26,20,2,0.0,0.9166666666666666,0.75,0.8074074074074075,0.2916666666666667,0.8461538461538461,0.07051282051282048,0.8643050646656936,0.5909090909090909,0.0962962962962963,0.125,1.0,0.0,0.0,0.0,1.0,0,0,0.0,0,0
train,117,12,0.26,20,2,0.0,0.9090909090909091,0.75,0.8,0.32,0.9166666666666666,-0.007575757575757569,0.8822194024357798,0.5454545454545454,0.08888888888888889,0.16,0.75,0.0,0.0,0.0,1.0,0,0,0.0,0,0
train,117,13,0.26,20,2,0.0,0.9166666666666666,0.75,0.7777777777777778,0.44,0.9090909090909091,0.007575757575757569,0.8959983081281345,0.5,0.0962962962962963,0.16,0.5,1.0,0.0,0.0,0.0,0,0,0.0,0,0
train,117,14,0.26,20,2,0.0,0.9230769230769231,0.75,0.762962962962963,0.36,0.9166666666666666,0.0064102564102564985,0.90682975410765,0.5454545454545454,0.1037037037037037,0.24,0.75,1.0,0.0,0.0,0.0,0,0,0.0,0,0
train,117,15,0.26,20,2,0.0,0.9166666666666666,0.75,0.7481481481481481,0.36,0.9230769230769231,-0.0064102564102564985,0.9107645191312567,0.5909090909090909,0.0962962962962963,0.2,1.0,0.0,0.0,0.0,1.0,0,0,0.0,0,0
train,117,16,0.26,20,2,0.0,0.9230769230769231,0.75,0.7333333333333333,0.48,0.9166666666666666,0.0064102564102564985,0.9156894807095233,0.5454545454545454,0.1037037037037037,0.16,0.5,1.0,0.0,0.0,0.0,0,0,0.0,0,0
train,117,17,0.26,20,2,0.0,0.9166666666666666,0.75,0.7185185185185186,0.4583333333333333,0.9230769230769231,-0.0064102564102564985,0.9160803550923806,0.5909090909090909,0.0962962962962963,0.20833333333333334,0.75,0.0,0.0,0.0,1.0,0,0,0.0,0,0
train,117,18,0.26,20,2,0.0,0.9090909090909091,0.75,0.7037037037037037,0.5416666666666666,0.9166666666666666,-0.007575757575757569,0.913284576691792,0.5454545454545454,0.08888888888888889,0.20833333333333334,0.5,0.0,0.0,0.0,1.0,0,0,0.0,0,0
train,117,19,0.26,20,2,0.0,0.9,0.75,0.6814814814814815,0.5416666666666666,0.9090909090909091,-0.009090909090909038,0.9079707460150752,0.5,0.08148148148148149,0.20833333333333334,0.5,0.0,1.0,0.0,0.0,0,0,0.0,0,0
train,117,20,0.26,20,2,0.0,0.8888888888888888,0.75,0.6666666666666666,0.48,0.9,-0.011111111111111183,0.9003380031646007,0.45454545454545453,0.07407407407407407,0.2,0.75,0.0,1.0,0.0,0.0,0,0,0.0,0,0
train,117,21,0.26,20,2,0.0,0.875,0.75,0.6444444444444445,0.4,0.8888888888888888,-0.01388888888888884,0.8902028018987604,0.4090909090909091,0.06666666666666667,0.2,1.0,0.0,1.0,0.0,0.0,0,0,0.0,0,0
train,117,22,0.26,20,2,0.0,0.8571428571428571,0.75,0.6222222222222222,0.44,0.875,-0.017857142857142905,0.8769788239963991,0.36363636363636365,0.05925925925925926,0.12,1.0,0.0,1.0,0.0,0.0,1,2,0.25,0,1
train,117,23,0.26,20,2,0.11764705882352944,0.8333333333333334,0.75,0.6,0.4583333333333333,0.8571428571428571,-0.023809523809523725,0.8595206277311729,0.3181818181818182,0.05185185185185185,0.125,0.75,0.0,1.0,0.0,0.0,1,2,0.2222222222222222,0,1
train,117,24,0.26,20,2,0.0,0.6666666666666666,0.25,0.5777777777777777,0.42857142857142855,0.8333333333333334,-0.16666666666666674,0.7823790433053703,0.2727272727272727,0.07407407407407407,0.23809523809523808,0.25,1.0,0.0,0.0,0.0,0,0,0.0,0,0
train,117,25,0.26,20,2,0.0,0.75,0.5,0.5777777777777777,0.3333333333333333,0.6666666666666666,0.08333333333333337,0.7694274259832222,0.3181818181818182,0.06666666666666667,0.25,0.75,1.0,0.0,0.0,0.0,0,0,0.0,0,0
train,117,26,0.26,20,2,0.0,0.8571428571428571,0.75,0.5777777777777777,0.2,0.75,0.1071428571428571,0.8045135984470762,0.36363636363636365,0.05925925925925926,0.28,1.0,0.0,0.0,0.0,1.0,0,0,0.0,0,0
train,117,27,0.26,20,2,0.0,0.8333333333333334,0.75,0.5703703703703704,0.36,0.8571428571428571,-0.023809523809523725,0.8160414924015791,0.3181818181818182,0.05185185185185185,0.16,0.75,0.0,0.0,0.0,1.0,0,0,0.0,0,0
train,117,28,0.26,20,2,0.0,0.8,0.75,0.5481481481481482,0.48,0.8333333333333334,-0.033333333333333326,0.8096248954409475,0.2727272727272727,0.044444444444444446,0.12,0.75,0.0,1.0,0.0,0.0,1,2,0.3333333333333333,0,1
train,117,29,0.26,20,2,0.0,0.75,0.75,0.5333333333333333,0.4166666666666667,0.8,-0.050000000000000044,0.7857749372645686,0.22727272727272727,0.037037037037037035,0.16666666666666666,0.5,0.0,0.0,0.0,1.0,0,0,0.0,0,0
train,117,30,0.26,20,2,0.0,0.8,0.75,0.5185185185185185,0.5,0.75,0.050000000000000044,0.7914649623587412,0.18181818181818182,0.044444444444444446,0.25,0.5,1.0,0.0,0.0,0.0,0,0,0.0,0,0
train,117,31,0.26,20,2,0.0,0.75,0.75,0.5037037037037037,0.44,0.8,-0.050000000000000044,0.7748789774152447,0.22727272727272727,0.037037037037037035,0.24,0.75,0.0,0.0,0.0,1.0,0,0,0.0,0,0
train,117,32,0.26,20,2,0.0,0.6666666666666666,0.6666666666666666,0.4888888888888889,0.52,0.75,-0.08333333333333337,0.7315940531158134,0.18181818181818182,0.02962962962962963,0.2,0.5,0.0,0.0,0.0,1.0,0,0,0.0,0,0
train,117,33,0.26,20,2,0.0,0.5,0.5,0.4666666666666667,0.5416666666666666,0.6666666666666666,-0.16666666666666663,0.638956431869488,0.13636363636363635,0.022222222222222223,0.125,1.0,0.0,1.0,0.0,0.0,0,0,0.0,0,0
train,117,34,0.26,20,2,0.0,0.0,0.0,0.45185185185185184,0.43478260869565216,0.5,-0.5,0.3833738591216928,0.09090909090909091,0.014814814814814815,0.13043478260869565,0.75,0.0,1.0,0.0,0.0,0,0,0.0,0,0
train,117,35,0.26,20,2,0.0,0.0,0.0,0.42962962962962964,0.3,0.0,0.0,0.23002431547301566,0.045454545454545456,0.007407407407407408,0.2,0.75,0.0,0.0,0.0,1.0,0,0,0.0,0,0
train,118,0,0.3,20,2,0.0,0.9411764705882353,0.75,0.9629629629629629,0.7058823529411765,0.9411764705882353,0.0,0.9411764705882353,0.8181818181818182,0.13333333333333333,0.11764705882352941,0.5,0.0,1.0,0.0,0.0,0,0,0.0,0,0
train,118,1,0.3,20,2,0.0,0.9375,0.75,0.9407407407407408,0.6,0.9411764705882353,-0.003676470588235281,0.9397058823529412,0.7727272727272727,0.1259259259259259,0.15,0.75,0.0,1.0,0.0,0.0,0,0,0.0,0,0
train,118,2,0.3,20,2,0.0,0.9333333333333333,0.75,0.9185185185185185,0.47619047619047616,0.9375,-0.004166666666666652,0.9371568627450981,0.7272727272727273,0.11851851851851852,0.23809523809523808,0.5,0.0,0.0,0.0,1.0,0,0,0.0,0,0
train,118,3,0.3,20,2,0.0,0.9285714285714286,0.75,0.9037037037037037,0.5416666666666666,0.9333333333333333,-0.004761904761904745,0.9337226890756303,0.6818181818181818,0.1111111111111111,0.16666666666666666,0.75,0.0,0.0,0.0,1.0,0,0,0.0,0,0
train,118,4,0.3,20,2,0.0,0.9230769230769231,0.75,0.8814814814814815,0.52,0.9285714285714286,-0.005494505494505475,0.9294643826761474,0.6363636363636364,0.1037037037037037,0.16,0.75,0.0,0.0,0.0,1.0,0,0,0.0,0,0
train,118,5,0.3,20,2,0.0,0.9166666666666666,0.75,0.8592592592592593,0.56,0.9230769230769231,-0.0064102564102564985,0.9243452962723551,0.5909090909090909,0.0962962962962963,0.12,0.75,0.0,1.0,0.0,0.0,0,0,0.0,0,0
train,118,6,0.3,20,2,0.0,0.9090909090909091,0.75,0.8444444444444444,0.52,0.9166666666666666,-0.007575757575757569,0.9182435413997767,0.5454545454545454,0.08888888888888889,0.2,0.5,0.0,1.0,0.0,0.0,0,0,0.0,0,0
train,118,7,0.3,20,2,0.0,0.9,0.75,0.8222222222222222,0.52,0.9090909090909091,-0.009090909090909038,0.910946124839866,0.5,0.08148148148148149,0.2,0.75,0.0,1.0,0.0,0.0,0,0,0.0,0,0
train,118,8,0.3,20,2,0.13636363636363635,0.8888888888888888,0.75,0.8,0.5416666666666666,0.9,-0.011111111111111183,0.9021232304594751,0.45454545454545453,0.07407407407407407,0.125,1.0,0.0,1.0,0.0,0.0,1,2,0.16666666666666666,0,1
train,118,9,0.3,20,2,0.0,0.875,0.75,0.7777777777777778,0.47619047619047616,0.8888888888888888,-0.01388888888888884,0.8912739382756851,0.4090909090909091,0.06666666666666667,0.14285714285714285,0.5,0.0,0.0,0.0,1.0,0,0,0.0,0,0
train,118,10,0.3,20,2,0.0,0.8571428571428571,0.75,0.762962962962963,0.42857142857142855,0.875,-0.017857142857142905,0.8776215058225539,0.36363636363636365,0.05925925925925926,0.23809523809523808,0.75,0.0,0.0,0.0,1.0,0,0,0.0,0,0
train,118,11,0.3,20,2,0.0,0.875,0.75,0.7407407407407407,0.42857142857142855,0.8571428571428571,0.017857142857142905,0.8765729034935323,0.3181818181818182,0.06666666666666667,0.2857142857142857,0.5,1.0,0.0,0.0,0.0,0,0,0.0,0,0
train,118,12,0.3,20,2,0.0,0.8888888888888888,0.75,0.725925925925926,0.375,0.875,0.01388888888888884,0.8814992976516749,0.36363636363636365,0.07407407407407407,0.25,0.75,1.0,0.0,0.0,0.0,0,0,0.0,0,0
train,118,13,0.3,20,2,0.0,0.875,0.75,0.7111111111111111,0.32,0.8888888888888888,-0.01388888888888884,0.878899578591005,0.4090909090909091,0.06666666666666667,0.24,0.75,0.0,0.0,0.0,1.0,0,0,0.0,0,0
train,118,14,0.3,20,2,0.0,0.8571428571428571,0.75,0.6962962962962963,0.48,0.875,-0.017857142857142905,0.8701968900117458,0.36363636363636365,0.05925925925925926,0.16,0.75,0.0,0.0,0.0,1.0,0,0,0.0,0,0
train,118,15,0.3,20,2,0.0,0.8333333333333334,0.75,0.674074074074074,0.52,0.8571428571428571,-0.023809523809523725,0.8554514673403808,0.3181818181818182,0.05185185185185185,0.2,0.5,0.0,0.0,0.0,1.0,0,0,0.0,0,0
train,118,16,0.3,20,2,0.0,0.8,0.75,0.6518518518518519,0.56,0.8333333333333334,-0.033333333333333326,0.8332708804042285,0.2727272727272727,0.044444444444444446,0.16,0.75,0.0,0.0,0.0,1.0,0,0,0.0,0,0
train,118,17,0.3,20,2,0.0,0.75,0.75,0.6296296296296297,0.56,0.8,-0.050000000000000044,0.7999625282425371,0.22727272727272727,0.037037037037037035,0.16,0.75,0.0,1.0,0.0,0.0,0,0,0.0,0,0
train,118,18,0.3,20,2,0.09999999999999998,0.6666666666666666,0.6666666666666666,0.6148148148148148,0.5,0.75,-0.08333333333333337,0.7466441836121889,0.18181818181818182,0.02962962962962963,0.20833333333333334,0.5,0.0,1.0,0.0,0.0,0,0,0.0,0,0
train,118,19,0.3,20,2,0.0,0.5,0.5,0.5925925925925926,0.38095238095238093,0.6666666666666666,-0.16666666666666663,0.6479865101673133,0.13636363636363635,0.022222222222222223,0.2857142857142857,0.75,0.0,0.0,0.0,1.0,0,0,0.0,0,0
train,118,20,0.3,20,2,0.0,0.0,0.0,0.5777777777777777,0.47619047619047616,0.5,-0.5,0.388791906100388,0.09090909090909091,0.014814814814814815,0.19047619047619047,0.5,0.0,0.0,0.0,1.0,0,0,0.0,0,0
train,118,21,0.3,20,2,0.0,0.0,0.0,0.5555555555555556,0.4,0.0,0.0,0.23327514366023278,0.045454545454545456,0.007407407407407408,0.2,0.75,0.0,0.0,0.0,1.0,0,0,0.0,0,0
train,119,0,0.34,20,2,0.0,0.9411764705882353,0.75,0.9629629629629629,0.7058823529411765,0.9411764705882353,0.0,0.9411764705882353,0.8181818181818182,0.13333333333333333,0.11764705882352941,0.5,0.0,1.0,0.0,0.0,1,2,0.1,0,1
train,119,1,0.34,20,2,0.0,0.9375,0.75,0.9407407407407408,0.6,0.9411764705882353,-0.003676470588235281,0.9397058823529412,0.7727272727272727,0.1259259259259259,0.2,0.5,0.0,1.0,0.0,0.0,1,2,0.09523809523809523,0,1
train,119,2,0.34,20,2,0.0,0.9333333333333333,0.75,0.9185185185185185,0.47619047619047616,0.9375,-0.004166666666666652,0.9371568627450981,0.7272727272727273,0.11851851851851852,0.2857142857142857,0.5,0.0,1.0,0.0,0.0,1,2,0.09090909090909091,0,1
train,119,3,0.34,20,2,0.0,0.9285714285714286,0.75,0.8962962962962963,0.47619047619047616,0.9333333333333333,-0.004761904761904745,0.9337226890756303,0.6818181818181818,0.1111111111111111,0.23809523809523808,0.75,0.0,1.0,0.0,0.0,1,2,0.08695652173913043,0,1
train,119,4,0.34,20,2,0.0,0.9230769230769231,0.75,0.8740740740740741,0.47619047619047616,0.9285714285714286,-0.005494505494505475,0.9294643826761474,0.6363636363636364,0.1037037037037037,0.23809523809523808,0.5,0.0,1.0,0.0,0.0,1,2,0.08333333333333333,0,1
train,119,5,0.34,20,2,0.2142857142857143,0.9166666666666666,0.75,0.8518518518518519,0.45,0.9230769230769231,-0.0064102564102564985,0.9243452962723551,0.5909090909090909,0.0962962962962963,0.2,0.75,0.0,1.0,0.0,0.0,1,2,0.08,0,1
train,119,6,0.34,20,2,0.0,0.9090909090909091,0.75,0.8296296296296296,0.35294117647058826,0.9166666666666666,-0.007575757575757569,0.9182435413997767,0.5454545454545454,0.08888888888888889,0.29411764705882354,0.5,0.0,0.0,0.0,1.0,1,2,0.07692307692307693,0,1
train,119,7,0.34,20,2,0.07692307692307687,0.9166666666666666,0.75,0.8148148148148148,0.4,0.9090909090909091,0.007575757575757569,0.9176127915065327,0.5,0.0962962962962963,0.3,0.5,1.0,0.0,0.0,0.0,0,0,0.0,0,1
train,119,8,0.34,20,2,0.0,0.9090909090909091,0.75,0.8074074074074075,0.30434782608695654,0.9166666666666666,-0.007575757575757569,0.9142040385402833,0.5454545454545454,0.08888888888888889,0.34782608695652173,0.75,0.0,0.0,0.0,1.0,1,2,0.07692307692307693,0,1
train,119,9,0.34,20,2,0.0,0.9,0.75,0.7925925925925926,0.4583333333333333,0.9090909090909091,-0.009090909090909038,0.90852242312417,0.5,0.08148148148148149,0.20833333333333334,0.5,0.0,0.0,0.0,1.0,1,2,0.07407407407407407,0,1
train,119,10,0.34,20,2,0.0,0.6842105263157895,0.0,0.7703703703703704,0.5416666666666666,0.9,-0.21578947368421053,0.8187976644008177,0.45454545454545453,0.14814814814814814,0.25,0.25,0.0,0.0,1.0,0.0,0,0,0.0,0,0
train,119,11,0.34,20,2,0.0,0.7222222222222222,0.0,0.7703703703703704,0.3333333333333333,0.6842105263157895,0.03801169590643272,0.7801674875293796,0.5,0.14074074074074075,0.3333333333333333,0.5,0.0,0.0,1.0,0.0,0,0,0.0,0,0
train,119,12,0.34,20,2,0.0,0.7647058823529411,0.0,0.7703703703703704,0.08695652173913043,0.7222222222222222,0.042483660130718914,0.7739828454588042,0.5454545454545454,0.13333333333333333,0.5217391304347826,0.75,0.0,0.0,1.0,0.0,0,0,0.0,0,0
train,119,13,0.34,20,2,0.0,0.8125,0.25,0.7703703703703704,0.05,0.7647058823529411,0.047794117647058876,0.7893897072752825,0.5909090909090909,0.1259259259259259,0.45,0.75,1.0,0.0,0.0,0.0,0,0,0.0,0,0
train,119,14,0.34,20,2,0.0,0.8666666666666667,0.5,0.7703703703703704,0.047619047619047616,0.8125,0.054166666666666696,0.8203004910318361,0.6363636363636364,0.11851851851851852,0.47619047619047616,0.5,1.0,0.0,0.0,0.0,0,0,0.0,0,0
train,119,15,0.34,20,2,0.16666666666666663,0.9285714285714286,0.75,0.7703703703703704,0.14285714285714285,0.8666666666666667,0.06190476190476191,0.8636088660476731,0.6818181818181818,0.1111111111111111,0.42857142857142855,0.75,0.0,0.0,0.0,1.0,1,2,0.08695652173913043,0,1
train,119,16,0.34,20,2,0.0,0.9230769230769231,0.75,0.762962962962963,0.20833333333333334,0.9285714285714286,-0.005494505494505475,0.887396088859373,0.6363636363636364,0.1037037037037037,0.3333333333333333,0.5,0.0,0.0,0.0,1.0,1,2,0.08333333333333333,0,1
train,119,17,0.34,20,2,0.0,0.7272727272727273,0.0,0.7481481481481481,0.32,0.9230769230769231,-0.19580419580419584,0.8233467442247147,0.5909090909090909,0.17037037037037037,0.36,0.25,0.0,0.0,1.0,0.0,0,0,0.0,0,0
train,119,18,0.34,20,2,0.0,0.7619047619047619,0.0,0.7481481481481481,0.125,0.7272727272727273,0.03463203463203457,0.7987699512967336,0.6363636363636364,0.16296296296296298,0.4166666666666667,0.5,0.0,0.0,1.0,0.0,0,0,0.0,0,0
train,119,19,0.34,20,2,0.0,0.8,0.0,0.7481481481481481,0.0,0.7619047619047619,0.03809523809523818,0.7992619707780402,0.6818181818181818,0.15555555555555556,0.5238095238095238,0.75,1.0,0.0,0.0,0.0,0,0,0.0,0,0
train,119,20,0.34,20,2,0.0,0.8421052631578947,0.25,0.7481481481481481,0.09523809523809523,0.8,0.042105263157894646,0.8163992877299819,0.7272727272727273,0.14814814814814814,0.47619047619047616,0.5,1.0,0.0,0.0,0.0,0,0,0.0,0,0
train,119,21,0.34,20,2,0.0,0.8888888888888888,0.5,0.7481481481481481,0.25,0.8421052631578947,0.04678362573099415,0.8453951281935448,0.7727272727272727,0.14074074074074075,0.4,0.5,1.0,0.0,0.0,0.0,0,0,0.0,0,0
train,119,22,0.34,20,2,0.0,0.9411764705882353,0.75,0.7481481481481481,0.35294117647058826,0.8888888888888888,0.05228758169934644,0.883707665151421,0.8181818181818182,0.13333333333333333,0.35294117647058826,0.5,0.0,0.0,0.0,1.0,0,0,0.0,0,0
train,119,23,0.34,20,2,0.0,0.9375,0.75,0.7333333333333333,0.35,0.9411764705882353,-0.003676470588235281,0.9052245990908525,0.7727272727272727,0.1259259259259259,0.35,0.5,0.0,0.0,0.0,1.0,0,0,0.0,0,0
train,119,24,0.34,20,2,0.08333333333333337,0.9333333333333333,0.75,0.7111111111111111,0.3333333333333333,0.9375,-0.004166666666666652,0.9164680927878448,0.7272727272727273,0.11851851851851852,0.38095238095238093,0.5,0.0,1.0,0.0,0.0,0,0,0.0,0,0
train,119,25,0.34,20,2,0.0,0.9285714285714286,0.75,0.7037037037037037,0.25,0.9333333333333333,-0.004761904761904745,0.9213094271012783,0.6818181818181818,0.1111111111111111,0.375,0.5,0.0,0.0,0.0,1.0,0,0,0.0,0,0
train,119,26,0.34,20,2,0.06666666666666665,0.9230769230769231,0.75,0.6888888888888889,0.375,0.9285714285714286,-0.005494505494505475,0.9220164254915362,0.6363636363636364,0.1037037037037037,0.3333333333333333,0.5,0.0,1.0,0.0,0.0,0,0,0.0,0,0
train,119,27,0.34,20,2,0.0,0.9166666666666666,0.75,0.6814814814814815,0.32,0.9230769230769231,-0.0064102564102564985,0.9198765219615884,0.5909090909090909,0.0962962962962963,0.32,0.5,0.0,0.0,0.0,1.0,0,0,0.0,0,0
train,119,28,0.34,20,2,0.0,0.9090909090909091,0.75,0.6666666666666666,0.44,0.9166666666666666,-0.007575757575757569,0.9155622768133167,0.5454545454545454,0.08888888888888889,0.28,0.75,0.0,1.0,0.0,0.0,0,0,0.0,0,0
train,119,29,0.34,20,2,0.0,0.9,0.75,0.6518518518518519,0.36,0.9090909090909091,-0.009090909090909038,0.90933736608799,0.5,0.08148148148148149,0.28,0.5,0.0,0.0,0.0,1.0,0,0,0.0,0,0
train,119,30,0.34,20,2,0.0,0.8888888888888888,0.75,0.6370370370370371,0.48,0.9,-0.011111111111111183,0.9011579752083496,0.45454545454545453,0.07407407407407407,0.24,0.75,0.0,1.0,0.0,0.0,0,0,0.0,0,0
train,119,31,0.34,20,2,0.0,0.875,0.75,0.6222222222222222,0.44,0.8888888888888888,-0.01388888888888884,0.8906947851250098,0.4090909090909091,0.06666666666666667,0.24,0.75,0.0,1.0,0.0,0.0,0,0,0.0,0,0
train,119,32,0.34,20,2,0.17647058823529416,0.8571428571428571,0.75,0.6074074074074074,0.375,0.875,-0.017857142857142905,0.8772740139321487,0.36363636363636365,0.05925925925925926,0.20833333333333334,0.75,0.0,1.0,0.0,0.0,1,2,0.2,0,1
train,119,33,0.34,20,2,0.0,0.75,0.5,0.5851851851851851,0.3333333333333333,0.8571428571428571,-0.1071428571428571,0.8263644083592893,0.3181818181818182,0.06666666666666667,0.2857142857142857,0.5,1.0,0.0,0.0,0.0,0,0,0.0,0,0
train,119,34,0.34,20,2,0.0,0.8571428571428571,0.75,0.5851851851851851,0.25,0.75,0.1071428571428571,0.8386757878727165,0.36363636363636365,0.05925925925925926,0.2916666666666667,0.75,0.0,0.0,0.0,1.0,0,0,0.0,0,0
train,119,35,0.34,20,2,0.0,0.8333333333333334,0.75,0.5777777777777777,0.4166666666666667,0.8571428571428571,-0.023809523809523725,0.8365388060569632,0.3181818181818182,0.05185185185185185,0.20833333333333334,0.75,0.0,0.0,0.0,1.0,0,0,0.0,0,0
train,119,36,0.34,20,2,0.09999999999999998,0.8,0.75,0.5555555555555556,0.5,0.8333333333333334,-0.033333333333333326,0.821923283634178,0.2727272727272727,0.044444444444444446,0.16666666666666666,0.75,0.0,1.0,0.0,0.0,0,0,0.0,0,0
train,119,37,0.34,20,2,0.0,0.75,0.75,0.5407407407407407,0.38095238095238093,0.8,-0.050000000000000044,0.7931539701805068,0.22727272727272727,0.037037037037037035,0.19047619047619047,0.5,0.0,0.0,0.0,1.0,0,0,0.0,0,0
train,119,38,0.34,20,2,0.0,0.6666666666666666,0.6666666666666666,0.5259259259259259,0.47619047619047616,0.75,-0.08333333333333337,0.7425590487749707,0.18181818181818182,0.02962962962962963,0.19047619047619047,0.5,0.0,0.0,0.0,1.0,0,0,0.0,0,0
train,119,39,0.34,20,2,0.0,0.5,0.5,0.5037037037037037,0.47619047619047616,0.6666666666666666,-0.16666666666666663,0.6455354292649824,0.13636363636363635,0.022222222222222223,0.2857142857142857,0.5,0.0,0.0,0.0,1.0,0,0,0.0,0,0
train,119,40,0.34,20,2,0.0,0.6666666666666666,0.6666666666666666,0.48148148148148145,0.47619047619047616,0.5,0.16666666666666663,0.6539879242256561,0.09090909090909091,0.02962962962962963,0.2857142857142857,0.5,1.0,0.0,0.0,0.0,0,0,0.0,0,0
train,119,41,0.34,20,2,0.0,0.5,0.5,0.4666666666666667,0.5,0.6666666666666666,-0.16666666666666663,0.5923927545353936,0.13636363636363635,0.022222222222222223,0.20833333333333334,0.75,0.0,0.0,0.0,1.0,0,0,0.0,0,0
train,119,42,0.34,20,2,0.0,0.0,0.0,0.45185185185185184,0.5217391304347826,0.5,-0.5,0.3554356527212362,0.09090909090909091,0.014814814814814815,0.17391304347826086,0.75,0.0,0.0,0.0,1.0,0,0,0.0,0,0
train,119,43,0.34,20,2,0.0,0.0,0.0,0.42962962962962964,0.45,0.0,0.0,0.2132613916327417,0.045454545454545456,0.007407407407407408,0.15,0.75,0.0,1.0,0.0,0.0,0,0,0.0,0,0
