threshold,tp,fp,tn,fn,accuracy,precision,recall,specificity,fpr,fnr,f1,balanced_accuracy,predicted_positive_rate
0.0,199,1045,0,0,0.159967845659164,0.159967845659164,1.0,0.0,1.0,0.0,0.2758142758142758,0.5,1.0
0.00011064924600963053,199,1045,0,0,0.159967845659164,0.159967845659164,1.0,0.0,1.0,0.0,0.2758142758142758,0.5,1.0
0.00028858161407192693,199,1044,1,0,0.1607717041800643,0.16009654062751408,1.0,0.0009569377990430622,0.999043062200957,0.0,0.27600554785020803,0.5004784688995215,0.9991961414790996
0.0003282904279255626,199,1043,2,0,0.16157556270096463,0.16022544283413848,1.0,0.0019138755980861245,0.9980861244019139,0.0,0.2761970853573907,0.500956937799043,0.9983922829581994
0.0004079915046860938,199,1042,3,0,0.16237942122186494,0.16035455278001612,1.0,0.0028708133971291866,0.9971291866028709,0.0,0.2763888888888889,0.5014354066985646,0.997588424437299
0.0005188841880611058,199,1041,4,0,0.16318327974276528,0.16048387096774194,1.0,0.003827751196172249,0.9961722488038277,0.0,0.2765809589993051,0.5019138755980861,0.9967845659163987
0.0005378719061638263,199,1040,5,0,0.1639871382636656,0.1606133979015335,1.0,0.004784688995215311,0.9952153110047847,0.0,0.2767732962447844,0.5023923444976076,0.9959807073954984
0.0007021359118200243,199,1039,6,0,0.1647909967845659,0.16074313408723748,1.0,0.005741626794258373,0.9942583732057416,0.0,0.27696590118302017,0.5028708133971291,0.9951768488745981
0.0007819511154604832,199,1038,7,0,0.16559485530546625,0.1608730800323363,1.0,0.0066985645933014355,0.9933014354066986,0.0,0.27715877437325903,0.5033492822966508,0.9943729903536977
0.000788364407785429,199,1037,8,0,0.16639871382636656,0.1610032362459547,1.0,0.007655502392344498,0.9923444976076555,0.0,0.2773519163763066,0.5038277511961723,0.9935691318327974
0.0008454057619824675,199,1036,9,0,0.16720257234726688,0.16113360323886639,1.0,0.00861244019138756,0.9913875598086125,0.0,0.2775453277545328,0.5043062200956938,0.9927652733118971
0.0010072691154170887,199,1035,10,0,0.1680064308681672,0.1612641815235008,1.0,0.009569377990430622,0.9904306220095693,0.0,0.2777390090718772,0.5047846889952153,0.9919614147909968
0.0010616739474071774,199,1034,11,0,0.16881028938906753,0.16139497161394972,1.0,0.010526315789473684,0.9894736842105263,0.0,0.2779329608938547,0.5052631578947369,0.9911575562700965
0.0012185619160002535,199,1033,12,0,0.16961414790996784,0.16152597402597402,1.0,0.011483253588516746,0.9885167464114832,0.0,0.2781271837875611,0.5057416267942584,0.9903536977491961
0.0012911714133276705,199,1032,13,0,0.17041800643086816,0.16165718927701056,1.0,0.012440191387559809,0.9875598086124402,0.0,0.27832167832167837,0.5062200956937799,0.9895498392282959
0.0014939852059060847,199,1031,14,0,0.1712218649517685,0.16178861788617885,1.0,0.013397129186602871,0.9866028708133971,0.0,0.27851644506648,0.5066985645933014,0.9887459807073955
0.0015881265698450807,199,1030,15,0,0.1720257234726688,0.16192026037428803,1.0,0.014354066985645933,0.9856459330143541,0.0,0.27871148459383754,0.507177033492823,0.9879421221864951
0.0018505120397950697,199,1029,16,0,0.17282958199356913,0.16205211726384364,1.0,0.015311004784688996,0.9846889952153111,0.0,0.2789067974772249,0.5076555023923445,0.9871382636655949
0.0022426704891589564,199,1028,17,0,0.17363344051446947,0.1621841890790546,1.0,0.016267942583732056,0.9837320574162679,0.0,0.2791023842917251,0.508133971291866,0.9863344051446945
0.0022769706206110093,199,1027,18,0,0.17443729903536978,0.16231647634584012,1.0,0.01722488038277512,0.9827751196172249,0.0,0.27929824561403505,0.5086124401913875,0.9855305466237942
0.0024033442720599032,199,1026,19,0,0.1752411575562701,0.16244897959183674,1.0,0.01818181818181818,0.9818181818181818,0.0,0.27949438202247195,0.509090909090909,0.9847266881028939
0.002409397686067325,199,1025,20,0,0.1760450160771704,0.16258169934640523,1.0,0.019138755980861243,0.9808612440191388,0.0,0.2796907940969782,0.5095693779904307,0.9839228295819936
0.0024320738620938745,199,1024,21,0,0.17684887459807075,0.16271463614063778,1.0,0.020095693779904306,0.9799043062200957,0.0,0.279887482419128,0.5100478468899522,0.9831189710610932
0.0024566698513648387,199,1023,22,0,0.17765273311897106,0.16284779050736498,1.0,0.021052631578947368,0.9789473684210527,0.0,0.2800844475721323,0.5105263157894737,0.9823151125401929
0.0025812921296361597,199,1022,23,0,0.17845659163987138,0.16298116298116297,1.0,0.02200956937799043,0.9779904306220095,0.0,0.28028169014084503,0.5110047846889952,0.9815112540192926
0.0026784098031669393,199,1021,24,0,0.17926045016077172,0.16311475409836065,1.0,0.022966507177033493,0.9770334928229665,0.0,0.28047921071176884,0.5114832535885168,0.9807073954983923
0.002682638253531813,199,1020,25,0,0.18006430868167203,0.16324856439704677,1.0,0.023923444976076555,0.9760765550239234,0.0,0.28067700987306066,0.5119617224880383,0.979903536977492
0.002715276087791334,199,1019,26,0,0.18086816720257234,0.16338259441707717,1.0,0.024880382775119617,0.9751196172248804,0.0,0.2808750882145377,0.5124401913875598,0.9790996784565916
0.0027874963370420314,199,1018,27,0,0.18167202572347266,0.16351684470008218,1.0,0.02583732057416268,0.9741626794258373,0.0,0.28107344632768366,0.5129186602870813,0.9782958199356914
0.002970592502939636,199,1017,28,0,0.182475884244373,0.16365131578947367,1.0,0.026794258373205742,0.9732057416267943,0.0,0.2812720848056537,0.5133971291866029,0.977491961414791
0.0030613477500486957,199,1016,29,0,0.1832797427652733,0.16378600823045267,1.0,0.027751196172248804,0.9722488038277513,0.0,0.2814710042432814,0.5138755980861244,0.9766881028938906
0.0031344785177133774,199,1015,30,0,0.18408360128617363,0.16392092257001648,1.0,0.028708133971291867,0.9712918660287081,0.0,0.28167020523708425,0.5143540669856459,0.9758842443729904
0.003158699488934346,199,1014,31,0,0.18488745980707397,0.1640560593569662,1.0,0.02966507177033493,0.970334928229665,0.0,0.28186968838526916,0.5148325358851674,0.97508038585209
0.003269229972151141,199,1013,32,0,0.18569131832797428,0.16419141914191418,1.0,0.03062200956937799,0.969377990430622,0.0,0.28206945428773916,0.5153110047846889,0.9742765273311897
0.003271628042247304,199,1012,33,0,0.1864951768488746,0.16432700247729148,1.0,0.031578947368421054,0.968421052631579,0.0,0.2822695035460993,0.5157894736842106,0.9734726688102894
0.0034253185462077996,199,1011,34,0,0.1872990353697749,0.16446280991735537,1.0,0.03253588516746411,0.9674641148325359,0.0,0.2824698367636622,0.5162679425837321,0.9726688102893891
0.0034411388888631864,199,1010,35,0,0.18810289389067525,0.16459884201819686,1.0,0.03349282296650718,0.9665071770334929,0.0,0.2826704545454546,0.5167464114832536,0.9718649517684887
0.0034694284713731307,199,1009,36,0,0.18890675241157556,0.16473509933774835,1.0,0.03444976076555024,0.9655502392344497,0.0,0.2828713574982232,0.5172248803827751,0.9710610932475884
0.003586546931700659,199,1008,37,0,0.18971061093247588,0.16487158243579123,1.0,0.0354066985645933,0.9645933014354067,0.0,0.283072546230441,0.5177033492822967,0.9702572347266881
0.003662913434419565,199,1007,38,0,0.19051446945337622,0.16500829187396351,1.0,0.03636363636363636,0.9636363636363636,0.0,0.28327402135231317,0.5181818181818182,0.9694533762057878
0.0036723489276260716,199,1006,39,0,0.19131832797427653,0.16514522821576763,1.0,0.03732057416267943,0.9626794258373206,0.0,0.28347578347578345,0.5186602870813397,0.9686495176848875
0.0038130048312353315,199,1005,40,0,0.19212218649517684,0.16528239202657807,1.0,0.03827751196172249,0.9617224880382775,0.0,0.28367783321454026,0.5191387559808612,0.9678456591639871
0.0038323423546555,199,1004,41,0,0.19292604501607716,0.16541978387364922,1.0,0.03923444976076555,0.9607655502392345,0.0,0.2838801711840228,0.5196172248803828,0.9670418006430869
0.004177717424121677,199,1003,42,0,0.1937299035369775,0.16555740432612312,1.0,0.04019138755980861,0.9598086124401913,0.0,0.2840827980014275,0.5200956937799043,0.9662379421221865
0.004211534391933485,199,1002,43,0,0.1945337620578778,0.16569525395503748,1.0,0.04114832535885168,0.9588516746411483,0.0,0.2842857142857143,0.5205741626794258,0.9654340836012861
0.004229596680658285,199,1001,44,0,0.19533762057877813,0.16583333333333333,1.0,0.042105263157894736,0.9578947368421052,0.0,0.2844889206576126,0.5210526315789473,0.9646302250803859
0.004402231540599918,199,1000,45,0,0.19614147909967847,0.16597164303586323,1.0,0.0430622009569378,0.9569377990430622,0.0,0.28469241773962806,0.5215311004784688,0.9638263665594855
0.004412299253555228,199,999,46,0,0.19694533762057878,0.166110183639399,1.0,0.04401913875598086,0.9559808612440192,0.0,0.28489620615604866,0.5220095693779905,0.9630225080385852
0.004484418459186371,199,998,47,0,0.1977491961414791,0.16624895572263992,1.0,0.044976076555023926,0.9550239234449761,0.0,0.2851002865329513,0.522488038277512,0.9622186495176849
0.004774725478552321,199,997,48,0,0.1985530546623794,0.16638795986622074,1.0,0.045933014354066985,0.9540669856459331,0.0,0.2853046594982079,0.5229665071770335,0.9614147909967846
0.004948114931415039,199,996,49,0,0.19935691318327975,0.16652719665271967,1.0,0.04688995215311005,0.9531100478468899,0.0,0.2855093256814921,0.523444976076555,0.9606109324758842
0.005088938355409796,199,995,50,0,0.20016077170418006,0.16666666666666666,1.0,0.04784688995215311,0.9521531100478469,0.0,0.2857142857142857,0.5239234449760766,0.9598070739549839
0.005104744879759171,199,994,51,0,0.20096463022508038,0.16680637049455155,1.0,0.04880382775119617,0.9511961722488038,0.0,0.2859195402298851,0.5244019138755981,0.9590032154340836
0.005144577021409409,199,993,52,0,0.20176848874598072,0.1669463087248322,1.0,0.049760765550239235,0.9502392344497608,0.0,0.2861250898634076,0.5248803827751196,0.9581993569131833
0.005288564707545753,199,992,53,0,0.20257234726688103,0.1670864819479429,1.0,0.05071770334928229,0.9492822966507177,0.0,0.28633093525179854,0.5253588516746411,0.957395498392283
0.005314103475586444,199,991,54,0,0.20337620578778134,0.1672268907563025,1.0,0.05167464114832536,0.9483253588516747,0.0,0.28653707703383724,0.5258373205741627,0.9565916398713826
0.005461856323118949,199,990,55,0,0.20418006430868169,0.16736753574432295,1.0,0.05263157894736842,0.9473684210526315,0.0,0.28674351585014407,0.5263157894736842,0.9557877813504824
0.00549291422278584,199,989,56,0,0.204983922829582,0.1675084175084175,1.0,0.053588516746411484,0.9464114832535885,0.0,0.2869502523431867,0.5267942583732057,0.954983922829582
0.0055392268184168226,199,988,57,0,0.2057877813504823,0.16764953664700927,1.0,0.05454545454545454,0.9454545454545454,0.0,0.28715728715728717,0.5272727272727272,0.9541800643086816
0.005629102850228464,199,987,58,0,0.20659163987138263,0.16779089376053963,1.0,0.05550239234449761,0.9444976076555024,0.0,0.28736462093862813,0.5277511961722487,0.9533762057877814
0.005722571422613828,199,986,59,0,0.20739549839228297,0.1679324894514768,1.0,0.05645933014354067,0.9435406698564593,0.0,0.28757225433526007,0.5282296650717704,0.952572347266881
0.005724443485829134,199,985,60,0,0.20819935691318328,0.16807432432432431,1.0,0.05741626794258373,0.9425837320574163,0.0,0.2877801879971077,0.5287081339712919,0.9517684887459807
0.00572503420243346,199,984,61,0,0.2090032154340836,0.16821639898562976,1.0,0.05837320574162679,0.9416267942583733,0.0,0.28798842257597684,0.5291866028708134,0.9509646302250804
0.006130832304877482,199,983,62,0,0.20980707395498394,0.16835871404399322,1.0,0.05933014354066986,0.9406698564593301,0.0,0.28819695872556117,0.529665071770335,0.9501607717041801
0.006245957863061732,199,982,63,0,0.21061093247588425,0.1685012701100762,1.0,0.06028708133971292,0.939712918660287,0.0,0.2884057971014493,0.5301435406698565,0.9493569131832797
0.006274952217861329,199,981,64,0,0.21141479099678456,0.16864406779661018,1.0,0.06124401913875598,0.938755980861244,0.0,0.2886149383611313,0.530622009569378,0.9485530546623794
0.006292174655242987,199,980,65,0,0.21221864951768488,0.16878710771840544,1.0,0.06220095693779904,0.937799043062201,0.0,0.2888243831640058,0.5311004784688995,0.9477491961414791
0.006363137423583051,199,979,66,0,0.21302250803858522,0.16893039049235994,1.0,0.06315789473684211,0.9368421052631579,0.0,0.28903413217138707,0.531578947368421,0.9469453376205788
0.006390572381801635,199,978,67,0,0.21382636655948553,0.16907391673746813,1.0,0.06411483253588517,0.9358851674641149,0.0,0.2892441860465116,0.5320574162679426,0.9461414790996785
0.006561888319386604,199,977,68,0,0.21463022508038584,0.16921768707482993,1.0,0.06507177033492823,0.9349282296650717,0.0,0.28945454545454546,0.5325358851674641,0.9453376205787781
0.006631785923720577,199,976,69,0,0.21543408360128619,0.16936170212765958,1.0,0.0660287081339713,0.9339712918660287,0.0,0.28966521106259097,0.5330143540669856,0.9445337620578779
0.00678312383578984,199,975,70,0,0.2162379421221865,0.1695059625212947,1.0,0.06698564593301436,0.9330143540669856,0.0,0.2898761835396941,0.5334928229665071,0.9437299035369775
0.006858468473065445,199,974,71,0,0.2170418006430868,0.16965046888320545,1.0,0.06794258373205742,0.9320574162679426,0.0,0.29008746355685133,0.5339712918660287,0.9429260450160771
0.006860897373226321,199,973,72,0,0.21784565916398713,0.1697952218430034,1.0,0.06889952153110047,0.9311004784688995,0.0,0.29029905178701676,0.5344497607655503,0.9421221864951769
0.006922719808751878,199,972,73,0,0.21864951768488747,0.1699402220324509,1.0,0.06985645933014355,0.9301435406698565,0.0,0.29051094890510953,0.5349282296650718,0.9413183279742765
0.007033443773664056,199,971,74,0,0.21945337620578778,0.1700854700854701,1.0,0.0708133971291866,0.9291866028708134,0.0,0.2907231555880204,0.5354066985645933,0.9405144694533762
0.007322046420407479,199,970,75,0,0.2202572347266881,0.17023096663815226,1.0,0.07177033492822966,0.9282296650717703,0.0,0.2909356725146199,0.5358851674641149,0.9397106109324759
0.007587722545392658,199,969,76,0,0.22106109324758844,0.1703767123287671,1.0,0.07272727272727272,0.9272727272727272,0.0,0.2911485003657644,0.5363636363636364,0.9389067524115756
0.007671280871052965,199,968,77,0,0.22186495176848875,0.17052270779777207,1.0,0.07368421052631578,0.9263157894736842,0.0,0.2913616398243046,0.5368421052631579,0.9381028938906752
0.007696952732506331,199,967,78,0,0.22266881028938906,0.17066895368782162,1.0,0.07464114832535886,0.9253588516746412,0.0,0.2915750915750916,0.5373205741626794,0.9372990353697749
0.0077434479795861115,199,966,79,0,0.22347266881028938,0.17081545064377682,1.0,0.07559808612440191,0.9244019138755981,0.0,0.2917888563049853,0.5377990430622009,0.9364951768488746
0.007966824108648882,199,965,80,0,0.22427652733118972,0.17096219931271478,1.0,0.07655502392344497,0.9234449760765551,0.0,0.2920029347028613,0.5382775119617225,0.9356913183279743
0.008057942075472287,199,963,82,0,0.22588424437299034,0.1712564543889845,1.0,0.0784688995215311,0.9215311004784689,0.0,0.2924320352681852,0.5392344497607655,0.9340836012861736
0.008252748829075611,199,962,83,0,0.2266881028938907,0.17140396210163653,1.0,0.07942583732057416,0.9205741626794258,0.0,0.2926470588235294,0.539712918660287,0.9332797427652733
0.00832688143674072,199,961,84,0,0.227491961414791,0.17155172413793104,1.0,0.08038277511961722,0.9196172248803828,0.0,0.29286239882266374,0.5401913875598086,0.932475884244373
0.008360595817292964,199,960,85,0,0.2282958199356913,0.17169974115616912,1.0,0.08133971291866028,0.9186602870813397,0.0,0.2930780559646539,0.5406698564593302,0.9316720257234726
0.008365761048616013,199,959,86,0,0.22909967845659163,0.17184801381692574,1.0,0.08229665071770335,0.9177033492822967,0.0,0.2932940309506264,0.5411483253588517,0.9308681672025724
0.008492694875496658,199,958,87,0,0.22990353697749197,0.17199654278305965,1.0,0.08325358851674641,0.9167464114832536,0.0,0.29351032448377584,0.5416267942583732,0.930064308681672
0.008644274043095557,199,956,89,0,0.2315112540192926,0.1722943722943723,1.0,0.08516746411483253,0.9148325358851674,0.0,0.29394387001477107,0.5425837320574163,0.9284565916398714
0.00876878688344484,199,955,90,0,0.23231511254019294,0.17244367417677642,1.0,0.0861244019138756,0.9138755980861244,0.0,0.2941611234294161,0.5430622009569378,0.927652733118971
0.008864883916328241,199,954,91,0,0.23311897106109325,0.17259323503902863,1.0,0.08708133971291866,0.9129186602870814,0.0,0.2943786982248521,0.5435406698564593,0.9268488745980707
0.008947768717022362,199,953,92,0,0.23392282958199356,0.17274305555555555,1.0,0.08803827751196172,0.9119617224880383,0.0,0.2945965951147298,0.5440191387559808,0.9260450160771704
0.00894925581407798,199,952,93,0,0.2347266881028939,0.17289313640312773,1.0,0.08899521531100478,0.9110047846889953,0.0,0.29481481481481486,0.5444976076555024,0.9252411575562701
0.009262606725602258,199,951,94,0,0.23553054662379422,0.17304347826086958,1.0,0.08995215311004785,0.9100478468899521,0.0,0.2950333580429948,0.5449760765550239,0.9244372990353698
0.009362428037504594,199,950,95,0,0.23633440514469453,0.1731940818102698,1.0,0.09090909090909091,0.9090909090909091,0.0,0.2952522255192878,0.5454545454545454,0.9236334405144695
0.009382311465050879,199,949,96,0,0.23713826366559485,0.17334494773519163,1.0,0.09186602870813397,0.908133971291866,0.0,0.29547141796585,0.5459330143540669,0.9228295819935691
0.009403986131181643,199,948,97,0,0.2379421221864952,0.17349607672188316,1.0,0.09282296650717703,0.907177033492823,0.0,0.29569093610698366,0.5464114832535885,0.9220257234726688
0.00944397954127975,199,947,98,0,0.2387459807073955,0.1736474694589878,1.0,0.0937799043062201,0.9062200956937799,0.0,0.295910780669145,0.5468899521531101,0.9212218649517685
0.009575844599931214,199,946,99,0,0.2395498392282958,0.1737991266375546,1.0,0.09473684210526316,0.9052631578947369,0.0,0.29613095238095244,0.5473684210526316,0.9204180064308681
0.009731539723709342,199,945,100,0,0.24035369774919615,0.17395104895104896,1.0,0.09569377990430622,0.9043062200956937,0.0,0.29635145197319435,0.5478468899521531,0.9196141479099679
0.009802124479836602,199,944,101,0,0.24115755627009647,0.17410323709536307,1.0,0.09665071770334928,0.9033492822966507,0.0,0.2965722801788376,0.5483253588516747,0.9188102893890675
0.009839178097861997,199,943,102,0,0.24196141479099678,0.17425569176882663,1.0,0.09760765550239234,0.9023923444976076,0.0,0.29679343773303507,0.5488038277511962,0.9180064308681672
0.010255322456179241,199,942,103,0,0.2427652733118971,0.17440841367221735,1.0,0.09856459330143541,0.9014354066985646,0.0,0.29701492537313434,0.5492822966507177,0.9172025723472669
0.010284662823013362,199,941,104,0,0.24356913183279744,0.17456140350877192,1.0,0.09952153110047847,0.9004784688995215,0.0,0.2972367438386856,0.5497607655502392,0.9163987138263665
0.010544259670303943,199,940,105,0,0.24437299035369775,0.17471466198419666,1.0,0.10047846889952153,0.8995215311004785,0.0,0.2974588938714499,0.5502392344497608,0.9155948553054662
0.010892359730911232,199,939,106,0,0.24517684887459806,0.17486818980667837,1.0,0.10143540669856459,0.8985645933014355,0.0,0.2976813762154076,0.5507177033492823,0.9147909967845659
0.010952419574114412,199,938,107,0,0.2459807073954984,0.17502198768689534,1.0,0.10239234449760766,0.8976076555023923,0.0,0.2979041916167665,0.5511961722488038,0.9139871382636656
0.011039236045755508,199,936,109,0,0.24758842443729903,0.17533039647577092,1.0,0.10430622009569378,0.8956937799043062,0.0,0.2983508245877062,0.5521531100478468,0.912379421221865
0.011193506665143653,199,935,110,0,0.24839228295819935,0.17548500881834214,1.0,0.10526315789473684,0.8947368421052632,0.0,0.2985746436609152,0.5526315789473684,0.9115755627009646
0.011312411081089607,199,934,111,0,0.2491961414790997,0.17563989408649602,1.0,0.10622009569377991,0.8937799043062201,0.0,0.2987987987987988,0.55311004784689,0.9107717041800643
0.011381250928923448,199,933,112,0,0.25,0.17579505300353357,1.0,0.10717703349282297,0.8928229665071771,0.0,0.299023290758828,0.5535885167464115,0.909967845659164
0.011443154850295892,199,932,113,0,0.2508038585209003,0.17595048629531387,1.0,0.10813397129186603,0.8918660287081339,0.0,0.2992481203007519,0.554066985645933,0.9091639871382636
0.011562570934624166,199,931,114,0,0.2516077170418006,0.17610619469026548,1.0,0.10909090909090909,0.8909090909090909,0.0,0.29947328818660646,0.5545454545454546,0.9083601286173634
0.012147537291371968,199,930,115,0,0.25241157556270094,0.1762621789193977,1.0,0.11004784688995216,0.8899521531100478,0.0,0.2996987951807229,0.5550239234449761,0.907556270096463
0.01235740150198179,199,929,116,0,0.2532154340836013,0.17641843971631205,1.0,0.11100478468899522,0.8889952153110048,0.0,0.29992464204973623,0.5555023923444976,0.9067524115755627
0.012500265617739753,199,928,117,0,0.2540192926045016,0.17657497781721385,1.0,0.11196172248803828,0.8880382775119617,0.0,0.30015082956259426,0.5559808612440191,0.9059485530546624
0.012594091210025762,199,927,118,0,0.25482315112540194,0.17673179396092362,1.0,0.11291866028708133,0.8870813397129187,0.0,0.300377358490566,0.5564593301435407,0.905144694533762
0.012796298824623728,199,926,119,0,0.25562700964630225,0.1768888888888889,1.0,0.11387559808612441,0.8861244019138756,0.0,0.3006042296072508,0.5569377990430622,0.9043408360128617
0.012854615605797464,199,925,120,0,0.25643086816720256,0.17704626334519574,1.0,0.11483253588516747,0.8851674641148325,0.0,0.30083144368858655,0.5574162679425837,0.9035369774919614
0.013055967649189036,199,924,121,0,0.2572347266881029,0.1772039180765806,1.0,0.11578947368421053,0.8842105263157894,0.0,0.3010590015128593,0.5578947368421052,0.9027331189710611
0.013135116190152153,199,923,122,0,0.2580385852090032,0.17736185383244207,1.0,0.11674641148325358,0.8832535885167464,0.0,0.3012869038607116,0.5583732057416267,0.9019292604501608
0.013326394919132628,199,922,123,0,0.25884244372990356,0.17752007136485282,1.0,0.11770334928229666,0.8822966507177034,0.0,0.3015151515151515,0.5588516746411484,0.9011254019292605
0.013446984747513505,199,921,124,0,0.2596463022508039,0.17767857142857144,1.0,0.11866028708133972,0.8813397129186603,0.0,0.30174374526156184,0.5593301435406699,0.9003215434083601
0.013657866269811036,199,920,125,0,0.2604501607717042,0.1778373547810545,1.0,0.11961722488038277,0.8803827751196173,0.0,0.3019726858877086,0.5598086124401914,0.8995176848874598
0.013664360544352959,199,919,126,0,0.2612540192926045,0.1779964221824687,1.0,0.12057416267942583,0.8794258373205741,0.0,0.30220197418375094,0.560287081339713,0.8987138263665595
0.013679860695985717,199,918,127,0,0.2620578778135048,0.17815577439570277,1.0,0.1215311004784689,0.8784688995215311,0.0,0.30243161094224924,0.5607655502392345,0.8979099678456591
0.013751632893635115,199,917,128,0,0.2628617363344051,0.17831541218637992,1.0,0.12248803827751197,0.877511961722488,0.0,0.3026615969581749,0.561244019138756,0.8971061093247589
0.014134001868867097,199,916,129,0,0.26366559485530544,0.17847533632286997,1.0,0.12344497607655502,0.876555023923445,0.0,0.30289193302891937,0.5617224880382775,0.8963022508038585
0.01460478069974175,199,915,130,0,0.2644694533762058,0.17863554757630162,1.0,0.12440191387559808,0.8755980861244019,0.0,0.3031226199543032,0.562200956937799,0.8954983922829582
0.014731912432971428,199,914,131,0,0.2652733118971061,0.17879604672057503,1.0,0.12535885167464114,0.8746411483253589,0.0,0.30335365853658536,0.5626794258373206,0.8946945337620579
0.015072534401115851,199,913,132,0,0.26607717041800644,0.1789568345323741,1.0,0.12631578947368421,0.8736842105263158,0.0,0.3035850495804729,0.5631578947368421,0.8938906752411575
0.01507635215357359,199,912,133,0,0.26688102893890675,0.1791179117911791,1.0,0.12727272727272726,0.8727272727272727,0.0,0.30381679389312977,0.5636363636363636,0.8930868167202572
0.015134400563717239,199,911,134,0,0.26768488745980706,0.17927927927927928,1.0,0.12822966507177033,0.8717703349282296,0.0,0.3040488922841864,0.5641148325358851,0.8922829581993569
0.015346826726886111,199,910,135,0,0.2684887459807074,0.17944093778178538,1.0,0.1291866028708134,0.8708133971291866,0.0,0.3042813455657492,0.5645933014354068,0.8914790996784566
0.01595910604033117,199,909,136,0,0.2692926045016077,0.1796028880866426,1.0,0.13014354066985645,0.8698564593301435,0.0,0.3045141545524101,0.5650717703349282,0.8906752411575563
0.01614547714577822,199,908,137,0,0.27009646302250806,0.17976513098464317,1.0,0.13110047846889952,0.8688995215311005,0.0,0.30474732006125577,0.5655502392344498,0.889871382636656
0.016262889163599994,199,907,138,0,0.2709003215434084,0.17992766726943943,1.0,0.1320574162679426,0.8679425837320575,0.0,0.3049808429118774,0.5660287081339713,0.8890675241157556
0.016558417481170595,199,906,139,0,0.2717041800643087,0.18009049773755656,1.0,0.13301435406698564,0.8669856459330143,0.0,0.3052147239263804,0.5665071770334928,0.8882636655948553
0.017298226658154826,199,905,140,0,0.272508038585209,0.1802536231884058,1.0,0.1339712918660287,0.8660287081339713,0.0,0.3054489639293937,0.5669856459330144,0.887459807073955
0.01733535350870758,199,904,141,0,0.2733118971061093,0.18041704442429737,1.0,0.13492822966507176,0.8650717703349282,0.0,0.30568356374807987,0.5674641148325359,0.8866559485530546
0.017598446890724387,199,903,142,0,0.2741157556270096,0.18058076225045372,1.0,0.13588516746411483,0.8641148325358852,0.0,0.3059185242121445,0.5679425837320574,0.8858520900321544
0.017643506180185883,199,902,143,0,0.27491961414790994,0.1807447774750227,1.0,0.1368421052631579,0.8631578947368421,0.0,0.3061538461538461,0.5684210526315789,0.885048231511254
0.017863677454056263,199,901,144,0,0.2757234726688103,0.1809090909090909,1.0,0.13779904306220095,0.8622009569377991,0.0,0.30638953040800615,0.5688995215311005,0.8842443729903537
0.017948601382861397,199,900,145,0,0.2765273311897106,0.181073703366697,1.0,0.13875598086124402,0.861244019138756,0.0,0.30662557781201855,0.569377990430622,0.8834405144694534
0.01827003846023834,199,899,146,0,0.27733118971061094,0.18123861566484517,1.0,0.1397129186602871,0.8602870813397129,0.0,0.30686198920585966,0.5698564593301435,0.882636655948553
0.018314378742959322,199,898,147,0,0.27813504823151125,0.1814038286235187,1.0,0.14066985645933014,0.8593301435406698,0.0,0.3070987654320988,0.570334928229665,0.8818327974276527
0.01852972215654274,199,897,148,0,0.27893890675241156,0.18156934306569342,1.0,0.1416267942583732,0.8583732057416268,0.0,0.3073359073359073,0.5708133971291867,0.8810289389067524
0.018822203348963146,199,896,149,0,0.2797427652733119,0.1817351598173516,1.0,0.14258373205741626,0.8574162679425837,0.0,0.3075734157650696,0.5712918660287081,0.8802250803858521
0.019003191345703094,199,895,150,0,0.2805466237942122,0.18190127970749542,1.0,0.14354066985645933,0.8564593301435407,0.0,0.30781129156999226,0.5717703349282297,0.8794212218649518
0.01907127670968497,199,894,151,0,0.28135048231511256,0.18206770356816102,1.0,0.1444976076555024,0.8555023923444977,0.0,0.3080495356037152,0.5722488038277512,0.8786173633440515
0.01956420172992968,199,893,152,0,0.2821543408360129,0.18223443223443223,1.0,0.14545454545454545,0.8545454545454545,0.0,0.30828814872192095,0.5727272727272728,0.8778135048231511
0.019567586800194933,199,892,153,0,0.2829581993569132,0.18240146654445463,1.0,0.14641148325358852,0.8535885167464115,0.0,0.3085271317829457,0.5732057416267943,0.8770096463022508
0.019634696044772516,199,891,154,0,0.2837620578778135,0.18256880733944955,1.0,0.14736842105263157,0.8526315789473684,0.0,0.30876648564778897,0.5736842105263158,0.8762057877813505
0.019648806723655633,199,890,155,0,0.2845659163987138,0.1827364554637282,1.0,0.14832535885167464,0.8516746411483254,0.0,0.30900621118012417,0.5741626794258373,0.8754019292604501
0.019906551922435005,199,889,156,0,0.2853697749196141,0.18290441176470587,1.0,0.1492822966507177,0.8507177033492823,0.0,0.30924630924630925,0.5746411483253588,0.8745980707395499
0.019944924250768388,199,888,157,0,0.2861736334405145,0.18307267709291627,1.0,0.15023923444976076,0.8497607655502393,0.0,0.30948678071539654,0.5751196172248804,0.8737942122186495
0.020182631127152913,199,887,158,0,0.2869774919614148,0.1832412523020258,1.0,0.15119617224880383,0.8488038277511962,0.0,0.309727626459144,0.5755980861244019,0.8729903536977492
0.020447200804746362,199,886,159,0,0.2877813504823151,0.18341013824884791,1.0,0.1521531100478469,0.8478468899521531,0.0,0.3099688473520249,0.5760765550239234,0.8721864951768489
0.020505528553302267,199,885,160,0,0.28858520900321544,0.18357933579335795,1.0,0.15311004784688995,0.84688995215311,0.0,0.3102104442712393,0.5765550239234449,0.8713826366559485
0.02072372227190867,199,884,161,0,0.28938906752411575,0.1837488457987073,1.0,0.15406698564593302,0.845933014354067,0.0,0.31045241809672386,0.5770334928229666,0.8705787781350482
0.020933730459505036,199,883,162,0,0.29019292604501606,0.18391866913123844,1.0,0.15502392344497606,0.8449760765550239,0.0,0.31069476971116317,0.577511961722488,0.8697749196141479
0.020937211824452018,199,882,163,0,0.2909967845659164,0.18408880666049954,1.0,0.15598086124401914,0.8440191387559809,0.0,0.3109375,0.5779904306220096,0.8689710610932476
0.021181998934046955,199,881,164,0,0.29180064308681675,0.18425925925925926,1.0,0.1569377990430622,0.8430622009569378,0.0,0.3111806098514464,0.5784688995215311,0.8681672025723473
0.021568805330790985,199,880,165,0,0.29260450160771706,0.18443002780352177,1.0,0.15789473684210525,0.8421052631578947,0.0,0.3114241001564945,0.5789473684210527,0.867363344051447
0.021791022596482704,199,879,166,0,0.2934083601286174,0.18460111317254174,1.0,0.15885167464114833,0.8411483253588516,0.0,0.31166797180892714,0.5794258373205742,0.8665594855305466
0.02227407322100289,199,878,167,0,0.2942122186495177,0.18477251624883936,1.0,0.1598086124401914,0.8401913875598086,0.0,0.3119122257053291,0.5799043062200957,0.8657556270096463
0.022339853582029556,199,877,168,0,0.295016077170418,0.18494423791821563,1.0,0.16076555023923444,0.8392344497607656,0.0,0.3121568627450981,0.5803827751196172,0.864951768488746
0.022356908857696527,199,876,169,0,0.2958199356913183,0.18511627906976744,1.0,0.16172248803827752,0.8382775119617225,0.0,0.31240188383045525,0.5808612440191387,0.8641479099678456
0.022737166785137364,199,875,170,0,0.2966237942122186,0.18528864059590316,1.0,0.16267942583732056,0.8373205741626795,0.0,0.3126472898664572,0.5813397129186603,0.8633440514469454
0.022881698565933507,199,874,171,0,0.297427652733119,0.18546132339235788,1.0,0.16363636363636364,0.8363636363636363,0.0,0.3128930817610063,0.5818181818181818,0.862540192926045
0.02289728853635252,199,873,172,0,0.2982315112540193,0.18563432835820895,1.0,0.1645933014354067,0.8354066985645933,0.0,0.3131392604248623,0.5822966507177033,0.8617363344051447
0.02296833514440458,199,872,173,0,0.2990353697749196,0.1858076563958917,1.0,0.16555023923444975,0.8344497607655502,0.0,0.31338582677165355,0.5827751196172248,0.8609324758842444
0.023366264178063038,199,871,174,0,0.29983922829581994,0.18598130841121496,1.0,0.16650717703349283,0.8334928229665072,0.0,0.3136327817178881,0.5832535885167465,0.860128617363344
0.02378064614177675,199,870,175,0,0.30064308681672025,0.186155285313377,1.0,0.1674641148325359,0.8325358851674641,0.0,0.3138801261829653,0.583732057416268,0.8593247588424437
0.02400363283397358,199,869,176,0,0.30144694533762056,0.18632958801498128,1.0,0.16842105263157894,0.8315789473684211,0.0,0.31412786108918705,0.5842105263157895,0.8585209003215434
0.02422925949313036,199,868,177,0,0.3022508038585209,0.18650421743205248,1.0,0.16937799043062202,0.830622009569378,0.0,0.3143759873617693,0.584688995215311,0.8577170418006431
0.024324496536638426,199,867,178,0,0.30305466237942125,0.18667917448405252,1.0,0.17033492822966506,0.8296650717703349,0.0,0.3146245059288537,0.5851674641148326,0.8569131832797428
0.024387517285038383,199,866,179,0,0.30385852090032156,0.18685446009389672,1.0,0.17129186602870813,0.8287081339712918,0.0,0.31487341772151906,0.5856459330143541,0.8561093247588425
0.025298696400290772,199,865,180,0,0.3046623794212219,0.18703007518796994,1.0,0.1722488038277512,0.8277511961722488,0.0,0.31512272367379257,0.5861244019138756,0.8553054662379421
0.025474803437131304,199,864,181,0,0.3054662379421222,0.187206020696143,1.0,0.17320574162679425,0.8267942583732057,0.0,0.31537242472266247,0.5866028708133971,0.8545016077170418
0.025613187006077752,199,863,182,0,0.3062700964630225,0.1873822975517891,1.0,0.17416267942583732,0.8258373205741627,0.0,0.3156225218080888,0.5870813397129186,0.8536977491961415
0.02564151839331714,199,862,183,0,0.3070739549839228,0.1875589066918002,1.0,0.17511961722488037,0.8248803827751197,0.0,0.31587301587301586,0.5875598086124402,0.8528938906752411
0.025703998821833284,199,861,184,0,0.30787781350482313,0.1877358490566038,1.0,0.17607655502392344,0.8239234449760765,0.0,0.3161239078633837,0.5880382775119617,0.8520900321543409
0.026127377320921144,199,860,185,0,0.3086816720257235,0.18791312559017942,1.0,0.17703349282296652,0.8229665071770335,0.0,0.3163751987281399,0.5885167464114832,0.8512861736334405
0.026575433950889255,199,859,186,0,0.3094855305466238,0.1880907372400756,1.0,0.17799043062200956,0.8220095693779904,0.0,0.3166268894192522,0.5889952153110047,0.8504823151125402
0.026772272432752053,199,858,187,0,0.3102893890675241,0.18826868495742669,1.0,0.17894736842105263,0.8210526315789474,0.0,0.3168789808917198,0.5894736842105264,0.8496784565916399
0.026877543534232155,199,857,188,0,0.31109324758842444,0.1884469696969697,1.0,0.1799043062200957,0.8200956937799043,0.0,0.31713147410358566,0.5899521531100479,0.8488745980707395
0.026924983458871714,199,856,189,0,0.31189710610932475,0.18862559241706162,1.0,0.18086124401913875,0.8191387559808613,0.0,0.31738437001594894,0.5904306220095694,0.8480707395498392
0.02708236385132741,199,855,190,0,0.31270096463022506,0.1888045540796964,1.0,0.18181818181818182,0.8181818181818182,0.0,0.3176376695929769,0.5909090909090909,0.8472668810289389
0.027244338846175428,199,854,191,0,0.3135048231511254,0.1889838556505223,1.0,0.18277511961722487,0.8172248803827751,0.0,0.3178913738019169,0.5913875598086125,0.8464630225080386
0.027299108451227884,199,853,192,0,0.31430868167202575,0.18916349809885932,1.0,0.18373205741626794,0.816267942583732,0.0,0.31814548361310957,0.591866028708134,0.8456591639871383
0.027540811374178287,199,852,193,0,0.31511254019292606,0.18934348239771645,1.0,0.184688995215311,0.815311004784689,0.0,0.31839999999999996,0.5923444976076555,0.844855305466238
0.0275951609796198,199,851,194,0,0.3159163987138264,0.1895238095238095,1.0,0.18564593301435406,0.8143540669856459,0.0,0.31865492393915135,0.592822966507177,0.8440514469453376
0.02809658509326417,199,850,195,0,0.3167202572347267,0.18970448045757865,1.0,0.18660287081339713,0.8133971291866029,0.0,0.3189102564102564,0.5933014354066986,0.8432475884244373
0.028545253892428766,199,849,196,0,0.317524115755627,0.1898854961832061,1.0,0.1875598086124402,0.8124401913875599,0.0,0.31916599839615073,0.5937799043062201,0.842443729903537
0.028650481382058286,199,848,197,0,0.3183279742765273,0.19006685768863418,1.0,0.18851674641148325,0.8114832535885167,0.0,0.31942215088282505,0.5942583732057416,0.8416398713826366
0.0287294291704767,199,847,198,0,0.31913183279742763,0.19024856596558318,1.0,0.18947368421052632,0.8105263157894737,0.0,0.3196787148594377,0.5947368421052631,0.8408360128617364
0.02888323562537635,199,846,199,0,0.319935691318328,0.19043062200956937,1.0,0.19043062200956937,0.8095693779904306,0.0,0.319935691318328,0.5952153110047846,0.840032154340836
0.0289379421509751,199,845,200,0,0.3207395498392283,0.19061302681992337,1.0,0.19138755980861244,0.8086124401913876,0.0,0.32019308125502816,0.5956937799043063,0.8392282958199357
0.029225699597563052,199,844,201,0,0.3215434083601286,0.19079578139980824,1.0,0.1923444976076555,0.8076555023923445,0.0,0.32045088566827695,0.5961722488038278,0.8384244372990354
0.029396952623564013,199,843,202,0,0.32234726688102894,0.190978886756238,1.0,0.19330143540669856,0.8066985645933015,0.0,0.3207091055600322,0.5966507177033493,0.837620578778135
0.029676729330724076,199,842,203,0,0.32315112540192925,0.19116234390009607,1.0,0.19425837320574163,0.8057416267942584,0.0,0.3209677419354839,0.5971291866028708,0.8368167202572347
0.030135678874094924,199,841,204,0,0.32395498392282956,0.19134615384615383,1.0,0.19521531100478468,0.8047846889952153,0.0,0.32122679580306696,0.5976076555023924,0.8360128617363344
0.03038536638224785,199,840,205,0,0.3247588424437299,0.1915303176130895,1.0,0.19617224880382775,0.8038277511961722,0.0,0.3214862681744749,0.5980861244019139,0.8352090032154341
0.03043041440321173,199,839,206,0,0.32556270096463025,0.19171483622350674,1.0,0.19712918660287082,0.8028708133971292,0.0,0.32174616006467255,0.5985645933014354,0.8344051446945338
0.030518103353301546,199,838,207,0,0.32636655948553056,0.1918997107039537,1.0,0.19808612440191387,0.8019138755980861,0.0,0.3220064724919094,0.5990430622009569,0.8336012861736335
0.03059087250652617,199,837,208,0,0.3271704180064309,0.1920849420849421,1.0,0.19904306220095694,0.8009569377990431,0.0,0.3222672064777328,0.5995215311004785,0.8327974276527331
0.030835723204438465,199,836,209,0,0.3279742765273312,0.19227053140096617,1.0,0.2,0.8,0.0,0.3225283630470016,0.6,0.8319935691318328
0.03087162581522405,199,835,210,0,0.3287781350482315,0.19245647969052224,1.0,0.20095693779904306,0.7990430622009569,0.0,0.32278994322789945,0.6004784688995215,0.8311897106109325
0.03169927642446826,199,834,211,0,0.3295819935691318,0.19264278799612777,1.0,0.20191387559808613,0.7980861244019138,0.0,0.3230519480519481,0.600956937799043,0.8303858520900321
0.031764429264563285,199,833,212,0,0.33038585209003213,0.1928294573643411,1.0,0.20287081339712917,0.7971291866028708,0.0,0.3233143785540211,0.6014354066985645,0.8295819935691319
0.032328122803222045,199,832,213,0,0.3311897106109325,0.1930164888457808,1.0,0.20382775119617225,0.7961722488038278,0.0,0.3235772357723577,0.6019138755980862,0.8287781350482315
0.0327454247556194,199,831,214,0,0.3319935691318328,0.19320388349514564,1.0,0.20478468899521532,0.7952153110047847,0.0,0.32384052074857606,0.6023923444976077,0.8279742765273312
0.033336822478845285,199,830,215,0,0.3327974276527331,0.1933916423712342,1.0,0.20574162679425836,0.7942583732057417,0.0,0.3241042345276873,0.6028708133971292,0.8271704180064309
0.03351434916219392,199,829,216,0,0.33360128617363344,0.193579766536965,1.0,0.20669856459330144,0.7933014354066986,0.0,0.3243683781581092,0.6033492822966507,0.8263665594855305
0.03369070225499999,199,828,217,0,0.33440514469453375,0.1937682570593963,1.0,0.2076555023923445,0.7923444976076555,0.0,0.32463295269168024,0.6038277511961723,0.8255627009646302
0.03405991977596184,199,827,218,0,0.33520900321543406,0.19395711500974658,1.0,0.20861244019138755,0.7913875598086124,0.0,0.3248979591836735,0.6043062200956938,0.8247588424437299
0.034667577045014025,199,826,219,0,0.3360128617363344,0.19414634146341464,1.0,0.20956937799043063,0.7904306220095694,0.0,0.32516339869281047,0.6047846889952153,0.8239549839228296
0.035253629395077965,199,825,220,0,0.33681672025723475,0.1943359375,1.0,0.21052631578947367,0.7894736842105263,0.0,0.32542927228127555,0.6052631578947368,0.8231511254019293
0.0358071469256679,199,824,221,0,0.33762057877813506,0.19452590420332355,1.0,0.21148325358851675,0.7885167464114833,0.0,0.32569558101472995,0.6057416267942584,0.822347266881029
0.03672560126159937,199,823,222,0,0.3384244372990354,0.19471624266144813,1.0,0.21244019138755982,0.7875598086124402,0.0,0.32596232596232594,0.6062200956937799,0.8215434083601286
0.036727590786203225,199,822,223,0,0.3392282958199357,0.19490695396669933,1.0,0.21339712918660286,0.7866028708133971,0.0,0.3262295081967213,0.6066985645933014,0.8207395498392283
0.03699924621229824,199,821,224,0,0.340032154340836,0.19509803921568628,1.0,0.21435406698564594,0.785645933014354,0.0,0.32649712879409354,0.6071770334928229,0.819935691318328
0.03868226573162202,199,820,225,0,0.3408360128617363,0.19528949950932287,1.0,0.215311004784689,0.784688995215311,0.0,0.32676518883415434,0.6076555023923444,0.8191318327974276
0.03918438783008315,199,819,226,0,0.34163987138263663,0.19548133595284872,1.0,0.21626794258373205,0.783732057416268,0.0,0.32703368940016436,0.6081339712918661,0.8183279742765274
0.03968943332146644,199,818,227,0,0.342443729903537,0.19567354965585054,1.0,0.21722488038277513,0.7827751196172249,0.0,0.32730263157894735,0.6086124401913876,0.817524115755627
0.040221157930870687,199,817,228,0,0.3432475884244373,0.19586614173228348,1.0,0.21818181818181817,0.7818181818181819,0.0,0.32757201646090534,0.6090909090909091,0.8167202572347267
0.04036680394697377,199,816,229,0,0.3440514469453376,0.1960591133004926,1.0,0.21913875598086124,0.7808612440191387,0.0,0.32784184514003295,0.6095693779904306,0.8159163987138264
0.04092507524048612,198,816,229,1,0.3432475884244373,0.1952662721893491,0.9949748743718593,0.21913875598086124,0.7808612440191387,0.005025125628140704,0.32646331409727947,0.6070568151763602,0.815112540192926
0.041114226626164305,198,815,230,1,0.3440514469453376,0.19545903257650543,0.9949748743718593,0.22009569377990432,0.7799043062200957,0.005025125628140704,0.32673267326732675,0.6075352840758818,0.8143086816720257
0.04164773769091473,198,814,231,1,0.34485530546623794,0.1956521739130435,0.9949748743718593,0.22105263157894736,0.7789473684210526,0.005025125628140704,0.3270024772914946,0.6080137529754033,0.8135048231511254
0.04173986941267804,198,813,232,1,0.34565916398713825,0.19584569732937684,0.9949748743718593,0.22200956937799043,0.7779904306220096,0.005025125628140704,0.3272727272727272,0.6084922218749249,0.8127009646302251
0.042582618127256326,198,812,233,1,0.34646302250803857,0.19603960396039605,0.9949748743718593,0.22296650717703348,0.7770334928229665,0.005025125628140704,0.32754342431761785,0.6089706907744463,0.8118971061093248
0.042677408650303145,197,812,233,2,0.34565916398713825,0.1952428146679881,0.9899497487437185,0.22296650717703348,0.7770334928229665,0.010050251256281407,0.326158940397351,0.606458127960376,0.8110932475884244
0.04298289779761558,197,811,234,2,0.34646302250803857,0.19543650793650794,0.9899497487437185,0.22392344497607655,0.7760765550239235,0.010050251256281407,0.3264291632145816,0.6069365968598975,0.8102893890675241
0.04318247825810167,197,810,235,2,0.34726688102893893,0.19563058589870905,0.9899497487437185,0.22488038277511962,0.7751196172248804,0.010050251256281407,0.32669983416252074,0.6074150657594191,0.8094855305466238
0.04320701722575367,197,809,236,2,0.34807073954983925,0.19582504970178927,0.9899497487437185,0.22583732057416267,0.7741626794258373,0.010050251256281407,0.3269709543568465,0.6078935346589406,0.8086816720257235
0.04325293360726049,196,809,236,3,0.34726688102893893,0.19502487562189055,0.9849246231155779,0.22583732057416267,0.7741626794258373,0.01507537688442211,0.32558139534883723,0.6053809718448703,0.8078778135048231
0.043608307090165534,196,808,237,3,0.34807073954983925,0.1952191235059761,0.9849246231155779,0.22679425837320574,0.7732057416267942,0.01507537688442211,0.32585203657522854,0.6058594407443918,0.8070739549839229
0.0440462052895899,196,807,238,3,0.34887459807073956,0.19541375872382852,0.9849246231155779,0.22775119617224882,0.7722488038277512,0.01507537688442211,0.3261231281198004,0.6063379096439134,0.8062700964630225
0.044075221333484314,196,806,239,3,0.3496784565916399,0.19560878243512975,0.9849246231155779,0.22870813397129186,0.7712918660287081,0.01507537688442211,0.3263946711074105,0.6068163785434348,0.8054662379421221
0.044339760344144524,196,805,240,3,0.3504823151125402,0.1958041958041958,0.9849246231155779,0.22966507177033493,0.7703349282296651,0.01507537688442211,0.32666666666666666,0.6072948474429565,0.8046623794212219
0.045715134262598565,196,804,241,3,0.3512861736334405,0.196,0.9849246231155779,0.23062200956937798,0.769377990430622,0.01507537688442211,0.3269391159299416,0.607773316342478,0.8038585209003215
0.04634430146522519,196,803,242,3,0.3520900321543408,0.1961961961961962,0.9849246231155779,0.23157894736842105,0.7684210526315789,0.01507537688442211,0.32721202003338895,0.6082517852419995,0.8030546623794212
0.046618964503151165,196,802,243,3,0.3528938906752412,0.1963927855711423,0.9849246231155779,0.23253588516746412,0.7674641148325358,0.01507537688442211,0.3274853801169591,0.608730254141521,0.8022508038585209
0.04708040647174514,196,801,244,3,0.3536977491961415,0.19658976930792377,0.9849246231155779,0.23349282296650717,0.7665071770334928,0.01507537688442211,0.3277591973244147,0.6092087230410426,0.8014469453376206
0.047246402920219976,196,800,245,3,0.3545016077170418,0.19678714859437751,0.9849246231155779,0.23444976076555024,0.7655502392344498,0.01507537688442211,0.32803347280334727,0.6096871919405641,0.8006430868167203
0.047453818336037804,196,799,246,3,0.3553054662379421,0.19698492462311556,0.9849246231155779,0.23540669856459331,0.7645933014354067,0.01507537688442211,0.3283082077051926,0.6101656608400856,0.7998392282958199
0.04752479699586783,196,798,247,3,0.35610932475884244,0.19718309859154928,0.9849246231155779,0.23636363636363636,0.7636363636363637,0.01507537688442211,0.32858340318524726,0.6106441297396071,0.7990353697749196
0.04826360996684857,196,797,248,3,0.35691318327974275,0.1973816717019134,0.9849246231155779,0.23732057416267943,0.7626794258373206,0.01507537688442211,0.3288590604026846,0.6111225986391287,0.7982315112540193
0.04835953630582499,196,796,249,3,0.35771704180064307,0.1975806451612903,0.9849246231155779,0.23827751196172248,0.7617224880382775,0.01507537688442211,0.32913518052057095,0.6116010675386502,0.797427652733119
0.04853124949282043,196,795,250,3,0.35852090032154343,0.1977800201816347,0.9849246231155779,0.23923444976076555,0.7607655502392344,0.01507537688442211,0.32941176470588235,0.6120795364381717,0.7966237942122186
0.05005214377390502,196,794,251,3,0.35932475884244375,0.19797979797979798,0.9849246231155779,0.24019138755980862,0.7598086124401914,0.01507537688442211,0.32968881412952067,0.6125580053376933,0.7958199356913184
0.05013528609165735,196,793,252,3,0.36012861736334406,0.19817997977755308,0.9849246231155779,0.24114832535885167,0.7588516746411483,0.01507537688442211,0.3299663299663299,0.6130364742372147,0.795016077170418
0.0503703450097212,196,792,253,3,0.3609324758842444,0.19838056680161945,0.9849246231155779,0.24210526315789474,0.7578947368421053,0.01507537688442211,0.3302443133951138,0.6135149431367364,0.7942122186495176
0.05061517819936182,196,791,254,3,0.3617363344051447,0.19858156028368795,0.9849246231155779,0.2430622009569378,0.7569377990430622,0.01507537688442211,0.3305227655986509,0.6139934120362579,0.7934083601286174
0.050635137576235924,196,790,255,3,0.362540192926045,0.19878296146044624,0.9849246231155779,0.24401913875598086,0.7559808612440191,0.01507537688442211,0.3308016877637131,0.6144718809357794,0.792604501607717
0.05144942158767899,196,789,256,3,0.3633440514469453,0.19898477157360406,0.9849246231155779,0.24497607655502393,0.755023923444976,0.01507537688442211,0.33108108108108103,0.614950349835301,0.7918006430868167
0.0515607010656952,196,788,257,3,0.3641479099678457,0.1991869918699187,0.9849246231155779,0.24593301435406698,0.754066985645933,0.01507537688442211,0.3313609467455621,0.6154288187348225,0.7909967845659164
0.052515524015271015,196,787,258,3,0.364951768488746,0.19938962360122076,0.9849246231155779,0.24688995215311005,0.75311004784689,0.01507537688442211,0.33164128595600684,0.615907287634344,0.7901929260450161
0.052893339709975284,196,786,259,3,0.3657556270096463,0.19959266802443992,0.9849246231155779,0.24784688995215312,0.7521531100478469,0.01507537688442211,0.331922099915326,0.6163857565338655,0.7893890675241158
0.053684015193200665,196,785,260,3,0.3665594855305466,0.199796126401631,0.9849246231155779,0.24880382775119617,0.7511961722488039,0.01507537688442211,0.33220338983050846,0.616864225433387,0.7885852090032154
0.05466234857490266,196,784,261,3,0.36736334405144694,0.2,0.9849246231155779,0.24976076555023924,0.7502392344497608,0.01507537688442211,0.33248515691263786,0.6173426943329086,0.7877813504823151
0.05518588594296593,196,783,262,3,0.36816720257234725,0.20020429009193055,0.9849246231155779,0.2507177033492823,0.7492822966507177,0.01507537688442211,0.33276740237691005,0.6178211632324301,0.7869774919614148
0.05524833650618194,196,782,263,3,0.36897106109324757,0.20040899795501022,0.9849246231155779,0.2516746411483254,0.7483253588516746,0.01507537688442211,0.3330501274426508,0.6182996321319516,0.7861736334405145
0.05536665097212661,196,781,264,3,0.36977491961414793,0.20061412487205732,0.9849246231155779,0.25263157894736843,0.7473684210526316,0.01507537688442211,0.33333333333333337,0.6187781010314732,0.7853697749196141
0.055376007660692374,196,780,265,3,0.37057877813504825,0.20081967213114754,0.9849246231155779,0.2535885167464115,0.7464114832535885,0.01507537688442211,0.33361702127659576,0.6192565699309946,0.7845659163987139
0.055637823335172344,196,779,266,3,0.37138263665594856,0.20102564102564102,0.9849246231155779,0.2545454545454545,0.7454545454545455,0.01507537688442211,0.333901192504259,0.6197350388305163,0.7837620578778135
0.055712875722217094,196,778,267,3,0.3721864951768489,0.20123203285420946,0.9849246231155779,0.2555023923444976,0.7444976076555024,0.01507537688442211,0.33418584825234443,0.6202135077300378,0.7829581993569131
0.0559209852705515,196,777,268,3,0.3729903536977492,0.2014388489208633,0.9849246231155779,0.25645933014354066,0.7435406698564593,0.01507537688442211,0.33447098976109213,0.6206919766295593,0.7821543408360129
0.05635904810151286,196,775,270,3,0.3745980707395498,0.20185375901132852,0.9849246231155779,0.2583732057416268,0.7416267942583732,0.01507537688442211,0.335042735042735,0.6216489144286024,0.7805466237942122
0.05643291170403554,196,774,271,3,0.3754019292604502,0.2020618556701031,0.9849246231155779,0.25933014354066986,0.7406698564593301,0.01507537688442211,0.3353293413173653,0.6221273833281239,0.7797427652733119
0.05643907958398859,196,773,272,3,0.3762057877813505,0.20227038183694532,0.9849246231155779,0.2602870813397129,0.7397129186602871,0.01507537688442211,0.3356164383561644,0.6226058522276454,0.7789389067524116
0.056521504273562,196,772,273,3,0.3770096463022508,0.2024793388429752,0.9849246231155779,0.261244019138756,0.738755980861244,0.01507537688442211,0.33590402742073694,0.6230843211271669,0.7781350482315113
0.05716902359933941,196,771,274,3,0.3778135048231511,0.20268872802481902,0.9849246231155779,0.26220095693779905,0.737799043062201,0.01507537688442211,0.3361921097770154,0.6235627900266885,0.7773311897106109
0.05747040985407571,196,770,275,3,0.37861736334405144,0.2028985507246377,0.9849246231155779,0.2631578947368421,0.7368421052631579,0.01507537688442211,0.33648068669527903,0.62404125892621,0.7765273311897106
0.057824836850709105,196,769,276,3,0.37942122186495175,0.20310880829015543,0.9849246231155779,0.2641148325358852,0.7358851674641148,0.01507537688442211,0.33676975945017185,0.6245197278257315,0.7757234726688103
0.05804449361024388,196,768,277,3,0.38022508038585207,0.2033195020746888,0.9849246231155779,0.26507177033492824,0.7349282296650718,0.01507537688442211,0.3370593293207223,0.6249981967252531,0.77491961414791
0.058373064727635565,196,767,278,3,0.38102893890675243,0.2035306334371755,0.9849246231155779,0.2660287081339713,0.7339712918660287,0.01507537688442211,0.3373493975903614,0.6254766656247746,0.7741157556270096
0.05872665810278252,196,766,279,3,0.38183279742765275,0.20374220374220375,0.9849246231155779,0.2669856459330144,0.7330143540669857,0.01507537688442211,0.3376399655469423,0.6259551345242962,0.7733118971061094
0.058799396558413576,196,765,280,3,0.38263665594855306,0.20395421436004163,0.9849246231155779,0.2679425837320574,0.7320574162679426,0.01507537688442211,0.33793103448275863,0.6264336034238177,0.772508038585209
0.05955418712252234,196,764,281,3,0.3834405144694534,0.20416666666666666,0.9849246231155779,0.26889952153110047,0.7311004784688995,0.01507537688442211,0.3382226056945643,0.6269120723233392,0.7717041800643086
0.06007257295238544,196,763,282,3,0.3842443729903537,0.20437956204379562,0.9849246231155779,0.2698564593301435,0.7301435406698564,0.01507537688442211,0.3385146804835924,0.6273905412228608,0.7709003215434084
0.06014470380020034,196,762,283,3,0.385048231511254,0.2045929018789144,0.9849246231155779,0.2708133971291866,0.7291866028708134,0.01507537688442211,0.3388072601555748,0.6278690101223823,0.770096463022508
0.060949998117205834,196,761,284,3,0.3858520900321543,0.20480668756530826,0.9849246231155779,0.27177033492822966,0.7282296650717703,0.01507537688442211,0.3391003460207613,0.6283474790219038,0.7692926045016077
0.06097797119138574,196,760,285,3,0.3866559485530547,0.20502092050209206,0.9849246231155779,0.2727272727272727,0.7272727272727273,0.01507537688442211,0.3393939393939394,0.6288259479214253,0.7684887459807074
0.06165614651269188,196,759,286,3,0.387459807073955,0.20523560209424083,0.9849246231155779,0.2736842105263158,0.7263157894736842,0.01507537688442211,0.3396880415944541,0.6293044168209468,0.7676848874598071
0.062172150249185806,196,758,287,3,0.3882636655948553,0.20545073375262055,0.9849246231155779,0.27464114832535885,0.7253588516746412,0.01507537688442211,0.33998265394622723,0.6297828857204684,0.7668810289389068
0.0626767130354039,196,757,288,3,0.3890675241157556,0.20566631689401887,0.9849246231155779,0.2755980861244019,0.724401913875598,0.01507537688442211,0.34027777777777773,0.6302613546199899,0.7660771704180064
0.0630216140912828,196,756,289,3,0.38987138263665594,0.20588235294117646,0.9849246231155779,0.276555023923445,0.723444976076555,0.01507537688442211,0.34057341442224154,0.6307398235195114,0.7652733118971061
0.06352743409928671,196,755,290,3,0.39067524115755625,0.20609884332281808,0.9849246231155779,0.27751196172248804,0.722488038277512,0.01507537688442211,0.34086956521739126,0.631218292419033,0.7644694533762058
0.06376806486681835,196,754,291,3,0.39147909967845657,0.2063157894736842,0.9849246231155779,0.2784688995215311,0.7215311004784689,0.01507537688442211,0.3411662315056571,0.6316967613185545,0.7636655948553055
0.06383948342971833,196,753,292,3,0.39228295819935693,0.2065331928345627,0.9849246231155779,0.2794258373205742,0.7205741626794259,0.01507537688442211,0.34146341463414637,0.6321752302180761,0.7628617363344051
0.06405378687358396,196,752,293,3,0.39308681672025725,0.20675105485232068,0.9849246231155779,0.28038277511961723,0.7196172248803828,0.01507537688442211,0.3417611159546644,0.6326536991175976,0.7620578778135049
0.06476361716442698,196,751,294,3,0.39389067524115756,0.20696937697993664,0.9849246231155779,0.2813397129186603,0.7186602870813397,0.01507537688442211,0.34205933682373474,0.6331321680171191,0.7612540192926045
0.06529891014340243,196,750,295,3,0.3946945337620579,0.20718816067653276,0.9849246231155779,0.2822966507177033,0.7177033492822966,0.01507537688442211,0.34235807860262013,0.6336106369166407,0.7604501607717041
0.06530702270508683,196,749,296,3,0.3954983922829582,0.2074074074074074,0.9849246231155779,0.2832535885167464,0.7167464114832536,0.01507537688442211,0.3426573426573426,0.6340891058161622,0.7596463022508039
0.0657377294858741,195,749,296,4,0.3946945337620579,0.2065677966101695,0.9798994974874372,0.2832535885167464,0.7167464114832536,0.020100502512562814,0.34120734908136485,0.6315765430020919,0.7588424437299035
0.06604900298258432,195,748,297,4,0.3954983922829582,0.2067868504772004,0.9798994974874372,0.28421052631578947,0.7157894736842105,0.020100502512562814,0.34150612959719784,0.6320550119016133,0.7580385852090032
0.06645689776408992,195,747,298,4,0.3963022508038585,0.2070063694267516,0.9798994974874372,0.2851674641148325,0.7148325358851675,0.020100502512562814,0.34180543382997375,0.6325334808011349,0.7572347266881029
0.06747606843971064,195,746,299,4,0.3971061093247588,0.20722635494155153,0.9798994974874372,0.2861244019138756,0.7138755980861244,0.020100502512562814,0.34210526315789475,0.6330119497006564,0.7564308681672026
0.06787977101865694,195,745,300,4,0.3979099678456592,0.2074468085106383,0.9798994974874372,0.28708133971291866,0.7129186602870813,0.020100502512562814,0.3424056189640035,0.633490418600178,0.7556270096463023
0.0680579115883908,195,744,301,4,0.3987138263665595,0.20766773162939298,0.9798994974874372,0.2880382775119617,0.7119617224880382,0.020100502512562814,0.34270650263620384,0.6339688874996995,0.7548231511254019
0.06879638674264893,195,743,302,4,0.3995176848874598,0.20788912579957355,0.9798994974874372,0.2889952153110048,0.7110047846889952,0.020100502512562814,0.34300791556728233,0.634447356399221,0.7540192926045016
0.06901068527471897,195,742,303,4,0.4003215434083601,0.20811099252934898,0.9798994974874372,0.28995215311004785,0.7100478468899522,0.020100502512562814,0.34330985915492956,0.6349258252987425,0.7532154340836013
0.07005115938674643,195,741,304,4,0.40112540192926044,0.20833333333333334,0.9798994974874372,0.2909090909090909,0.7090909090909091,0.020100502512562814,0.3436123348017621,0.635404294198264,0.752411575562701
0.07063213350930016,195,740,305,4,0.40192926045016075,0.20855614973262032,0.9798994974874372,0.291866028708134,0.7081339712918661,0.020100502512562814,0.3439153439153439,0.6358827630977856,0.7516077170418006
0.07075788016405382,195,739,306,4,0.40273311897106107,0.20877944325481798,0.9798994974874372,0.29282296650717704,0.707177033492823,0.020100502512562814,0.3442188879082083,0.6363612319973071,0.7508038585209004
0.07083654285018642,195,738,307,4,0.40353697749196143,0.2090032154340836,0.9798994974874372,0.2937799043062201,0.7062200956937799,0.020100502512562814,0.3445229681978798,0.6368397008968286,0.75
0.07117539106175062,195,737,308,4,0.40434083601286175,0.2092274678111588,0.9798994974874372,0.29473684210526313,0.7052631578947368,0.020100502512562814,0.3448275862068966,0.6373181697963501,0.7491961414790996
0.07136894017341676,195,732,313,4,0.40836012861736337,0.21035598705501618,0.9798994974874372,0.29952153110047847,0.7004784688995215,0.020100502512562814,0.3463587921847247,0.6397105142939579,0.7451768488745981
0.07145158730905284,195,731,314,4,0.4091639871382637,0.21058315334773217,0.9798994974874372,0.3004784688995215,0.6995215311004784,0.020100502512562814,0.3466666666666666,0.6401889831934794,0.7443729903536977
0.07244490535836903,195,730,315,4,0.409967845659164,0.21081081081081082,0.9798994974874372,0.3014354066985646,0.6985645933014354,0.020100502512562814,0.3469750889679716,0.6406674520930009,0.7435691318327974
0.0724658008753693,195,729,316,4,0.4107717041800643,0.21103896103896103,0.9798994974874372,0.30239234449760766,0.6976076555023923,0.020100502512562814,0.3472840605520926,0.6411459209925224,0.7427652733118971
0.07308830985059327,195,728,317,4,0.4115755627009646,0.2112676056338028,0.9798994974874372,0.3033492822966507,0.6966507177033493,0.020100502512562814,0.34759358288770054,0.641624389892044,0.7419614147909968
0.07384003108562719,195,727,318,4,0.41237942122186494,0.21149674620390455,0.9798994974874372,0.3043062200956938,0.6956937799043063,0.020100502512562814,0.3479036574487065,0.6421028587915655,0.7411575562700965
0.07463000969406083,195,726,319,4,0.41318327974276525,0.21172638436482086,0.9798994974874372,0.30526315789473685,0.6947368421052632,0.020100502512562814,0.34821428571428575,0.642581327691087,0.7403536977491961
0.07569922993858785,195,725,320,4,0.4139871382636656,0.21195652173913043,0.9798994974874372,0.3062200956937799,0.69377990430622,0.020100502512562814,0.3485254691689008,0.6430597965906085,0.7395498392282959
0.07617645449101627,195,724,321,4,0.41479099678456594,0.21218715995647444,0.9798994974874372,0.307177033492823,0.692822966507177,0.020100502512562814,0.3488372093023256,0.64353826549013,0.7387459807073955
0.07697027296134208,195,723,322,4,0.41559485530546625,0.21241830065359477,0.9798994974874372,0.30813397129186604,0.691866028708134,0.020100502512562814,0.34914950760966873,0.6440167343896517,0.7379421221864951
0.0774011212444921,195,722,323,4,0.41639871382636656,0.21264994547437296,0.9798994974874372,0.3090909090909091,0.6909090909090909,0.020100502512562814,0.34946236559139787,0.6444952032891731,0.7371382636655949
0.07757701017862766,195,721,324,4,0.4172025723472669,0.212882096069869,0.9798994974874372,0.31004784688995213,0.6899521531100479,0.020100502512562814,0.3497757847533632,0.6449736721886947,0.7363344051446945
0.07952784510496166,195,720,325,4,0.4180064308681672,0.21311475409836064,0.9798994974874372,0.31100478468899523,0.6889952153110048,0.020100502512562814,0.3500897666068223,0.6454521410882162,0.7355305466237942
0.07983817963540851,195,719,326,4,0.4188102893890675,0.21334792122538293,0.9798994974874372,0.3119617224880383,0.6880382775119617,0.020100502512562814,0.3504043126684636,0.6459306099877378,0.7347266881028939
0.08004177674534947,194,719,326,5,0.4180064308681672,0.21248630887185105,0.9748743718592965,0.3119617224880383,0.6880382775119617,0.02512562814070352,0.34892086330935257,0.6434180471736674,0.7339228295819936
0.08011994493356603,193,719,326,6,0.4172025723472669,0.21162280701754385,0.9698492462311558,0.3119617224880383,0.6880382775119617,0.03015075376884422,0.34743474347434744,0.640905484359597,0.7331189710610932
0.08062596872812257,193,718,327,6,0.4180064308681672,0.21185510428100987,0.9698492462311558,0.3129186602870813,0.6870813397129186,0.03015075376884422,0.34774774774774775,0.6413839532591186,0.7323151125401929
0.0813574706368862,193,717,328,6,0.4188102893890675,0.21208791208791208,0.9698492462311558,0.3138755980861244,0.6861244019138756,0.03015075376884422,0.3480613165013525,0.6418624221586401,0.7315112540192926
0.08278010677519194,193,716,329,6,0.41961414790996787,0.21232123212321233,0.9698492462311558,0.31483253588516746,0.6851674641148325,0.03015075376884422,0.3483754512635379,0.6423408910581616,0.7307073954983923
0.08316882902164036,193,715,330,6,0.4204180064308682,0.21255506607929514,0.9698492462311558,0.3157894736842105,0.6842105263157895,0.03015075376884422,0.3486901535682024,0.6428193599576831,0.729903536977492
0.08366380189896151,193,714,331,6,0.4212218649517685,0.2127894156560088,0.9698492462311558,0.3167464114832536,0.6832535885167464,0.03015075376884422,0.34900542495479203,0.6432978288572047,0.7290996784565916
0.0837380570043019,193,713,332,6,0.4220257234726688,0.2130242825607064,0.9698492462311558,0.31770334928229665,0.6822966507177034,0.03015075376884422,0.3493212669683258,0.6437762977567262,0.7282958199356914
0.08397778595607955,193,712,333,6,0.4228295819935691,0.2132596685082873,0.9698492462311558,0.3186602870813397,0.6813397129186602,0.03015075376884422,0.3496376811594203,0.6442547666562477,0.727491961414791
0.08440795668875442,193,711,334,6,0.42363344051446944,0.21349557522123894,0.9698492462311558,0.3196172248803828,0.6803827751196172,0.03015075376884422,0.3499546690843155,0.6447332355557693,0.7266881028938906
0.0846653250108082,193,710,335,6,0.42443729903536975,0.21373200442967885,0.9698492462311558,0.32057416267942584,0.6794258373205742,0.03015075376884422,0.3502722323049002,0.6452117044552907,0.7258842443729904
0.08496008239996829,193,708,337,6,0.42604501607717044,0.2142064372918979,0.9698492462311558,0.32248803827751193,0.6775119617224881,0.03015075376884422,0.35090909090909095,0.6461686422543338,0.7242765273311897
0.08534830736843337,193,707,338,6,0.42684887459807075,0.21444444444444444,0.9698492462311558,0.32344497607655504,0.676555023923445,0.03015075376884422,0.35122838944494994,0.6466471111538554,0.7234726688102894
0.08735032188791125,193,706,339,6,0.42765273311897106,0.21468298109010012,0.9698492462311558,0.3244019138755981,0.6755980861244019,0.03015075376884422,0.35154826958105645,0.647125580053377,0.7226688102893891
0.08786304091646112,193,705,340,6,0.4284565916398714,0.21492204899777284,0.9698492462311558,0.3253588516746411,0.6746411483253588,0.03015075376884422,0.35186873290793075,0.6476040489528985,0.7218649517684887
0.08793780635900153,192,705,340,7,0.42765273311897106,0.2140468227424749,0.964824120603015,0.3253588516746411,0.6746411483253588,0.035175879396984924,0.3503649635036496,0.645091486138828,0.7210610932475884
0.08903116112928065,192,704,341,7,0.4284565916398714,0.21428571428571427,0.964824120603015,0.3263157894736842,0.6736842105263158,0.035175879396984924,0.3506849315068493,0.6455699550383496,0.7202572347266881
0.09021651724659854,192,703,342,7,0.4292604501607717,0.21452513966480447,0.964824120603015,0.32727272727272727,0.6727272727272727,0.035175879396984924,0.3510054844606947,0.6460484239378712,0.7194533762057878
0.09073446108930683,192,702,343,7,0.430064308681672,0.21476510067114093,0.964824120603015,0.3282296650717703,0.6717703349282297,0.035175879396984924,0.3513266239707228,0.6465268928373926,0.7186495176848875
0.09090441216116445,192,701,344,7,0.43086816720257237,0.21500559910414332,0.964824120603015,0.3291866028708134,0.6708133971291866,0.035175879396984924,0.3516483516483517,0.6470053617369143,0.7178456591639871
0.09130733278243836,192,700,345,7,0.4316720257234727,0.21524663677130046,0.964824120603015,0.33014354066985646,0.6698564593301436,0.035175879396984924,0.35197066911090746,0.6474838306364358,0.7170418006430869
0.09262699598051168,192,699,346,7,0.432475884244373,0.21548821548821548,0.964824120603015,0.3311004784688995,0.6688995215311004,0.035175879396984924,0.3522935779816514,0.6479622995359573,0.7162379421221865
0.09317966423726728,192,698,347,7,0.4332797427652733,0.2157303370786517,0.964824120603015,0.3320574162679426,0.6679425837320574,0.035175879396984924,0.3526170798898072,0.6484407684354788,0.7154340836012861
0.09437639894571553,192,697,348,7,0.4340836012861736,0.21597300337457817,0.964824120603015,0.33301435406698565,0.6669856459330143,0.035175879396984924,0.35294117647058826,0.6489192373350003,0.7146302250803859
0.09491944089181914,192,696,349,7,0.43488745980707394,0.21621621621621623,0.964824120603015,0.3339712918660287,0.6660287081339713,0.035175879396984924,0.3532658693652254,0.6493977062345219,0.7138263665594855
0.09565469915725242,192,695,350,7,0.43569131832797425,0.21645997745208567,0.964824120603015,0.3349282296650718,0.6650717703349283,0.035175879396984924,0.35359116022099446,0.6498761751340434,0.7130225080385852
0.09601289114902864,192,694,351,7,0.4364951768488746,0.21670428893905191,0.964824120603015,0.33588516746411484,0.6641148325358852,0.035175879396984924,0.3539170506912442,0.6503546440335649,0.7122186495176849
0.09611024299143303,192,693,352,7,0.43729903536977494,0.21694915254237288,0.964824120603015,0.3368421052631579,0.6631578947368421,0.035175879396984924,0.3542435424354244,0.6508331129330864,0.7114147909967846
0.09801824226040723,191,693,352,8,0.4364951768488746,0.2160633484162896,0.9597989949748744,0.3368421052631579,0.6631578947368421,0.04020100502512563,0.35272391505078493,0.6483205501190161,0.7106109324758842
0.09829805769379178,191,692,353,8,0.43729903536977494,0.21630804077010193,0.9597989949748744,0.33779904306220093,0.662200956937799,0.04020100502512563,0.35304990757855825,0.6487990190185376,0.7098070739549839
0.09930245342919593,191,691,354,8,0.43810289389067525,0.2165532879818594,0.9597989949748744,0.33875598086124403,0.661244019138756,0.04020100502512563,0.35337650323774283,0.6492774879180592,0.7090032154340836
0.09950912432770218,191,690,355,8,0.43890675241157556,0.21679909194097616,0.9597989949748744,0.3397129186602871,0.6602870813397129,0.04020100502512563,0.3537037037037037,0.6497559568175808,0.7081993569131833
0.10034534924776686,191,689,356,8,0.4397106109324759,0.21704545454545454,0.9597989949748744,0.3406698564593301,0.6593301435406699,0.04020100502512563,0.3540315106580167,0.6502344257171022,0.707395498392283
0.10051854622912913,191,688,357,8,0.4405144694533762,0.21729237770193402,0.9597989949748744,0.3416267942583732,0.6583732057416268,0.04020100502512563,0.35435992578849723,0.6507128946166238,0.7065916398713826
0.10075896493846741,191,687,358,8,0.4413183279742765,0.21753986332574032,0.9597989949748744,0.34258373205741627,0.6574162679425838,0.04020100502512563,0.3546889507892293,0.6511913635161454,0.7057877813504824
0.10089553199911389,191,686,359,8,0.44212218649517687,0.217787913340935,0.9597989949748744,0.3435406698564593,0.6564593301435406,0.04020100502512563,0.3550185873605948,0.6516698324156669,0.704983922829582
0.10314060613352798,191,685,360,8,0.4429260450160772,0.2180365296803653,0.9597989949748744,0.3444976076555024,0.6555023923444976,0.04020100502512563,0.3553488372093023,0.6521483013151884,0.7041800643086816
0.10410309403776519,191,684,361,8,0.4437299035369775,0.21828571428571428,0.9597989949748744,0.34545454545454546,0.6545454545454545,0.04020100502512563,0.35567970204841715,0.6526267702147099,0.7033762057877814
0.10467582020685563,191,683,362,8,0.4445337620578778,0.21853546910755148,0.9597989949748744,0.3464114832535885,0.6535885167464115,0.04020100502512563,0.35601118359739053,0.6531052391142315,0.702572347266881
0.10496378513813671,191,682,363,8,0.4453376205787781,0.21878579610538373,0.9597989949748744,0.3473684210526316,0.6526315789473685,0.04020100502512563,0.3563432835820896,0.653583708013753,0.7017684887459807
0.10547516913991553,191,681,364,8,0.44614147909967844,0.2190366972477064,0.9597989949748744,0.34832535885167465,0.6516746411483254,0.04020100502512563,0.3566760037348272,0.6540621769132745,0.7009646302250804
0.10665283985086838,191,680,365,8,0.44694533762057875,0.21928817451205512,0.9597989949748744,0.3492822966507177,0.6507177033492823,0.04020100502512563,0.35700934579439253,0.654540645812796,0.7001607717041801
0.10720242931411957,191,679,366,8,0.4477491961414791,0.21954022988505748,0.9597989949748744,0.35023923444976074,0.6497607655502392,0.04020100502512563,0.35734331150608045,0.6550191147123176,0.6993569131832797
0.10849105754027344,191,678,367,8,0.44855305466237944,0.21979286536248563,0.9597989949748744,0.35119617224880384,0.6488038277511962,0.04020100502512563,0.3576779026217229,0.6554975836118391,0.6985530546623794
0.10861389963701842,191,677,368,8,0.44935691318327975,0.22004608294930875,0.9597989949748744,0.3521531100478469,0.6478468899521531,0.04020100502512563,0.3580131208997188,0.6559760525113607,0.6977491961414791
0.10873520071995943,190,677,368,9,0.44855305466237944,0.21914648212226068,0.9547738693467337,0.3521531100478469,0.6478468899521531,0.04522613065326633,0.35647279549718575,0.6534634896972903,0.6969453376205788
0.10982306152850552,190,676,369,9,0.44935691318327975,0.21939953810623555,0.9547738693467337,0.35311004784688993,0.6468899521531101,0.04522613065326633,0.3568075117370892,0.6539419585968118,0.6961414790996785
0.1121299857353829,190,675,370,9,0.45016077170418006,0.21965317919075145,0.9547738693467337,0.35406698564593303,0.645933014354067,0.04522613065326633,0.3571428571428571,0.6544204274963333,0.6953376205787781
0.11371247402610352,190,674,371,9,0.4509646302250804,0.2199074074074074,0.9547738693467337,0.3550239234449761,0.6449760765550239,0.04522613065326633,0.3574788334901223,0.6548988963958549,0.6945337620578779
0.11378225114164191,190,673,372,9,0.4517684887459807,0.220162224797219,0.9547738693467337,0.3559808612440191,0.6440191387559808,0.04522613065326633,0.3578154425612053,0.6553773652953764,0.6937299035369775
0.11415980927486918,190,672,373,9,0.452572347266881,0.22041763341067286,0.9547738693467337,0.3569377990430622,0.6430622009569378,0.04522613065326633,0.35815268614514617,0.6558558341948979,0.6929260450160771
0.11596482566642999,190,671,374,9,0.4533762057877814,0.22067363530778164,0.9547738693467337,0.35789473684210527,0.6421052631578947,0.04522613065326633,0.3584905660377358,0.6563343030944195,0.6921221864951769
0.11604626321659754,190,670,375,9,0.4541800643086817,0.22093023255813954,0.9547738693467337,0.3588516746411483,0.6411483253588517,0.04522613065326633,0.3588290840415486,0.656812771993941,0.6913183279742765
0.11622040156813933,190,669,376,9,0.454983922829582,0.22118742724097787,0.9547738693467337,0.3598086124401914,0.6401913875598086,0.04522613065326633,0.3591682419659735,0.6572912408934626,0.6905144694533762
0.11821289646044546,190,668,377,9,0.4557877813504823,0.22144522144522144,0.9547738693467337,0.36076555023923446,0.6392344497607656,0.04522613065326633,0.3595080416272469,0.6577697097929841,0.6897106109324759
0.11856785033491479,190,667,378,9,0.4565916398713826,0.22170361726954493,0.9547738693467337,0.3617224880382775,0.6382775119617224,0.04522613065326633,0.35984848484848486,0.6582481786925056,0.6889067524115756
0.11870509414097803,190,666,379,9,0.45739549839228294,0.2219626168224299,0.9547738693467337,0.3626794258373206,0.6373205741626794,0.04522613065326633,0.36018957345971564,0.6587266475920271,0.6881028938906752
0.12000344550184157,190,665,380,9,0.45819935691318325,0.2222222222222222,0.9547738693467337,0.36363636363636365,0.6363636363636364,0.04522613065326633,0.3605313092979127,0.6592051164915487,0.6872990353697749
0.12071204770880962,190,664,381,9,0.4590032154340836,0.2224824355971897,0.9547738693467337,0.3645933014354067,0.6354066985645933,0.04522613065326633,0.3608736942070276,0.6596835853910702,0.6864951768488746
0.12084452366585467,190,663,382,9,0.45980707395498394,0.2227432590855803,0.9547738693467337,0.36555023923444974,0.6344497607655503,0.04522613065326633,0.3612167300380228,0.6601620542905917,0.6856913183279743
0.12137059691691222,190,662,383,9,0.46061093247588425,0.22300469483568075,0.9547738693467337,0.36650717703349284,0.6334928229665072,0.04522613065326633,0.3615604186489058,0.6606405231901132,0.684887459807074
0.12146618383438691,190,661,384,9,0.46141479099678456,0.22326674500587543,0.9547738693467337,0.3674641148325359,0.6325358851674641,0.04522613065326633,0.36190476190476184,0.6611189920896348,0.6840836012861736
0.1231670672594809,190,660,385,9,0.4622186495176849,0.2235294117647059,0.9547738693467337,0.3684210526315789,0.631578947368421,0.04522613065326633,0.3622497616777884,0.6615974609891563,0.6832797427652733
0.12383671519925776,190,659,386,9,0.4630225080385852,0.22379269729093051,0.9547738693467337,0.369377990430622,0.630622009569378,0.04522613065326633,0.3625954198473283,0.6620759298886778,0.682475884244373
0.12709058951346572,190,658,387,9,0.4638263665594855,0.2240566037735849,0.9547738693467337,0.3703349282296651,0.6296650717703349,0.04522613065326633,0.3629417382999045,0.6625543987881994,0.6816720257234726
0.12797117999084093,190,657,388,9,0.4646302250803859,0.2243211334120425,0.9547738693467337,0.3712918660287081,0.6287081339712919,0.04522613065326633,0.36328871892925435,0.6630328676877209,0.6808681672025724
0.12865218429613212,190,656,389,9,0.4654340836012862,0.22458628841607564,0.9547738693467337,0.3722488038277512,0.6277511961722488,0.04522613065326633,0.3636363636363636,0.6635113365872425,0.680064308681672
0.12945463246178485,190,655,390,9,0.4662379421221865,0.22485207100591717,0.9547738693467337,0.37320574162679426,0.6267942583732058,0.04522613065326633,0.363984674329502,0.663989805486764,0.6792604501607717
0.129716140580341,190,654,391,9,0.4670418006430868,0.22511848341232227,0.9547738693467337,0.3741626794258373,0.6258373205741626,0.04522613065326633,0.36433365292425696,0.6644682743862855,0.6784565916398714
0.13013895241375992,190,653,392,9,0.4678456591639871,0.22538552787663108,0.9547738693467337,0.3751196172248804,0.6248803827751196,0.04522613065326633,0.3646833013435701,0.664946743285807,0.677652733118971
0.13068124974907208,190,652,393,9,0.46864951768488744,0.22565320665083136,0.9547738693467337,0.37607655502392345,0.6239234449760765,0.04522613065326633,0.3650336215177714,0.6654252121853286,0.6768488745980707
0.1313203591460079,189,652,393,10,0.4678456591639871,0.22473246135552913,0.949748743718593,0.37607655502392345,0.6239234449760765,0.05025125628140704,0.3634615384615385,0.6629126493712583,0.6760450160771704
0.1331729281944823,189,651,394,10,0.46864951768488744,0.225,0.949748743718593,0.3770334928229665,0.6229665071770335,0.05025125628140704,0.3638113570741097,0.6633911182707797,0.6752411575562701
0.1344263809076886,189,650,395,10,0.4694533762057878,0.22526817640047675,0.949748743718593,0.37799043062200954,0.6220095693779905,0.05025125628140704,0.3641618497109827,0.6638695871703013,0.6744372990353698
0.13475424840111505,189,644,401,10,0.4742765273311897,0.226890756302521,0.949748743718593,0.3837320574162679,0.6162679425837321,0.05025125628140704,0.36627906976744184,0.6667404005674304,0.6696141479099679
0.13486855716742077,189,643,402,10,0.47508038585209006,0.22716346153846154,0.949748743718593,0.384688995215311,0.615311004784689,0.05025125628140704,0.36663433559650827,0.667218869466952,0.6688102893890675
0.13520646893794974,189,642,403,10,0.4758842443729904,0.22743682310469315,0.949748743718593,0.38564593301435407,0.614354066985646,0.05025125628140704,0.3669902912621359,0.6676973383664735,0.6680064308681672
0.13653764116936015,189,641,404,10,0.4766881028938907,0.22771084337349398,0.949748743718593,0.3866028708133971,0.6133971291866028,0.05025125628140704,0.36734693877551017,0.668175807265995,0.6672025723472669
0.13775803001619707,189,640,405,10,0.477491961414791,0.22798552472858866,0.949748743718593,0.3875598086124402,0.6124401913875598,0.05025125628140704,0.367704280155642,0.6686542761655165,0.6663987138263665
0.13867592247380559,189,639,406,10,0.4782958199356913,0.22826086956521738,0.949748743718593,0.38851674641148326,0.6114832535885167,0.05025125628140704,0.36806231742940604,0.6691327450650382,0.6655948553054662
0.1400660913548524,189,638,407,10,0.4790996784565916,0.22853688029020555,0.949748743718593,0.3894736842105263,0.6105263157894737,0.05025125628140704,0.368421052631579,0.6696112139645596,0.6647909967845659
0.14045978871739973,189,637,408,10,0.47990353697749194,0.2288135593220339,0.949748743718593,0.39043062200956935,0.6095693779904306,0.05025125628140704,0.36878048780487804,0.6700896828640812,0.6639871382636656
0.14050844509469673,189,636,409,10,0.4807073954983923,0.2290909090909091,0.949748743718593,0.39138755980861245,0.6086124401913876,0.05025125628140704,0.36914062500000006,0.6705681517636027,0.6631832797427653
0.14222115580463135,189,635,410,10,0.4815112540192926,0.22936893203883496,0.949748743718593,0.3923444976076555,0.6076555023923444,0.05025125628140704,0.36950146627565983,0.6710466206631243,0.662379421221865
0.1444737399761595,189,634,411,10,0.48231511254019294,0.22964763061968407,0.949748743718593,0.39330143540669854,0.6066985645933014,0.05025125628140704,0.36986301369863017,0.6715250895626458,0.6615755627009646
0.14700777180176863,189,633,412,10,0.48311897106109325,0.22992700729927007,0.949748743718593,0.39425837320574164,0.6057416267942584,0.05025125628140704,0.3702252693437806,0.6720035584621673,0.6607717041800643
0.14882914103890574,189,632,413,10,0.48392282958199356,0.23020706455542023,0.949748743718593,0.3952153110047847,0.6047846889952153,0.05025125628140704,0.37058823529411766,0.6724820273616888,0.659967845659164
0.1499100100870821,189,631,414,10,0.4847266881028939,0.2304878048780488,0.949748743718593,0.39617224880382773,0.6038277511961723,0.05025125628140704,0.37095191364082436,0.6729604962612104,0.6591639871382636
0.1503715257659291,189,630,415,10,0.4855305466237942,0.23076923076923078,0.949748743718593,0.39712918660287083,0.6028708133971292,0.05025125628140704,0.3713163064833006,0.6734389651607319,0.6583601286173634
0.15075592800379203,188,630,415,11,0.4847266881028939,0.22982885085574573,0.9447236180904522,0.39712918660287083,0.6028708133971292,0.05527638190954774,0.3697148475909538,0.6709264023466616,0.657556270096463
0.15382596140751797,188,629,416,11,0.4855305466237942,0.23011015911872704,0.9447236180904522,0.3980861244019139,0.6019138755980862,0.05527638190954774,0.37007874015748027,0.6714048712461831,0.6567524115755627
0.15441552564189448,188,628,417,11,0.48633440514469456,0.23039215686274508,0.9447236180904522,0.3990430622009569,0.600956937799043,0.05527638190954774,0.37044334975369453,0.6718833401457046,0.6559485530546624
0.15559016103915724,188,627,418,11,0.4871382636655949,0.23067484662576687,0.9447236180904522,0.4,0.6,0.05527638190954774,0.37080867850098614,0.6723618090452261,0.655144694533762
0.1572251876843483,188,626,419,11,0.4879421221864952,0.23095823095823095,0.9447236180904522,0.40095693779904307,0.5990430622009569,0.05527638190954774,0.3711747285291214,0.6728402779447477,0.6543408360128617
0.1575951524702583,188,625,420,11,0.4887459807073955,0.23124231242312424,0.9447236180904522,0.4019138755980861,0.5980861244019139,0.05527638190954774,0.37154150197628455,0.6733187468442692,0.6535369774919614
0.1579756256771377,188,624,421,11,0.4895498392282958,0.2315270935960591,0.9447236180904522,0.4028708133971292,0.5971291866028708,0.05527638190954774,0.37190900098911966,0.6737972157437907,0.6527331189710611
0.16107600961550983,188,623,422,11,0.4903536977491961,0.2318125770653514,0.9447236180904522,0.40382775119617226,0.5961722488038278,0.05527638190954774,0.3722772277227723,0.6742756846433122,0.6519292604501608
0.16136990082467742,188,622,423,11,0.49115755627009644,0.23209876543209876,0.9447236180904522,0.4047846889952153,0.5952153110047846,0.05527638190954774,0.3726461843409316,0.6747541535428337,0.6511254019292605
0.1617373380772592,188,621,424,11,0.4919614147909968,0.2323856613102596,0.9447236180904522,0.40574162679425835,0.5942583732057416,0.05527638190954774,0.373015873015873,0.6752326224423553,0.6503215434083601
0.16207280892340156,188,620,425,11,0.4927652733118971,0.23267326732673269,0.9447236180904522,0.40669856459330145,0.5933014354066986,0.05527638190954774,0.3733862959285005,0.6757110913418769,0.6495176848874598
0.16334921862695884,187,620,425,12,0.4919614147909968,0.23172242874845106,0.9396984924623115,0.40669856459330145,0.5933014354066986,0.06030150753768844,0.3717693836978131,0.6731985285278065,0.6487138263665595
0.16463120838368295,187,619,426,12,0.4927652733118971,0.23200992555831265,0.9396984924623115,0.4076555023923445,0.5923444976076555,0.06030150753768844,0.37213930348258706,0.673676997427328,0.6479099678456591
0.16604000252875445,187,618,427,12,0.49356913183279744,0.23229813664596274,0.9396984924623115,0.40861244019138754,0.5913875598086125,0.06030150753768844,0.37250996015936255,0.6741554663268495,0.6471061093247589
0.16659420767909133,187,616,429,12,0.49517684887459806,0.2328767123287671,0.9396984924623115,0.4105263157894737,0.5894736842105263,0.06030150753768844,0.37325349301397204,0.6751124041258926,0.6454983922829582
0.1676640648100862,187,615,430,12,0.4959807073954984,0.23316708229426433,0.9396984924623115,0.41148325358851673,0.5885167464114832,0.06030150753768844,0.3736263736263736,0.6755908730254141,0.6446945337620579
0.16830551428716928,187,614,431,12,0.4967845659163987,0.23345817727840198,0.9396984924623115,0.41244019138755983,0.5875598086124402,0.06030150753768844,0.374,0.6760693419249357,0.6438906752411575
0.16847126459806042,187,613,432,12,0.49758842443729906,0.23375,0.9396984924623115,0.4133971291866029,0.5866028708133971,0.06030150753768844,0.37437437437437443,0.6765478108244571,0.6430868167202572
0.1704651660136102,187,612,433,12,0.4983922829581994,0.23404255319148937,0.9396984924623115,0.4143540669856459,0.5856459330143541,0.06030150753768844,0.374749498997996,0.6770262797239788,0.6422829581993569
0.1706034776894455,187,611,434,12,0.4991961414790997,0.23433583959899748,0.9396984924623115,0.415311004784689,0.584688995215311,0.06030150753768844,0.3751253761283852,0.6775047486235003,0.6414790996784566
0.1748783602295975,187,610,435,12,0.5,0.23462986198243413,0.9396984924623115,0.41626794258373206,0.583732057416268,0.06030150753768844,0.3755020080321285,0.6779832175230218,0.6406752411575563
0.17558779871960825,187,609,436,12,0.5008038585209004,0.23492462311557788,0.9396984924623115,0.4172248803827751,0.5827751196172248,0.06030150753768844,0.37587939698492456,0.6784616864225433,0.639871382636656
0.1794827918106029,187,608,437,12,0.5016077170418006,0.23522012578616353,0.9396984924623115,0.41818181818181815,0.5818181818181818,0.06030150753768844,0.3762575452716298,0.6789401553220649,0.6390675241157556
0.18041523716196053,187,607,438,12,0.502411575562701,0.23551637279596976,0.9396984924623115,0.41913875598086126,0.5808612440191387,0.06030150753768844,0.3766364551863041,0.6794186242215864,0.6382636655948553
0.1805062011204521,187,606,439,12,0.5032154340836013,0.23581336696090793,0.9396984924623115,0.4200956937799043,0.5799043062200957,0.06030150753768844,0.37701612903225806,0.6798970931211079,0.637459807073955
0.18115910218373427,187,605,440,12,0.5040192926045016,0.2361111111111111,0.9396984924623115,0.42105263157894735,0.5789473684210527,0.06030150753768844,0.37739656912209885,0.6803755620206294,0.6366559485530546
0.18489926171614368,187,604,441,12,0.5048231511254019,0.23640960809102401,0.9396984924623115,0.42200956937799045,0.5779904306220096,0.06030150753768844,0.3777777777777777,0.680854030920151,0.6358520900321544
0.1857037930985559,187,603,442,12,0.5056270096463023,0.23670886075949368,0.9396984924623115,0.4229665071770335,0.5770334928229665,0.06030150753768844,0.37815975733063706,0.6813324998196725,0.635048231511254
0.18831743358243563,187,602,443,12,0.5064308681672026,0.2370088719898606,0.9396984924623115,0.42392344497607654,0.5760765550239234,0.06030150753768844,0.3785425101214575,0.681810968719194,0.6342443729903537
0.1885295418438794,187,601,444,12,0.5072347266881029,0.23730964467005075,0.9396984924623115,0.42488038277511964,0.5751196172248804,0.06030150753768844,0.3789260385005066,0.6822894376187156,0.6334405144694534
0.18872805537123444,187,599,446,12,0.5088424437299035,0.23791348600508905,0.9396984924623115,0.4267942583732057,0.5732057416267943,0.06030150753768844,0.3796954314720812,0.6832463754177587,0.6318327974276527
0.18985537993778734,187,598,447,12,0.5096463022508039,0.23821656050955414,0.9396984924623115,0.4277511961722488,0.5722488038277512,0.06030150753768844,0.3800813008130081,0.6837248443172802,0.6310289389067524
0.1899741146951232,187,597,448,12,0.5104501607717041,0.2385204081632653,0.9396984924623115,0.42870813397129187,0.5712918660287082,0.06030150753768844,0.38046795523906407,0.6842033132168017,0.6302250803858521
0.19040069781201024,187,596,449,12,0.5112540192926045,0.2388250319284802,0.9396984924623115,0.4296650717703349,0.570334928229665,0.06030150753768844,0.3808553971486762,0.6846817821163232,0.6294212218649518
0.19105245730985304,187,595,450,12,0.5120578778135049,0.2391304347826087,0.9396984924623115,0.430622009569378,0.569377990430622,0.06030150753768844,0.381243628950051,0.6851602510158448,0.6286173633440515
0.19205478460700476,186,595,450,13,0.5112540192926045,0.23815620998719592,0.9346733668341709,0.430622009569378,0.569377990430622,0.06532663316582915,0.3795918367346939,0.6826476882017745,0.6278135048231511
0.1922284408902658,186,594,451,13,0.5120578778135049,0.23846153846153847,0.9346733668341709,0.43157894736842106,0.5684210526315789,0.06532663316582915,0.3799795709908069,0.683126157101296,0.6270096463022508
0.19498293855467466,186,593,452,13,0.5128617363344051,0.23876765083440307,0.9346733668341709,0.4325358851674641,0.5674641148325359,0.06532663316582915,0.3803680981595092,0.6836046260008175,0.6262057877813505
0.19506260098047706,186,592,453,13,0.5136655948553055,0.2390745501285347,0.9346733668341709,0.43349282296650715,0.5665071770334928,0.06532663316582915,0.38075742067553736,0.684083094900339,0.6254019292604501
0.19556813240133636,186,591,454,13,0.5144694533762058,0.23938223938223938,0.9346733668341709,0.43444976076555025,0.5655502392344498,0.06532663316582915,0.3811475409836066,0.6845615637998606,0.6245980707395499
0.1957796869501042,186,590,455,13,0.5152733118971061,0.23969072164948454,0.9346733668341709,0.4354066985645933,0.5645933014354066,0.06532663316582915,0.38153846153846155,0.6850400326993821,0.6237942122186495
0.1958491095456886,186,589,456,13,0.5160771704180064,0.24,0.9346733668341709,0.43636363636363634,0.5636363636363636,0.06532663316582915,0.38193018480492813,0.6855185015989036,0.6229903536977492
0.19591924563762983,186,588,457,13,0.5168810289389068,0.24031007751937986,0.9346733668341709,0.43732057416267944,0.5626794258373206,0.06532663316582915,0.3823227132579651,0.6859969704984252,0.6221864951768489
0.19625727635090692,185,588,457,14,0.5160771704180064,0.23932729624838292,0.9296482412060302,0.43732057416267944,0.5626794258373206,0.07035175879396985,0.38065843621399176,0.6834844076843548,0.6213826366559485
0.19720049062135134,185,587,458,14,0.5168810289389068,0.23963730569948186,0.9296482412060302,0.4382775119617225,0.5617224880382775,0.07035175879396985,0.3810504634397528,0.6839628765838763,0.6205787781350482
0.19779674619482865,185,586,459,14,0.5176848874598071,0.23994811932555124,0.9296482412060302,0.43923444976076553,0.5607655502392345,0.07035175879396985,0.3814432989690722,0.6844413454833979,0.6197749196141479
0.19862892310093483,185,585,460,14,0.5184887459807074,0.24025974025974026,0.9296482412060302,0.44019138755980863,0.5598086124401914,0.07035175879396985,0.38183694530443757,0.6849198143829194,0.6189710610932476
0.19872928846331825,185,584,461,14,0.5192926045016077,0.24057217165149544,0.9296482412060302,0.4411483253588517,0.5588516746411484,0.07035175879396985,0.3822314049586777,0.6853982832824409,0.6181672025723473
0.20089966421544975,185,582,463,14,0.5209003215434084,0.24119947848761408,0.9296482412060302,0.4430622009569378,0.5569377990430622,0.07035175879396985,0.3830227743271222,0.6863552210814841,0.6165594855305466
0.2021501399224881,185,581,464,14,0.5217041800643086,0.24151436031331594,0.9296482412060302,0.44401913875598087,0.5559808612440191,0.07035175879396985,0.383419689119171,0.6868336899810055,0.6157556270096463
0.20394456588896243,185,580,465,14,0.522508038585209,0.24183006535947713,0.9296482412060302,0.4449760765550239,0.5550239234449761,0.07035175879396985,0.38381742738589214,0.6873121588805271,0.614951768488746
0.20434474863156857,185,579,466,14,0.5233118971061094,0.24214659685863874,0.9296482412060302,0.44593301435406696,0.554066985645933,0.07035175879396985,0.38421599169262716,0.6877906277800485,0.6141479099678456
0.2046220308429019,185,578,467,14,0.5241157556270096,0.24246395806028834,0.9296482412060302,0.44688995215311006,0.55311004784689,0.07035175879396985,0.3846153846153846,0.6882690966795701,0.6133440514469454
0.20505808292953767,185,574,471,14,0.5273311897106109,0.2437417654808959,0.9296482412060302,0.4507177033492823,0.5492822966507177,0.07035175879396985,0.38622129436325675,0.6901829722776562,0.610128617363344
0.20756481721756898,185,573,472,14,0.5281350482315113,0.24406332453825857,0.9296482412060302,0.45167464114832534,0.5483253588516747,0.07035175879396985,0.3866248693834901,0.6906614411771778,0.6093247588424437
0.20805592275836507,185,572,473,14,0.5289389067524116,0.24438573315719947,0.9296482412060302,0.45263157894736844,0.5473684210526316,0.07035175879396985,0.38702928870292885,0.6911399100766993,0.6085209003215434
0.20974458050854322,185,571,474,14,0.5297427652733119,0.2447089947089947,0.9296482412060302,0.4535885167464115,0.5464114832535886,0.07035175879396985,0.38743455497382195,0.6916183789762208,0.6077170418006431
0.2123161050245686,185,570,475,14,0.5305466237942122,0.24503311258278146,0.9296482412060302,0.45454545454545453,0.5454545454545454,0.07035175879396985,0.38784067085953877,0.6920968478757423,0.6069131832797428
0.21327172831745025,185,569,476,14,0.5313504823151125,0.2453580901856764,0.9296482412060302,0.45550239234449763,0.5444976076555024,0.07035175879396985,0.38824763903462756,0.692575316775264,0.6061093247588425
0.21365198280302036,185,568,477,14,0.5321543408360129,0.2456839309428951,0.9296482412060302,0.4564593301435407,0.5435406698564593,0.07035175879396985,0.38865546218487396,0.6930537856747854,0.6053054662379421
0.21477752159862348,185,567,478,14,0.5329581993569131,0.24601063829787234,0.9296482412060302,0.4574162679425837,0.5425837320574163,0.07035175879396985,0.3890641430073607,0.693532254574307,0.6045016077170418
0.21489600218210086,185,566,479,14,0.5337620578778135,0.24633821571238348,0.9296482412060302,0.4583732057416268,0.5416267942583732,0.07035175879396985,0.38947368421052625,0.6940107234738285,0.6036977491961415
0.21634919801766328,184,566,479,15,0.5329581993569131,0.24533333333333332,0.9246231155778895,0.4583732057416268,0.5416267942583732,0.07537688442211055,0.3877766069546891,0.6914981606597581,0.6028938906752411
0.21761702347036754,184,565,480,15,0.5337620578778135,0.24566088117489987,0.9246231155778895,0.45933014354066987,0.5406698564593302,0.07537688442211055,0.3881856540084388,0.6919766295592796,0.6020900321543409
0.22032445071667778,184,564,481,15,0.5345659163987139,0.24598930481283424,0.9246231155778895,0.4602870813397129,0.539712918660287,0.07537688442211055,0.3885955649419218,0.6924550984588012,0.6012861736334405
0.22089044289335374,184,563,482,15,0.5353697749196141,0.2463186077643909,0.9246231155778895,0.46124401913875596,0.538755980861244,0.07537688442211055,0.38900634249471466,0.6929335673583227,0.6004823151125402
0.2210650607769288,184,562,483,15,0.5361736334405145,0.24664879356568364,0.9246231155778895,0.46220095693779906,0.5377990430622009,0.07537688442211055,0.3894179894179894,0.6934120362578442,0.5996784565916399
0.221167893555793,184,561,484,15,0.5369774919614148,0.24697986577181208,0.9246231155778895,0.4631578947368421,0.5368421052631579,0.07537688442211055,0.38983050847457623,0.6938905051573658,0.5988745980707395
0.22142335849800332,184,560,485,15,0.5377813504823151,0.24731182795698925,0.9246231155778895,0.46411483253588515,0.5358851674641149,0.07537688442211055,0.3902439024390244,0.6943689740568872,0.5980707395498392
0.22184800194521873,183,560,485,16,0.5369774919614148,0.24629878869448182,0.9195979899497487,0.46411483253588515,0.5358851674641149,0.08040201005025126,0.3885350318471338,0.6918564112428169,0.5972668810289389
0.22289466636076144,183,559,486,16,0.5377813504823151,0.24663072776280323,0.9195979899497487,0.46507177033492825,0.5349282296650718,0.08040201005025126,0.3889479277364506,0.6923348801423385,0.5964630225080386
0.22399659625320426,183,558,487,16,0.5385852090032154,0.24696356275303644,0.9195979899497487,0.4660287081339713,0.5339712918660288,0.08040201005025126,0.3893617021276596,0.69281334904186,0.5956591639871383
0.2244658419493282,183,556,489,16,0.5401929260450161,0.2476319350473613,0.9195979899497487,0.46794258373205744,0.5320574162679426,0.08040201005025126,0.39019189765458423,0.693770286840903,0.5940514469453376
0.22531124807374886,183,555,490,16,0.5409967845659164,0.24796747967479674,0.9195979899497487,0.4688995215311005,0.5311004784688995,0.08040201005025126,0.39060832443970117,0.6942487557404247,0.5932475884244373
0.22574289485696314,183,554,491,16,0.5418006430868167,0.24830393487109906,0.9195979899497487,0.4698564593301435,0.5301435406698565,0.08040201005025126,0.391025641025641,0.6947272246399461,0.592443729903537
0.2267350550697798,183,553,492,16,0.542604501607717,0.24864130434782608,0.9195979899497487,0.47081339712918663,0.5291866028708134,0.08040201005025126,0.39144385026737966,0.6952056935394677,0.5916398713826366
0.2271622509496889,183,552,493,16,0.5434083601286174,0.24897959183673468,0.9195979899497487,0.4717703349282297,0.5282296650717704,0.08040201005025126,0.3918629550321199,0.6956841624389892,0.5908360128617364
0.2284626742925337,183,551,494,16,0.5442122186495176,0.24931880108991825,0.9195979899497487,0.4727272727272727,0.5272727272727272,0.08040201005025126,0.39228295819935693,0.6961626313385108,0.590032154340836
0.22896517688887222,183,550,495,16,0.545016077170418,0.24965893587994542,0.9195979899497487,0.47368421052631576,0.5263157894736842,0.08040201005025126,0.3927038626609442,0.6966411002380323,0.5892282958199357
0.22920816568337374,183,549,496,16,0.5458199356913184,0.25,0.9195979899497487,0.47464114832535886,0.5253588516746411,0.08040201005025126,0.39312567132116,0.6971195691375538,0.5884244372990354
0.22926358479793787,183,548,497,16,0.5466237942122186,0.2503419972640219,0.9195979899497487,0.4755980861244019,0.5244019138755981,0.08040201005025126,0.39354838709677425,0.6975980380370753,0.587620578778135
0.23053474970866963,183,547,498,16,0.547427652733119,0.25068493150684934,0.9195979899497487,0.47655502392344495,0.523444976076555,0.08040201005025126,0.39397201291711526,0.6980765069365968,0.5868167202572347
0.23174925075684832,183,546,499,16,0.5482315112540193,0.25102880658436216,0.9195979899497487,0.47751196172248805,0.522488038277512,0.08040201005025126,0.39439655172413796,0.6985549758361184,0.5860128617363344
0.2320621980184242,183,545,500,16,0.5490353697749196,0.25137362637362637,0.9195979899497487,0.4784688995215311,0.5215311004784688,0.08040201005025126,0.3948220064724919,0.6990334447356399,0.5852090032154341
0.2330644713977902,183,544,501,16,0.5498392282958199,0.2517193947730399,0.9195979899497487,0.47942583732057414,0.5205741626794258,0.08040201005025126,0.3952483801295896,0.6995119136351614,0.5844051446945338
0.23387800652056673,183,543,502,16,0.5506430868167203,0.25206611570247933,0.9195979899497487,0.48038277511961724,0.5196172248803828,0.08040201005025126,0.39567567567567563,0.6999903825346829,0.5836012861736335
0.23544393187273557,183,542,503,16,0.5514469453376206,0.2524137931034483,0.9195979899497487,0.4813397129186603,0.5186602870813397,0.08040201005025126,0.3961038961038961,0.7004688514342046,0.5827974276527331
0.23546129630536275,183,541,504,16,0.5522508038585209,0.2527624309392265,0.9195979899497487,0.48229665071770333,0.5177033492822967,0.08040201005025126,0.39653304442036835,0.700947320333726,0.5819935691318328
0.23552651527752602,183,540,505,16,0.5530546623794212,0.25311203319502074,0.9195979899497487,0.48325358851674644,0.5167464114832536,0.08040201005025126,0.39696312364425157,0.7014257892332476,0.5811897106109325
0.2360190343423043,183,539,506,16,0.5538585209003215,0.25346260387811637,0.9195979899497487,0.4842105263157895,0.5157894736842106,0.08040201005025126,0.39739413680781766,0.7019042581327691,0.5803858520900321
0.23636559478015617,183,538,507,16,0.5546623794212219,0.2538141470180305,0.9195979899497487,0.4851674641148325,0.5148325358851674,0.08040201005025126,0.3978260869565217,0.7023827270322907,0.5795819935691319
0.23867048517754566,183,537,508,16,0.5554662379421221,0.25416666666666665,0.9195979899497487,0.4861244019138756,0.5138755980861244,0.08040201005025126,0.3982589771490751,0.7028611959318122,0.5787781350482315
0.2390979873683353,183,536,509,16,0.5562700964630225,0.2545201668984701,0.9195979899497487,0.48708133971291867,0.5129186602870813,0.08040201005025126,0.39869281045751637,0.7033396648313337,0.5779742765273312
0.239911818923678,183,535,510,16,0.5570739549839229,0.25487465181058494,0.9195979899497487,0.4880382775119617,0.5119617224880383,0.08040201005025126,0.3991275899672846,0.7038181337308552,0.5771704180064309
0.24113578189959303,183,534,511,16,0.5578778135048231,0.25523012552301255,0.9195979899497487,0.48899521531100476,0.5110047846889952,0.08040201005025126,0.39956331877729256,0.7042966026303767,0.5763665594855305
0.24181789025544256,183,533,512,16,0.5586816720257235,0.25558659217877094,0.9195979899497487,0.48995215311004786,0.5100478468899522,0.08040201005025126,0.4,0.7047750715298983,0.5755627009646302
0.24212505833659612,183,532,513,16,0.5594855305466238,0.25594405594405595,0.9195979899497487,0.4909090909090909,0.509090909090909,0.08040201005025126,0.400437636761488,0.7052535404294198,0.5747588424437299
0.24415870038727064,183,531,514,16,0.5602893890675241,0.25630252100840334,0.9195979899497487,0.49186602870813395,0.508133971291866,0.08040201005025126,0.40087623220153334,0.7057320093289413,0.5739549839228296
0.24546292450557705,183,530,515,16,0.5610932475884244,0.25666199158485276,0.9195979899497487,0.49282296650717705,0.507177033492823,0.08040201005025126,0.4013157894736842,0.7062104782284628,0.5731511254019293
0.24778875324370137,183,529,516,16,0.5618971061093248,0.25702247191011235,0.9195979899497487,0.4937799043062201,0.5062200956937799,0.08040201005025126,0.40175631174533477,0.7066889471279845,0.572347266881029
0.24939612077556725,182,529,516,17,0.5610932475884244,0.2559774964838256,0.914572864321608,0.4937799043062201,0.5062200956937799,0.08542713567839195,0.4,0.704176384313914,0.5715434083601286
0.2496753829061896,182,528,517,17,0.5618971061093248,0.2563380281690141,0.914572864321608,0.49473684210526314,0.5052631578947369,0.08542713567839195,0.4004400440044005,0.7046548532134356,0.5707395498392283
0.2505209732075064,182,527,518,17,0.5627009646302251,0.2566995768688293,0.914572864321608,0.49569377990430624,0.5043062200956938,0.08542713567839195,0.4008810572687224,0.7051333221129571,0.569935691318328
0.25173627078794797,182,526,519,17,0.5635048231511254,0.2570621468926554,0.914572864321608,0.4966507177033493,0.5033492822966508,0.08542713567839195,0.4013230429988975,0.7056117910124786,0.5691318327974276
0.25361510332080844,182,525,520,17,0.5643086816720257,0.25742574257425743,0.914572864321608,0.49760765550239233,0.5023923444976076,0.08542713567839195,0.40176600441501104,0.7060902599120001,0.5683279742765274
0.2542262285785902,182,524,521,17,0.565112540192926,0.2577903682719547,0.914572864321608,0.49856459330143543,0.5014354066985646,0.08542713567839195,0.4022099447513812,0.7065687288115217,0.567524115755627
0.2566801501102541,181,524,521,18,0.5643086816720257,0.25673758865248225,0.9095477386934674,0.49856459330143543,0.5014354066985646,0.09045226130653267,0.40044247787610615,0.7040561659974514,0.5667202572347267
0.2576482914799894,181,523,522,18,0.565112540192926,0.2571022727272727,0.9095477386934674,0.4995215311004785,0.5004784688995215,0.09045226130653267,0.40088593576965664,0.704534634896973,0.5659163987138264
0.2580394074611622,181,522,523,18,0.5659163987138264,0.2574679943100996,0.9095477386934674,0.5004784688995215,0.4995215311004785,0.09045226130653267,0.40133037694013307,0.7050131037964944,0.565112540192926
0.2582527193923182,181,521,524,18,0.5667202572347267,0.25783475783475784,0.9095477386934674,0.5014354066985646,0.49856459330143543,0.09045226130653267,0.4017758046614873,0.705491572696016,0.5643086816720257
0.2586555799809391,181,520,525,18,0.567524115755627,0.2582025677603424,0.9095477386934674,0.5023923444976076,0.49760765550239233,0.09045226130653267,0.4022222222222223,0.7059700415955374,0.5635048231511254
0.259026991759438,181,519,526,18,0.5683279742765274,0.25857142857142856,0.9095477386934674,0.5033492822966508,0.4966507177033493,0.09045226130653267,0.4026696329254727,0.7064485104950591,0.5627009646302251
0.26090148702671334,181,518,527,18,0.5691318327974276,0.25894134477825465,0.9095477386934674,0.5043062200956938,0.49569377990430624,0.09045226130653267,0.4031180400890868,0.7069269793945806,0.5618971061093248
0.2611945500548017,180,518,527,19,0.5683279742765274,0.25787965616045844,0.9045226130653267,0.5043062200956938,0.49569377990430624,0.09547738693467336,0.4013377926421404,0.7044144165805102,0.5610932475884244
0.261432872376468,180,517,528,19,0.5691318327974276,0.2582496413199426,0.9045226130653267,0.5052631578947369,0.49473684210526314,0.09547738693467336,0.4017857142857143,0.7048928854800318,0.5602893890675241
0.26170205196364327,180,516,529,19,0.569935691318328,0.25862068965517243,0.9045226130653267,0.5062200956937799,0.4937799043062201,0.09547738693467336,0.4022346368715084,0.7053713543795532,0.5594855305466238
0.26237858255930047,180,515,530,19,0.5707395498392283,0.2589928057553957,0.9045226130653267,0.507177033492823,0.49282296650717705,0.09547738693467336,0.40268456375838924,0.7058498232790749,0.5586816720257235
0.2627424400312592,180,514,531,19,0.5715434083601286,0.25936599423631124,0.9045226130653267,0.508133971291866,0.49186602870813395,0.09547738693467336,0.40313549832026874,0.7063282921785963,0.5578778135048231
0.26349007281116055,180,513,532,19,0.572347266881029,0.2597402597402597,0.9045226130653267,0.509090909090909,0.4909090909090909,0.09547738693467336,0.4035874439461883,0.7068067610781179,0.5570739549839229
0.2637952164293656,180,512,533,19,0.5731511254019293,0.26011560693641617,0.9045226130653267,0.5100478468899522,0.48995215311004786,0.09547738693467336,0.404040404040404,0.7072852299776394,0.5562700964630225
0.26415393801320647,180,511,534,19,0.5739549839228296,0.26049204052098407,0.9045226130653267,0.5110047846889952,0.48899521531100476,0.09547738693467336,0.4044943820224719,0.707763698877161,0.5554662379421221
0.2651730373079168,180,510,535,19,0.5747588424437299,0.2608695652173913,0.9045226130653267,0.5119617224880383,0.4880382775119617,0.09547738693467336,0.4049493813273341,0.7082421677766825,0.5546623794212219
0.2651975426464162,180,509,536,19,0.5755627009646302,0.2612481857764877,0.9045226130653267,0.5129186602870813,0.48708133971291867,0.09547738693467336,0.4054054054054055,0.708720636676204,0.5538585209003215
0.26554974188537456,180,508,537,19,0.5763665594855305,0.2616279069767442,0.9045226130653267,0.5138755980861244,0.4861244019138756,0.09547738693467336,0.4058624577226607,0.7091991055757255,0.5530546623794212
0.26564620363808267,180,507,538,19,0.5771704180064309,0.26200873362445415,0.9045226130653267,0.5148325358851674,0.4851674641148325,0.09547738693467336,0.4063205417607223,0.709677574475247,0.5522508038585209
0.2657176105120794,180,506,539,19,0.5779742765273312,0.26239067055393583,0.9045226130653267,0.5157894736842106,0.4842105263157895,0.09547738693467336,0.4067796610169492,0.7101560433747687,0.5514469453376206
0.2680902809293448,180,505,540,19,0.5787781350482315,0.26277372262773724,0.9045226130653267,0.5167464114832536,0.48325358851674644,0.09547738693467336,0.4072398190045249,0.7106345122742901,0.5506430868167203
0.2692527261814401,180,503,542,19,0.5803858520900321,0.2635431918008785,0.9045226130653267,0.5186602870813397,0.4813397129186603,0.09547738693467336,0.40816326530612246,0.7115914500733331,0.5490353697749196
0.2712149889849245,180,502,543,19,0.5811897106109325,0.26392961876832843,0.9045226130653267,0.5196172248803828,0.48038277511961724,0.09547738693467336,0.40862656072644715,0.7120699189728548,0.5482315112540193
0.2735710496274702,180,501,544,19,0.5819935691318328,0.2643171806167401,0.9045226130653267,0.5205741626794258,0.47942583732057414,0.09547738693467336,0.4090909090909091,0.7125483878723762,0.547427652733119
0.27393278597326154,180,500,545,19,0.5827974276527331,0.2647058823529412,0.9045226130653267,0.5215311004784688,0.4784688995215311,0.09547738693467336,0.40955631399317405,0.7130268567718978,0.5466237942122186
0.27410406446469227,180,499,546,19,0.5836012861736335,0.2650957290132548,0.9045226130653267,0.522488038277512,0.47751196172248805,0.09547738693467336,0.41002277904328016,0.7135053256714193,0.5458199356913184
0.2758194650933051,180,498,547,19,0.5844051446945338,0.26548672566371684,0.9045226130653267,0.523444976076555,0.47655502392344495,0.09547738693467336,0.41049030786773094,0.7139837945709409,0.545016077170418
0.27761530418064084,180,497,548,19,0.5852090032154341,0.2658788774002954,0.9045226130653267,0.5244019138755981,0.4755980861244019,0.09547738693467336,0.410958904109589,0.7144622634704624,0.5442122186495176
0.27824970909380153,180,496,549,19,0.5860128617363344,0.26627218934911245,0.9045226130653267,0.5253588516746411,0.47464114832535886,0.09547738693467336,0.4114285714285714,0.7149407323699839,0.5434083601286174
0.27842771232609914,180,495,550,19,0.5868167202572347,0.26666666666666666,0.9045226130653267,0.5263157894736842,0.47368421052631576,0.09547738693467336,0.41189931350114417,0.7154192012695054,0.542604501607717
0.279046288083698,180,494,551,19,0.587620578778135,0.26706231454005935,0.9045226130653267,0.5272727272727272,0.4727272727272727,0.09547738693467336,0.4123711340206186,0.715897670169027,0.5418006430868167
0.28083921589287747,180,493,552,19,0.5884244372990354,0.2674591381872214,0.9045226130653267,0.5282296650717704,0.4717703349282297,0.09547738693467336,0.4128440366972477,0.7163761390685486,0.5409967845659164
0.28302539506266783,180,492,553,19,0.5892282958199357,0.26785714285714285,0.9045226130653267,0.5291866028708134,0.47081339712918663,0.09547738693467336,0.4133180252583238,0.71685460796807,0.5401929260450161
0.2831227833456825,179,492,553,20,0.5884244372990354,0.2667660208643815,0.8994974874371859,0.5291866028708134,0.47081339712918663,0.10050251256281408,0.4114942528735632,0.7143420451539997,0.5393890675241158
0.2854681028826276,179,491,554,20,0.5892282958199357,0.2671641791044776,0.8994974874371859,0.5301435406698565,0.4698564593301435,0.10050251256281408,0.4119677790563866,0.7148205140535212,0.5385852090032154
0.28568732600028435,179,490,555,20,0.590032154340836,0.26756352765321373,0.8994974874371859,0.5311004784688995,0.4688995215311005,0.10050251256281408,0.412442396313364,0.7152989829530427,0.5377813504823151
0.28592859748906446,179,489,556,20,0.5908360128617364,0.2679640718562874,0.8994974874371859,0.5320574162679426,0.46794258373205744,0.10050251256281408,0.4129181084198385,0.7157774518525643,0.5369774919614148
0.2864959427276017,179,488,557,20,0.5916398713826366,0.2683658170914543,0.8994974874371859,0.5330143540669856,0.46698564593301434,0.10050251256281408,0.4133949191685913,0.7162559207520858,0.5361736334405145
0.2870655471817444,179,487,558,20,0.592443729903537,0.26876876876876876,0.8994974874371859,0.5339712918660288,0.4660287081339713,0.10050251256281408,0.4138728323699422,0.7167343896516074,0.5353697749196141
0.28740211650975095,179,486,559,20,0.5932475884244373,0.26917293233082706,0.8994974874371859,0.5349282296650718,0.46507177033492825,0.10050251256281408,0.41435185185185186,0.7172128585511288,0.5345659163987139
0.28859961577214494,179,485,560,20,0.5940514469453376,0.26957831325301207,0.8994974874371859,0.5358851674641149,0.46411483253588515,0.10050251256281408,0.4148319814600232,0.7176913274506505,0.5337620578778135
0.2895199346278601,179,484,561,20,0.594855305466238,0.26998491704374056,0.8994974874371859,0.5368421052631579,0.4631578947368421,0.10050251256281408,0.4153132250580046,0.7181697963501719,0.5329581993569131
0.2895259652585315,179,482,563,20,0.5964630225080386,0.2708018154311649,0.8994974874371859,0.538755980861244,0.46124401913875596,0.10050251256281408,0.41627906976744183,0.7191267341492149,0.5313504823151125
0.29328604727946256,179,481,564,20,0.5972668810289389,0.27121212121212124,0.8994974874371859,0.539712918660287,0.4602870813397129,0.10050251256281408,0.4167636786961583,0.7196052030487365,0.5305466237942122
0.29451295423324775,178,481,564,21,0.5964630225080386,0.2701062215477997,0.8944723618090452,0.539712918660287,0.4602870813397129,0.10552763819095477,0.41491841491841486,0.7170926402346661,0.5297427652733119
0.2948268295853729,178,480,565,21,0.5972668810289389,0.270516717325228,0.8944723618090452,0.5406698564593302,0.45933014354066987,0.10552763819095477,0.4154025670945158,0.7175711091341876,0.5289389067524116
0.29546740907009367,178,479,566,21,0.5980707395498392,0.2709284627092846,0.8944723618090452,0.5416267942583732,0.4583732057416268,0.10552763819095477,0.4158878504672897,0.7180495780337093,0.5281350482315113
0.29835250406231956,178,468,577,21,0.6069131832797428,0.2755417956656347,0.8944723618090452,0.5521531100478468,0.4478468899521531,0.10552763819095477,0.42130177514792905,0.723312735928446,0.5192926045016077
0.2992669741338596,178,467,578,21,0.6077170418006431,0.27596899224806204,0.8944723618090452,0.55311004784689,0.44688995215311006,0.10552763819095477,0.4218009478672986,0.7237912048279675,0.5184887459807074
0.29929520074431476,178,466,579,21,0.6085209003215434,0.27639751552795033,0.8944723618090452,0.554066985645933,0.44593301435406696,0.10552763819095477,0.4223013048635824,0.7242696737274892,0.5176848874598071
0.30068694160650683,178,465,580,21,0.6093247588424437,0.27682737169517885,0.8944723618090452,0.5550239234449761,0.4449760765550239,0.10552763819095477,0.4228028503562945,0.7247481426270106,0.5168810289389068
0.3008276778767344,178,463,582,21,0.6109324758842444,0.27769110764430577,0.8944723618090452,0.5569377990430622,0.4430622009569378,0.10552763819095477,0.4238095238095238,0.7257050804260536,0.5152733118971061
0.3008826939688745,178,462,583,21,0.6117363344051447,0.278125,0.8944723618090452,0.5578947368421052,0.4421052631578947,0.10552763819095477,0.42431466030989273,0.7261835493255753,0.5144694533762058
0.3037781032128042,178,461,584,21,0.612540192926045,0.27856025039123633,0.8944723618090452,0.5588516746411484,0.4411483253588517,0.10552763819095477,0.42482100238663484,0.7266620182250968,0.5136655948553055
0.30549087268685543,178,460,585,21,0.6133440514469454,0.27899686520376177,0.8944723618090452,0.5598086124401914,0.44019138755980863,0.10552763819095477,0.42532855436081235,0.7271404871246183,0.5128617363344051
0.305674695477561,178,459,586,21,0.6141479099678456,0.2794348508634223,0.8944723618090452,0.5607655502392345,0.43923444976076553,0.10552763819095477,0.4258373205741627,0.7276189560241398,0.5120578778135049
0.3066394063528763,178,457,588,21,0.6157556270096463,0.2803149606299213,0.8944723618090452,0.5626794258373206,0.43732057416267944,0.10552763819095477,0.4268585131894485,0.7285758938231829,0.5104501607717041
0.3073138827460844,178,455,590,21,0.617363344051447,0.2812006319115324,0.8944723618090452,0.5645933014354066,0.4354066985645933,0.10552763819095477,0.42788461538461536,0.7295328316222259,0.5088424437299035
0.3085926909131071,178,454,591,21,0.6181672025723473,0.28164556962025317,0.8944723618090452,0.5655502392344498,0.43444976076555025,0.10552763819095477,0.42839951865222625,0.7300113005217475,0.5080385852090032
0.30979019280331366,178,453,592,21,0.6189710610932476,0.2820919175911252,0.8944723618090452,0.5665071770334928,0.43349282296650715,0.10552763819095477,0.4289156626506024,0.7304897694212691,0.5072347266881029
0.31178194859779634,177,452,593,22,0.6189710610932476,0.28139904610492844,0.8894472361809045,0.5674641148325359,0.4325358851674641,0.11055276381909548,0.4275362318840579,0.7284556755067202,0.5056270096463023
0.31346035447705267,177,451,594,22,0.6197749196141479,0.2818471337579618,0.8894472361809045,0.5684210526315789,0.43157894736842106,0.11055276381909548,0.42805320435308336,0.7289341444062417,0.5048231511254019
0.315938778979707,176,451,594,23,0.6189710610932476,0.2807017543859649,0.8844221105527639,0.5684210526315789,0.43157894736842106,0.11557788944723618,0.4261501210653753,0.7264215815921714,0.5040192926045016
0.3165476202581787,176,449,596,23,0.6205787781350482,0.2816,0.8844221105527639,0.570334928229665,0.4296650717703349,0.11557788944723618,0.4271844660194175,0.7273785193912145,0.502411575562701
0.3173314748325523,175,449,596,24,0.6197749196141479,0.28044871794871795,0.8793969849246231,0.570334928229665,0.4296650717703349,0.12060301507537688,0.425273390036452,0.724865956577144,0.5016077170418006
0.3179777795234212,175,448,597,24,0.6205787781350482,0.2808988764044944,0.8793969849246231,0.5712918660287082,0.42870813397129187,0.12060301507537688,0.4257907542579076,0.7253444254766657,0.5008038585209004
0.3196953382340108,175,447,598,24,0.6213826366559485,0.28135048231511256,0.8793969849246231,0.5722488038277512,0.4277511961722488,0.12060301507537688,0.42630937880633374,0.7258228943761872,0.5
0.32261076723212273,175,446,599,24,0.6221864951768489,0.28180354267310787,0.8793969849246231,0.5732057416267943,0.4267942583732057,0.12060301507537688,0.42682926829268286,0.7263013632757087,0.4991961414790997
0.32483475648140125,175,445,600,24,0.6229903536977492,0.28225806451612906,0.8793969849246231,0.5741626794258373,0.4258373205741627,0.12060301507537688,0.4273504273504274,0.7267798321752302,0.4983922829581994
0.32549307085793144,175,444,601,24,0.6237942122186495,0.2827140549273021,0.8793969849246231,0.5751196172248804,0.42488038277511964,0.12060301507537688,0.42787286063569685,0.7272583010747518,0.49758842443729906
0.3301063696780007,175,443,602,24,0.6245980707395499,0.28317152103559873,0.8793969849246231,0.5760765550239234,0.42392344497607654,0.12060301507537688,0.4283965728274174,0.7277367699742733,0.4967845659163987
0.33044411086268305,174,443,602,25,0.6237942122186495,0.2820097244732577,0.8743718592964824,0.5760765550239234,0.42392344497607654,0.12562814070351758,0.42647058823529405,0.7252242071602029,0.4959807073954984
0.3304723550752426,174,442,603,25,0.6245980707395499,0.2824675324675325,0.8743718592964824,0.5770334928229665,0.4229665071770335,0.12562814070351758,0.4269938650306748,0.7257026760597245,0.49517684887459806
0.3322946865929042,174,441,604,25,0.6254019292604501,0.28292682926829266,0.8743718592964824,0.5779904306220096,0.42200956937799045,0.12562814070351758,0.42751842751842745,0.726181144959246,0.49437299035369775
0.33257318599238617,173,441,604,26,0.6245980707395499,0.28175895765472314,0.8693467336683417,0.5779904306220096,0.42200956937799045,0.1306532663316583,0.42558425584255843,0.7236685821451756,0.49356913183279744
0.33429751646753675,173,440,605,26,0.6254019292604501,0.2822185970636215,0.8693467336683417,0.5789473684210527,0.42105263157894735,0.1306532663316583,0.42610837438423643,0.7241470510446972,0.4927652733118971
0.3345089576318114,173,439,606,26,0.6262057877813505,0.2826797385620915,0.8693467336683417,0.5799043062200957,0.4200956937799043,0.1306532663316583,0.42663378545006164,0.7246255199442186,0.4919614147909968
0.33467155633536155,173,438,607,26,0.6270096463022508,0.28314238952536824,0.8693467336683417,0.5808612440191387,0.41913875598086126,0.1306532663316583,0.4271604938271605,0.7251039888437403,0.49115755627009644
0.3347603900099328,173,437,608,26,0.6278135048231511,0.2836065573770492,0.8693467336683417,0.5818181818181818,0.41818181818181815,0.1306532663316583,0.42768850432632877,0.7255824577432617,0.4903536977491961
0.3370106339834438,173,436,609,26,0.6286173633440515,0.28407224958949095,0.8693467336683417,0.5827751196172248,0.4172248803827751,0.1306532663316583,0.42821782178217815,0.7260609266427833,0.4895498392282958
0.3374610401049626,173,435,610,26,0.6294212218649518,0.2845394736842105,0.8693467336683417,0.583732057416268,0.41626794258373206,0.1306532663316583,0.42874845105328374,0.7265393955423048,0.4887459807073955
0.33881285158234015,173,434,611,26,0.6302250803858521,0.28500823723228996,0.8693467336683417,0.584688995215311,0.415311004784689,0.1306532663316583,0.42928039702233256,0.7270178644418264,0.4879421221864952
0.34242396909244155,172,434,611,27,0.6294212218649518,0.2838283828382838,0.864321608040201,0.584688995215311,0.415311004784689,0.135678391959799,0.42732919254658386,0.7245053016277561,0.4871382636655949
0.3424756412695226,172,433,612,27,0.6302250803858521,0.28429752066115704,0.864321608040201,0.5856459330143541,0.4143540669856459,0.135678391959799,0.42786069651741293,0.7249837705272775,0.48633440514469456
0.3426868404804551,172,432,613,27,0.6310289389067524,0.2847682119205298,0.864321608040201,0.5866028708133971,0.4133971291866029,0.135678391959799,0.4283935242839352,0.7254622394267991,0.4855305466237942
0.34272329275882263,172,431,614,27,0.6318327974276527,0.28524046434494194,0.864321608040201,0.5875598086124402,0.41244019138755983,0.135678391959799,0.4289276807980049,0.7259407083263205,0.4847266881028939
0.3428739774366956,172,430,615,27,0.632636655948553,0.2857142857142857,0.864321608040201,0.5885167464114832,0.41148325358851673,0.135678391959799,0.4294631710362047,0.7264191772258421,0.48392282958199356
0.3441630785962093,172,429,616,27,0.6334405144694534,0.28618968386023297,0.864321608040201,0.5894736842105263,0.4105263157894737,0.135678391959799,0.43000000000000005,0.7268976461253636,0.48311897106109325
0.3457692713623725,172,428,617,27,0.6342443729903537,0.2866666666666667,0.864321608040201,0.5904306220095694,0.40956937799043064,0.135678391959799,0.4305381727158949,0.7273761150248852,0.48231511254019294
0.34611274253918445,172,427,618,27,0.635048231511254,0.2871452420701169,0.864321608040201,0.5913875598086125,0.40861244019138754,0.135678391959799,0.431077694235589,0.7278545839244067,0.4815112540192926
0.3462967277901644,172,426,619,27,0.6358520900321544,0.28762541806020064,0.864321608040201,0.5923444976076555,0.4076555023923445,0.135678391959799,0.43161856963613543,0.7283330528239282,0.4807073954983923
0.34918860366389254,172,425,620,27,0.6366559485530546,0.288107202680067,0.864321608040201,0.5933014354066986,0.40669856459330145,0.135678391959799,0.4321608040201005,0.7288115217234498,0.47990353697749194
0.35274176085401543,171,425,620,28,0.6358520900321544,0.28691275167785235,0.8592964824120602,0.5933014354066986,0.40669856459330145,0.1407035175879397,0.43018867924528303,0.7262989589093793,0.4790996784565916
0.35317758651401426,171,424,621,28,0.6366559485530546,0.28739495798319326,0.8592964824120602,0.5942583732057416,0.40574162679425835,0.1407035175879397,0.43073047858942065,0.726777427808901,0.4782958199356913
0.3551938073017267,171,423,622,28,0.637459807073955,0.2878787878787879,0.8592964824120602,0.5952153110047846,0.4047846889952153,0.1407035175879397,0.4312736443883985,0.7272558967084224,0.477491961414791
0.35620372569717285,171,422,623,28,0.6382636655948553,0.28836424957841483,0.8592964824120602,0.5961722488038278,0.40382775119617226,0.1407035175879397,0.4318181818181818,0.727734365607944,0.4766881028938907
0.356626868922107,171,421,624,28,0.6390675241157556,0.28885135135135137,0.8592964824120602,0.5971291866028708,0.4028708133971292,0.1407035175879397,0.4323640960809102,0.7282128345074655,0.4758842443729904
0.35710879260839135,171,420,625,28,0.639871382636656,0.2893401015228426,0.8592964824120602,0.5980861244019139,0.4019138755980861,0.1407035175879397,0.4329113924050632,0.7286913034069871,0.47508038585209006
0.35764857990912274,171,419,626,28,0.6406752411575563,0.28983050847457625,0.8592964824120602,0.5990430622009569,0.40095693779904307,0.1407035175879397,0.4334600760456273,0.7291697723065086,0.4742765273311897
0.3605924836125443,171,418,627,28,0.6414790996784566,0.2903225806451613,0.8592964824120602,0.6,0.4,0.1407035175879397,0.434010152284264,0.7296482412060301,0.4734726688102894
0.3606832668837805,171,417,628,28,0.6422829581993569,0.29081632653061223,0.8592964824120602,0.600956937799043,0.3990430622009569,0.1407035175879397,0.43456162642947904,0.7301267101055516,0.47266881028938906
0.36129056506479296,171,416,629,28,0.6430868167202572,0.29131175468483816,0.8592964824120602,0.6019138755980862,0.3980861244019139,0.1407035175879397,0.4351145038167939,0.7306051790050732,0.47186495176848875
0.3632088903827329,171,415,630,28,0.6438906752411575,0.29180887372013653,0.8592964824120602,0.6028708133971292,0.39712918660287083,0.1407035175879397,0.4356687898089171,0.7310836479045948,0.47106109324758844
0.36330485423037107,171,414,631,28,0.6446945337620579,0.2923076923076923,0.8592964824120602,0.6038277511961723,0.39617224880382773,0.1407035175879397,0.4362244897959184,0.7315621168041162,0.4702572347266881
0.36398502067387645,171,413,632,28,0.6454983922829582,0.2928082191780822,0.8592964824120602,0.6047846889952153,0.3952153110047847,0.1407035175879397,0.4367816091954023,0.7320405857036378,0.4694533762057878
0.36458163178147485,171,412,633,28,0.6463022508038585,0.2933104631217839,0.8592964824120602,0.6057416267942584,0.39425837320574164,0.1407035175879397,0.4373401534526854,0.7325190546031592,0.46864951768488744
0.3658001042123909,171,411,634,28,0.6471061093247589,0.29381443298969073,0.8592964824120602,0.6066985645933014,0.39330143540669854,0.1407035175879397,0.43790012804097317,0.7329975235026809,0.4678456591639871
0.3692133377738345,171,410,635,28,0.6479099678456591,0.2943201376936317,0.8592964824120602,0.6076555023923444,0.3923444976076555,0.1407035175879397,0.4384615384615385,0.7334759924022023,0.4670418006430868
0.36930832439860894,171,409,636,28,0.6487138263665595,0.29482758620689653,0.8592964824120602,0.6086124401913876,0.39138755980861245,0.1407035175879397,0.4390243902439025,0.7339544613017239,0.4662379421221865
0.3695575574090214,168,388,657,31,0.6631832797427653,0.302158273381295,0.8442211055276382,0.6287081339712919,0.3712918660287081,0.15577889447236182,0.4450331125827815,0.7364646197494651,0.44694533762057875
0.37212991455415895,168,387,658,31,0.6639871382636656,0.3027027027027027,0.8442211055276382,0.6296650717703349,0.3703349282296651,0.15577889447236182,0.4456233421750663,0.7369430886489865,0.44614147909967844
0.3747103346502215,168,386,659,31,0.6647909967845659,0.30324909747292417,0.8442211055276382,0.630622009569378,0.369377990430622,0.15577889447236182,0.44621513944223107,0.7374215575485081,0.4453376205787781
0.3753112517932424,167,385,660,32,0.6647909967845659,0.302536231884058,0.8391959798994975,0.631578947368421,0.3684210526315789,0.16080402010050251,0.44474034620506,0.7353874636339592,0.4437299035369775
0.37605373761367566,167,384,661,32,0.6655948553054662,0.3030852994555354,0.8391959798994975,0.6325358851674641,0.3674641148325359,0.16080402010050251,0.4453333333333333,0.7358659325334808,0.4429260450160772
0.3762183994416916,167,383,662,32,0.6663987138263665,0.30363636363636365,0.8391959798994975,0.6334928229665072,0.36650717703349284,0.16080402010050251,0.4459279038718291,0.7363444014330023,0.44212218649517687
0.37654911450771056,167,382,663,32,0.6672025723472669,0.30418943533697634,0.8391959798994975,0.6344497607655503,0.36555023923444974,0.16080402010050251,0.446524064171123,0.7368228703325239,0.4413183279742765
0.3766003022250314,167,381,664,32,0.6680064308681672,0.30474452554744524,0.8391959798994975,0.6354066985645933,0.3645933014354067,0.16080402010050251,0.44712182061579653,0.7373013392320453,0.4405144694533762
0.3781605915867195,167,380,665,32,0.6688102893890675,0.3053016453382084,0.8391959798994975,0.6363636363636364,0.36363636363636365,0.16080402010050251,0.44772117962466484,0.737779808131567,0.4397106109324759
0.37856523193029545,166,380,665,33,0.6680064308681672,0.304029304029304,0.8341708542713567,0.6363636363636364,0.36363636363636365,0.1658291457286432,0.4456375838926175,0.7352672453174965,0.43890675241157556
0.3792455456386717,166,379,666,33,0.6688102893890675,0.30458715596330277,0.8341708542713567,0.6373205741626794,0.3626794258373206,0.1658291457286432,0.44623655913978494,0.7357457142170181,0.43810289389067525
0.38297622270069903,166,378,667,33,0.6696141479099679,0.30514705882352944,0.8341708542713567,0.6382775119617224,0.3617224880382775,0.1658291457286432,0.44683714670255725,0.7362241831165396,0.43729903536977494
0.3832326994725619,165,378,667,34,0.6688102893890675,0.30386740331491713,0.8291457286432161,0.6382775119617224,0.3617224880382775,0.1708542713567839,0.44474393530997297,0.7337116203024693,0.4364951768488746
0.3833585275398336,165,377,668,34,0.6696141479099679,0.3044280442804428,0.8291457286432161,0.6392344497607656,0.36076555023923446,0.1708542713567839,0.44534412955465585,0.7341900892019908,0.43569131832797425
0.3838845147640654,165,376,669,34,0.6704180064308681,0.3049907578558225,0.8291457286432161,0.6401913875598086,0.3598086124401914,0.1708542713567839,0.44594594594594594,0.7346685581015124,0.43488745980707394
0.3854109733928513,165,375,670,34,0.6712218649517685,0.3055555555555556,0.8291457286432161,0.6411483253588517,0.3588516746411483,0.1708542713567839,0.44654939106901215,0.7351470270010338,0.4340836012861736
0.38558174467364464,165,374,671,34,0.6720257234726688,0.30612244897959184,0.8291457286432161,0.6421052631578947,0.35789473684210527,0.1708542713567839,0.44715447154471544,0.7356254959005555,0.4332797427652733
0.38621599523890005,165,373,672,34,0.6728295819935691,0.3066914498141264,0.8291457286432161,0.6430622009569378,0.3569377990430622,0.1708542713567839,0.44776119402985076,0.7361039648000769,0.432475884244373
0.3871484882826964,165,372,673,34,0.6736334405144695,0.30726256983240224,0.8291457286432161,0.6440191387559808,0.3559808612440191,0.1708542713567839,0.44836956521739135,0.7365824336995985,0.4316720257234727
0.3875100647563858,165,370,675,34,0.6752411575562701,0.308411214953271,0.8291457286432161,0.645933014354067,0.35406698564593303,0.1708542713567839,0.44959128065395093,0.7375393714986416,0.430064308681672
0.3875646572971687,165,369,676,34,0.6760450160771704,0.3089887640449438,0.8291457286432161,0.6468899521531101,0.35311004784688993,0.1708542713567839,0.4502046384720327,0.7380178403981631,0.4292604501607717
0.38805313522991625,165,368,677,34,0.6768488745980707,0.30956848030018763,0.8291457286432161,0.6478468899521531,0.3521531100478469,0.1708542713567839,0.4508196721311476,0.7384963092976846,0.4284565916398714
0.3887416011948831,165,367,678,34,0.677652733118971,0.3101503759398496,0.8291457286432161,0.6488038277511962,0.35119617224880384,0.1708542713567839,0.45143638850889195,0.7389747781972061,0.42765273311897106
0.39025249372075843,165,366,679,34,0.6784565916398714,0.3107344632768362,0.8291457286432161,0.6497607655502392,0.35023923444976074,0.1708542713567839,0.452054794520548,0.7394532470967277,0.42684887459807075
0.3918811968785056,165,365,680,34,0.6792604501607717,0.3113207547169811,0.8291457286432161,0.6507177033492823,0.3492822966507177,0.1708542713567839,0.4526748971193416,0.7399317159962492,0.42604501607717044
0.39198267482183663,165,364,681,34,0.680064308681672,0.31190926275992437,0.8291457286432161,0.6516746411483254,0.34832535885167465,0.1708542713567839,0.45329670329670324,0.7404101848957707,0.4252411575562701
0.39284522524818594,165,363,682,34,0.6808681672025724,0.3125,0.8291457286432161,0.6526315789473685,0.3473684210526316,0.1708542713567839,0.45392022008253097,0.7408886537952923,0.42443729903536975
0.39566759760643877,165,362,683,34,0.6816720257234726,0.31309297912713474,0.8291457286432161,0.6535885167464115,0.3464114832535885,0.1708542713567839,0.4545454545454546,0.7413671226948138,0.42363344051446944
0.39737046233113055,165,361,684,34,0.682475884244373,0.31368821292775667,0.8291457286432161,0.6545454545454545,0.34545454545454546,0.1708542713567839,0.45517241379310347,0.7418455915943354,0.4228295819935691
0.39752687428061084,165,360,685,34,0.6832797427652733,0.3142857142857143,0.8291457286432161,0.6555023923444976,0.3444976076555024,0.1708542713567839,0.45580110497237564,0.7423240604938568,0.4220257234726688
0.3993391515915829,165,354,691,34,0.6881028938906752,0.3179190751445087,0.8291457286432161,0.661244019138756,0.33875598086124403,0.1708542713567839,0.4596100278551532,0.745194873890986,0.4172025723472669
0.4000931930449118,165,353,692,34,0.6889067524115756,0.3185328185328185,0.8291457286432161,0.662200956937799,0.33779904306220093,0.1708542713567839,0.4602510460251046,0.7456733427905076,0.41639871382636656
0.4002224504832785,164,353,692,35,0.6881028938906752,0.31721470019342357,0.8241206030150754,0.662200956937799,0.33779904306220093,0.17587939698492464,0.45810055865921784,0.7431607799764373,0.41559485530546625
0.40181518755373336,164,352,693,35,0.6889067524115756,0.3178294573643411,0.8241206030150754,0.6631578947368421,0.3368421052631579,0.17587939698492464,0.4587412587412587,0.7436392488759587,0.41479099678456594
0.4030321937135857,163,351,694,36,0.6889067524115756,0.31712062256809337,0.8190954773869347,0.6641148325358852,0.33588516746411484,0.18090452261306533,0.4572230014025246,0.74160515496141,0.41318327974276525
0.40357050405261863,162,351,694,37,0.6881028938906752,0.3157894736842105,0.8140703517587939,0.6641148325358852,0.33588516746411484,0.18592964824120603,0.45505617977528096,0.7390925921473396,0.41237942122186494
0.40368943099569987,162,350,695,37,0.6889067524115756,0.31640625,0.8140703517587939,0.6650717703349283,0.3349282296650718,0.18592964824120603,0.4556962025316456,0.7395710610468611,0.4115755627009646
0.4053691998918077,162,349,696,37,0.6897106109324759,0.31702544031311153,0.8140703517587939,0.6660287081339713,0.3339712918660287,0.18592964824120603,0.45633802816901403,0.7400495299463826,0.4107717041800643
0.4057261720893761,162,348,697,37,0.6905144694533762,0.3176470588235294,0.8140703517587939,0.6669856459330143,0.33301435406698565,0.18592964824120603,0.4569816643159379,0.7405279988459041,0.409967845659164
0.40578752414900776,162,347,698,37,0.6913183279742765,0.3182711198428291,0.8140703517587939,0.6679425837320574,0.3320574162679426,0.18592964824120603,0.45762711864406785,0.7410064677454257,0.4091639871382637
0.4059659348788687,162,344,701,37,0.6937299035369775,0.3201581027667984,0.8140703517587939,0.6708133971291866,0.3291866028708134,0.18592964824120603,0.4595744680851063,0.7424418744439902,0.4067524115755627
0.40637487433248864,161,344,701,38,0.6929260450160771,0.3188118811881188,0.8090452261306532,0.6708133971291866,0.3291866028708134,0.19095477386934673,0.45738636363636365,0.7399293116299199,0.4059485530546624
0.4070134039143048,161,343,702,38,0.6937299035369775,0.3194444444444444,0.8090452261306532,0.6717703349282297,0.3282296650717703,0.19095477386934673,0.4580369843527738,0.7404077805294415,0.40514469453376206
0.40866393221619873,161,342,703,38,0.6945337620578779,0.32007952286282304,0.8090452261306532,0.6727272727272727,0.32727272727272727,0.19095477386934673,0.45868945868945865,0.740886249428963,0.40434083601286175
0.4091249570258009,161,341,704,38,0.6953376205787781,0.3207171314741036,0.8090452261306532,0.6736842105263158,0.3263157894736842,0.19095477386934673,0.45934379457917257,0.7413647183284845,0.40353697749196143
0.40920893766927396,161,340,705,38,0.6961414790996785,0.3213572854291417,0.8090452261306532,0.6746411483253588,0.3253588516746411,0.19095477386934673,0.46,0.741843187228006,0.40273311897106107
0.41048607975080315,161,339,706,38,0.6969453376205788,0.322,0.8090452261306532,0.6755980861244019,0.3244019138755981,0.19095477386934673,0.4606580829756796,0.7423216561275275,0.40192926045016075
0.4111222202877617,161,338,707,38,0.6977491961414791,0.3226452905811623,0.8090452261306532,0.676555023923445,0.32344497607655504,0.19095477386934673,0.4613180515759313,0.7428001250270491,0.40112540192926044
0.4113993524223198,161,337,708,38,0.6985530546623794,0.3232931726907631,0.8090452261306532,0.6775119617224881,0.32248803827751193,0.19095477386934673,0.4619799139167863,0.7432785939265707,0.4003215434083601
0.41214018374389483,161,336,709,38,0.6993569131832797,0.323943661971831,0.8090452261306532,0.6784688995215311,0.3215311004784689,0.19095477386934673,0.46264367816091956,0.7437570628260921,0.3995176848874598
0.413177319168414,161,335,710,38,0.7001607717041801,0.3245967741935484,0.8090452261306532,0.6794258373205742,0.32057416267942584,0.19095477386934673,0.4633093525179856,0.7442355317256137,0.3987138263665595
0.41401155981322524,161,334,711,38,0.7009646302250804,0.32525252525252524,0.8090452261306532,0.6803827751196172,0.3196172248803828,0.19095477386934673,0.46397694524495675,0.7447140006251352,0.3979099678456592
0.415017505250153,160,334,711,39,0.7001607717041801,0.32388663967611336,0.8040201005025126,0.6803827751196172,0.3196172248803828,0.19597989949748743,0.46176046176046176,0.7422014378110648,0.3971061093247588
0.4152417245874891,159,334,711,40,0.6993569131832797,0.3225152129817444,0.7989949748743719,0.6803827751196172,0.3196172248803828,0.20100502512562815,0.4595375722543353,0.7396888749969945,0.3963022508038585
0.4165482026204678,159,333,712,40,0.7001607717041801,0.3231707317073171,0.7989949748743719,0.6813397129186602,0.3186602870813397,0.20100502512562815,0.46020260492040516,0.7401673438965161,0.3954983922829582
0.4183451766870962,159,332,713,40,0.7009646302250804,0.32382892057026474,0.7989949748743719,0.6822966507177034,0.31770334928229665,0.20100502512562815,0.46086956521739136,0.7406458127960376,0.3946945337620579
0.4188151560168255,159,331,714,40,0.7017684887459807,0.32448979591836735,0.7989949748743719,0.6832535885167464,0.3167464114832536,0.20100502512562815,0.46153846153846145,0.7411242816955592,0.39389067524115756
0.41912074638680685,159,330,715,40,0.702572347266881,0.32515337423312884,0.7989949748743719,0.6842105263157895,0.3157894736842105,0.20100502512562815,0.46220930232558144,0.7416027505950806,0.39308681672025725
0.4206557316879784,158,330,715,41,0.7017684887459807,0.3237704918032787,0.7939698492462312,0.6842105263157895,0.3157894736842105,0.20603015075376885,0.4599708879184862,0.7390901877810103,0.39228295819935693
0.42141767300964306,158,329,716,41,0.702572347266881,0.324435318275154,0.7939698492462312,0.6851674641148325,0.31483253588516746,0.20603015075376885,0.4606413994169096,0.7395686566805318,0.39147909967845657
0.4217716614879673,157,329,716,42,0.7017684887459807,0.3230452674897119,0.7889447236180904,0.6851674641148325,0.31483253588516746,0.21105527638190955,0.4583941605839416,0.7370560938664614,0.39067524115755625
0.4219964886024709,157,328,717,42,0.702572347266881,0.3237113402061856,0.7889447236180904,0.6861244019138756,0.3138755980861244,0.21105527638190955,0.4590643274853801,0.7375345627659831,0.38987138263665594
0.4222317625513868,157,327,718,42,0.7033762057877814,0.3243801652892562,0.7889447236180904,0.6870813397129186,0.3129186602870813,0.21105527638190955,0.459736456808199,0.7380130316655045,0.3890675241157556
0.42259920487260494,157,326,719,42,0.7041800643086816,0.3250517598343685,0.7889447236180904,0.6880382775119617,0.3119617224880383,0.21105527638190955,0.46041055718475066,0.7384915005650261,0.3882636655948553
0.4226001246385978,157,325,720,42,0.704983922829582,0.3257261410788382,0.7889447236180904,0.6889952153110048,0.31100478468899523,0.21105527638190955,0.461086637298091,0.7389699694645476,0.387459807073955
0.4235607776376496,157,324,721,42,0.7057877813504824,0.3264033264033264,0.7889447236180904,0.6899521531100479,0.31004784688995213,0.21105527638190955,0.46176470588235297,0.7394484383640691,0.3866559485530547
0.425061846909881,157,323,722,42,0.7065916398713826,0.32708333333333334,0.7889447236180904,0.6909090909090909,0.3090909090909091,0.21105527638190955,0.4624447717231222,0.7399269072635907,0.3858520900321543
0.42556354459997336,157,322,723,42,0.707395498392283,0.3277661795407098,0.7889447236180904,0.691866028708134,0.30813397129186604,0.21105527638190955,0.46312684365781703,0.7404053761631122,0.385048231511254
0.42595263579056925,157,321,724,42,0.7081993569131833,0.3284518828451883,0.7889447236180904,0.692822966507177,0.307177033492823,0.21105527638190955,0.46381093057607087,0.7408838450626337,0.3842443729903537
0.4266517117836366,157,320,725,42,0.7090032154340836,0.32914046121593293,0.7889447236180904,0.69377990430622,0.3062200956937799,0.21105527638190955,0.46449704142011833,0.7413623139621552,0.3834405144694534
0.4270163076025895,157,319,726,42,0.7098070739549839,0.32983193277310924,0.7889447236180904,0.6947368421052632,0.30526315789473685,0.21105527638190955,0.4651851851851852,0.7418407828616769,0.38263665594855306
0.4288836702711099,157,318,727,42,0.7106109324758842,0.33052631578947367,0.7889447236180904,0.6956937799043063,0.3043062200956938,0.21105527638190955,0.46587537091988124,0.7423192517611983,0.38183279742765275
0.4299460543730154,157,317,728,42,0.7114147909967846,0.33122362869198313,0.7889447236180904,0.6966507177033493,0.3033492822966507,0.21105527638190955,0.4665676077265973,0.7427977206607199,0.38102893890675243
0.4311870061680648,157,316,729,42,0.7122186495176849,0.33192389006342493,0.7889447236180904,0.6976076555023923,0.30239234449760766,0.21105527638190955,0.46726190476190477,0.7432761895602413,0.38022508038585207
0.43156638372349776,156,316,729,43,0.7114147909967846,0.3305084745762712,0.7839195979899497,0.6976076555023923,0.30239234449760766,0.21608040201005024,0.4649776453055142,0.740763626746171,0.37942122186495175
0.4320216967082381,156,315,730,43,0.7122186495176849,0.33121019108280253,0.7839195979899497,0.6985645933014354,0.3014354066985646,0.21608040201005024,0.46567164179104475,0.7412420956456925,0.37861736334405144
0.43359902482715557,156,314,731,43,0.7130225080385852,0.33191489361702126,0.7839195979899497,0.6995215311004784,0.3004784688995215,0.21608040201005024,0.46636771300448426,0.7417205645452141,0.3778135048231511
0.43364537494532746,156,313,732,43,0.7138263665594855,0.3326226012793177,0.7839195979899497,0.7004784688995215,0.29952153110047847,0.21608040201005024,0.467065868263473,0.7421990334447356,0.3770096463022508
0.4339845159903166,156,312,733,43,0.7146302250803859,0.3333333333333333,0.7839195979899497,0.7014354066985646,0.2985645933014354,0.21608040201005024,0.4677661169415292,0.7426775023442571,0.3762057877813505
0.43557749740097496,156,311,734,43,0.7154340836012861,0.3340471092077088,0.7839195979899497,0.7023923444976077,0.2976076555023923,0.21608040201005024,0.46846846846846846,0.7431559712437787,0.3754019292604502
0.43582170189867614,155,311,734,44,0.7146302250803859,0.33261802575107297,0.7788944723618091,0.7023923444976077,0.2976076555023923,0.22110552763819097,0.46616541353383456,0.7406434084297084,0.3745980707395498
0.4370996303786697,155,310,735,44,0.7154340836012861,0.3333333333333333,0.7788944723618091,0.7033492822966507,0.2966507177033493,0.22110552763819097,0.466867469879518,0.7411218773292299,0.3737942122186495
0.43789784181230984,155,309,736,44,0.7162379421221865,0.33405172413793105,0.7788944723618091,0.7043062200956938,0.29569377990430623,0.22110552763819097,0.4675716440422324,0.7416003462287515,0.3729903536977492
0.4379961309809086,155,308,737,44,0.7170418006430869,0.3347732181425486,0.7788944723618091,0.7052631578947368,0.29473684210526313,0.22110552763819097,0.46827794561933545,0.7420788151282729,0.3721864951768489
0.4381120818780277,155,306,739,44,0.7186495176848875,0.3362255965292842,0.7788944723618091,0.707177033492823,0.29282296650717704,0.22110552763819097,0.46969696969696967,0.743035752927316,0.37057877813504825
0.43854682659993244,155,305,740,44,0.7194533762057878,0.33695652173913043,0.7788944723618091,0.7081339712918661,0.291866028708134,0.22110552763819097,0.47040971168437024,0.7435142218268376,0.36977491961414793
0.43891063821849163,155,304,741,44,0.7202572347266881,0.33769063180827885,0.7788944723618091,0.7090909090909091,0.2909090909090909,0.22110552763819097,0.4711246200607903,0.7439926907263591,0.36897106109324757
0.4391978907142344,155,303,742,44,0.7210610932475884,0.3384279475982533,0.7788944723618091,0.7100478468899522,0.28995215311004785,0.22110552763819097,0.4718417047184171,0.7444711596258806,0.36816720257234725
0.4403165700690508,155,296,749,44,0.7266881028938906,0.3436807095343681,0.7788944723618091,0.7167464114832536,0.2832535885167464,0.22110552763819097,0.47692307692307695,0.7478204419225314,0.362540192926045
0.44044623370345215,155,295,750,44,0.727491961414791,0.34444444444444444,0.7788944723618091,0.7177033492822966,0.2822966507177033,0.22110552763819097,0.47765793528505396,0.7482989108220528,0.3617363344051447
0.4410349330741632,154,295,750,45,0.7266881028938906,0.3429844097995546,0.7738693467336684,0.7177033492822966,0.2822966507177033,0.22613065326633167,0.4753086419753086,0.7457863480079825,0.3609324758842444
0.4426477274041329,154,294,751,45,0.727491961414791,0.34375,0.7738693467336684,0.7186602870813397,0.2813397129186603,0.22613065326633167,0.47604327666151464,0.746264816907504,0.36012861736334406
0.4442117852804864,154,293,752,45,0.7282958199356914,0.34451901565995524,0.7738693467336684,0.7196172248803828,0.28038277511961723,0.22613065326633167,0.47678018575851394,0.7467432858070255,0.35932475884244375
0.4444823057227759,153,293,752,46,0.727491961414791,0.3430493273542601,0.7688442211055276,0.7196172248803828,0.28038277511961723,0.23115577889447236,0.47441860465116287,0.7442307229929552,0.35852090032154343
0.4477921828937769,152,293,752,47,0.7266881028938906,0.3415730337078652,0.7638190954773869,0.7196172248803828,0.28038277511961723,0.23618090452261306,0.47204968944099385,0.7417181601788849,0.35771704180064307
0.4482933980889878,152,292,753,47,0.727491961414791,0.34234234234234234,0.7638190954773869,0.7205741626794259,0.2794258373205742,0.23618090452261306,0.47278382581648526,0.7421966290784063,0.35691318327974275
0.4496844587138234,152,291,754,47,0.7282958199356914,0.3431151241534989,0.7638190954773869,0.7215311004784689,0.2784688995215311,0.23618090452261306,0.4735202492211838,0.742675097977928,0.35610932475884244
0.45008918842142176,152,290,755,47,0.7290996784565916,0.3438914027149321,0.7638190954773869,0.722488038277512,0.27751196172248804,0.23618090452261306,0.4742589703588144,0.7431535668774494,0.3553054662379421
0.4503930935783288,152,289,756,47,0.729903536977492,0.34467120181405897,0.7638190954773869,0.723444976076555,0.276555023923445,0.23618090452261306,0.47500000000000003,0.743632035776971,0.3545016077170418
0.4507469787932336,152,288,757,47,0.7307073954983923,0.34545454545454546,0.7638190954773869,0.724401913875598,0.2755980861244019,0.23618090452261306,0.47574334898278564,0.7441105046764924,0.3536977491961415
0.4515271260582525,152,287,758,47,0.7315112540192926,0.3462414578587699,0.7638190954773869,0.7253588516746412,0.27464114832535885,0.23618090452261306,0.47648902821316613,0.7445889735760141,0.3528938906752412
0.45194190745240215,152,286,759,47,0.7323151125401929,0.3470319634703196,0.7638190954773869,0.7263157894736842,0.2736842105263158,0.23618090452261306,0.47723704866562006,0.7450674424755356,0.3520900321543408
0.4522926468548613,152,282,763,47,0.7355305466237942,0.35023041474654376,0.7638190954773869,0.7301435406698564,0.2698564593301435,0.23618090452261306,0.4802527646129542,0.7469813180736217,0.34887459807073956
0.4526577698044626,152,281,764,47,0.7363344051446945,0.3510392609699769,0.7638190954773869,0.7311004784688995,0.26889952153110047,0.23618090452261306,0.48101265822784806,0.7474597869731432,0.34807073954983925
0.45282118866684934,152,280,765,47,0.7371382636655949,0.35185185185185186,0.7638190954773869,0.7320574162679426,0.2679425837320574,0.23618090452261306,0.48177496038034867,0.7479382558726648,0.34726688102893893
0.45383875634060006,151,280,765,48,0.7363344051446945,0.3503480278422274,0.7587939698492462,0.7320574162679426,0.2679425837320574,0.24120603015075376,0.4793650793650794,0.7454256930585944,0.34646302250803857
0.4538940722247294,151,279,766,48,0.7371382636655949,0.3511627906976744,0.7587939698492462,0.7330143540669857,0.2669856459330144,0.24120603015075376,0.48012718600953896,0.7459041619581159,0.34565916398713825
0.4553883868794741,151,278,767,48,0.7379421221864951,0.351981351981352,0.7587939698492462,0.7339712918660287,0.2660287081339713,0.24120603015075376,0.4808917197452229,0.7463826308576375,0.34485530546623794
0.4565776380918417,151,277,768,48,0.7387459807073955,0.352803738317757,0.7587939698492462,0.7349282296650718,0.26507177033492824,0.24120603015075376,0.481658692185008,0.746861099757159,0.3440514469453376
0.45694566464339825,150,277,768,49,0.7379421221864951,0.351288056206089,0.7537688442211056,0.7349282296650718,0.26507177033492824,0.24623115577889448,0.4792332268370607,0.7443485369430887,0.3432475884244373
0.4583396308350245,149,277,768,50,0.7371382636655949,0.34976525821596244,0.7487437185929648,0.7349282296650718,0.26507177033492824,0.25125628140703515,0.4768,0.7418359741290184,0.342443729903537
0.4584805899651758,149,276,769,50,0.7379421221864951,0.35058823529411764,0.7487437185929648,0.7358851674641148,0.2641148325358852,0.25125628140703515,0.47756410256410253,0.7423144430285398,0.34163987138263663
0.45928752699528025,149,275,770,50,0.7387459807073955,0.35141509433962265,0.7487437185929648,0.7368421052631579,0.2631578947368421,0.25125628140703515,0.478330658105939,0.7427929119280614,0.3408360128617363
0.45944454339999463,149,274,771,50,0.7395498392282959,0.35224586288416077,0.7487437185929648,0.737799043062201,0.26220095693779905,0.25125628140703515,0.4790996784565916,0.7432713808275829,0.340032154340836
0.4597350516838311,149,272,773,50,0.7411575562700965,0.35391923990498814,0.7487437185929648,0.7397129186602871,0.2602870813397129,0.25125628140703515,0.4806451612903226,0.744228318626626,0.3384244372990354
0.46002950588983194,149,271,774,50,0.7419614147909968,0.3547619047619048,0.7487437185929648,0.7406698564593301,0.25933014354066986,0.25125628140703515,0.48142164781906305,0.7447067875261475,0.33762057877813506
0.46109617852646395,149,270,775,50,0.7427652733118971,0.3556085918854415,0.7487437185929648,0.7416267942583732,0.2583732057416268,0.25125628140703515,0.482200647249191,0.745185256425669,0.33681672025723475
0.46219410673221045,149,269,776,50,0.7435691318327974,0.35645933014354064,0.7487437185929648,0.7425837320574162,0.2574162679425837,0.25125628140703515,0.4829821717990276,0.7456637253251905,0.3360128617363344
0.4622664540687669,149,268,777,50,0.7443729903536977,0.35731414868105515,0.7487437185929648,0.7435406698564593,0.25645933014354066,0.25125628140703515,0.48376623376623373,0.7461421942247121,0.33520900321543406
0.46337386710857464,148,268,777,51,0.7435691318327974,0.3557692307692308,0.7437185929648241,0.7435406698564593,0.25645933014354066,0.2562814070351759,0.4813008130081301,0.7436296314106416,0.33440514469453375
0.4652139685854825,148,267,778,51,0.7443729903536977,0.3566265060240964,0.7437185929648241,0.7444976076555024,0.2555023923444976,0.2562814070351759,0.4820846905537459,0.7441081003101633,0.33360128617363344
0.46605494915611706,147,267,778,52,0.7435691318327974,0.35507246376811596,0.7386934673366834,0.7444976076555024,0.2555023923444976,0.2613065326633166,0.4796084828711256,0.741595537496093,0.3327974276527331
0.46852618632580234,147,266,779,52,0.7443729903536977,0.3559322033898305,0.7386934673366834,0.7454545454545455,0.2545454545454545,0.2613065326633166,0.48039215686274517,0.7420740063956144,0.3319935691318328
0.4692620808040806,147,265,780,52,0.7451768488745981,0.3567961165048544,0.7386934673366834,0.7464114832535885,0.2535885167464115,0.2613065326633166,0.4811783960720131,0.742552475295136,0.3311897106109325
0.46934377881498074,147,264,781,52,0.7459807073954984,0.35766423357664234,0.7386934673366834,0.7473684210526316,0.25263157894736843,0.2613065326633166,0.48196721311475405,0.7430309441946574,0.33038585209003213
0.4722812933048766,147,263,782,52,0.7467845659163987,0.35853658536585364,0.7386934673366834,0.7483253588516746,0.2516746411483254,0.2613065326633166,0.48275862068965514,0.7435094130941791,0.3295819935691318
0.47234314647629577,147,260,785,52,0.7491961414790996,0.36117936117936117,0.7386934673366834,0.7511961722488039,0.24880382775119617,0.2613065326633166,0.48514851485148514,0.7449448197927436,0.3271704180064309
0.47385930570079643,147,259,786,52,0.75,0.3620689655172414,0.7386934673366834,0.7521531100478469,0.24784688995215312,0.2613065326633166,0.48595041322314053,0.7454232886922652,0.32636655948553056
0.47481525308103273,147,258,787,52,0.7508038585209004,0.362962962962963,0.7386934673366834,0.75311004784689,0.24688995215311005,0.2613065326633166,0.4867549668874173,0.7459017575917867,0.32556270096463025
0.4758215230901687,147,257,788,52,0.7516077170418006,0.36386138613861385,0.7386934673366834,0.754066985645933,0.24593301435406698,0.2613065326633166,0.48756218905472637,0.7463802264913082,0.3247588424437299
0.4772561493451441,147,256,789,52,0.752411575562701,0.36476426799007444,0.7386934673366834,0.755023923444976,0.24497607655502393,0.2613065326633166,0.48837209302325585,0.7468586953908297,0.32395498392282956
0.4772884025756714,147,255,790,52,0.7532154340836013,0.3656716417910448,0.7386934673366834,0.7559808612440191,0.24401913875598086,0.2613065326633166,0.4891846921797005,0.7473371642903512,0.32315112540192925
0.47774301964246213,147,254,791,52,0.7540192926045016,0.36658354114713215,0.7386934673366834,0.7569377990430622,0.2430622009569378,0.2613065326633166,0.49,0.7478156331898729,0.32234726688102894
0.47792199912545,146,250,795,53,0.7564308681672026,0.3686868686868687,0.7336683417085427,0.7607655502392344,0.23923444976076555,0.2663316582914573,0.49075630252100844,0.7472169459738885,0.3183279742765273
0.4779920426851196,146,249,796,53,0.7572347266881029,0.369620253164557,0.7336683417085427,0.7617224880382775,0.23827751196172248,0.2663316582914573,0.4915824915824915,0.7476954148734101,0.317524115755627
0.4780638583825596,146,248,797,53,0.7580385852090032,0.37055837563451777,0.7336683417085427,0.7626794258373206,0.23732057416267943,0.2663316582914573,0.4924114671163575,0.7481738837729317,0.3167202572347267
0.478533261924754,146,247,798,53,0.7588424437299035,0.37150127226463103,0.7336683417085427,0.7636363636363637,0.23636363636363636,0.2663316582914573,0.4932432432432432,0.7486523526724531,0.3159163987138264
0.4793976756186622,146,246,799,53,0.7596463022508039,0.37244897959183676,0.7336683417085427,0.7645933014354067,0.23540669856459331,0.2663316582914573,0.494077834179357,0.7491308215719747,0.31511254019292606
0.47944111225056435,146,242,803,53,0.7628617363344051,0.37628865979381443,0.7336683417085427,0.7684210526315789,0.23157894736842105,0.2663316582914573,0.4974446337308348,0.7510446971700608,0.31189710610932475
0.4796269070214886,146,241,804,53,0.7636655948553055,0.3772609819121447,0.7336683417085427,0.769377990430622,0.23062200956937798,0.2663316582914573,0.49829351535836175,0.7515231660695824,0.31109324758842444
0.4801318969630021,145,241,804,54,0.7628617363344051,0.3756476683937824,0.7286432160804021,0.769377990430622,0.23062200956937798,0.271356783919598,0.4957264957264958,0.749010603255512,0.3102893890675241
0.4808399138373922,145,240,805,54,0.7636655948553055,0.37662337662337664,0.7286432160804021,0.7703349282296651,0.22966507177033493,0.271356783919598,0.49657534246575336,0.7494890721550336,0.3094855305466238
0.481216741033036,145,239,806,54,0.7644694533762058,0.3776041666666667,0.7286432160804021,0.7712918660287081,0.22870813397129186,0.271356783919598,0.4974271012006861,0.7499675410545551,0.3086816720257235
0.48122239133574735,145,238,807,54,0.7652733118971061,0.3785900783289817,0.7286432160804021,0.7722488038277512,0.22775119617224882,0.271356783919598,0.4982817869415807,0.7504460099540766,0.30787781350482313
0.4812291169374507,145,237,808,54,0.7660771704180064,0.3795811518324607,0.7286432160804021,0.7732057416267942,0.22679425837320574,0.271356783919598,0.4991394148020654,0.7509244788535981,0.3070739549839228
0.4816188127289874,145,236,809,54,0.7668810289389068,0.3805774278215223,0.7286432160804021,0.7741626794258373,0.22583732057416267,0.271356783919598,0.5,0.7514029477531197,0.3062700964630225
0.48203663866134255,145,235,810,54,0.7676848874598071,0.3815789473684211,0.7286432160804021,0.7751196172248804,0.22488038277511962,0.271356783919598,0.5008635578583766,0.7518814166526413,0.3054662379421222
0.48449007695474755,145,234,811,54,0.7684887459807074,0.38258575197889183,0.7286432160804021,0.7760765550239235,0.22392344497607655,0.271356783919598,0.5017301038062284,0.7523598855521627,0.3046623794212219
0.484786159308073,144,234,811,55,0.7676848874598071,0.38095238095238093,0.7236180904522613,0.7760765550239235,0.22392344497607655,0.27638190954773867,0.49913344887348354,0.7498473227380924,0.30385852090032156
0.48622158353525174,143,233,812,56,0.7676848874598071,0.3803191489361702,0.7185929648241206,0.7770334928229665,0.22296650717703348,0.2814070351758794,0.4973913043478261,0.7478132288235435,0.3022508038585209
0.48944261104547154,143,232,813,56,0.7684887459807074,0.38133333333333336,0.7185929648241206,0.7779904306220096,0.22200956937799043,0.2814070351758794,0.4982578397212543,0.7482916977230651,0.30144694533762056
0.4895754955186832,143,231,814,56,0.7692926045016077,0.38235294117647056,0.7185929648241206,0.7789473684210526,0.22105263157894736,0.2814070351758794,0.4991273996509598,0.7487701666225866,0.30064308681672025
0.4920131285504119,143,230,815,56,0.770096463022508,0.38337801608579086,0.7185929648241206,0.7799043062200957,0.22009569377990432,0.2814070351758794,0.5,0.7492486355221082,0.29983922829581994
0.4924158904538502,143,229,816,56,0.7709003215434084,0.3844086021505376,0.7185929648241206,0.7808612440191387,0.21913875598086124,0.2814070351758794,0.500875656742557,0.7497271044216296,0.2990353697749196
0.4928114428150073,142,229,816,57,0.770096463022508,0.38274932614555257,0.7135678391959799,0.7808612440191387,0.21913875598086124,0.2864321608040201,0.4982456140350877,0.7472145416075593,0.2982315112540193
0.49297471728311193,141,229,816,58,0.7692926045016077,0.3810810810810811,0.7085427135678392,0.7808612440191387,0.21913875598086124,0.2914572864321608,0.49560632688927936,0.744701978793489,0.297427652733119
0.49402478733751576,141,227,818,58,0.7709003215434084,0.38315217391304346,0.7085427135678392,0.7827751196172249,0.21722488038277513,0.2914572864321608,0.4973544973544974,0.745658916592532,0.2958199356913183
0.4968518853615934,141,226,819,58,0.7717041800643086,0.38419618528610355,0.7085427135678392,0.783732057416268,0.21626794258373205,0.2914572864321608,0.4982332155477032,0.7461373854920536,0.295016077170418
0.49699694759725366,141,225,820,58,0.772508038585209,0.38524590163934425,0.7085427135678392,0.784688995215311,0.215311004784689,0.2914572864321608,0.4991150442477876,0.7466158543915751,0.2942122186495177
0.49705276941320614,141,224,821,58,0.7733118971061094,0.3863013698630137,0.7085427135678392,0.785645933014354,0.21435406698564594,0.2914572864321608,0.5,0.7470943232910966,0.2934083601286174
0.49707919030010295,141,223,822,58,0.7741157556270096,0.3873626373626374,0.7085427135678392,0.7866028708133971,0.21339712918660286,0.2914572864321608,0.5008880994671403,0.7475727921906181,0.29260450160771706
0.49891499716925586,141,222,823,58,0.77491961414791,0.3884297520661157,0.7085427135678392,0.7875598086124402,0.21244019138755982,0.2914572864321608,0.501779359430605,0.7480512610901398,0.29180064308681675
0.5001366762243247,141,218,827,58,0.7781350482315113,0.39275766016713093,0.7085427135678392,0.7913875598086124,0.20861244019138755,0.2914572864321608,0.5053763440860215,0.7499651366882258,0.28858520900321544
0.5002734133251514,141,217,828,58,0.7789389067524116,0.39385474860335196,0.7085427135678392,0.7923444976076555,0.2076555023923445,0.2914572864321608,0.5062836624775583,0.7504436055877473,0.2877813504823151
0.5010355541280086,140,217,828,59,0.7781350482315113,0.39215686274509803,0.7035175879396985,0.7923444976076555,0.2076555023923445,0.2964824120603015,0.5035971223021583,0.747931042773677,0.2869774919614148
0.501059737029612,140,216,829,59,0.7789389067524116,0.39325842696629215,0.7035175879396985,0.7933014354066986,0.20669856459330144,0.2964824120603015,0.5045045045045045,0.7484095116731986,0.2861736334405145
0.5011478289381744,139,216,829,60,0.7781350482315113,0.39154929577464787,0.6984924623115578,0.7933014354066986,0.20669856459330144,0.3015075376884422,0.5018050541516246,0.7458969488591283,0.2853697749196141
0.5027329032456306,138,216,829,61,0.7773311897106109,0.3898305084745763,0.6934673366834171,0.7933014354066986,0.20669856459330144,0.3065326633165829,0.4990958408679928,0.7433843860450579,0.2845659163987138
0.5030546269611311,138,215,830,61,0.7781350482315113,0.3909348441926346,0.6934673366834171,0.7942583732057417,0.20574162679425836,0.3065326633165829,0.5,0.7438628549445794,0.2837620578778135
0.5041463126170713,138,214,831,61,0.7789389067524116,0.39204545454545453,0.6934673366834171,0.7952153110047847,0.20478468899521532,0.3065326633165829,0.500907441016334,0.7443413238441009,0.2829581993569132
0.5042668389957424,138,213,832,61,0.7797427652733119,0.39316239316239315,0.6934673366834171,0.7961722488038278,0.20382775119617225,0.3065326633165829,0.5018181818181818,0.7448197927436224,0.2821543408360129
0.5048517456619062,138,212,833,61,0.7805466237942122,0.3942857142857143,0.6934673366834171,0.7971291866028708,0.20287081339712917,0.3065326633165829,0.5027322404371585,0.7452982616431439,0.28135048231511256
0.5052719318541478,138,210,835,61,0.7821543408360129,0.39655172413793105,0.6934673366834171,0.7990430622009569,0.20095693779904306,0.3065326633165829,0.5045703839122486,0.746255199442187,0.2797427652733119
0.5053340319355093,138,209,836,61,0.7829581993569131,0.3976945244956772,0.6934673366834171,0.8,0.2,0.3065326633165829,0.5054945054945055,0.7467336683417085,0.27893890675241156
0.5054110608100839,137,209,836,62,0.7821543408360129,0.3959537572254335,0.6884422110552764,0.8,0.2,0.31155778894472363,0.5027522935779817,0.7442211055276382,0.27813504823151125
0.5056227909859028,136,209,836,63,0.7813504823151125,0.39420289855072466,0.6834170854271356,0.8,0.2,0.3165829145728643,0.5,0.7417085427135679,0.27733118971061094
0.5069846189961419,136,208,837,63,0.7821543408360129,0.3953488372093023,0.6834170854271356,0.8009569377990431,0.19904306220095694,0.3165829145728643,0.5009208103130756,0.7421870116130893,0.2765273311897106
0.51201095528415,136,207,838,63,0.7829581993569131,0.3965014577259475,0.6834170854271356,0.8019138755980861,0.19808612440191387,0.3165829145728643,0.5018450184501846,0.7426654805126109,0.2757234726688103
0.5121225406711862,136,206,839,63,0.7837620578778135,0.39766081871345027,0.6834170854271356,0.8028708133971292,0.19712918660287082,0.3165829145728643,0.5027726432532347,0.7431439494121324,0.27491961414790994
0.5121669011777136,136,205,840,63,0.7845659163987139,0.39882697947214074,0.6834170854271356,0.8038277511961722,0.19617224880382775,0.3165829145728643,0.5037037037037037,0.743622418311654,0.2741157556270096
0.5123684406089665,136,204,841,63,0.7853697749196141,0.4,0.6834170854271356,0.8047846889952153,0.19521531100478468,0.3165829145728643,0.5046382189239332,0.7441008872111754,0.2733118971061093
0.5124571575705775,135,204,841,64,0.7845659163987139,0.39823008849557523,0.678391959798995,0.8047846889952153,0.19521531100478468,0.32160804020100503,0.5018587360594796,0.7415883243971051,0.272508038585209
0.5132164880023492,135,201,844,64,0.7869774919614148,0.4017857142857143,0.678391959798995,0.8076555023923445,0.1923444976076555,0.32160804020100503,0.5046728971962617,0.7430237310956698,0.27009646302250806
0.5163232600913912,134,201,844,65,0.7861736334405145,0.4,0.6733668341708543,0.8076555023923445,0.1923444976076555,0.32663316582914576,0.50187265917603,0.7405111682815995,0.2692926045016077
0.5165321877941766,134,200,845,65,0.7869774919614148,0.40119760479041916,0.6733668341708543,0.8086124401913876,0.19138755980861244,0.32663316582914576,0.50281425891182,0.7409896371811209,0.2684887459807074
0.5173587554580041,134,197,848,65,0.7893890675241158,0.40483383685800606,0.6733668341708543,0.8114832535885167,0.18851674641148325,0.32663316582914576,0.5056603773584906,0.7424250438796856,0.26607717041800644
0.5173914082649529,133,197,848,66,0.7885852090032154,0.403030303030303,0.6683417085427136,0.8114832535885167,0.18851674641148325,0.3316582914572864,0.502835538752363,0.7399124810656151,0.2652733118971061
0.5187238926487536,133,196,849,66,0.7893890675241158,0.40425531914893614,0.6683417085427136,0.8124401913875599,0.1875598086124402,0.3316582914572864,0.5037878787878789,0.7403909499651367,0.2644694533762058
0.5204660849303867,132,188,857,67,0.795016077170418,0.4125,0.6633165829145728,0.8200956937799043,0.1799043062200957,0.33668341708542715,0.5086705202312138,0.7417061383472385,0.2572347266881029
0.5205157754671397,132,187,858,67,0.7958199356913184,0.41379310344827586,0.6633165829145728,0.8210526315789474,0.17894736842105263,0.33668341708542715,0.5096525096525096,0.7421846072467602,0.25643086816720256
0.5205705991747116,131,187,858,68,0.795016077170418,0.4119496855345912,0.6582914572864321,0.8210526315789474,0.17894736842105263,0.3417085427135678,0.5067698259187621,0.7396720444326897,0.25562700964630225
0.5221469920940325,131,186,859,68,0.7958199356913184,0.41324921135646686,0.6582914572864321,0.8220095693779904,0.17799043062200956,0.3417085427135678,0.507751937984496,0.7401505133322113,0.25482315112540194
0.526494679406904,130,186,859,69,0.795016077170418,0.41139240506329117,0.6532663316582915,0.8220095693779904,0.17799043062200956,0.34673366834170855,0.5048543689320388,0.737637950518141,0.2540192926045016
0.527337516647158,130,185,860,69,0.7958199356913184,0.4126984126984127,0.6532663316582915,0.8229665071770335,0.17703349282296652,0.34673366834170855,0.5058365758754864,0.7381164194176625,0.2532154340836013
0.5281884097219862,130,184,861,69,0.7966237942122186,0.4140127388535032,0.6532663316582915,0.8239234449760765,0.17607655502392344,0.34673366834170855,0.5068226120857701,0.738594888317184,0.25241157556270094
0.528318686401703,130,183,862,69,0.797427652733119,0.41533546325878595,0.6532663316582915,0.8248803827751197,0.17511961722488037,0.34673366834170855,0.5078125000000001,0.7390733572167056,0.2516077170418006
0.5290418160861019,130,182,863,69,0.7982315112540193,0.4166666666666667,0.6532663316582915,0.8258373205741627,0.17416267942583732,0.34673366834170855,0.5088062622309198,0.739551826116227,0.2508038585209003
0.5296520241948053,130,181,864,69,0.7990353697749196,0.4180064308681672,0.6532663316582915,0.8267942583732057,0.17320574162679425,0.34673366834170855,0.5098039215686275,0.7400302950157487,0.25
0.5307899180859779,130,180,865,69,0.7998392282958199,0.41935483870967744,0.6532663316582915,0.8277511961722488,0.1722488038277512,0.34673366834170855,0.5108055009823183,0.7405087639152701,0.2491961414790997
0.5325238229507465,130,179,866,69,0.8006430868167203,0.42071197411003236,0.6532663316582915,0.8287081339712918,0.17129186602870813,0.34673366834170855,0.5118110236220473,0.7409872328147917,0.24839228295819935
0.5325563558834312,129,179,866,70,0.7998392282958199,0.41883116883116883,0.6482412060301508,0.8287081339712918,0.17129186602870813,0.35175879396984927,0.5088757396449705,0.7384746700007213,0.24758842443729903
0.5363050766014197,129,178,867,70,0.8006430868167203,0.4201954397394137,0.6482412060301508,0.8296650717703349,0.17033492822966506,0.35175879396984927,0.5098814229249012,0.7389531389002428,0.24678456591639872
0.5365828027763895,129,177,868,70,0.8014469453376206,0.4215686274509804,0.6482412060301508,0.830622009569378,0.16937799043062202,0.35175879396984927,0.5108910891089109,0.7394316077997645,0.2459807073954984
0.5391123359578109,129,176,869,70,0.8022508038585209,0.42295081967213116,0.6482412060301508,0.8315789473684211,0.16842105263157894,0.35175879396984927,0.5119047619047619,0.7399100766992859,0.24517684887459806
0.5400688205405262,122,167,878,77,0.8038585209003215,0.42214532871972316,0.6130653266331658,0.8401913875598086,0.1598086124401914,0.3869346733668342,0.5,0.7266283570964872,0.23231511254019294
0.5412694103275602,121,167,878,78,0.8030546623794212,0.4201388888888889,0.6080402010050251,0.8401913875598086,0.1598086124401914,0.39195979899497485,0.4969199178644763,0.7241157942824168,0.2315112540192926
0.5430752195155147,121,166,879,78,0.8038585209003215,0.42160278745644597,0.6080402010050251,0.8411483253588516,0.15885167464114833,0.39195979899497485,0.49794238683127573,0.7245942631819384,0.23070739549839228
0.5455492850395995,121,165,880,78,0.8046623794212219,0.4230769230769231,0.6080402010050251,0.8421052631578947,0.15789473684210525,0.39195979899497485,0.4989690721649485,0.7250727320814598,0.22990353697749197
0.5464308401109578,120,165,880,79,0.8038585209003215,0.42105263157894735,0.6030150753768844,0.8421052631578947,0.15789473684210525,0.3969849246231156,0.4958677685950412,0.7225601692673895,0.22909967845659163
0.5497914300748202,120,164,881,79,0.8046623794212219,0.4225352112676056,0.6030150753768844,0.8430622009569378,0.1569377990430622,0.3969849246231156,0.49689440993788825,0.7230386381669112,0.2282958199356913
0.5517213232310235,120,163,882,79,0.8054662379421221,0.42402826855123676,0.6030150753768844,0.8440191387559809,0.15598086124401914,0.3969849246231156,0.49792531120331956,0.7235171070664326,0.227491961414791
0.5518680282584331,120,162,883,79,0.8062700964630225,0.425531914893617,0.6030150753768844,0.8449760765550239,0.15502392344497606,0.3969849246231156,0.49896049896049893,0.7239955759659542,0.2266881028938907
0.5531380204090879,120,161,884,79,0.8070739549839229,0.42704626334519574,0.6030150753768844,0.845933014354067,0.15406698564593302,0.3969849246231156,0.5,0.7244740448654756,0.22588424437299034
0.5543394185934819,120,160,885,79,0.8078778135048231,0.42857142857142855,0.6030150753768844,0.84688995215311,0.15311004784688995,0.3969849246231156,0.5010438413361168,0.7249525137649973,0.22508038585209003
0.555390693965369,120,159,886,79,0.8086816720257235,0.43010752688172044,0.6030150753768844,0.8478468899521531,0.1521531100478469,0.3969849246231156,0.502092050209205,0.7254309826645187,0.22427652733118972
0.5554684878371025,120,158,887,79,0.8094855305466238,0.4316546762589928,0.6030150753768844,0.8488038277511962,0.15119617224880383,0.3969849246231156,0.5031446540880503,0.7259094515640403,0.22347266881028938
0.5558991190019545,120,157,888,79,0.8102893890675241,0.4332129963898917,0.6030150753768844,0.8497607655502393,0.15023923444976076,0.3969849246231156,0.5042016806722689,0.7263879204635618,0.22266881028938906
0.5579041867908084,119,157,888,80,0.8094855305466238,0.4311594202898551,0.5979899497487438,0.8497607655502393,0.15023923444976076,0.4020100502512563,0.5010526315789474,0.7238753576494915,0.22186495176848875
0.5579648010859654,119,156,889,80,0.8102893890675241,0.43272727272727274,0.5979899497487438,0.8507177033492823,0.1492822966507177,0.4020100502512563,0.5021097046413502,0.724353826549013,0.22106109324758844
0.5633885329421962,119,155,890,80,0.8110932475884244,0.4343065693430657,0.5979899497487438,0.8516746411483254,0.14832535885167464,0.4020100502512563,0.5031712473572939,0.7248322954485346,0.2202572347266881
0.5656689330990117,118,155,890,81,0.8102893890675241,0.43223443223443225,0.592964824120603,0.8516746411483254,0.14832535885167464,0.40703517587939697,0.5000000000000001,0.7223197326344641,0.21945337620578778
0.565804874155528,117,154,891,82,0.8102893890675241,0.4317343173431734,0.5879396984924623,0.8526315789473684,0.14736842105263157,0.4120603015075377,0.49787234042553197,0.7202856387199154,0.21784565916398713
0.5670381480396479,117,153,892,82,0.8110932475884244,0.43333333333333335,0.5879396984924623,0.8535885167464115,0.14641148325358852,0.4120603015075377,0.4989339019189766,0.7207641076194369,0.2170418006430868
0.5672691520026278,117,152,893,82,0.8118971061093248,0.4349442379182156,0.5879396984924623,0.8545454545454545,0.14545454545454545,0.4120603015075377,0.5,0.7212425765189584,0.2162379421221865
0.5696174490065069,117,151,894,82,0.8127009646302251,0.43656716417910446,0.5879396984924623,0.8555023923444977,0.1444976076555024,0.4120603015075377,0.5010706638115632,0.7217210454184799,0.21543408360128619
0.5704086990620221,117,150,895,82,0.8135048231511254,0.43820224719101125,0.5879396984924623,0.8564593301435407,0.14354066985645933,0.4120603015075377,0.5021459227467812,0.7221995143180016,0.21463022508038584
0.5724537054484835,116,150,895,83,0.8127009646302251,0.43609022556390975,0.5829145728643216,0.8564593301435407,0.14354066985645933,0.41708542713567837,0.4989247311827957,0.7196869515039311,0.21382636655948553
0.572880196816731,116,149,896,83,0.8135048231511254,0.4377358490566038,0.5829145728643216,0.8574162679425837,0.14258373205741626,0.41708542713567837,0.5,0.7201654204034527,0.21302250803858522
0.5730471183750615,116,148,897,83,0.8143086816720257,0.4393939393939394,0.5829145728643216,0.8583732057416268,0.1416267942583732,0.41708542713567837,0.5010799136069115,0.7206438893029742,0.21221864951768488
0.5742226563368876,116,146,899,83,0.8159163987138264,0.44274809160305345,0.5829145728643216,0.8602870813397129,0.1397129186602871,0.41708542713567837,0.5032537960954446,0.7216008271020172,0.21061093247588425
0.5759047782199415,116,145,900,83,0.8167202572347267,0.4444444444444444,0.5829145728643216,0.861244019138756,0.13875598086124402,0.41708542713567837,0.5043478260869564,0.7220792960015388,0.20980707395498394
0.5763604260627958,115,145,900,84,0.8159163987138264,0.4423076923076923,0.5778894472361809,0.861244019138756,0.13875598086124402,0.4221105527638191,0.5010893246187363,0.7195667331874684,0.2090032154340836
0.5770783184806427,115,144,901,84,0.8167202572347267,0.444015444015444,0.5778894472361809,0.8622009569377991,0.13779904306220095,0.4221105527638191,0.5021834061135371,0.72004520208699,0.20819935691318328
0.5772221910585431,115,143,902,84,0.817524115755627,0.44573643410852715,0.5778894472361809,0.8631578947368421,0.1368421052631579,0.4221105527638191,0.5032822757111598,0.7205236709865115,0.20739549839228297
0.5792729577536876,115,142,903,84,0.8183279742765274,0.4474708171206226,0.5778894472361809,0.8641148325358852,0.13588516746411483,0.4221105527638191,0.5043859649122807,0.721002139886033,0.20659163987138263
0.5817019291494181,115,141,904,84,0.8191318327974276,0.44921875,0.5778894472361809,0.8650717703349282,0.13492822966507176,0.4221105527638191,0.5054945054945055,0.7214806087855545,0.2057877813504823
0.5823225039948833,114,141,904,85,0.8183279742765274,0.4470588235294118,0.5728643216080402,0.8650717703349282,0.13492822966507176,0.4271356783919598,0.5022026431718062,0.7189680459714842,0.204983922829582
0.5825409053491541,114,140,905,85,0.8191318327974276,0.44881889763779526,0.5728643216080402,0.8660287081339713,0.1339712918660287,0.4271356783919598,0.5033112582781457,0.7194465148710057,0.20418006430868169
0.5837727974885313,113,140,905,86,0.8183279742765274,0.44664031620553357,0.5678391959798995,0.8660287081339713,0.1339712918660287,0.4321608040201005,0.5,0.7169339520569353,0.20337620578778134
0.583815085819087,113,139,906,86,0.8191318327974276,0.44841269841269843,0.5678391959798995,0.8669856459330143,0.13301435406698564,0.4321608040201005,0.5011086474501109,0.717412420956457,0.20257234726688103
0.5876879809208894,113,138,907,86,0.819935691318328,0.450199203187251,0.5678391959798995,0.8679425837320575,0.1320574162679426,0.4321608040201005,0.5022222222222222,0.7178908898559785,0.20176848874598072
0.5886230265081498,113,137,908,86,0.8207395498392283,0.452,0.5678391959798995,0.8688995215311005,0.13110047846889952,0.4321608040201005,0.5033407572383073,0.7183693587555,0.20096463022508038
0.5897937626361304,112,137,908,87,0.819935691318328,0.4497991967871486,0.5628140703517588,0.8688995215311005,0.13110047846889952,0.4371859296482412,0.5,0.7158567959414297,0.20016077170418006
0.5949141440066734,112,136,909,87,0.8207395498392283,0.45161290322580644,0.5628140703517588,0.8698564593301435,0.13014354066985645,0.4371859296482412,0.5011185682326622,0.7163352648409511,0.19935691318327975
0.5969087148883637,111,136,909,88,0.819935691318328,0.4493927125506073,0.5577889447236181,0.8698564593301435,0.13014354066985645,0.44221105527638194,0.4977578475336323,0.7138227020268808,0.1985530546623794
0.5971707683670243,111,135,910,88,0.8207395498392283,0.45121951219512196,0.5577889447236181,0.8708133971291866,0.1291866028708134,0.44221105527638194,0.498876404494382,0.7143011709264023,0.1977491961414791
0.5980748935876846,111,134,911,88,0.8215434083601286,0.4530612244897959,0.5577889447236181,0.8717703349282296,0.12822966507177033,0.44221105527638194,0.5,0.7147796398259239,0.19694533762057878
0.6032393924361885,111,133,912,88,0.822347266881029,0.45491803278688525,0.5577889447236181,0.8727272727272727,0.12727272727272726,0.44221105527638194,0.5011286681715577,0.7152581087254454,0.19614147909967847
0.6068945689004691,110,133,912,89,0.8215434083601286,0.45267489711934156,0.5527638190954773,0.8727272727272727,0.12727272727272726,0.4472361809045226,0.497737556561086,0.712745545911375,0.19533762057877813
0.6097006871553141,110,129,916,89,0.8247588424437299,0.4602510460251046,0.5527638190954773,0.876555023923445,0.12344497607655502,0.4472361809045226,0.502283105022831,0.7146594215094612,0.19212218649517684
0.6099217326631412,110,128,917,89,0.8255627009646302,0.46218487394957986,0.5527638190954773,0.877511961722488,0.12248803827751197,0.4472361809045226,0.5034324942791761,0.7151378904089827,0.19131832797427653
0.616659207403314,110,127,918,89,0.8263665594855305,0.4641350210970464,0.5527638190954773,0.8784688995215311,0.1215311004784689,0.4472361809045226,0.5045871559633026,0.7156163593085042,0.19051446945337622
0.6180687707393406,110,125,920,89,0.8279742765273312,0.46808510638297873,0.5527638190954773,0.8803827751196173,0.11961722488038277,0.4472361809045226,0.5069124423963134,0.7165732971075474,0.18890675241157556
0.621858598604035,110,124,921,89,0.8287781350482315,0.4700854700854701,0.5527638190954773,0.8813397129186603,0.11866028708133972,0.4472361809045226,0.5080831408775981,0.7170517660070688,0.18810289389067525
0.6228614583446161,110,123,922,89,0.8295819935691319,0.4721030042918455,0.5527638190954773,0.8822966507177034,0.11770334928229666,0.4472361809045226,0.5092592592592592,0.7175302349065904,0.1872990353697749
0.6246805905968857,108,121,924,91,0.8295819935691319,0.47161572052401746,0.542713567839196,0.8842105263157894,0.11578947368421053,0.457286432160804,0.5046728971962617,0.7134620470774927,0.18408360128617363
0.6249366871400838,107,121,924,92,0.8287781350482315,0.4692982456140351,0.5376884422110553,0.8842105263157894,0.11578947368421053,0.4623115577889447,0.5011709601873536,0.7109494842634223,0.1832797427652733
0.6284492427048513,107,120,925,92,0.8295819935691319,0.4713656387665198,0.5376884422110553,0.8851674641148325,0.11483253588516747,0.4623115577889447,0.5023474178403755,0.7114279531629439,0.182475884244373
0.6306146991842547,107,119,926,92,0.8303858520900321,0.47345132743362833,0.5376884422110553,0.8861244019138756,0.11387559808612441,0.4623115577889447,0.503529411764706,0.7119064220624655,0.18167202572347266
0.6313020317056444,107,118,927,92,0.8311897106109325,0.47555555555555556,0.5376884422110553,0.8870813397129187,0.11291866028708133,0.4623115577889447,0.5047169811320755,0.712384890961987,0.18086816720257234
0.6316874739268051,107,117,928,92,0.8319935691318328,0.47767857142857145,0.5376884422110553,0.8880382775119617,0.11196172248803828,0.4623115577889447,0.5059101654846336,0.7128633598615085,0.18006430868167203
0.6341042187090388,107,116,929,92,0.8327974276527331,0.4798206278026906,0.5376884422110553,0.8889952153110048,0.11100478468899522,0.4623115577889447,0.5071090047393365,0.71334182876103,0.17926045016077172
0.634908773342992,107,115,930,92,0.8336012861736335,0.481981981981982,0.5376884422110553,0.8899521531100478,0.11004784688995216,0.4623115577889447,0.5083135391923991,0.7138202976605516,0.17845659163987138
0.6392403543900588,106,115,930,93,0.8327974276527331,0.4796380090497738,0.5326633165829145,0.8899521531100478,0.11004784688995216,0.46733668341708545,0.5047619047619047,0.7113077348464811,0.17765273311897106
0.640987658001419,105,115,930,94,0.8319935691318328,0.4772727272727273,0.5276381909547738,0.8899521531100478,0.11004784688995216,0.4723618090452261,0.5011933174224343,0.7087951720324108,0.17684887459807075
0.6453174685197286,104,112,933,95,0.8336012861736335,0.48148148148148145,0.5226130653266332,0.8928229665071771,0.10717703349282297,0.47738693467336685,0.5012048192771085,0.7077180159169052,0.17363344051446947
0.6474502886602169,103,112,933,96,0.8327974276527331,0.4790697674418605,0.5175879396984925,0.8928229665071771,0.10717703349282297,0.4824120603015075,0.4975845410628019,0.7052054531028348,0.17282958199356913
0.6505798563392474,103,111,934,96,0.8336012861736335,0.48130841121495327,0.5175879396984925,0.8937799043062201,0.10622009569377991,0.4824120603015075,0.49878934624697335,0.7056839220023563,0.1720257234726688
0.6578417240042334,103,110,935,96,0.8344051446945338,0.4835680751173709,0.5175879396984925,0.8947368421052632,0.10526315789473684,0.4824120603015075,0.5,0.7061623909018778,0.1712218649517685
0.6582853821931897,103,109,936,96,0.8352090032154341,0.4858490566037736,0.5175879396984925,0.8956937799043062,0.10430622009569378,0.4824120603015075,0.5012165450121655,0.7066408598013993,0.17041800643086816
0.6583036483803794,103,108,937,96,0.8360128617363344,0.4881516587677725,0.5175879396984925,0.8966507177033493,0.10334928229665072,0.4824120603015075,0.5024390243902439,0.7071193287009209,0.16961414790996784
0.6587200127667666,103,107,938,96,0.8368167202572347,0.49047619047619045,0.5175879396984925,0.8976076555023923,0.10239234449760766,0.4824120603015075,0.5036674816625918,0.7075977976004424,0.16881028938906753
0.6595438895625167,98,102,943,101,0.8368167202572347,0.49,0.49246231155778897,0.9023923444976076,0.09760765550239234,0.507537688442211,0.49122807017543857,0.6974273280276984,0.1607717041800643
0.661903145666117,98,101,944,101,0.837620578778135,0.49246231155778897,0.49246231155778897,0.9033492822966507,0.09665071770334928,0.507537688442211,0.49246231155778897,0.6979057969272198,0.159967845659164
0.663888227245575,96,99,946,103,0.837620578778135,0.49230769230769234,0.4824120603015075,0.9052631578947369,0.09473684210526316,0.5175879396984925,0.4873096446700508,0.6938376090981222,0.1567524115755627
0.664401512082411,95,98,947,104,0.837620578778135,0.49222797927461137,0.47738693467336685,0.9062200956937799,0.0937799043062201,0.5226130653266332,0.48469387755102045,0.6918035151835734,0.15514469453376206
0.6655859297722592,93,97,948,106,0.8368167202572347,0.48947368421052634,0.46733668341708545,0.907177033492823,0.09282296650717703,0.5326633165829145,0.4781491002570694,0.6872568584549542,0.1527331189710611
0.6685559969468897,92,97,948,107,0.8360128617363344,0.48677248677248675,0.4623115577889447,0.907177033492823,0.09282296650717703,0.5376884422110553,0.4742268041237113,0.6847442956408838,0.15192926045016078
0.668708194389439,92,96,949,107,0.8368167202572347,0.48936170212765956,0.4623115577889447,0.908133971291866,0.09186602870813397,0.5376884422110553,0.47545219638242897,0.6852227645404054,0.15112540192926044
0.6708173453712554,92,95,950,107,0.837620578778135,0.4919786096256685,0.4623115577889447,0.9090909090909091,0.09090909090909091,0.5376884422110553,0.4766839378238342,0.6857012334399268,0.15032154340836013
0.6714413986888089,91,94,951,108,0.837620578778135,0.4918918918918919,0.457286432160804,0.9100478468899521,0.08995215311004785,0.542713567839196,0.4739583333333333,0.683667139525378,0.1487138263665595
0.6718248774696814,91,93,952,108,0.8384244372990354,0.4945652173913043,0.457286432160804,0.9110047846889953,0.08899521531100478,0.542713567839196,0.4751958224543081,0.6841456084248996,0.14790996784565916
0.671984129144006,90,93,952,109,0.837620578778135,0.4918032786885246,0.45226130653266333,0.9110047846889953,0.08899521531100478,0.5477386934673367,0.47120418848167533,0.6816330456108293,0.14710610932475884
0.6746121097215987,90,92,953,109,0.8384244372990354,0.4945054945054945,0.45226130653266333,0.9119617224880383,0.08803827751196172,0.5477386934673367,0.4724409448818898,0.6821115145103508,0.14630225080385853
0.6746870877486083,90,91,954,109,0.8392282958199357,0.4972375690607735,0.45226130653266333,0.9129186602870814,0.08708133971291866,0.5477386934673367,0.4736842105263158,0.6825899834098723,0.1454983922829582
0.676097070753905,90,90,955,109,0.840032154340836,0.5,0.45226130653266333,0.9138755980861244,0.0861244019138756,0.5477386934673367,0.474934036939314,0.6830684523093938,0.14469453376205788
0.6763410273025231,90,89,956,109,0.8408360128617364,0.5027932960893855,0.45226130653266333,0.9148325358851674,0.08516746411483253,0.5477386934673367,0.4761904761904762,0.6835469212089154,0.14389067524115756
0.6765482340975131,90,88,957,109,0.8416398713826366,0.5056179775280899,0.45226130653266333,0.9157894736842105,0.08421052631578947,0.5477386934673367,0.47745358090185674,0.6840253901084369,0.14308681672025725
0.6820076593919182,89,88,957,110,0.8408360128617364,0.5028248587570622,0.4472361809045226,0.9157894736842105,0.08421052631578947,0.5527638190954773,0.473404255319149,0.6815128272943666,0.1422829581993569
0.686249664764584,89,87,958,110,0.8416398713826366,0.5056818181818182,0.4472361809045226,0.9167464114832536,0.08325358851674641,0.5527638190954773,0.47466666666666674,0.6819912961938881,0.1414790996784566
0.6873767995324278,89,86,959,110,0.842443729903537,0.5085714285714286,0.4472361809045226,0.9177033492822967,0.08229665071770335,0.5527638190954773,0.47593582887700536,0.6824697650934096,0.14067524115755628
0.6880124530079632,89,85,960,110,0.8432475884244373,0.5114942528735632,0.4472361809045226,0.9186602870813397,0.08133971291866028,0.5527638190954773,0.4772117962466488,0.6829482339929311,0.13987138263665594
0.6910939193345008,87,83,962,112,0.8432475884244373,0.5117647058823529,0.4371859296482412,0.9205741626794258,0.07942583732057416,0.5628140703517588,0.4715447154471545,0.6788800461638336,0.13665594855305466
0.6914123742814582,87,82,963,112,0.8440514469453376,0.514792899408284,0.4371859296482412,0.9215311004784689,0.0784688995215311,0.5628140703517588,0.47282608695652173,0.679358515063355,0.13585209003215434
0.6966689427277735,87,81,964,112,0.844855305466238,0.5178571428571429,0.4371859296482412,0.9224880382775119,0.07751196172248803,0.5628140703517588,0.4741144414168938,0.6798369839628766,0.13504823151125403
0.6979346392797521,86,81,964,113,0.8440514469453376,0.5149700598802395,0.4321608040201005,0.9224880382775119,0.07751196172248803,0.5678391959798995,0.4699453551912568,0.6773244211488062,0.1342443729903537
0.6983278278893508,85,81,964,114,0.8432475884244373,0.5120481927710844,0.4271356783919598,0.9224880382775119,0.07751196172248803,0.5728643216080402,0.4657534246575342,0.6748118583347359,0.13344051446945338
0.69899965940094,84,81,964,115,0.842443729903537,0.509090909090909,0.4221105527638191,0.9224880382775119,0.07751196172248803,0.5778894472361809,0.46153846153846145,0.6722992955206655,0.13263665594855306
0.7024722920946488,83,81,964,116,0.8416398713826366,0.5060975609756098,0.41708542713567837,0.9224880382775119,0.07751196172248803,0.5829145728643216,0.4573002754820937,0.6697867327065952,0.13183279742765272
0.7031053814448744,82,81,964,117,0.8408360128617364,0.5030674846625767,0.4120603015075377,0.9224880382775119,0.07751196172248803,0.5879396984924623,0.4530386740331492,0.6672741698925249,0.1310289389067524
0.7032090505231321,82,80,965,117,0.8416398713826366,0.5061728395061729,0.4120603015075377,0.9234449760765551,0.07655502392344497,0.5879396984924623,0.4542936288088643,0.6677526387920464,0.1302250803858521
0.7044929414954133,82,79,966,117,0.842443729903537,0.5093167701863354,0.4120603015075377,0.9244019138755981,0.07559808612440191,0.5879396984924623,0.45555555555555555,0.6682311076915679,0.12942122186495178
0.7048407947621138,77,75,970,122,0.8416398713826366,0.506578947368421,0.3869346733668342,0.9282296650717703,0.07177033492822966,0.6130653266331658,0.43874643874643876,0.6575821692193022,0.12218649517684887
0.7078304845198704,77,74,971,122,0.842443729903537,0.5099337748344371,0.3869346733668342,0.9291866028708134,0.0708133971291866,0.6130653266331658,0.44,0.6580606381188239,0.12138263665594855
0.710308156527518,75,74,971,124,0.8408360128617364,0.5033557046979866,0.3768844221105528,0.9291866028708134,0.0708133971291866,0.6231155778894473,0.4310344827586208,0.6530355124906831,0.1197749196141479
0.710697061962206,75,73,972,124,0.8416398713826366,0.5067567567567568,0.3768844221105528,0.9301435406698565,0.06985645933014355,0.6231155778894473,0.4322766570605188,0.6535139813902047,0.1189710610932476
0.7127659022758525,74,73,972,125,0.8408360128617364,0.5034013605442177,0.37185929648241206,0.9301435406698565,0.06985645933014355,0.628140703517588,0.4277456647398844,0.6510014185761342,0.11816720257234727
0.7146710495719583,74,72,973,125,0.8416398713826366,0.5068493150684932,0.37185929648241206,0.9311004784688995,0.06889952153110047,0.628140703517588,0.4289855072463768,0.6514798874756558,0.11736334405144695
0.7151400584272372,73,72,973,126,0.8408360128617364,0.503448275862069,0.36683417085427134,0.9311004784688995,0.06889952153110047,0.6331658291457286,0.42441860465116277,0.6489673246615855,0.11655948553054662
0.7151747944987025,72,71,974,127,0.8408360128617364,0.5034965034965035,0.36180904522613067,0.9320574162679426,0.06794258373205742,0.6381909547738693,0.4210526315789474,0.6469332307470366,0.11495176848874598
0.71602757314651,72,70,975,127,0.8416398713826366,0.5070422535211268,0.36180904522613067,0.9330143540669856,0.06698564593301436,0.6381909547738693,0.4222873900293255,0.6474116996465582,0.11414790996784566
0.7237830211359111,71,70,975,128,0.8408360128617364,0.5035460992907801,0.35678391959798994,0.9330143540669856,0.06698564593301436,0.6432160804020101,0.41764705882352937,0.6448991368324878,0.11334405144694534
0.7245153587080241,70,70,975,129,0.840032154340836,0.5,0.35175879396984927,0.9330143540669856,0.06698564593301436,0.6482412060301508,0.4129793510324484,0.6423865740184175,0.11254019292604502
0.7245626169827037,69,69,976,130,0.840032154340836,0.5,0.34673366834170855,0.9339712918660287,0.0660287081339713,0.6532663316582915,0.4094955489614243,0.6403524801038686,0.11093247588424437
0.728714269429074,69,68,977,130,0.8408360128617364,0.5036496350364964,0.34673366834170855,0.9349282296650717,0.06507177033492823,0.6532663316582915,0.41071428571428575,0.6408309490033901,0.11012861736334405
0.7287971637590325,69,67,978,130,0.8416398713826366,0.5073529411764706,0.34673366834170855,0.9358851674641149,0.06411483253588517,0.6532663316582915,0.41194029850746267,0.6413094179029117,0.10932475884244373
0.7305940100891951,68,67,978,131,0.8408360128617364,0.5037037037037037,0.3417085427135678,0.9358851674641149,0.06411483253588517,0.6582914572864321,0.4071856287425149,0.6387968550888413,0.1085209003215434
0.7307483510834099,68,66,979,131,0.8416398713826366,0.5074626865671642,0.3417085427135678,0.9368421052631579,0.06315789473684211,0.6582914572864321,0.4084084084084084,0.6392753239883628,0.10771704180064309
0.7329456297330196,66,61,984,133,0.8440514469453376,0.5196850393700787,0.3316582914572864,0.9416267942583733,0.05837320574162679,0.6683417085427136,0.40490797546012264,0.6366425428578298,0.10209003215434084
0.7335016159989195,66,60,985,133,0.844855305466238,0.5238095238095238,0.3316582914572864,0.9425837320574163,0.05741626794258373,0.6683417085427136,0.4061538461538462,0.6371210117573514,0.10128617363344052
0.736863732631786,65,60,985,134,0.8440514469453376,0.52,0.32663316582914576,0.9425837320574163,0.05741626794258373,0.6733668341708543,0.40123456790123463,0.6346084489432811,0.10048231511254019
0.7379170311718437,65,59,986,134,0.844855305466238,0.5241935483870968,0.32663316582914576,0.9435406698564593,0.05645933014354067,0.6733668341708543,0.40247678018575855,0.6350869178428026,0.09967845659163987
0.7386809394710264,64,57,988,135,0.8456591639871383,0.5289256198347108,0.32160804020100503,0.9454545454545454,0.05454545454545454,0.678391959798995,0.39999999999999997,0.6335312928277752,0.0972668810289389
0.7406165640432016,64,56,989,135,0.8464630225080386,0.5333333333333333,0.32160804020100503,0.9464114832535885,0.053588516746411484,0.678391959798995,0.40125391849529785,0.6340097617272967,0.09646302250803858
0.7417610477843926,64,55,990,135,0.8472668810289389,0.5378151260504201,0.32160804020100503,0.9473684210526315,0.05263157894736842,0.678391959798995,0.4025157232704403,0.6344882306268183,0.09565916398713827
0.7433439124374791,63,55,990,136,0.8464630225080386,0.5338983050847458,0.3165829145728643,0.9473684210526315,0.05263157894736842,0.6834170854271356,0.3974763406940063,0.6319756678127479,0.09485530546623794
0.7471076942360929,63,54,991,136,0.8472668810289389,0.5384615384615384,0.3165829145728643,0.9483253588516747,0.05167464114832536,0.6834170854271356,0.39873417721518983,0.6324541367122695,0.09405144694533762
0.7472481985398631,63,53,992,136,0.8480707395498392,0.5431034482758621,0.3165829145728643,0.9492822966507177,0.05071770334928229,0.6834170854271356,0.4,0.632932605611791,0.0932475884244373
0.7479230370721522,63,52,993,136,0.8488745980707395,0.5478260869565217,0.3165829145728643,0.9502392344497608,0.049760765550239235,0.6834170854271356,0.4012738853503185,0.6334110745113125,0.09244372990353698
0.7493957917630959,63,51,994,136,0.8496784565916399,0.5526315789473685,0.3165829145728643,0.9511961722488038,0.04880382775119617,0.6834170854271356,0.40255591054313095,0.633889543410834,0.09163987138263666
0.7502030890406076,63,50,995,136,0.8504823151125402,0.5575221238938053,0.3165829145728643,0.9521531100478469,0.04784688995215311,0.6834170854271356,0.40384615384615385,0.6343680123103556,0.09083601286173633
0.7506630775251922,63,49,996,136,0.8512861736334405,0.5625,0.3165829145728643,0.9531100478468899,0.04688995215311005,0.6834170854271356,0.4051446945337621,0.6348464812098771,0.09003215434083602
0.7512083844314756,63,48,997,136,0.8520900321543409,0.5675675675675675,0.3165829145728643,0.9540669856459331,0.045933014354066985,0.6834170854271356,0.40645161290322585,0.6353249501093987,0.08922829581993569
0.7514898958619526,62,48,997,137,0.8512861736334405,0.5636363636363636,0.31155778894472363,0.9540669856459331,0.045933014354066985,0.6884422110552764,0.4012944983818771,0.6328123872953284,0.08842443729903537
0.7516008745569064,61,48,997,138,0.8504823151125402,0.5596330275229358,0.3065326633165829,0.9540669856459331,0.045933014354066985,0.6934673366834171,0.39610389610389607,0.630299824481258,0.08762057877813505
0.7524760285167433,61,47,998,138,0.8512861736334405,0.5648148148148148,0.3065326633165829,0.9550239234449761,0.044976076555023926,0.6934673366834171,0.3973941368078176,0.6307782933807795,0.08681672025723473
0.7527181449777914,60,46,999,139,0.8512861736334405,0.5660377358490566,0.3015075376884422,0.9559808612440192,0.04401913875598086,0.6984924623115578,0.39344262295081966,0.6287441994662306,0.08520900321543408
0.753012226044806,59,46,999,140,0.8504823151125402,0.5619047619047619,0.2964824120603015,0.9559808612440192,0.04401913875598086,0.7035175879396985,0.38815789473684204,0.6262316366521603,0.08440514469453377
0.7539837346503531,58,46,999,141,0.8496784565916399,0.5576923076923077,0.2914572864321608,0.9559808612440192,0.04401913875598086,0.7085427135678392,0.38283828382838286,0.62371907383809,0.08360128617363344
0.7564654275112389,58,45,1000,141,0.8504823151125402,0.5631067961165048,0.2914572864321608,0.9569377990430622,0.0430622009569378,0.7085427135678392,0.3841059602649007,0.6241975427376115,0.08279742765273312
0.7600788798443144,58,44,1001,141,0.8512861736334405,0.5686274509803921,0.2914572864321608,0.9578947368421052,0.042105263157894736,0.7085427135678392,0.3853820598006645,0.624676011637133,0.0819935691318328
0.7604957403023304,58,43,1002,141,0.8520900321543409,0.5742574257425742,0.2914572864321608,0.9588516746411483,0.04114832535885168,0.7085427135678392,0.3866666666666666,0.6251544805366546,0.08118971061093247
0.7624966660009094,58,42,1003,141,0.8528938906752411,0.58,0.2914572864321608,0.9598086124401913,0.04019138755980861,0.7085427135678392,0.38795986622073575,0.6256329494361761,0.08038585209003216
0.7636066921246781,58,41,1004,141,0.8536977491961415,0.5858585858585859,0.2914572864321608,0.9607655502392345,0.03923444976076555,0.7085427135678392,0.389261744966443,0.6261114183356976,0.07958199356913183
0.7637658663554673,58,40,1005,141,0.8545016077170418,0.5918367346938775,0.2914572864321608,0.9617224880382775,0.03827751196172249,0.7085427135678392,0.3905723905723906,0.6265898872352191,0.07877813504823152
0.7638696597809951,57,40,1005,142,0.8536977491961415,0.5876288659793815,0.2864321608040201,0.9617224880382775,0.03827751196172249,0.7135678391959799,0.38513513513513514,0.6240773244211488,0.07797427652733119
0.7649690292072185,56,40,1005,143,0.8528938906752411,0.5833333333333334,0.2814070351758794,0.9617224880382775,0.03827751196172249,0.7185929648241206,0.37966101694915255,0.6215647616070785,0.07717041800643087
0.766735428898309,56,39,1006,143,0.8536977491961415,0.5894736842105263,0.2814070351758794,0.9626794258373206,0.03732057416267943,0.7185929648241206,0.38095238095238093,0.6220432305065999,0.07636655948553055
0.7672135352774365,55,39,1006,144,0.8528938906752411,0.5851063829787234,0.27638190954773867,0.9626794258373206,0.03732057416267943,0.7236180904522613,0.37542662116040953,0.6195306676925296,0.07556270096463022
0.7675689546014266,54,39,1006,145,0.8520900321543409,0.5806451612903226,0.271356783919598,0.9626794258373206,0.03732057416267943,0.7286432160804021,0.3698630136986302,0.6170181048784593,0.0747588424437299
0.7677806821694867,53,39,1006,146,0.8512861736334405,0.5760869565217391,0.2663316582914573,0.9626794258373206,0.03732057416267943,0.7336683417085427,0.36426116838487965,0.6145055420643889,0.07395498392282958
0.7688121758770107,53,38,1007,146,0.8520900321543409,0.5824175824175825,0.2663316582914573,0.9636363636363636,0.03636363636363636,0.7336683417085427,0.3655172413793103,0.6149840109639104,0.07315112540192927
0.7704948754544483,53,37,1008,146,0.8528938906752411,0.5888888888888889,0.2663316582914573,0.9645933014354067,0.0354066985645933,0.7336683417085427,0.36678200692041524,0.6154624798634319,0.07234726688102894
0.7722596077857322,53,36,1009,146,0.8536977491961415,0.5955056179775281,0.2663316582914573,0.9655502392344497,0.03444976076555024,0.7336683417085427,0.3680555555555555,0.6159409487629535,0.07154340836012862
0.7743596846569638,52,36,1009,147,0.8528938906752411,0.5909090909090909,0.2613065326633166,0.9655502392344497,0.03444976076555024,0.7386934673366834,0.3623693379790941,0.6134283859488832,0.0707395498392283
0.7758190542241459,51,36,1009,148,0.8520900321543409,0.5862068965517241,0.2562814070351759,0.9655502392344497,0.03444976076555024,0.7437185929648241,0.3566433566433566,0.6109158231348129,0.06993569131832797
0.7772010097471002,50,36,1009,149,0.8512861736334405,0.5813953488372093,0.25125628140703515,0.9655502392344497,0.03444976076555024,0.7487437185929648,0.3508771929824561,0.6084032603207424,0.06913183279742766
0.7790443430017321,50,35,1010,149,0.8520900321543409,0.5882352941176471,0.25125628140703515,0.9665071770334929,0.03349282296650718,0.7487437185929648,0.352112676056338,0.608881729220264,0.06832797427652733
0.7792486210679103,49,35,1010,150,0.8512861736334405,0.5833333333333334,0.24623115577889448,0.9665071770334929,0.03349282296650718,0.7537688442211056,0.34628975265017675,0.6063691664061936,0.06752411575562701
0.7805479048698798,49,34,1011,150,0.8520900321543409,0.5903614457831325,0.24623115577889448,0.9674641148325359,0.03253588516746411,0.7537688442211056,0.3475177304964539,0.6068476353057152,0.06672025723472669
0.7832487108444606,48,34,1011,151,0.8512861736334405,0.5853658536585366,0.24120603015075376,0.9674641148325359,0.03253588516746411,0.7587939698492462,0.34163701067615654,0.6043350724916449,0.06591639871382636
0.7834838466765619,47,34,1011,152,0.8504823151125402,0.5802469135802469,0.23618090452261306,0.9674641148325359,0.03253588516746411,0.7638190954773869,0.33571428571428574,0.6018225096775744,0.06511254019292605
0.7836319628050061,46,34,1011,153,0.8496784565916399,0.575,0.23115577889447236,0.9674641148325359,0.03253588516746411,0.7688442211055276,0.32974910394265233,0.5993099468635041,0.06430868167202572
0.7841963162396012,46,33,1012,153,0.8504823151125402,0.5822784810126582,0.23115577889447236,0.968421052631579,0.031578947368421054,0.7688442211055276,0.33093525179856115,0.5997884157630257,0.0635048231511254
0.7845003284834842,45,33,1012,154,0.8496784565916399,0.5769230769230769,0.22613065326633167,0.968421052631579,0.031578947368421054,0.7738693467336684,0.3249097472924188,0.5972758529489554,0.06270096463022508
0.784629752114237,45,32,1013,154,0.8504823151125402,0.5844155844155844,0.22613065326633167,0.969377990430622,0.03062200956937799,0.7738693467336684,0.32608695652173914,0.5977543218484769,0.06189710610932476
0.7855868123283415,45,31,1014,154,0.8512861736334405,0.5921052631578947,0.22613065326633167,0.970334928229665,0.02966507177033493,0.7738693467336684,0.32727272727272727,0.5982327907479984,0.06109324758842444
0.7855934574491032,45,30,1015,154,0.8520900321543409,0.6,0.22613065326633167,0.9712918660287081,0.028708133971291867,0.7738693467336684,0.3284671532846716,0.5987112596475199,0.06028938906752412
0.7885229937184902,45,29,1016,154,0.8528938906752411,0.6081081081081081,0.22613065326633167,0.9722488038277513,0.027751196172248804,0.7738693467336684,0.32967032967032966,0.5991897285470414,0.0594855305466238
0.7925611130187507,45,28,1017,154,0.8536977491961415,0.6164383561643836,0.22613065326633167,0.9732057416267943,0.026794258373205742,0.7738693467336684,0.3308823529411765,0.599668197446563,0.058681672025723476
0.7927444571477179,45,27,1018,154,0.8545016077170418,0.625,0.22613065326633167,0.9741626794258373,0.02583732057416268,0.7738693467336684,0.3321033210332104,0.6001466663460845,0.05787781350482315
0.7940268255693216,45,26,1019,154,0.8553054662379421,0.6338028169014085,0.22613065326633167,0.9751196172248804,0.024880382775119617,0.7738693467336684,0.33333333333333337,0.600625135245606,0.05707395498392283
0.7965195876637834,45,25,1020,154,0.8561093247588425,0.6428571428571429,0.22613065326633167,0.9760765550239234,0.023923444976076555,0.7738693467336684,0.3345724907063197,0.6011036041451275,0.05627009646302251
0.7968867197446118,44,25,1020,155,0.8553054662379421,0.6376811594202898,0.22110552763819097,0.9760765550239234,0.023923444976076555,0.7788944723618091,0.3283582089552239,0.5985910413310572,0.05546623794212219
0.8028125047503009,43,25,1020,156,0.8545016077170418,0.6323529411764706,0.21608040201005024,0.9760765550239234,0.023923444976076555,0.7839195979899497,0.32209737827715357,0.5960784785169868,0.05466237942122187
0.8069475041707211,43,24,1021,156,0.8553054662379421,0.6417910447761194,0.21608040201005024,0.9770334928229665,0.022966507177033493,0.7839195979899497,0.32330827067669166,0.5965569474165083,0.053858520900321546
0.8102221691197876,43,23,1022,156,0.8561093247588425,0.6515151515151515,0.21608040201005024,0.9779904306220095,0.02200956937799043,0.7839195979899497,0.32452830188679244,0.5970354163160299,0.05305466237942122
0.8169209650768253,43,22,1023,156,0.8569131832797428,0.6615384615384615,0.21608040201005024,0.9789473684210527,0.021052631578947368,0.7839195979899497,0.32575757575757575,0.5975138852155515,0.0522508038585209
0.8177905908282554,43,21,1024,156,0.8577170418006431,0.671875,0.21608040201005024,0.9799043062200957,0.020095693779904306,0.7839195979899497,0.3269961977186312,0.597992354115073,0.05144694533762058
0.8204160886292767,42,21,1024,157,0.8569131832797428,0.6666666666666666,0.21105527638190955,0.9799043062200957,0.020095693779904306,0.7889447236180904,0.32061068702290074,0.5954797913010026,0.05064308681672026
0.8265255681470526,42,20,1025,157,0.8577170418006431,0.6774193548387096,0.21105527638190955,0.9808612440191388,0.019138755980861243,0.7889447236180904,0.3218390804597701,0.5959582602005241,0.04983922829581994
0.8325874996925862,42,19,1026,157,0.8585209003215434,0.6885245901639344,0.21105527638190955,0.9818181818181818,0.01818181818181818,0.7889447236180904,0.3230769230769231,0.5964367291000456,0.04903536977491962
0.8374112333889585,41,19,1026,158,0.8577170418006431,0.6833333333333333,0.20603015075376885,0.9818181818181818,0.01818181818181818,0.7939698492462312,0.3166023166023166,0.5939241662859753,0.04823151125401929
0.84860526516254,40,19,1026,159,0.8569131832797428,0.6779661016949152,0.20100502512562815,0.9818181818181818,0.01818181818181818,0.7989949748743719,0.310077519379845,0.591411603471905,0.04742765273311897
0.8538688010385495,40,18,1027,159,0.8577170418006431,0.6896551724137931,0.20100502512562815,0.9827751196172249,0.01722488038277512,0.7989949748743719,0.31128404669260706,0.5918900723714265,0.04662379421221865
0.8655550197890474,39,18,1027,160,0.8569131832797428,0.6842105263157895,0.19597989949748743,0.9827751196172249,0.01722488038277512,0.8040201005025126,0.3046875,0.5893775095573561,0.04581993569131833
0.8714138072397325,39,17,1028,160,0.8577170418006431,0.6964285714285714,0.19597989949748743,0.9837320574162679,0.016267942583732056,0.8040201005025126,0.30588235294117644,0.5898559784568776,0.04501607717041801
0.8721772212453357,38,17,1028,161,0.8569131832797428,0.6909090909090909,0.19095477386934673,0.9837320574162679,0.016267942583732056,0.8090452261306532,0.2992125984251969,0.5873434156428073,0.04421221864951769
0.8893622154977687,37,17,1028,162,0.8561093247588425,0.6851851851851852,0.18592964824120603,0.9837320574162679,0.016267942583732056,0.8140703517587939,0.29249011857707513,0.5848308528287369,0.04340836012861737
0.8943845783628692,36,17,1028,163,0.8553054662379421,0.6792452830188679,0.18090452261306533,0.9837320574162679,0.016267942583732056,0.8190954773869347,0.28571428571428575,0.5823182900146666,0.04260450160771704
0.9014590450590214,35,17,1028,164,0.8545016077170418,0.6730769230769231,0.17587939698492464,0.9837320574162679,0.016267942583732056,0.8241206030150754,0.27888446215139445,0.5798057272005963,0.04180064308681672
0.9075709759268238,35,16,1029,164,0.8553054662379421,0.6862745098039216,0.17587939698492464,0.9846889952153111,0.015311004784688996,0.8241206030150754,0.28,0.5802841961001178,0.0409967845659164
0.9095113065098829,34,16,1029,165,0.8545016077170418,0.68,0.1708542713567839,0.9846889952153111,0.015311004784688996,0.8291457286432161,0.27309236947791166,0.5777716332860475,0.04019292604501608
0.913779532933171,34,15,1030,165,0.8553054662379421,0.6938775510204082,0.1708542713567839,0.9856459330143541,0.014354066985645933,0.8291457286432161,0.2741935483870968,0.578250102185569,0.03938906752411576
0.9232275945967682,34,14,1031,165,0.8561093247588425,0.7083333333333334,0.1708542713567839,0.9866028708133971,0.013397129186602871,0.8291457286432161,0.27530364372469635,0.5787285710850906,0.03858520900321544
0.9241047279919664,33,14,1031,166,0.8553054662379421,0.7021276595744681,0.1658291457286432,0.9866028708133971,0.013397129186602871,0.8341708542713567,0.2682926829268293,0.5762160082710202,0.03778135048231511
0.9278408726708303,32,14,1031,167,0.8545016077170418,0.6956521739130435,0.16080402010050251,0.9866028708133971,0.013397129186602871,0.8391959798994975,0.26122448979591834,0.5737034454569498,0.03697749196141479
0.9288862367015254,31,14,1031,168,0.8536977491961415,0.6888888888888889,0.15577889447236182,0.9866028708133971,0.013397129186602871,0.8442211055276382,0.2540983606557377,0.5711908826428795,0.03617363344051447
0.9297684699365952,30,14,1031,169,0.8528938906752411,0.6818181818181818,0.1507537688442211,0.9866028708133971,0.013397129186602871,0.8492462311557789,0.24691358024691357,0.5686783198288091,0.03536977491961415
0.9316036157065307,29,14,1031,170,0.8520900321543409,0.6744186046511628,0.1457286432160804,0.9866028708133971,0.013397129186602871,0.8542713567839196,0.23966942148760328,0.5661657570147388,0.03456591639871383
0.9339909867629831,29,13,1032,170,0.8528938906752411,0.6904761904761905,0.1457286432160804,0.9875598086124402,0.012440191387559809,0.8542713567839196,0.24066390041493776,0.5666442259142603,0.03376205787781351
0.9362169240421104,29,12,1033,170,0.8536977491961415,0.7073170731707317,0.1457286432160804,0.9885167464114832,0.011483253588516746,0.8542713567839196,0.24166666666666667,0.5671226948137819,0.03295819935691318
0.9367667427799438,29,11,1034,170,0.8545016077170418,0.725,0.1457286432160804,0.9894736842105263,0.010526315789473684,0.8542713567839196,0.24267782426778242,0.5676011637133034,0.03215434083601286
0.9392263130103997,28,11,1034,171,0.8536977491961415,0.717948717948718,0.1407035175879397,0.9894736842105263,0.010526315789473684,0.8592964824120602,0.23529411764705882,0.565088600899233,0.03135048231511254
0.9409458705323457,28,10,1035,171,0.8545016077170418,0.7368421052631579,0.1407035175879397,0.9904306220095693,0.009569377990430622,0.8592964824120602,0.2362869198312236,0.5655670697987545,0.03054662379421222
0.9426050607447174,27,10,1035,172,0.8536977491961415,0.7297297297297297,0.135678391959799,0.9904306220095693,0.009569377990430622,0.864321608040201,0.2288135593220339,0.5630545069846842,0.0297427652733119
0.9428961538554183,27,9,1036,172,0.8545016077170418,0.75,0.135678391959799,0.9913875598086125,0.00861244019138756,0.864321608040201,0.22978723404255316,0.5635329758842057,0.028938906752411574
0.9509231394093223,27,8,1037,172,0.8553054662379421,0.7714285714285715,0.135678391959799,0.9923444976076555,0.007655502392344498,0.864321608040201,0.23076923076923078,0.5640114447837272,0.028135048231511254
0.9534059887781565,27,7,1038,172,0.8561093247588425,0.7941176470588235,0.135678391959799,0.9933014354066986,0.0066985645933014355,0.864321608040201,0.2317596566523605,0.5644899136832487,0.027331189710610933
0.9589286708617415,26,7,1038,173,0.8553054662379421,0.7878787878787878,0.1306532663316583,0.9933014354066986,0.0066985645933014355,0.8693467336683417,0.22413793103448276,0.5619773508691784,0.02652733118971061
0.9598128843883197,25,7,1038,174,0.8545016077170418,0.78125,0.12562814070351758,0.9933014354066986,0.0066985645933014355,0.8743718592964824,0.21645021645021642,0.559464788055108,0.02572347266881029
0.9615462183939087,24,7,1038,175,0.8536977491961415,0.7741935483870968,0.12060301507537688,0.9933014354066986,0.0066985645933014355,0.8793969849246231,0.20869565217391303,0.5569522252410377,0.02491961414790997
0.9616343296526904,23,7,1038,176,0.8528938906752411,0.7666666666666667,0.11557788944723618,0.9933014354066986,0.0066985645933014355,0.8844221105527639,0.20087336244541484,0.5544396624269674,0.024115755627009645
0.9626820854286605,22,7,1038,177,0.8520900321543409,0.7586206896551724,0.11055276381909548,0.9933014354066986,0.0066985645933014355,0.8894472361809045,0.1929824561403509,0.551927099612897,0.023311897106109324
0.9648309465156085,21,7,1038,178,0.8512861736334405,0.75,0.10552763819095477,0.9933014354066986,0.0066985645933014355,0.8944723618090452,0.18502202643171806,0.5494145367988267,0.022508038585209004
0.9670266310812204,20,7,1038,179,0.8504823151125402,0.7407407407407407,0.10050251256281408,0.9933014354066986,0.0066985645933014355,0.8994974874371859,0.1769911504424779,0.5469019739847564,0.021704180064308683
0.9684273537180135,19,7,1038,180,0.8496784565916399,0.7307692307692307,0.09547738693467336,0.9933014354066986,0.0066985645933014355,0.9045226130653267,0.16888888888888887,0.544389411170686,0.02090032154340836
0.9686214815597918,18,7,1038,181,0.8488745980707395,0.72,0.09045226130653267,0.9933014354066986,0.0066985645933014355,0.9095477386934674,0.16071428571428575,0.5418768483566156,0.02009646302250804
0.9690513265133227,17,7,1038,182,0.8480707395498392,0.7083333333333334,0.08542713567839195,0.9933014354066986,0.0066985645933014355,0.914572864321608,0.15246636771300448,0.5393642855425452,0.01929260450160772
0.9692577399730922,16,7,1038,183,0.8472668810289389,0.6956521739130435,0.08040201005025126,0.9933014354066986,0.0066985645933014355,0.9195979899497487,0.14414414414414414,0.5368517227284749,0.018488745980707395
0.9696025339162798,15,7,1038,184,0.8464630225080386,0.6818181818181818,0.07537688442211055,0.9933014354066986,0.0066985645933014355,0.9246231155778895,0.13574660633484162,0.5343391599144045,0.017684887459807074
0.9698165675417141,14,7,1038,185,0.8456591639871383,0.6666666666666666,0.07035175879396985,0.9933014354066986,0.0066985645933014355,0.9296482412060302,0.1272727272727273,0.5318265971003342,0.016881028938906754
0.9709702128021539,13,7,1038,186,0.844855305466238,0.65,0.06532663316582915,0.9933014354066986,0.0066985645933014355,0.9346733668341709,0.1187214611872146,0.5293140342862639,0.01607717041800643
0.9712049729249131,12,6,1039,187,0.844855305466238,0.6666666666666666,0.06030150753768844,0.9942583732057416,0.005741626794258373,0.9396984924623115,0.1105990783410138,0.527279940371715,0.014469453376205787
0.9726193061882648,11,6,1039,188,0.8440514469453376,0.6470588235294118,0.05527638190954774,0.9942583732057416,0.005741626794258373,0.9447236180904522,0.10185185185185186,0.5247673775576447,0.013665594855305467
0.9730547089603244,10,6,1039,189,0.8432475884244373,0.625,0.05025125628140704,0.9942583732057416,0.005741626794258373,0.949748743718593,0.0930232558139535,0.5222548147435744,0.012861736334405145
0.9738150199072628,10,5,1040,189,0.8440514469453376,0.6666666666666666,0.05025125628140704,0.9952153110047847,0.004784688995215311,0.949748743718593,0.09345794392523364,0.5227332836430959,0.012057877813504822
0.9756591443751285,9,5,1040,190,0.8432475884244373,0.6428571428571429,0.04522613065326633,0.9952153110047847,0.004784688995215311,0.9547738693467337,0.08450704225352113,0.5202207208290255,0.011254019292604502
0.9756950614996855,8,5,1040,191,0.842443729903537,0.6153846153846154,0.04020100502512563,0.9952153110047847,0.004784688995215311,0.9597989949748744,0.07547169811320756,0.5177081580149552,0.01045016077170418
0.9770449777274176,7,5,1040,192,0.8416398713826366,0.5833333333333334,0.035175879396984924,0.9952153110047847,0.004784688995215311,0.964824120603015,0.06635071090047392,0.5151955952008848,0.00964630225080386
0.9770823012681866,6,5,1040,193,0.8408360128617364,0.5454545454545454,0.03015075376884422,0.9952153110047847,0.004784688995215311,0.9698492462311558,0.057142857142857134,0.5126830323868145,0.008842443729903537
0.9810755883219632,4,5,1040,195,0.8392282958199357,0.4444444444444444,0.020100502512562814,0.9952153110047847,0.004784688995215311,0.9798994974874372,0.038461538461538464,0.5076579067586737,0.007234726688102894
0.9825366941135693,3,2,1043,196,0.8408360128617364,0.6,0.01507537688442211,0.9980861244019139,0.0019138755980861245,0.9849246231155779,0.029411764705882356,0.506580750643168,0.0040192926045016075
0.9848941420455188,1,0,1045,198,0.8408360128617364,1.0,0.005025125628140704,1.0,0.0,0.9949748743718593,0.01,0.5025125628140703,0.0008038585209003215
1.0,0,0,1045,199,0.840032154340836,0.0,0.0,1.0,0.0,1.0,0.0,0.5,0.0
