map_name,error_magnitude,true_x,true_y,belief_x,belief_y,dx,dy,error_manhattan,oracle_action,agent_action,belief_plannable,decision_diverged,optimal_cost,agent_action_cost,decision_regret,normalized_regret,action_collision,false_terminal,decision_adequate,adequacy_tolerance,case_type
simple,0,1,1,1,1,0,0,0,DOWN,DOWN,True,False,11,11,0,0.0,False,False,True,0,ADEQUATE
simple,0,2,1,2,1,0,0,0,DOWN,DOWN,True,False,10,10,0,0.0,False,False,True,0,ADEQUATE
simple,0,3,1,3,1,0,0,0,RIGHT,RIGHT,True,False,9,9,0,0.0,False,False,True,0,ADEQUATE
simple,0,4,1,4,1,0,0,0,RIGHT,RIGHT,True,False,8,8,0,0.0,False,False,True,0,ADEQUATE
simple,0,5,1,5,1,0,0,0,RIGHT,RIGHT,True,False,7,7,0,0.0,False,False,True,0,ADEQUATE
simple,0,6,1,6,1,0,0,0,DOWN,DOWN,True,False,6,6,0,0.0,False,False,True,0,ADEQUATE
simple,0,7,1,7,1,0,0,0,DOWN,DOWN,True,False,5,5,0,0.0,False,False,True,0,ADEQUATE
simple,0,8,1,8,1,0,0,0,DOWN,DOWN,True,False,4,4,0,0.0,False,False,True,0,ADEQUATE
simple,0,1,2,1,2,0,0,0,DOWN,DOWN,True,False,10,10,0,0.0,False,False,True,0,ADEQUATE
simple,0,2,2,2,2,0,0,0,DOWN,DOWN,True,False,9,9,0,0.0,False,False,True,0,ADEQUATE
simple,0,6,2,6,2,0,0,0,DOWN,DOWN,True,False,5,5,0,0.0,False,False,True,0,ADEQUATE
simple,0,7,2,7,2,0,0,0,DOWN,DOWN,True,False,4,4,0,0.0,False,False,True,0,ADEQUATE
simple,0,8,2,8,2,0,0,0,DOWN,DOWN,True,False,3,3,0,0.0,False,False,True,0,ADEQUATE
simple,0,1,3,1,3,0,0,0,DOWN,DOWN,True,False,9,9,0,0.0,False,False,True,0,ADEQUATE
simple,0,2,3,2,3,0,0,0,DOWN,DOWN,True,False,8,8,0,0.0,False,False,True,0,ADEQUATE
simple,0,3,3,3,3,0,0,0,DOWN,DOWN,True,False,7,7,0,0.0,False,False,True,0,ADEQUATE
simple,0,4,3,4,3,0,0,0,DOWN,DOWN,True,False,6,6,0,0.0,False,False,True,0,ADEQUATE
simple,0,5,3,5,3,0,0,0,RIGHT,RIGHT,True,False,5,5,0,0.0,False,False,True,0,ADEQUATE
simple,0,6,3,6,3,0,0,0,RIGHT,RIGHT,True,False,4,4,0,0.0,False,False,True,0,ADEQUATE
simple,0,7,3,7,3,0,0,0,RIGHT,RIGHT,True,False,3,3,0,0.0,False,False,True,0,ADEQUATE
simple,0,8,3,8,3,0,0,0,DOWN,DOWN,True,False,2,2,0,0.0,False,False,True,0,ADEQUATE
simple,0,1,4,1,4,0,0,0,DOWN,DOWN,True,False,8,8,0,0.0,False,False,True,0,ADEQUATE
simple,0,2,4,2,4,0,0,0,DOWN,DOWN,True,False,7,7,0,0.0,False,False,True,0,ADEQUATE
simple,0,3,4,3,4,0,0,0,DOWN,DOWN,True,False,6,6,0,0.0,False,False,True,0,ADEQUATE
simple,0,4,4,4,4,0,0,0,DOWN,DOWN,True,False,5,5,0,0.0,False,False,True,0,ADEQUATE
simple,0,8,4,8,4,0,0,0,DOWN,DOWN,True,False,1,1,0,0.0,False,False,True,0,ADEQUATE
simple,0,1,5,1,5,0,0,0,RIGHT,RIGHT,True,False,7,7,0,0.0,False,False,True,0,ADEQUATE
simple,0,2,5,2,5,0,0,0,RIGHT,RIGHT,True,False,6,6,0,0.0,False,False,True,0,ADEQUATE
simple,0,3,5,3,5,0,0,0,RIGHT,RIGHT,True,False,5,5,0,0.0,False,False,True,0,ADEQUATE
simple,0,4,5,4,5,0,0,0,RIGHT,RIGHT,True,False,4,4,0,0.0,False,False,True,0,ADEQUATE
simple,0,5,5,5,5,0,0,0,RIGHT,RIGHT,True,False,3,3,0,0.0,False,False,True,0,ADEQUATE
simple,0,6,5,6,5,0,0,0,RIGHT,RIGHT,True,False,2,2,0,0.0,False,False,True,0,ADEQUATE
simple,0,7,5,7,5,0,0,0,RIGHT,RIGHT,True,False,1,1,0,0.0,False,False,True,0,ADEQUATE
simple,1,1,1,0,1,-1,0,1,DOWN,NONE,False,True,11,,,,False,False,False,0,INVALID_BELIEF
simple,1,1,1,1,0,0,-1,1,DOWN,NONE,False,True,11,,,,False,False,False,0,INVALID_BELIEF
simple,1,1,1,1,2,0,1,1,DOWN,DOWN,True,False,11,11,0,0.0,False,False,True,0,ADEQUATE
simple,1,1,1,2,1,1,0,1,DOWN,DOWN,True,False,11,11,0,0.0,False,False,True,0,ADEQUATE
simple,1,2,1,1,1,-1,0,1,DOWN,DOWN,True,False,10,10,0,0.0,False,False,True,0,ADEQUATE
simple,1,2,1,2,0,0,-1,1,DOWN,NONE,False,True,10,,,,False,False,False,0,INVALID_BELIEF
simple,1,2,1,2,2,0,1,1,DOWN,DOWN,True,False,10,10,0,0.0,False,False,True,0,ADEQUATE
simple,1,2,1,3,1,1,0,1,DOWN,RIGHT,True,True,10,10,0,0.0,False,False,True,0,ADEQUATE
simple,1,3,1,2,1,-1,0,1,RIGHT,DOWN,True,True,9,10,1,0.1111111111111111,True,False,False,0,COLLISION
simple,1,3,1,3,0,0,-1,1,RIGHT,NONE,False,True,9,,,,False,False,False,0,INVALID_BELIEF
simple,1,3,1,3,2,0,1,1,RIGHT,NONE,False,True,9,,,,False,False,False,0,INVALID_BELIEF
simple,1,3,1,4,1,1,0,1,RIGHT,RIGHT,True,False,9,9,0,0.0,False,False,True,0,ADEQUATE
simple,1,4,1,3,1,-1,0,1,RIGHT,RIGHT,True,False,8,8,0,0.0,False,False,True,0,ADEQUATE
simple,1,4,1,4,0,0,-1,1,RIGHT,NONE,False,True,8,,,,False,False,False,0,INVALID_BELIEF
simple,1,4,1,4,2,0,1,1,RIGHT,NONE,False,True,8,,,,False,False,False,0,INVALID_BELIEF
simple,1,4,1,5,1,1,0,1,RIGHT,RIGHT,True,False,8,8,0,0.0,False,False,True,0,ADEQUATE
simple,1,5,1,4,1,-1,0,1,RIGHT,RIGHT,True,False,7,7,0,0.0,False,False,True,0,ADEQUATE
simple,1,5,1,5,0,0,-1,1,RIGHT,NONE,False,True,7,,,,False,False,False,0,INVALID_BELIEF
simple,1,5,1,5,2,0,1,1,RIGHT,NONE,False,True,7,,,,False,False,False,0,INVALID_BELIEF
simple,1,5,1,6,1,1,0,1,RIGHT,DOWN,True,True,7,8,1,0.14285714285714285,True,False,False,0,COLLISION
simple,1,6,1,5,1,-1,0,1,DOWN,RIGHT,True,True,6,6,0,0.0,False,False,True,0,ADEQUATE
simple,1,6,1,6,0,0,-1,1,DOWN,NONE,False,True,6,,,,False,False,False,0,INVALID_BELIEF
simple,1,6,1,6,2,0,1,1,DOWN,DOWN,True,False,6,6,0,0.0,False,False,True,0,ADEQUATE
simple,1,6,1,7,1,1,0,1,DOWN,DOWN,True,False,6,6,0,0.0,False,False,True,0,ADEQUATE
simple,1,7,1,6,1,-1,0,1,DOWN,DOWN,True,False,5,5,0,0.0,False,False,True,0,ADEQUATE
simple,1,7,1,7,0,0,-1,1,DOWN,NONE,False,True,5,,,,False,False,False,0,INVALID_BELIEF
simple,1,7,1,7,2,0,1,1,DOWN,DOWN,True,False,5,5,0,0.0,False,False,True,0,ADEQUATE
simple,1,7,1,8,1,1,0,1,DOWN,DOWN,True,False,5,5,0,0.0,False,False,True,0,ADEQUATE
simple,1,8,1,7,1,-1,0,1,DOWN,DOWN,True,False,4,4,0,0.0,False,False,True,0,ADEQUATE
simple,1,8,1,8,0,0,-1,1,DOWN,NONE,False,True,4,,,,False,False,False,0,INVALID_BELIEF
simple,1,8,1,8,2,0,1,1,DOWN,DOWN,True,False,4,4,0,0.0,False,False,True,0,ADEQUATE
simple,1,8,1,9,1,1,0,1,DOWN,NONE,False,True,4,,,,False,False,False,0,INVALID_BELIEF
simple,1,1,2,0,2,-1,0,1,DOWN,NONE,False,True,10,,,,False,False,False,0,INVALID_BELIEF
simple,1,1,2,1,1,0,-1,1,DOWN,DOWN,True,False,10,10,0,0.0,False,False,True,0,ADEQUATE
simple,1,1,2,1,3,0,1,1,DOWN,DOWN,True,False,10,10,0,0.0,False,False,True,0,ADEQUATE
simple,1,1,2,2,2,1,0,1,DOWN,DOWN,True,False,10,10,0,0.0,False,False,True,0,ADEQUATE
simple,1,2,2,1,2,-1,0,1,DOWN,DOWN,True,False,9,9,0,0.0,False,False,True,0,ADEQUATE
simple,1,2,2,2,1,0,-1,1,DOWN,DOWN,True,False,9,9,0,0.0,False,False,True,0,ADEQUATE
simple,1,2,2,2,3,0,1,1,DOWN,DOWN,True,False,9,9,0,0.0,False,False,True,0,ADEQUATE
simple,1,2,2,3,2,1,0,1,DOWN,NONE,False,True,9,,,,False,False,False,0,INVALID_BELIEF
simple,1,6,2,5,2,-1,0,1,DOWN,NONE,False,True,5,,,,False,False,False,0,INVALID_BELIEF
simple,1,6,2,6,1,0,-1,1,DOWN,DOWN,True,False,5,5,0,0.0,False,False,True,0,ADEQUATE
simple,1,6,2,6,3,0,1,1,DOWN,RIGHT,True,True,5,5,0,0.0,False,False,True,0,ADEQUATE
simple,1,6,2,7,2,1,0,1,DOWN,DOWN,True,False,5,5,0,0.0,False,False,True,0,ADEQUATE
simple,1,7,2,6,2,-1,0,1,DOWN,DOWN,True,False,4,4,0,0.0,False,False,True,0,ADEQUATE
simple,1,7,2,7,1,0,-1,1,DOWN,DOWN,True,False,4,4,0,0.0,False,False,True,0,ADEQUATE
simple,1,7,2,7,3,0,1,1,DOWN,RIGHT,True,True,4,4,0,0.0,False,False,True,0,ADEQUATE
simple,1,7,2,8,2,1,0,1,DOWN,DOWN,True,False,4,4,0,0.0,False,False,True,0,ADEQUATE
simple,1,8,2,7,2,-1,0,1,DOWN,DOWN,True,False,3,3,0,0.0,False,False,True,0,ADEQUATE
simple,1,8,2,8,1,0,-1,1,DOWN,DOWN,True,False,3,3,0,0.0,False,False,True,0,ADEQUATE
simple,1,8,2,8,3,0,1,1,DOWN,DOWN,True,False,3,3,0,0.0,False,False,True,0,ADEQUATE
simple,1,8,2,9,2,1,0,1,DOWN,NONE,False,True,3,,,,False,False,False,0,INVALID_BELIEF
simple,1,1,3,0,3,-1,0,1,DOWN,NONE,False,True,9,,,,False,False,False,0,INVALID_BELIEF
simple,1,1,3,1,2,0,-1,1,DOWN,DOWN,True,False,9,9,0,0.0,False,False,True,0,ADEQUATE
simple,1,1,3,1,4,0,1,1,DOWN,DOWN,True,False,9,9,0,0.0,False,False,True,0,ADEQUATE
simple,1,1,3,2,3,1,0,1,DOWN,DOWN,True,False,9,9,0,0.0,False,False,True,0,ADEQUATE
simple,1,2,3,1,3,-1,0,1,DOWN,DOWN,True,False,8,8,0,0.0,False,False,True,0,ADEQUATE
simple,1,2,3,2,2,0,-1,1,DOWN,DOWN,True,False,8,8,0,0.0,False,False,True,0,ADEQUATE
simple,1,2,3,2,4,0,1,1,DOWN,DOWN,True,False,8,8,0,0.0,False,False,True,0,ADEQUATE
simple,1,2,3,3,3,1,0,1,DOWN,DOWN,True,False,8,8,0,0.0,False,False,True,0,ADEQUATE
simple,1,3,3,2,3,-1,0,1,DOWN,DOWN,True,False,7,7,0,0.0,False,False,True,0,ADEQUATE
simple,1,3,3,3,2,0,-1,1,DOWN,NONE,False,True,7,,,,False,False,False,0,INVALID_BELIEF
simple,1,3,3,3,4,0,1,1,DOWN,DOWN,True,False,7,7,0,0.0,False,False,True,0,ADEQUATE
simple,1,3,3,4,3,1,0,1,DOWN,DOWN,True,False,7,7,0,0.0,False,False,True,0,ADEQUATE
simple,1,4,3,3,3,-1,0,1,DOWN,DOWN,True,False,6,6,0,0.0,False,False,True,0,ADEQUATE
simple,1,4,3,4,2,0,-1,1,DOWN,NONE,False,True,6,,,,False,False,False,0,INVALID_BELIEF
simple,1,4,3,4,4,0,1,1,DOWN,DOWN,True,False,6,6,0,0.0,False,False,True,0,ADEQUATE
simple,1,4,3,5,3,1,0,1,DOWN,RIGHT,True,True,6,6,0,0.0,False,False,True,0,ADEQUATE
simple,1,5,3,4,3,-1,0,1,RIGHT,DOWN,True,True,5,6,1,0.2,True,False,False,0,COLLISION
simple,1,5,3,5,2,0,-1,1,RIGHT,NONE,False,True,5,,,,False,False,False,0,INVALID_BELIEF
simple,1,5,3,5,4,0,1,1,RIGHT,NONE,False,True,5,,,,False,False,False,0,INVALID_BELIEF
simple,1,5,3,6,3,1,0,1,RIGHT,RIGHT,True,False,5,5,0,0.0,False,False,True,0,ADEQUATE
simple,1,6,3,5,3,-1,0,1,RIGHT,RIGHT,True,False,4,4,0,0.0,False,False,True,0,ADEQUATE
simple,1,6,3,6,2,0,-1,1,RIGHT,DOWN,True,True,4,5,1,0.25,True,False,False,0,COLLISION
simple,1,6,3,6,4,0,1,1,RIGHT,NONE,False,True,4,,,,False,False,False,0,INVALID_BELIEF
simple,1,6,3,7,3,1,0,1,RIGHT,RIGHT,True,False,4,4,0,0.0,False,False,True,0,ADEQUATE
simple,1,7,3,6,3,-1,0,1,RIGHT,RIGHT,True,False,3,3,0,0.0,False,False,True,0,ADEQUATE
simple,1,7,3,7,2,0,-1,1,RIGHT,DOWN,True,True,3,4,1,0.3333333333333333,True,False,False,0,COLLISION
simple,1,7,3,7,4,0,1,1,RIGHT,NONE,False,True,3,,,,False,False,False,0,INVALID_BELIEF
simple,1,7,3,8,3,1,0,1,RIGHT,DOWN,True,True,3,4,1,0.3333333333333333,True,False,False,0,COLLISION
simple,1,8,3,7,3,-1,0,1,DOWN,RIGHT,True,True,2,3,1,0.5,True,False,False,0,COLLISION
simple,1,8,3,8,2,0,-1,1,DOWN,DOWN,True,False,2,2,0,0.0,False,False,True,0,ADEQUATE
simple,1,8,3,8,4,0,1,1,DOWN,DOWN,True,False,2,2,0,0.0,False,False,True,0,ADEQUATE
simple,1,8,3,9,3,1,0,1,DOWN,NONE,False,True,2,,,,False,False,False,0,INVALID_BELIEF
simple,1,1,4,0,4,-1,0,1,DOWN,NONE,False,True,8,,,,False,False,False,0,INVALID_BELIEF
simple,1,1,4,1,3,0,-1,1,DOWN,DOWN,True,False,8,8,0,0.0,False,False,True,0,ADEQUATE
simple,1,1,4,1,5,0,1,1,DOWN,RIGHT,True,True,8,8,0,0.0,False,False,True,0,ADEQUATE
simple,1,1,4,2,4,1,0,1,DOWN,DOWN,True,False,8,8,0,0.0,False,False,True,0,ADEQUATE
simple,1,2,4,1,4,-1,0,1,DOWN,DOWN,True,False,7,7,0,0.0,False,False,True,0,ADEQUATE
simple,1,2,4,2,3,0,-1,1,DOWN,DOWN,True,False,7,7,0,0.0,False,False,True,0,ADEQUATE
simple,1,2,4,2,5,0,1,1,DOWN,RIGHT,True,True,7,7,0,0.0,False,False,True,0,ADEQUATE
simple,1,2,4,3,4,1,0,1,DOWN,DOWN,True,False,7,7,0,0.0,False,False,True,0,ADEQUATE
simple,1,3,4,2,4,-1,0,1,DOWN,DOWN,True,False,6,6,0,0.0,False,False,True,0,ADEQUATE
simple,1,3,4,3,3,0,-1,1,DOWN,DOWN,True,False,6,6,0,0.0,False,False,True,0,ADEQUATE
simple,1,3,4,3,5,0,1,1,DOWN,RIGHT,True,True,6,6,0,0.0,False,False,True,0,ADEQUATE
simple,1,3,4,4,4,1,0,1,DOWN,DOWN,True,False,6,6,0,0.0,False,False,True,0,ADEQUATE
simple,1,4,4,3,4,-1,0,1,DOWN,DOWN,True,False,5,5,0,0.0,False,False,True,0,ADEQUATE
simple,1,4,4,4,3,0,-1,1,DOWN,DOWN,True,False,5,5,0,0.0,False,False,True,0,ADEQUATE
simple,1,4,4,4,5,0,1,1,DOWN,RIGHT,True,True,5,6,1,0.2,True,False,False,0,COLLISION
simple,1,4,4,5,4,1,0,1,DOWN,NONE,False,True,5,,,,False,False,False,0,INVALID_BELIEF
simple,1,8,4,7,4,-1,0,1,DOWN,NONE,False,True,1,,,,False,False,False,0,INVALID_BELIEF
simple,1,8,4,8,3,0,-1,1,DOWN,DOWN,True,False,1,1,0,0.0,False,False,True,0,ADEQUATE
simple,1,8,4,8,5,0,1,1,DOWN,NONE,True,True,1,,,,False,True,False,0,FALSE_TERMINAL
simple,1,8,4,9,4,1,0,1,DOWN,NONE,False,True,1,,,,False,False,False,0,INVALID_BELIEF
simple,1,1,5,0,5,-1,0,1,RIGHT,NONE,False,True,7,,,,False,False,False,0,INVALID_BELIEF
simple,1,1,5,1,4,0,-1,1,RIGHT,DOWN,True,True,7,8,1,0.14285714285714285,True,False,False,0,COLLISION
simple,1,1,5,1,6,0,1,1,RIGHT,NONE,False,True,7,,,,False,False,False,0,INVALID_BELIEF
simple,1,1,5,2,5,1,0,1,RIGHT,RIGHT,True,False,7,7,0,0.0,False,False,True,0,ADEQUATE
simple,1,2,5,1,5,-1,0,1,RIGHT,RIGHT,True,False,6,6,0,0.0,False,False,True,0,ADEQUATE
simple,1,2,5,2,4,0,-1,1,RIGHT,DOWN,True,True,6,7,1,0.16666666666666666,True,False,False,0,COLLISION
simple,1,2,5,2,6,0,1,1,RIGHT,NONE,False,True,6,,,,False,False,False,0,INVALID_BELIEF
simple,1,2,5,3,5,1,0,1,RIGHT,RIGHT,True,False,6,6,0,0.0,False,False,True,0,ADEQUATE
simple,1,3,5,2,5,-1,0,1,RIGHT,RIGHT,True,False,5,5,0,0.0,False,False,True,0,ADEQUATE
simple,1,3,5,3,4,0,-1,1,RIGHT,DOWN,True,True,5,6,1,0.2,True,False,False,0,COLLISION
simple,1,3,5,3,6,0,1,1,RIGHT,NONE,False,True,5,,,,False,False,False,0,INVALID_BELIEF
simple,1,3,5,4,5,1,0,1,RIGHT,RIGHT,True,False,5,5,0,0.0,False,False,True,0,ADEQUATE
simple,1,4,5,3,5,-1,0,1,RIGHT,RIGHT,True,False,4,4,0,0.0,False,False,True,0,ADEQUATE
simple,1,4,5,4,4,0,-1,1,RIGHT,DOWN,True,True,4,5,1,0.25,True,False,False,0,COLLISION
simple,1,4,5,4,6,0,1,1,RIGHT,NONE,False,True,4,,,,False,False,False,0,INVALID_BELIEF
simple,1,4,5,5,5,1,0,1,RIGHT,RIGHT,True,False,4,4,0,0.0,False,False,True,0,ADEQUATE
simple,1,5,5,4,5,-1,0,1,RIGHT,RIGHT,True,False,3,3,0,0.0,False,False,True,0,ADEQUATE
simple,1,5,5,5,4,0,-1,1,RIGHT,NONE,False,True,3,,,,False,False,False,0,INVALID_BELIEF
simple,1,5,5,5,6,0,1,1,RIGHT,NONE,False,True,3,,,,False,False,False,0,INVALID_BELIEF
simple,1,5,5,6,5,1,0,1,RIGHT,RIGHT,True,False,3,3,0,0.0,False,False,True,0,ADEQUATE
simple,1,6,5,5,5,-1,0,1,RIGHT,RIGHT,True,False,2,2,0,0.0,False,False,True,0,ADEQUATE
simple,1,6,5,6,4,0,-1,1,RIGHT,NONE,False,True,2,,,,False,False,False,0,INVALID_BELIEF
simple,1,6,5,6,6,0,1,1,RIGHT,NONE,False,True,2,,,,False,False,False,0,INVALID_BELIEF
simple,1,6,5,7,5,1,0,1,RIGHT,RIGHT,True,False,2,2,0,0.0,False,False,True,0,ADEQUATE
simple,1,7,5,6,5,-1,0,1,RIGHT,RIGHT,True,False,1,1,0,0.0,False,False,True,0,ADEQUATE
simple,1,7,5,7,4,0,-1,1,RIGHT,NONE,False,True,1,,,,False,False,False,0,INVALID_BELIEF
simple,1,7,5,7,6,0,1,1,RIGHT,NONE,False,True,1,,,,False,False,False,0,INVALID_BELIEF
simple,1,7,5,8,5,1,0,1,RIGHT,NONE,True,True,1,,,,False,True,False,0,FALSE_TERMINAL
simple,2,1,1,-1,1,-2,0,2,DOWN,NONE,False,True,11,,,,False,False,False,0,INVALID_BELIEF
simple,2,1,1,0,0,-1,-1,2,DOWN,NONE,False,True,11,,,,False,False,False,0,INVALID_BELIEF
simple,2,1,1,0,2,-1,1,2,DOWN,NONE,False,True,11,,,,False,False,False,0,INVALID_BELIEF
simple,2,1,1,1,-1,0,-2,2,DOWN,NONE,False,True,11,,,,False,False,False,0,INVALID_BELIEF
simple,2,1,1,1,3,0,2,2,DOWN,DOWN,True,False,11,11,0,0.0,False,False,True,0,ADEQUATE
simple,2,1,1,2,0,1,-1,2,DOWN,NONE,False,True,11,,,,False,False,False,0,INVALID_BELIEF
simple,2,1,1,2,2,1,1,2,DOWN,DOWN,True,False,11,11,0,0.0,False,False,True,0,ADEQUATE
simple,2,1,1,3,1,2,0,2,DOWN,RIGHT,True,True,11,11,0,0.0,False,False,True,0,ADEQUATE
simple,2,2,1,0,1,-2,0,2,DOWN,NONE,False,True,10,,,,False,False,False,0,INVALID_BELIEF
simple,2,2,1,1,0,-1,-1,2,DOWN,NONE,False,True,10,,,,False,False,False,0,INVALID_BELIEF
simple,2,2,1,1,2,-1,1,2,DOWN,DOWN,True,False,10,10,0,0.0,False,False,True,0,ADEQUATE
simple,2,2,1,2,-1,0,-2,2,DOWN,NONE,False,True,10,,,,False,False,False,0,INVALID_BELIEF
simple,2,2,1,2,3,0,2,2,DOWN,DOWN,True,False,10,10,0,0.0,False,False,True,0,ADEQUATE
simple,2,2,1,3,0,1,-1,2,DOWN,NONE,False,True,10,,,,False,False,False,0,INVALID_BELIEF
simple,2,2,1,3,2,1,1,2,DOWN,NONE,False,True,10,,,,False,False,False,0,INVALID_BELIEF
simple,2,2,1,4,1,2,0,2,DOWN,RIGHT,True,True,10,10,0,0.0,False,False,True,0,ADEQUATE
simple,2,3,1,1,1,-2,0,2,RIGHT,DOWN,True,True,9,10,1,0.1111111111111111,True,False,False,0,COLLISION
simple,2,3,1,2,0,-1,-1,2,RIGHT,NONE,False,True,9,,,,False,False,False,0,INVALID_BELIEF
simple,2,3,1,2,2,-1,1,2,RIGHT,DOWN,True,True,9,10,1,0.1111111111111111,True,False,False,0,COLLISION
simple,2,3,1,3,-1,0,-2,2,RIGHT,NONE,False,True,9,,,,False,False,False,0,INVALID_BELIEF
simple,2,3,1,3,3,0,2,2,RIGHT,DOWN,True,True,9,10,1,0.1111111111111111,True,False,False,0,COLLISION
simple,2,3,1,4,0,1,-1,2,RIGHT,NONE,False,True,9,,,,False,False,False,0,INVALID_BELIEF
simple,2,3,1,4,2,1,1,2,RIGHT,NONE,False,True,9,,,,False,False,False,0,INVALID_BELIEF
simple,2,3,1,5,1,2,0,2,RIGHT,RIGHT,True,False,9,9,0,0.0,False,False,True,0,ADEQUATE
simple,2,4,1,2,1,-2,0,2,RIGHT,DOWN,True,True,8,9,1,0.125,True,False,False,0,COLLISION
simple,2,4,1,3,0,-1,-1,2,RIGHT,NONE,False,True,8,,,,False,False,False,0,INVALID_BELIEF
simple,2,4,1,3,2,-1,1,2,RIGHT,NONE,False,True,8,,,,False,False,False,0,INVALID_BELIEF
simple,2,4,1,4,-1,0,-2,2,RIGHT,NONE,False,True,8,,,,False,False,False,0,INVALID_BELIEF
simple,2,4,1,4,3,0,2,2,RIGHT,DOWN,True,True,8,9,1,0.125,True,False,False,0,COLLISION
simple,2,4,1,5,0,1,-1,2,RIGHT,NONE,False,True,8,,,,False,False,False,0,INVALID_BELIEF
simple,2,4,1,5,2,1,1,2,RIGHT,NONE,False,True,8,,,,False,False,False,0,INVALID_BELIEF
simple,2,4,1,6,1,2,0,2,RIGHT,DOWN,True,True,8,9,1,0.125,True,False,False,0,COLLISION
simple,2,5,1,3,1,-2,0,2,RIGHT,RIGHT,True,False,7,7,0,0.0,False,False,True,0,ADEQUATE
simple,2,5,1,4,0,-1,-1,2,RIGHT,NONE,False,True,7,,,,False,False,False,0,INVALID_BELIEF
simple,2,5,1,4,2,-1,1,2,RIGHT,NONE,False,True,7,,,,False,False,False,0,INVALID_BELIEF
simple,2,5,1,5,-1,0,-2,2,RIGHT,NONE,False,True,7,,,,False,False,False,0,INVALID_BELIEF
simple,2,5,1,5,3,0,2,2,RIGHT,RIGHT,True,False,7,7,0,0.0,False,False,True,0,ADEQUATE
simple,2,5,1,6,0,1,-1,2,RIGHT,NONE,False,True,7,,,,False,False,False,0,INVALID_BELIEF
simple,2,5,1,6,2,1,1,2,RIGHT,DOWN,True,True,7,8,1,0.14285714285714285,True,False,False,0,COLLISION
simple,2,5,1,7,1,2,0,2,RIGHT,DOWN,True,True,7,8,1,0.14285714285714285,True,False,False,0,COLLISION
simple,2,6,1,4,1,-2,0,2,DOWN,RIGHT,True,True,6,6,0,0.0,False,False,True,0,ADEQUATE
simple,2,6,1,5,0,-1,-1,2,DOWN,NONE,False,True,6,,,,False,False,False,0,INVALID_BELIEF
simple,2,6,1,5,2,-1,1,2,DOWN,NONE,False,True,6,,,,False,False,False,0,INVALID_BELIEF
simple,2,6,1,6,-1,0,-2,2,DOWN,NONE,False,True,6,,,,False,False,False,0,INVALID_BELIEF
simple,2,6,1,6,3,0,2,2,DOWN,RIGHT,True,True,6,6,0,0.0,False,False,True,0,ADEQUATE
simple,2,6,1,7,0,1,-1,2,DOWN,NONE,False,True,6,,,,False,False,False,0,INVALID_BELIEF
simple,2,6,1,7,2,1,1,2,DOWN,DOWN,True,False,6,6,0,0.0,False,False,True,0,ADEQUATE
simple,2,6,1,8,1,2,0,2,DOWN,DOWN,True,False,6,6,0,0.0,False,False,True,0,ADEQUATE
simple,2,7,1,5,1,-2,0,2,DOWN,RIGHT,True,True,5,5,0,0.0,False,False,True,0,ADEQUATE
simple,2,7,1,6,0,-1,-1,2,DOWN,NONE,False,True,5,,,,False,False,False,0,INVALID_BELIEF
simple,2,7,1,6,2,-1,1,2,DOWN,DOWN,True,False,5,5,0,0.0,False,False,True,0,ADEQUATE
simple,2,7,1,7,-1,0,-2,2,DOWN,NONE,False,True,5,,,,False,False,False,0,INVALID_BELIEF
simple,2,7,1,7,3,0,2,2,DOWN,RIGHT,True,True,5,5,0,0.0,False,False,True,0,ADEQUATE
simple,2,7,1,8,0,1,-1,2,DOWN,NONE,False,True,5,,,,False,False,False,0,INVALID_BELIEF
simple,2,7,1,8,2,1,1,2,DOWN,DOWN,True,False,5,5,0,0.0,False,False,True,0,ADEQUATE
simple,2,7,1,9,1,2,0,2,DOWN,NONE,False,True,5,,,,False,False,False,0,INVALID_BELIEF
simple,2,8,1,6,1,-2,0,2,DOWN,DOWN,True,False,4,4,0,0.0,False,False,True,0,ADEQUATE
simple,2,8,1,7,0,-1,-1,2,DOWN,NONE,False,True,4,,,,False,False,False,0,INVALID_BELIEF
simple,2,8,1,7,2,-1,1,2,DOWN,DOWN,True,False,4,4,0,0.0,False,False,True,0,ADEQUATE
simple,2,8,1,8,-1,0,-2,2,DOWN,NONE,False,True,4,,,,False,False,False,0,INVALID_BELIEF
simple,2,8,1,8,3,0,2,2,DOWN,DOWN,True,False,4,4,0,0.0,False,False,True,0,ADEQUATE
simple,2,8,1,9,0,1,-1,2,DOWN,NONE,False,True,4,,,,False,False,False,0,INVALID_BELIEF
simple,2,8,1,9,2,1,1,2,DOWN,NONE,False,True,4,,,,False,False,False,0,INVALID_BELIEF
simple,2,8,1,10,1,2,0,2,DOWN,NONE,False,True,4,,,,False,False,False,0,INVALID_BELIEF
simple,2,1,2,-1,2,-2,0,2,DOWN,NONE,False,True,10,,,,False,False,False,0,INVALID_BELIEF
simple,2,1,2,0,1,-1,-1,2,DOWN,NONE,False,True,10,,,,False,False,False,0,INVALID_BELIEF
simple,2,1,2,0,3,-1,1,2,DOWN,NONE,False,True,10,,,,False,False,False,0,INVALID_BELIEF
simple,2,1,2,1,0,0,-2,2,DOWN,NONE,False,True,10,,,,False,False,False,0,INVALID_BELIEF
simple,2,1,2,1,4,0,2,2,DOWN,DOWN,True,False,10,10,0,0.0,False,False,True,0,ADEQUATE
simple,2,1,2,2,1,1,-1,2,DOWN,DOWN,True,False,10,10,0,0.0,False,False,True,0,ADEQUATE
simple,2,1,2,2,3,1,1,2,DOWN,DOWN,True,False,10,10,0,0.0,False,False,True,0,ADEQUATE
simple,2,1,2,3,2,2,0,2,DOWN,NONE,False,True,10,,,,False,False,False,0,INVALID_BELIEF
simple,2,2,2,0,2,-2,0,2,DOWN,NONE,False,True,9,,,,False,False,False,0,INVALID_BELIEF
simple,2,2,2,1,1,-1,-1,2,DOWN,DOWN,True,False,9,9,0,0.0,False,False,True,0,ADEQUATE
simple,2,2,2,1,3,-1,1,2,DOWN,DOWN,True,False,9,9,0,0.0,False,False,True,0,ADEQUATE
simple,2,2,2,2,0,0,-2,2,DOWN,NONE,False,True,9,,,,False,False,False,0,INVALID_BELIEF
simple,2,2,2,2,4,0,2,2,DOWN,DOWN,True,False,9,9,0,0.0,False,False,True,0,ADEQUATE
simple,2,2,2,3,1,1,-1,2,DOWN,RIGHT,True,True,9,10,1,0.1111111111111111,True,False,False,0,COLLISION
simple,2,2,2,3,3,1,1,2,DOWN,DOWN,True,False,9,9,0,0.0,False,False,True,0,ADEQUATE
simple,2,2,2,4,2,2,0,2,DOWN,NONE,False,True,9,,,,False,False,False,0,INVALID_BELIEF
simple,2,6,2,4,2,-2,0,2,DOWN,NONE,False,True,5,,,,False,False,False,0,INVALID_BELIEF
simple,2,6,2,5,1,-1,-1,2,DOWN,RIGHT,True,True,5,5,0,0.0,False,False,True,0,ADEQUATE
simple,2,6,2,5,3,-1,1,2,DOWN,RIGHT,True,True,5,5,0,0.0,False,False,True,0,ADEQUATE
simple,2,6,2,6,0,0,-2,2,DOWN,NONE,False,True,5,,,,False,False,False,0,INVALID_BELIEF
simple,2,6,2,6,4,0,2,2,DOWN,NONE,False,True,5,,,,False,False,False,0,INVALID_BELIEF
simple,2,6,2,7,1,1,-1,2,DOWN,DOWN,True,False,5,5,0,0.0,False,False,True,0,ADEQUATE
simple,2,6,2,7,3,1,1,2,DOWN,RIGHT,True,True,5,5,0,0.0,False,False,True,0,ADEQUATE
simple,2,6,2,8,2,2,0,2,DOWN,DOWN,True,False,5,5,0,0.0,False,False,True,0,ADEQUATE
simple,2,7,2,5,2,-2,0,2,DOWN,NONE,False,True,4,,,,False,False,False,0,INVALID_BELIEF
simple,2,7,2,6,1,-1,-1,2,DOWN,DOWN,True,False,4,4,0,0.0,False,False,True,0,ADEQUATE
simple,2,7,2,6,3,-1,1,2,DOWN,RIGHT,True,True,4,4,0,0.0,False,False,True,0,ADEQUATE
simple,2,7,2,7,0,0,-2,2,DOWN,NONE,False,True,4,,,,False,False,False,0,INVALID_BELIEF
simple,2,7,2,7,4,0,2,2,DOWN,NONE,False,True,4,,,,False,False,False,0,INVALID_BELIEF
simple,2,7,2,8,1,1,-1,2,DOWN,DOWN,True,False,4,4,0,0.0,False,False,True,0,ADEQUATE
simple,2,7,2,8,3,1,1,2,DOWN,DOWN,True,False,4,4,0,0.0,False,False,True,0,ADEQUATE
simple,2,7,2,9,2,2,0,2,DOWN,NONE,False,True,4,,,,False,False,False,0,INVALID_BELIEF
simple,2,8,2,6,2,-2,0,2,DOWN,DOWN,True,False,3,3,0,0.0,False,False,True,0,ADEQUATE
simple,2,8,2,7,1,-1,-1,2,DOWN,DOWN,True,False,3,3,0,0.0,False,False,True,0,ADEQUATE
simple,2,8,2,7,3,-1,1,2,DOWN,RIGHT,True,True,3,4,1,0.3333333333333333,True,False,False,0,COLLISION
simple,2,8,2,8,0,0,-2,2,DOWN,NONE,False,True,3,,,,False,False,False,0,INVALID_BELIEF
simple,2,8,2,8,4,0,2,2,DOWN,DOWN,True,False,3,3,0,0.0,False,False,True,0,ADEQUATE
simple,2,8,2,9,1,1,-1,2,DOWN,NONE,False,True,3,,,,False,False,False,0,INVALID_BELIEF
simple,2,8,2,9,3,1,1,2,DOWN,NONE,False,True,3,,,,False,False,False,0,INVALID_BELIEF
simple,2,8,2,10,2,2,0,2,DOWN,NONE,False,True,3,,,,False,False,False,0,INVALID_BELIEF
simple,2,1,3,-1,3,-2,0,2,DOWN,NONE,False,True,9,,,,False,False,False,0,INVALID_BELIEF
simple,2,1,3,0,2,-1,-1,2,DOWN,NONE,False,True,9,,,,False,False,False,0,INVALID_BELIEF
simple,2,1,3,0,4,-1,1,2,DOWN,NONE,False,True,9,,,,False,False,False,0,INVALID_BELIEF
simple,2,1,3,1,1,0,-2,2,DOWN,DOWN,True,False,9,9,0,0.0,False,False,True,0,ADEQUATE
simple,2,1,3,1,5,0,2,2,DOWN,RIGHT,True,True,9,9,0,0.0,False,False,True,0,ADEQUATE
simple,2,1,3,2,2,1,-1,2,DOWN,DOWN,True,False,9,9,0,0.0,False,False,True,0,ADEQUATE
simple,2,1,3,2,4,1,1,2,DOWN,DOWN,True,False,9,9,0,0.0,False,False,True,0,ADEQUATE
simple,2,1,3,3,3,2,0,2,DOWN,DOWN,True,False,9,9,0,0.0,False,False,True,0,ADEQUATE
simple,2,2,3,0,3,-2,0,2,DOWN,NONE,False,True,8,,,,False,False,False,0,INVALID_BELIEF
simple,2,2,3,1,2,-1,-1,2,DOWN,DOWN,True,False,8,8,0,0.0,False,False,True,0,ADEQUATE
simple,2,2,3,1,4,-1,1,2,DOWN,DOWN,True,False,8,8,0,0.0,False,False,True,0,ADEQUATE
simple,2,2,3,2,1,0,-2,2,DOWN,DOWN,True,False,8,8,0,0.0,False,False,True,0,ADEQUATE
simple,2,2,3,2,5,0,2,2,DOWN,RIGHT,True,True,8,8,0,0.0,False,False,True,0,ADEQUATE
simple,2,2,3,3,2,1,-1,2,DOWN,NONE,False,True,8,,,,False,False,False,0,INVALID_BELIEF
simple,2,2,3,3,4,1,1,2,DOWN,DOWN,True,False,8,8,0,0.0,False,False,True,0,ADEQUATE
simple,2,2,3,4,3,2,0,2,DOWN,DOWN,True,False,8,8,0,0.0,False,False,True,0,ADEQUATE
simple,2,3,3,1,3,-2,0,2,DOWN,DOWN,True,False,7,7,0,0.0,False,False,True,0,ADEQUATE
simple,2,3,3,2,2,-1,-1,2,DOWN,DOWN,True,False,7,7,0,0.0,False,False,True,0,ADEQUATE
simple,2,3,3,2,4,-1,1,2,DOWN,DOWN,True,False,7,7,0,0.0,False,False,True,0,ADEQUATE
simple,2,3,3,3,1,0,-2,2,DOWN,RIGHT,True,True,7,7,0,0.0,False,False,True,0,ADEQUATE
simple,2,3,3,3,5,0,2,2,DOWN,RIGHT,True,True,7,7,0,0.0,False,False,True,0,ADEQUATE
simple,2,3,3,4,2,1,-1,2,DOWN,NONE,False,True,7,,,,False,False,False,0,INVALID_BELIEF
simple,2,3,3,4,4,1,1,2,DOWN,DOWN,True,False,7,7,0,0.0,False,False,True,0,ADEQUATE
simple,2,3,3,5,3,2,0,2,DOWN,RIGHT,True,True,7,7,0,0.0,False,False,True,0,ADEQUATE
simple,2,4,3,2,3,-2,0,2,DOWN,DOWN,True,False,6,6,0,0.0,False,False,True,0,ADEQUATE
simple,2,4,3,3,2,-1,-1,2,DOWN,NONE,False,True,6,,,,False,False,False,0,INVALID_BELIEF
simple,2,4,3,3,4,-1,1,2,DOWN,DOWN,True,False,6,6,0,0.0,False,False,True,0,ADEQUATE
simple,2,4,3,4,1,0,-2,2,DOWN,RIGHT,True,True,6,6,0,0.0,False,False,True,0,ADEQUATE
simple,2,4,3,4,5,0,2,2,DOWN,RIGHT,True,True,6,6,0,0.0,False,False,True,0,ADEQUATE
simple,2,4,3,5,2,1,-1,2,DOWN,NONE,False,True,6,,,,False,False,False,0,INVALID_BELIEF
simple,2,4,3,5,4,1,1,2,DOWN,NONE,False,True,6,,,,False,False,False,0,INVALID_BELIEF
simple,2,4,3,6,3,2,0,2,DOWN,RIGHT,True,True,6,6,0,0.0,False,False,True,0,ADEQUATE
simple,2,5,3,3,3,-2,0,2,RIGHT,DOWN,True,True,5,6,1,0.2,True,False,False,0,COLLISION
simple,2,5,3,4,2,-1,-1,2,RIGHT,NONE,False,True,5,,,,False,False,False,0,INVALID_BELIEF
simple,2,5,3,4,4,-1,1,2,RIGHT,DOWN,True,True,5,6,1,0.2,True,False,False,0,COLLISION
simple,2,5,3,5,1,0,-2,2,RIGHT,RIGHT,True,False,5,5,0,0.0,False,False,True,0,ADEQUATE
simple,2,5,3,5,5,0,2,2,RIGHT,RIGHT,True,False,5,5,0,0.0,False,False,True,0,ADEQUATE
simple,2,5,3,6,2,1,-1,2,RIGHT,DOWN,True,True,5,6,1,0.2,True,False,False,0,COLLISION
simple,2,5,3,6,4,1,1,2,RIGHT,NONE,False,True,5,,,,False,False,False,0,INVALID_BELIEF
simple,2,5,3,7,3,2,0,2,RIGHT,RIGHT,True,False,5,5,0,0.0,False,False,True,0,ADEQUATE
simple,2,6,3,4,3,-2,0,2,RIGHT,DOWN,True,True,4,5,1,0.25,True,False,False,0,COLLISION
simple,2,6,3,5,2,-1,-1,2,RIGHT,NONE,False,True,4,,,,False,False,False,0,INVALID_BELIEF
simple,2,6,3,5,4,-1,1,2,RIGHT,NONE,False,True,4,,,,False,False,False,0,INVALID_BELIEF
simple,2,6,3,6,1,0,-2,2,RIGHT,DOWN,True,True,4,5,1,0.25,True,False,False,0,COLLISION
simple,2,6,3,6,5,0,2,2,RIGHT,RIGHT,True,False,4,4,0,0.0,False,False,True,0,ADEQUATE
simple,2,6,3,7,2,1,-1,2,RIGHT,DOWN,True,True,4,5,1,0.25,True,False,False,0,COLLISION
simple,2,6,3,7,4,1,1,2,RIGHT,NONE,False,True,4,,,,False,False,False,0,INVALID_BELIEF
simple,2,6,3,8,3,2,0,2,RIGHT,DOWN,True,True,4,5,1,0.25,True,False,False,0,COLLISION
simple,2,7,3,5,3,-2,0,2,RIGHT,RIGHT,True,False,3,3,0,0.0,False,False,True,0,ADEQUATE
simple,2,7,3,6,2,-1,-1,2,RIGHT,DOWN,True,True,3,4,1,0.3333333333333333,True,False,False,0,COLLISION
simple,2,7,3,6,4,-1,1,2,RIGHT,NONE,False,True,3,,,,False,False,False,0,INVALID_BELIEF
simple,2,7,3,7,1,0,-2,2,RIGHT,DOWN,True,True,3,4,1,0.3333333333333333,True,False,False,0,COLLISION
simple,2,7,3,7,5,0,2,2,RIGHT,RIGHT,True,False,3,3,0,0.0,False,False,True,0,ADEQUATE
simple,2,7,3,8,2,1,-1,2,RIGHT,DOWN,True,True,3,4,1,0.3333333333333333,True,False,False,0,COLLISION
simple,2,7,3,8,4,1,1,2,RIGHT,DOWN,True,True,3,4,1,0.3333333333333333,True,False,False,0,COLLISION
simple,2,7,3,9,3,2,0,2,RIGHT,NONE,False,True,3,,,,False,False,False,0,INVALID_BELIEF
simple,2,8,3,6,3,-2,0,2,DOWN,RIGHT,True,True,2,3,1,0.5,True,False,False,0,COLLISION
simple,2,8,3,7,2,-1,-1,2,DOWN,DOWN,True,False,2,2,0,0.0,False,False,True,0,ADEQUATE
simple,2,8,3,7,4,-1,1,2,DOWN,NONE,False,True,2,,,,False,False,False,0,INVALID_BELIEF
simple,2,8,3,8,1,0,-2,2,DOWN,DOWN,True,False,2,2,0,0.0,False,False,True,0,ADEQUATE
simple,2,8,3,8,5,0,2,2,DOWN,NONE,True,True,2,,,,False,True,False,0,FALSE_TERMINAL
simple,2,8,3,9,2,1,-1,2,DOWN,NONE,False,True,2,,,,False,False,False,0,INVALID_BELIEF
simple,2,8,3,9,4,1,1,2,DOWN,NONE,False,True,2,,,,False,False,False,0,INVALID_BELIEF
simple,2,8,3,10,3,2,0,2,DOWN,NONE,False,True,2,,,,False,False,False,0,INVALID_BELIEF
simple,2,1,4,-1,4,-2,0,2,DOWN,NONE,False,True,8,,,,False,False,False,0,INVALID_BELIEF
simple,2,1,4,0,3,-1,-1,2,DOWN,NONE,False,True,8,,,,False,False,False,0,INVALID_BELIEF
simple,2,1,4,0,5,-1,1,2,DOWN,NONE,False,True,8,,,,False,False,False,0,INVALID_BELIEF
simple,2,1,4,1,2,0,-2,2,DOWN,DOWN,True,False,8,8,0,0.0,False,False,True,0,ADEQUATE
simple,2,1,4,1,6,0,2,2,DOWN,NONE,False,True,8,,,,False,False,False,0,INVALID_BELIEF
simple,2,1,4,2,3,1,-1,2,DOWN,DOWN,True,False,8,8,0,0.0,False,False,True,0,ADEQUATE
simple,2,1,4,2,5,1,1,2,DOWN,RIGHT,True,True,8,8,0,0.0,False,False,True,0,ADEQUATE
simple,2,1,4,3,4,2,0,2,DOWN,DOWN,True,False,8,8,0,0.0,False,False,True,0,ADEQUATE
simple,2,2,4,0,4,-2,0,2,DOWN,NONE,False,True,7,,,,False,False,False,0,INVALID_BELIEF
simple,2,2,4,1,3,-1,-1,2,DOWN,DOWN,True,False,7,7,0,0.0,False,False,True,0,ADEQUATE
simple,2,2,4,1,5,-1,1,2,DOWN,RIGHT,True,True,7,7,0,0.0,False,False,True,0,ADEQUATE
simple,2,2,4,2,2,0,-2,2,DOWN,DOWN,True,False,7,7,0,0.0,False,False,True,0,ADEQUATE
simple,2,2,4,2,6,0,2,2,DOWN,NONE,False,True,7,,,,False,False,False,0,INVALID_BELIEF
simple,2,2,4,3,3,1,-1,2,DOWN,DOWN,True,False,7,7,0,0.0,False,False,True,0,ADEQUATE
simple,2,2,4,3,5,1,1,2,DOWN,RIGHT,True,True,7,7,0,0.0,False,False,True,0,ADEQUATE
simple,2,2,4,4,4,2,0,2,DOWN,DOWN,True,False,7,7,0,0.0,False,False,True,0,ADEQUATE
simple,2,3,4,1,4,-2,0,2,DOWN,DOWN,True,False,6,6,0,0.0,False,False,True,0,ADEQUATE
simple,2,3,4,2,3,-1,-1,2,DOWN,DOWN,True,False,6,6,0,0.0,False,False,True,0,ADEQUATE
simple,2,3,4,2,5,-1,1,2,DOWN,RIGHT,True,True,6,6,0,0.0,False,False,True,0,ADEQUATE
simple,2,3,4,3,2,0,-2,2,DOWN,NONE,False,True,6,,,,False,False,False,0,INVALID_BELIEF
simple,2,3,4,3,6,0,2,2,DOWN,NONE,False,True,6,,,,False,False,False,0,INVALID_BELIEF
simple,2,3,4,4,3,1,-1,2,DOWN,DOWN,True,False,6,6,0,0.0,False,False,True,0,ADEQUATE
simple,2,3,4,4,5,1,1,2,DOWN,RIGHT,True,True,6,6,0,0.0,False,False,True,0,ADEQUATE
simple,2,3,4,5,4,2,0,2,DOWN,NONE,False,True,6,,,,False,False,False,0,INVALID_BELIEF
simple,2,4,4,2,4,-2,0,2,DOWN,DOWN,True,False,5,5,0,0.0,False,False,True,0,ADEQUATE
simple,2,4,4,3,3,-1,-1,2,DOWN,DOWN,True,False,5,5,0,0.0,False,False,True,0,ADEQUATE
simple,2,4,4,3,5,-1,1,2,DOWN,RIGHT,True,True,5,6,1,0.2,True,False,False,0,COLLISION
simple,2,4,4,4,2,0,-2,2,DOWN,NONE,False,True,5,,,,False,False,False,0,INVALID_BELIEF
simple,2,4,4,4,6,0,2,2,DOWN,NONE,False,True,5,,,,False,False,False,0,INVALID_BELIEF
simple,2,4,4,5,3,1,-1,2,DOWN,RIGHT,True,True,5,6,1,0.2,True,False,False,0,COLLISION
simple,2,4,4,5,5,1,1,2,DOWN,RIGHT,True,True,5,6,1,0.2,True,False,False,0,COLLISION
simple,2,4,4,6,4,2,0,2,DOWN,NONE,False,True,5,,,,False,False,False,0,INVALID_BELIEF
simple,2,8,4,6,4,-2,0,2,DOWN,NONE,False,True,1,,,,False,False,False,0,INVALID_BELIEF
simple,2,8,4,7,3,-1,-1,2,DOWN,RIGHT,True,True,1,2,1,1.0,True,False,False,0,COLLISION
simple,2,8,4,7,5,-1,1,2,DOWN,RIGHT,True,True,1,2,1,1.0,True,False,False,0,COLLISION
simple,2,8,4,8,2,0,-2,2,DOWN,DOWN,True,False,1,1,0,0.0,False,False,True,0,ADEQUATE
simple,2,8,4,8,6,0,2,2,DOWN,NONE,False,True,1,,,,False,False,False,0,INVALID_BELIEF
simple,2,8,4,9,3,1,-1,2,DOWN,NONE,False,True,1,,,,False,False,False,0,INVALID_BELIEF
simple,2,8,4,9,5,1,1,2,DOWN,NONE,False,True,1,,,,False,False,False,0,INVALID_BELIEF
simple,2,8,4,10,4,2,0,2,DOWN,NONE,False,True,1,,,,False,False,False,0,INVALID_BELIEF
simple,2,1,5,-1,5,-2,0,2,RIGHT,NONE,False,True,7,,,,False,False,False,0,INVALID_BELIEF
simple,2,1,5,0,4,-1,-1,2,RIGHT,NONE,False,True,7,,,,False,False,False,0,INVALID_BELIEF
simple,2,1,5,0,6,-1,1,2,RIGHT,NONE,False,True,7,,,,False,False,False,0,INVALID_BELIEF
simple,2,1,5,1,3,0,-2,2,RIGHT,DOWN,True,True,7,8,1,0.14285714285714285,True,False,False,0,COLLISION
simple,2,1,5,1,7,0,2,2,RIGHT,NONE,False,True,7,,,,False,False,False,0,INVALID_BELIEF
simple,2,1,5,2,4,1,-1,2,RIGHT,DOWN,True,True,7,8,1,0.14285714285714285,True,False,False,0,COLLISION
simple,2,1,5,2,6,1,1,2,RIGHT,NONE,False,True,7,,,,False,False,False,0,INVALID_BELIEF
simple,2,1,5,3,5,2,0,2,RIGHT,RIGHT,True,False,7,7,0,0.0,False,False,True,0,ADEQUATE
simple,2,2,5,0,5,-2,0,2,RIGHT,NONE,False,True,6,,,,False,False,False,0,INVALID_BELIEF
simple,2,2,5,1,4,-1,-1,2,RIGHT,DOWN,True,True,6,7,1,0.16666666666666666,True,False,False,0,COLLISION
simple,2,2,5,1,6,-1,1,2,RIGHT,NONE,False,True,6,,,,False,False,False,0,INVALID_BELIEF
simple,2,2,5,2,3,0,-2,2,RIGHT,DOWN,True,True,6,7,1,0.16666666666666666,True,False,False,0,COLLISION
simple,2,2,5,2,7,0,2,2,RIGHT,NONE,False,True,6,,,,False,False,False,0,INVALID_BELIEF
simple,2,2,5,3,4,1,-1,2,RIGHT,DOWN,True,True,6,7,1,0.16666666666666666,True,False,False,0,COLLISION
simple,2,2,5,3,6,1,1,2,RIGHT,NONE,False,True,6,,,,False,False,False,0,INVALID_BELIEF
simple,2,2,5,4,5,2,0,2,RIGHT,RIGHT,True,False,6,6,0,0.0,False,False,True,0,ADEQUATE
simple,2,3,5,1,5,-2,0,2,RIGHT,RIGHT,True,False,5,5,0,0.0,False,False,True,0,ADEQUATE
simple,2,3,5,2,4,-1,-1,2,RIGHT,DOWN,True,True,5,6,1,0.2,True,False,False,0,COLLISION
simple,2,3,5,2,6,-1,1,2,RIGHT,NONE,False,True,5,,,,False,False,False,0,INVALID_BELIEF
simple,2,3,5,3,3,0,-2,2,RIGHT,DOWN,True,True,5,6,1,0.2,True,False,False,0,COLLISION
simple,2,3,5,3,7,0,2,2,RIGHT,NONE,False,True,5,,,,False,False,False,0,INVALID_BELIEF
simple,2,3,5,4,4,1,-1,2,RIGHT,DOWN,True,True,5,6,1,0.2,True,False,False,0,COLLISION
simple,2,3,5,4,6,1,1,2,RIGHT,NONE,False,True,5,,,,False,False,False,0,INVALID_BELIEF
simple,2,3,5,5,5,2,0,2,RIGHT,RIGHT,True,False,5,5,0,0.0,False,False,True,0,ADEQUATE
simple,2,4,5,2,5,-2,0,2,RIGHT,RIGHT,True,False,4,4,0,0.0,False,False,True,0,ADEQUATE
simple,2,4,5,3,4,-1,-1,2,RIGHT,DOWN,True,True,4,5,1,0.25,True,False,False,0,COLLISION
simple,2,4,5,3,6,-1,1,2,RIGHT,NONE,False,True,4,,,,False,False,False,0,INVALID_BELIEF
simple,2,4,5,4,3,0,-2,2,RIGHT,DOWN,True,True,4,5,1,0.25,True,False,False,0,COLLISION
simple,2,4,5,4,7,0,2,2,RIGHT,NONE,False,True,4,,,,False,False,False,0,INVALID_BELIEF
simple,2,4,5,5,4,1,-1,2,RIGHT,NONE,False,True,4,,,,False,False,False,0,INVALID_BELIEF
simple,2,4,5,5,6,1,1,2,RIGHT,NONE,False,True,4,,,,False,False,False,0,INVALID_BELIEF
simple,2,4,5,6,5,2,0,2,RIGHT,RIGHT,True,False,4,4,0,0.0,False,False,True,0,ADEQUATE
simple,2,5,5,3,5,-2,0,2,RIGHT,RIGHT,True,False,3,3,0,0.0,False,False,True,0,ADEQUATE
simple,2,5,5,4,4,-1,-1,2,RIGHT,DOWN,True,True,3,4,1,0.3333333333333333,True,False,False,0,COLLISION
simple,2,5,5,4,6,-1,1,2,RIGHT,NONE,False,True,3,,,,False,False,False,0,INVALID_BELIEF
simple,2,5,5,5,3,0,-2,2,RIGHT,RIGHT,True,False,3,3,0,0.0,False,False,True,0,ADEQUATE
simple,2,5,5,5,7,0,2,2,RIGHT,NONE,False,True,3,,,,False,False,False,0,INVALID_BELIEF
simple,2,5,5,6,4,1,-1,2,RIGHT,NONE,False,True,3,,,,False,False,False,0,INVALID_BELIEF
simple,2,5,5,6,6,1,1,2,RIGHT,NONE,False,True,3,,,,False,False,False,0,INVALID_BELIEF
simple,2,5,5,7,5,2,0,2,RIGHT,RIGHT,True,False,3,3,0,0.0,False,False,True,0,ADEQUATE
simple,2,6,5,4,5,-2,0,2,RIGHT,RIGHT,True,False,2,2,0,0.0,False,False,True,0,ADEQUATE
simple,2,6,5,5,4,-1,-1,2,RIGHT,NONE,False,True,2,,,,False,False,False,0,INVALID_BELIEF
simple,2,6,5,5,6,-1,1,2,RIGHT,NONE,False,True,2,,,,False,False,False,0,INVALID_BELIEF
simple,2,6,5,6,3,0,-2,2,RIGHT,RIGHT,True,False,2,2,0,0.0,False,False,True,0,ADEQUATE
simple,2,6,5,6,7,0,2,2,RIGHT,NONE,False,True,2,,,,False,False,False,0,INVALID_BELIEF
simple,2,6,5,7,4,1,-1,2,RIGHT,NONE,False,True,2,,,,False,False,False,0,INVALID_BELIEF
simple,2,6,5,7,6,1,1,2,RIGHT,NONE,False,True,2,,,,False,False,False,0,INVALID_BELIEF
simple,2,6,5,8,5,2,0,2,RIGHT,NONE,True,True,2,,,,False,True,False,0,FALSE_TERMINAL
simple,2,7,5,5,5,-2,0,2,RIGHT,RIGHT,True,False,1,1,0,0.0,False,False,True,0,ADEQUATE
simple,2,7,5,6,4,-1,-1,2,RIGHT,NONE,False,True,1,,,,False,False,False,0,INVALID_BELIEF
simple,2,7,5,6,6,-1,1,2,RIGHT,NONE,False,True,1,,,,False,False,False,0,INVALID_BELIEF
simple,2,7,5,7,3,0,-2,2,RIGHT,RIGHT,True,False,1,1,0,0.0,False,False,True,0,ADEQUATE
simple,2,7,5,7,7,0,2,2,RIGHT,NONE,False,True,1,,,,False,False,False,0,INVALID_BELIEF
simple,2,7,5,8,4,1,-1,2,RIGHT,DOWN,True,True,1,2,1,1.0,True,False,False,0,COLLISION
simple,2,7,5,8,6,1,1,2,RIGHT,NONE,False,True,1,,,,False,False,False,0,INVALID_BELIEF
simple,2,7,5,9,5,2,0,2,RIGHT,NONE,False,True,1,,,,False,False,False,0,INVALID_BELIEF
simple,3,1,1,-2,1,-3,0,3,DOWN,NONE,False,True,11,,,,False,False,False,0,INVALID_BELIEF
simple,3,1,1,-1,0,-2,-1,3,DOWN,NONE,False,True,11,,,,False,False,False,0,INVALID_BELIEF
simple,3,1,1,-1,2,-2,1,3,DOWN,NONE,False,True,11,,,,False,False,False,0,INVALID_BELIEF
simple,3,1,1,0,-1,-1,-2,3,DOWN,NONE,False,True,11,,,,False,False,False,0,INVALID_BELIEF
simple,3,1,1,0,3,-1,2,3,DOWN,NONE,False,True,11,,,,False,False,False,0,INVALID_BELIEF
simple,3,1,1,1,-2,0,-3,3,DOWN,NONE,False,True,11,,,,False,False,False,0,INVALID_BELIEF
simple,3,1,1,1,4,0,3,3,DOWN,DOWN,True,False,11,11,0,0.0,False,False,True,0,ADEQUATE
simple,3,1,1,2,-1,1,-2,3,DOWN,NONE,False,True,11,,,,False,False,False,0,INVALID_BELIEF
simple,3,1,1,2,3,1,2,3,DOWN,DOWN,True,False,11,11,0,0.0,False,False,True,0,ADEQUATE
simple,3,1,1,3,0,2,-1,3,DOWN,NONE,False,True,11,,,,False,False,False,0,INVALID_BELIEF
simple,3,1,1,3,2,2,1,3,DOWN,NONE,False,True,11,,,,False,False,False,0,INVALID_BELIEF
simple,3,1,1,4,1,3,0,3,DOWN,RIGHT,True,True,11,11,0,0.0,False,False,True,0,ADEQUATE
simple,3,2,1,-1,1,-3,0,3,DOWN,NONE,False,True,10,,,,False,False,False,0,INVALID_BELIEF
simple,3,2,1,0,0,-2,-1,3,DOWN,NONE,False,True,10,,,,False,False,False,0,INVALID_BELIEF
simple,3,2,1,0,2,-2,1,3,DOWN,NONE,False,True,10,,,,False,False,False,0,INVALID_BELIEF
simple,3,2,1,1,-1,-1,-2,3,DOWN,NONE,False,True,10,,,,False,False,False,0,INVALID_BELIEF
simple,3,2,1,1,3,-1,2,3,DOWN,DOWN,True,False,10,10,0,0.0,False,False,True,0,ADEQUATE
simple,3,2,1,2,-2,0,-3,3,DOWN,NONE,False,True,10,,,,False,False,False,0,INVALID_BELIEF
simple,3,2,1,2,4,0,3,3,DOWN,DOWN,True,False,10,10,0,0.0,False,False,True,0,ADEQUATE
simple,3,2,1,3,-1,1,-2,3,DOWN,NONE,False,True,10,,,,False,False,False,0,INVALID_BELIEF
simple,3,2,1,3,3,1,2,3,DOWN,DOWN,True,False,10,10,0,0.0,False,False,True,0,ADEQUATE
simple,3,2,1,4,0,2,-1,3,DOWN,NONE,False,True,10,,,,False,False,False,0,INVALID_BELIEF
simple,3,2,1,4,2,2,1,3,DOWN,NONE,False,True,10,,,,False,False,False,0,INVALID_BELIEF
simple,3,2,1,5,1,3,0,3,DOWN,RIGHT,True,True,10,10,0,0.0,False,False,True,0,ADEQUATE
simple,3,3,1,0,1,-3,0,3,RIGHT,NONE,False,True,9,,,,False,False,False,0,INVALID_BELIEF
simple,3,3,1,1,0,-2,-1,3,RIGHT,NONE,False,True,9,,,,False,False,False,0,INVALID_BELIEF
simple,3,3,1,1,2,-2,1,3,RIGHT,DOWN,True,True,9,10,1,0.1111111111111111,True,False,False,0,COLLISION
simple,3,3,1,2,-1,-1,-2,3,RIGHT,NONE,False,True,9,,,,False,False,False,0,INVALID_BELIEF
simple,3,3,1,2,3,-1,2,3,RIGHT,DOWN,True,True,9,10,1,0.1111111111111111,True,False,False,0,COLLISION
simple,3,3,1,3,-2,0,-3,3,RIGHT,NONE,False,True,9,,,,False,False,False,0,INVALID_BELIEF
simple,3,3,1,3,4,0,3,3,RIGHT,DOWN,True,True,9,10,1,0.1111111111111111,True,False,False,0,COLLISION
simple,3,3,1,4,-1,1,-2,3,RIGHT,NONE,False,True,9,,,,False,False,False,0,INVALID_BELIEF
simple,3,3,1,4,3,1,2,3,RIGHT,DOWN,True,True,9,10,1,0.1111111111111111,True,False,False,0,COLLISION
simple,3,3,1,5,0,2,-1,3,RIGHT,NONE,False,True,9,,,,False,False,False,0,INVALID_BELIEF
simple,3,3,1,5,2,2,1,3,RIGHT,NONE,False,True,9,,,,False,False,False,0,INVALID_BELIEF
simple,3,3,1,6,1,3,0,3,RIGHT,DOWN,True,True,9,10,1,0.1111111111111111,True,False,False,0,COLLISION
simple,3,4,1,1,1,-3,0,3,RIGHT,DOWN,True,True,8,9,1,0.125,True,False,False,0,COLLISION
simple,3,4,1,2,0,-2,-1,3,RIGHT,NONE,False,True,8,,,,False,False,False,0,INVALID_BELIEF
simple,3,4,1,2,2,-2,1,3,RIGHT,DOWN,True,True,8,9,1,0.125,True,False,False,0,COLLISION
simple,3,4,1,3,-1,-1,-2,3,RIGHT,NONE,False,True,8,,,,False,False,False,0,INVALID_BELIEF
simple,3,4,1,3,3,-1,2,3,RIGHT,DOWN,True,True,8,9,1,0.125,True,False,False,0,COLLISION
simple,3,4,1,4,-2,0,-3,3,RIGHT,NONE,False,True,8,,,,False,False,False,0,INVALID_BELIEF
simple,3,4,1,4,4,0,3,3,RIGHT,DOWN,True,True,8,9,1,0.125,True,False,False,0,COLLISION
simple,3,4,1,5,-1,1,-2,3,RIGHT,NONE,False,True,8,,,,False,False,False,0,INVALID_BELIEF
simple,3,4,1,5,3,1,2,3,RIGHT,RIGHT,True,False,8,8,0,0.0,False,False,True,0,ADEQUATE
simple,3,4,1,6,0,2,-1,3,RIGHT,NONE,False,True,8,,,,False,False,False,0,INVALID_BELIEF
simple,3,4,1,6,2,2,1,3,RIGHT,DOWN,True,True,8,9,1,0.125,True,False,False,0,COLLISION
simple,3,4,1,7,1,3,0,3,RIGHT,DOWN,True,True,8,9,1,0.125,True,False,False,0,COLLISION
simple,3,5,1,2,1,-3,0,3,RIGHT,DOWN,True,True,7,8,1,0.14285714285714285,True,False,False,0,COLLISION
simple,3,5,1,3,0,-2,-1,3,RIGHT,NONE,False,True,7,,,,False,False,False,0,INVALID_BELIEF
simple,3,5,1,3,2,-2,1,3,RIGHT,NONE,False,True,7,,,,False,False,False,0,INVALID_BELIEF
simple,3,5,1,4,-1,-1,-2,3,RIGHT,NONE,False,True,7,,,,False,False,False,0,INVALID_BELIEF
simple,3,5,1,4,3,-1,2,3,RIGHT,DOWN,True,True,7,8,1,0.14285714285714285,True,False,False,0,COLLISION
simple,3,5,1,5,-2,0,-3,3,RIGHT,NONE,False,True,7,,,,False,False,False,0,INVALID_BELIEF
simple,3,5,1,5,4,0,3,3,RIGHT,NONE,False,True,7,,,,False,False,False,0,INVALID_BELIEF
simple,3,5,1,6,-1,1,-2,3,RIGHT,NONE,False,True,7,,,,False,False,False,0,INVALID_BELIEF
simple,3,5,1,6,3,1,2,3,RIGHT,RIGHT,True,False,7,7,0,0.0,False,False,True,0,ADEQUATE
simple,3,5,1,7,0,2,-1,3,RIGHT,NONE,False,True,7,,,,False,False,False,0,INVALID_BELIEF
simple,3,5,1,7,2,2,1,3,RIGHT,DOWN,True,True,7,8,1,0.14285714285714285,True,False,False,0,COLLISION
simple,3,5,1,8,1,3,0,3,RIGHT,DOWN,True,True,7,8,1,0.14285714285714285,True,False,False,0,COLLISION
simple,3,6,1,3,1,-3,0,3,DOWN,RIGHT,True,True,6,6,0,0.0,False,False,True,0,ADEQUATE
simple,3,6,1,4,0,-2,-1,3,DOWN,NONE,False,True,6,,,,False,False,False,0,INVALID_BELIEF
simple,3,6,1,4,2,-2,1,3,DOWN,NONE,False,True,6,,,,False,False,False,0,INVALID_BELIEF
simple,3,6,1,5,-1,-1,-2,3,DOWN,NONE,False,True,6,,,,False,False,False,0,INVALID_BELIEF
simple,3,6,1,5,3,-1,2,3,DOWN,RIGHT,True,True,6,6,0,0.0,False,False,True,0,ADEQUATE
simple,3,6,1,6,-2,0,-3,3,DOWN,NONE,False,True,6,,,,False,False,False,0,INVALID_BELIEF
simple,3,6,1,6,4,0,3,3,DOWN,NONE,False,True,6,,,,False,False,False,0,INVALID_BELIEF
simple,3,6,1,7,-1,1,-2,3,DOWN,NONE,False,True,6,,,,False,False,False,0,INVALID_BELIEF
simple,3,6,1,7,3,1,2,3,DOWN,RIGHT,True,True,6,6,0,0.0,False,False,True,0,ADEQUATE
simple,3,6,1,8,0,2,-1,3,DOWN,NONE,False,True,6,,,,False,False,False,0,INVALID_BELIEF
simple,3,6,1,8,2,2,1,3,DOWN,DOWN,True,False,6,6,0,0.0,False,False,True,0,ADEQUATE
simple,3,6,1,9,1,3,0,3,DOWN,NONE,False,True,6,,,,False,False,False,0,INVALID_BELIEF
simple,3,7,1,4,1,-3,0,3,DOWN,RIGHT,True,True,5,5,0,0.0,False,False,True,0,ADEQUATE
simple,3,7,1,5,0,-2,-1,3,DOWN,NONE,False,True,5,,,,False,False,False,0,INVALID_BELIEF
simple,3,7,1,5,2,-2,1,3,DOWN,NONE,False,True,5,,,,False,False,False,0,INVALID_BELIEF
simple,3,7,1,6,-1,-1,-2,3,DOWN,NONE,False,True,5,,,,False,False,False,0,INVALID_BELIEF
simple,3,7,1,6,3,-1,2,3,DOWN,RIGHT,True,True,5,5,0,0.0,False,False,True,0,ADEQUATE
simple,3,7,1,7,-2,0,-3,3,DOWN,NONE,False,True,5,,,,False,False,False,0,INVALID_BELIEF
simple,3,7,1,7,4,0,3,3,DOWN,NONE,False,True,5,,,,False,False,False,0,INVALID_BELIEF
simple,3,7,1,8,-1,1,-2,3,DOWN,NONE,False,True,5,,,,False,False,False,0,INVALID_BELIEF
simple,3,7,1,8,3,1,2,3,DOWN,DOWN,True,False,5,5,0,0.0,False,False,True,0,ADEQUATE
simple,3,7,1,9,0,2,-1,3,DOWN,NONE,False,True,5,,,,False,False,False,0,INVALID_BELIEF
simple,3,7,1,9,2,2,1,3,DOWN,NONE,False,True,5,,,,False,False,False,0,INVALID_BELIEF
simple,3,7,1,10,1,3,0,3,DOWN,NONE,False,True,5,,,,False,False,False,0,INVALID_BELIEF
simple,3,8,1,5,1,-3,0,3,DOWN,RIGHT,True,True,4,5,1,0.25,True,False,False,0,COLLISION
simple,3,8,1,6,0,-2,-1,3,DOWN,NONE,False,True,4,,,,False,False,False,0,INVALID_BELIEF
simple,3,8,1,6,2,-2,1,3,DOWN,DOWN,True,False,4,4,0,0.0,False,False,True,0,ADEQUATE
simple,3,8,1,7,-1,-1,-2,3,DOWN,NONE,False,True,4,,,,False,False,False,0,INVALID_BELIEF
simple,3,8,1,7,3,-1,2,3,DOWN,RIGHT,True,True,4,5,1,0.25,True,False,False,0,COLLISION
simple,3,8,1,8,-2,0,-3,3,DOWN,NONE,False,True,4,,,,False,False,False,0,INVALID_BELIEF
simple,3,8,1,8,4,0,3,3,DOWN,DOWN,True,False,4,4,0,0.0,False,False,True,0,ADEQUATE
simple,3,8,1,9,-1,1,-2,3,DOWN,NONE,False,True,4,,,,False,False,False,0,INVALID_BELIEF
simple,3,8,1,9,3,1,2,3,DOWN,NONE,False,True,4,,,,False,False,False,0,INVALID_BELIEF
simple,3,8,1,10,0,2,-1,3,DOWN,NONE,False,True,4,,,,False,False,False,0,INVALID_BELIEF
simple,3,8,1,10,2,2,1,3,DOWN,NONE,False,True,4,,,,False,False,False,0,INVALID_BELIEF
simple,3,8,1,11,1,3,0,3,DOWN,NONE,False,True,4,,,,False,False,False,0,INVALID_BELIEF
simple,3,1,2,-2,2,-3,0,3,DOWN,NONE,False,True,10,,,,False,False,False,0,INVALID_BELIEF
simple,3,1,2,-1,1,-2,-1,3,DOWN,NONE,False,True,10,,,,False,False,False,0,INVALID_BELIEF
simple,3,1,2,-1,3,-2,1,3,DOWN,NONE,False,True,10,,,,False,False,False,0,INVALID_BELIEF
simple,3,1,2,0,0,-1,-2,3,DOWN,NONE,False,True,10,,,,False,False,False,0,INVALID_BELIEF
simple,3,1,2,0,4,-1,2,3,DOWN,NONE,False,True,10,,,,False,False,False,0,INVALID_BELIEF
simple,3,1,2,1,-1,0,-3,3,DOWN,NONE,False,True,10,,,,False,False,False,0,INVALID_BELIEF
simple,3,1,2,1,5,0,3,3,DOWN,RIGHT,True,True,10,10,0,0.0,False,False,True,0,ADEQUATE
simple,3,1,2,2,0,1,-2,3,DOWN,NONE,False,True,10,,,,False,False,False,0,INVALID_BELIEF
simple,3,1,2,2,4,1,2,3,DOWN,DOWN,True,False,10,10,0,0.0,False,False,True,0,ADEQUATE
simple,3,1,2,3,1,2,-1,3,DOWN,RIGHT,True,True,10,10,0,0.0,False,False,True,0,ADEQUATE
simple,3,1,2,3,3,2,1,3,DOWN,DOWN,True,False,10,10,0,0.0,False,False,True,0,ADEQUATE
simple,3,1,2,4,2,3,0,3,DOWN,NONE,False,True,10,,,,False,False,False,0,INVALID_BELIEF
simple,3,2,2,-1,2,-3,0,3,DOWN,NONE,False,True,9,,,,False,False,False,0,INVALID_BELIEF
simple,3,2,2,0,1,-2,-1,3,DOWN,NONE,False,True,9,,,,False,False,False,0,INVALID_BELIEF
simple,3,2,2,0,3,-2,1,3,DOWN,NONE,False,True,9,,,,False,False,False,0,INVALID_BELIEF
simple,3,2,2,1,0,-1,-2,3,DOWN,NONE,False,True,9,,,,False,False,False,0,INVALID_BELIEF
simple,3,2,2,1,4,-1,2,3,DOWN,DOWN,True,False,9,9,0,0.0,False,False,True,0,ADEQUATE
simple,3,2,2,2,-1,0,-3,3,DOWN,NONE,False,True,9,,,,False,False,False,0,INVALID_BELIEF
simple,3,2,2,2,5,0,3,3,DOWN,RIGHT,True,True,9,10,1,0.1111111111111111,True,False,False,0,COLLISION
simple,3,2,2,3,0,1,-2,3,DOWN,NONE,False,True,9,,,,False,False,False,0,INVALID_BELIEF
simple,3,2,2,3,4,1,2,3,DOWN,DOWN,True,False,9,9,0,0.0,False,False,True,0,ADEQUATE
simple,3,2,2,4,1,2,-1,3,DOWN,RIGHT,True,True,9,10,1,0.1111111111111111,True,False,False,0,COLLISION
simple,3,2,2,4,3,2,1,3,DOWN,DOWN,True,False,9,9,0,0.0,False,False,True,0,ADEQUATE
simple,3,2,2,5,2,3,0,3,DOWN,NONE,False,True,9,,,,False,False,False,0,INVALID_BELIEF
simple,3,6,2,3,2,-3,0,3,DOWN,NONE,False,True,5,,,,False,False,False,0,INVALID_BELIEF
simple,3,6,2,4,1,-2,-1,3,DOWN,RIGHT,True,True,5,5,0,0.0,False,False,True,0,ADEQUATE
simple,3,6,2,4,3,-2,1,3,DOWN,DOWN,True,False,5,5,0,0.0,False,False,True,0,ADEQUATE
simple,3,6,2,5,0,-1,-2,3,DOWN,NONE,False,True,5,,,,False,False,False,0,INVALID_BELIEF
simple,3,6,2,5,4,-1,2,3,DOWN,NONE,False,True,5,,,,False,False,False,0,INVALID_BELIEF
simple,3,6,2,6,-1,0,-3,3,DOWN,NONE,False,True,5,,,,False,False,False,0,INVALID_BELIEF
simple,3,6,2,6,5,0,3,3,DOWN,RIGHT,True,True,5,5,0,0.0,False,False,True,0,ADEQUATE
simple,3,6,2,7,0,1,-2,3,DOWN,NONE,False,True,5,,,,False,False,False,0,INVALID_BELIEF
simple,3,6,2,7,4,1,2,3,DOWN,NONE,False,True,5,,,,False,False,False,0,INVALID_BELIEF
simple,3,6,2,8,1,2,-1,3,DOWN,DOWN,True,False,5,5,0,0.0,False,False,True,0,ADEQUATE
simple,3,6,2,8,3,2,1,3,DOWN,DOWN,True,False,5,5,0,0.0,False,False,True,0,ADEQUATE
simple,3,6,2,9,2,3,0,3,DOWN,NONE,False,True,5,,,,False,False,False,0,INVALID_BELIEF
simple,3,7,2,4,2,-3,0,3,DOWN,NONE,False,True,4,,,,False,False,False,0,INVALID_BELIEF
simple,3,7,2,5,1,-2,-1,3,DOWN,RIGHT,True,True,4,4,0,0.0,False,False,True,0,ADEQUATE
simple,3,7,2,5,3,-2,1,3,DOWN,RIGHT,True,True,4,4,0,0.0,False,False,True,0,ADEQUATE
simple,3,7,2,6,0,-1,-2,3,DOWN,NONE,False,True,4,,,,False,False,False,0,INVALID_BELIEF
simple,3,7,2,6,4,-1,2,3,DOWN,NONE,False,True,4,,,,False,False,False,0,INVALID_BELIEF
simple,3,7,2,7,-1,0,-3,3,DOWN,NONE,False,True,4,,,,False,False,False,0,INVALID_BELIEF
simple,3,7,2,7,5,0,3,3,DOWN,RIGHT,True,True,4,4,0,0.0,False,False,True,0,ADEQUATE
simple,3,7,2,8,0,1,-2,3,DOWN,NONE,False,True,4,,,,False,False,False,0,INVALID_BELIEF
simple,3,7,2,8,4,1,2,3,DOWN,DOWN,True,False,4,4,0,0.0,False,False,True,0,ADEQUATE
simple,3,7,2,9,1,2,-1,3,DOWN,NONE,False,True,4,,,,False,False,False,0,INVALID_BELIEF
simple,3,7,2,9,3,2,1,3,DOWN,NONE,False,True,4,,,,False,False,False,0,INVALID_BELIEF
simple,3,7,2,10,2,3,0,3,DOWN,NONE,False,True,4,,,,False,False,False,0,INVALID_BELIEF
simple,3,8,2,5,2,-3,0,3,DOWN,NONE,False,True,3,,,,False,False,False,0,INVALID_BELIEF
simple,3,8,2,6,1,-2,-1,3,DOWN,DOWN,True,False,3,3,0,0.0,False,False,True,0,ADEQUATE
simple,3,8,2,6,3,-2,1,3,DOWN,RIGHT,True,True,3,4,1,0.3333333333333333,True,False,False,0,COLLISION
simple,3,8,2,7,0,-1,-2,3,DOWN,NONE,False,True,3,,,,False,False,False,0,INVALID_BELIEF
simple,3,8,2,7,4,-1,2,3,DOWN,NONE,False,True,3,,,,False,False,False,0,INVALID_BELIEF
simple,3,8,2,8,-1,0,-3,3,DOWN,NONE,False,True,3,,,,False,False,False,0,INVALID_BELIEF
simple,3,8,2,8,5,0,3,3,DOWN,NONE,True,True,3,,,,False,True,False,0,FALSE_TERMINAL
simple,3,8,2,9,0,1,-2,3,DOWN,NONE,False,True,3,,,,False,False,False,0,INVALID_BELIEF
simple,3,8,2,9,4,1,2,3,DOWN,NONE,False,True,3,,,,False,False,False,0,INVALID_BELIEF
simple,3,8,2,10,1,2,-1,3,DOWN,NONE,False,True,3,,,,False,False,False,0,INVALID_BELIEF
simple,3,8,2,10,3,2,1,3,DOWN,NONE,False,True,3,,,,False,False,False,0,INVALID_BELIEF
simple,3,8,2,11,2,3,0,3,DOWN,NONE,False,True,3,,,,False,False,False,0,INVALID_BELIEF
simple,3,1,3,-2,3,-3,0,3,DOWN,NONE,False,True,9,,,,False,False,False,0,INVALID_BELIEF
simple,3,1,3,-1,2,-2,-1,3,DOWN,NONE,False,True,9,,,,False,False,False,0,INVALID_BELIEF
simple,3,1,3,-1,4,-2,1,3,DOWN,NONE,False,True,9,,,,False,False,False,0,INVALID_BELIEF
simple,3,1,3,0,1,-1,-2,3,DOWN,NONE,False,True,9,,,,False,False,False,0,INVALID_BELIEF
simple,3,1,3,0,5,-1,2,3,DOWN,NONE,False,True,9,,,,False,False,False,0,INVALID_BELIEF
simple,3,1,3,1,0,0,-3,3,DOWN,NONE,False,True,9,,,,False,False,False,0,INVALID_BELIEF
simple,3,1,3,1,6,0,3,3,DOWN,NONE,False,True,9,,,,False,False,False,0,INVALID_BELIEF
simple,3,1,3,2,1,1,-2,3,DOWN,DOWN,True,False,9,9,0,0.0,False,False,True,0,ADEQUATE
simple,3,1,3,2,5,1,2,3,DOWN,RIGHT,True,True,9,9,0,0.0,False,False,True,0,ADEQUATE
simple,3,1,3,3,2,2,-1,3,DOWN,NONE,False,True,9,,,,False,False,False,0,INVALID_BELIEF
simple,3,1,3,3,4,2,1,3,DOWN,DOWN,True,False,9,9,0,0.0,False,False,True,0,ADEQUATE
simple,3,1,3,4,3,3,0,3,DOWN,DOWN,True,False,9,9,0,0.0,False,False,True,0,ADEQUATE
simple,3,2,3,-1,3,-3,0,3,DOWN,NONE,False,True,8,,,,False,False,False,0,INVALID_BELIEF
simple,3,2,3,0,2,-2,-1,3,DOWN,NONE,False,True,8,,,,False,False,False,0,INVALID_BELIEF
simple,3,2,3,0,4,-2,1,3,DOWN,NONE,False,True,8,,,,False,False,False,0,INVALID_BELIEF
simple,3,2,3,1,1,-1,-2,3,DOWN,DOWN,True,False,8,8,0,0.0,False,False,True,0,ADEQUATE
simple,3,2,3,1,5,-1,2,3,DOWN,RIGHT,True,True,8,8,0,0.0,False,False,True,0,ADEQUATE
simple,3,2,3,2,0,0,-3,3,DOWN,NONE,False,True,8,,,,False,False,False,0,INVALID_BELIEF
simple,3,2,3,2,6,0,3,3,DOWN,NONE,False,True,8,,,,False,False,False,0,INVALID_BELIEF
simple,3,2,3,3,1,1,-2,3,DOWN,RIGHT,True,True,8,8,0,0.0,False,False,True,0,ADEQUATE
simple,3,2,3,3,5,1,2,3,DOWN,RIGHT,True,True,8,8,0,0.0,False,False,True,0,ADEQUATE
simple,3,2,3,4,2,2,-1,3,DOWN,NONE,False,True,8,,,,False,False,False,0,INVALID_BELIEF
simple,3,2,3,4,4,2,1,3,DOWN,DOWN,True,False,8,8,0,0.0,False,False,True,0,ADEQUATE
simple,3,2,3,5,3,3,0,3,DOWN,RIGHT,True,True,8,8,0,0.0,False,False,True,0,ADEQUATE
simple,3,3,3,0,3,-3,0,3,DOWN,NONE,False,True,7,,,,False,False,False,0,INVALID_BELIEF
simple,3,3,3,1,2,-2,-1,3,DOWN,DOWN,True,False,7,7,0,0.0,False,False,True,0,ADEQUATE
simple,3,3,3,1,4,-2,1,3,DOWN,DOWN,True,False,7,7,0,0.0,False,False,True,0,ADEQUATE
simple,3,3,3,2,1,-1,-2,3,DOWN,DOWN,True,False,7,7,0,0.0,False,False,True,0,ADEQUATE
simple,3,3,3,2,5,-1,2,3,DOWN,RIGHT,True,True,7,7,0,0.0,False,False,True,0,ADEQUATE
simple,3,3,3,3,0,0,-3,3,DOWN,NONE,False,True,7,,,,False,False,False,0,INVALID_BELIEF
simple,3,3,3,3,6,0,3,3,DOWN,NONE,False,True,7,,,,False,False,False,0,INVALID_BELIEF
simple,3,3,3,4,1,1,-2,3,DOWN,RIGHT,True,True,7,7,0,0.0,False,False,True,0,ADEQUATE
simple,3,3,3,4,5,1,2,3,DOWN,RIGHT,True,True,7,7,0,0.0,False,False,True,0,ADEQUATE
simple,3,3,3,5,2,2,-1,3,DOWN,NONE,False,True,7,,,,False,False,False,0,INVALID_BELIEF
simple,3,3,3,5,4,2,1,3,DOWN,NONE,False,True,7,,,,False,False,False,0,INVALID_BELIEF
simple,3,3,3,6,3,3,0,3,DOWN,RIGHT,True,True,7,7,0,0.0,False,False,True,0,ADEQUATE
simple,3,4,3,1,3,-3,0,3,DOWN,DOWN,True,False,6,6,0,0.0,False,False,True,0,ADEQUATE
simple,3,4,3,2,2,-2,-1,3,DOWN,DOWN,True,False,6,6,0,0.0,False,False,True,0,ADEQUATE
simple,3,4,3,2,4,-2,1,3,DOWN,DOWN,True,False,6,6,0,0.0,False,False,True,0,ADEQUATE
simple,3,4,3,3,1,-1,-2,3,DOWN,RIGHT,True,True,6,6,0,0.0,False,False,True,0,ADEQUATE
simple,3,4,3,3,5,-1,2,3,DOWN,RIGHT,True,True,6,6,0,0.0,False,False,True,0,ADEQUATE
simple,3,4,3,4,0,0,-3,3,DOWN,NONE,False,True,6,,,,False,False,False,0,INVALID_BELIEF
simple,3,4,3,4,6,0,3,3,DOWN,NONE,False,True,6,,,,False,False,False,0,INVALID_BELIEF
simple,3,4,3,5,1,1,-2,3,DOWN,RIGHT,True,True,6,6,0,0.0,False,False,True,0,ADEQUATE
simple,3,4,3,5,5,1,2,3,DOWN,RIGHT,True,True,6,6,0,0.0,False,False,True,0,ADEQUATE
simple,3,4,3,6,2,2,-1,3,DOWN,DOWN,True,False,6,6,0,0.0,False,False,True,0,ADEQUATE
simple,3,4,3,6,4,2,1,3,DOWN,NONE,False,True,6,,,,False,False,False,0,INVALID_BELIEF
simple,3,4,3,7,3,3,0,3,DOWN,RIGHT,True,True,6,6,0,0.0,False,False,True,0,ADEQUATE
simple,3,5,3,2,3,-3,0,3,RIGHT,DOWN,True,True,5,6,1,0.2,True,False,False,0,COLLISION
simple,3,5,3,3,2,-2,-1,3,RIGHT,NONE,False,True,5,,,,False,False,False,0,INVALID_BELIEF
simple,3,5,3,3,4,-2,1,3,RIGHT,DOWN,True,True,5,6,1,0.2,True,False,False,0,COLLISION
simple,3,5,3,4,1,-1,-2,3,RIGHT,RIGHT,True,False,5,5,0,0.0,False,False,True,0,ADEQUATE
simple,3,5,3,4,5,-1,2,3,RIGHT,RIGHT,True,False,5,5,0,0.0,False,False,True,0,ADEQUATE
simple,3,5,3,5,0,0,-3,3,RIGHT,NONE,False,True,5,,,,False,False,False,0,INVALID_BELIEF
simple,3,5,3,5,6,0,3,3,RIGHT,NONE,False,True,5,,,,False,False,False,0,INVALID_BELIEF
simple,3,5,3,6,1,1,-2,3,RIGHT,DOWN,True,True,5,6,1,0.2,True,False,False,0,COLLISION
simple,3,5,3,6,5,1,2,3,RIGHT,RIGHT,True,False,5,5,0,0.0,False,False,True,0,ADEQUATE
simple,3,5,3,7,2,2,-1,3,RIGHT,DOWN,True,True,5,6,1,0.2,True,False,False,0,COLLISION
simple,3,5,3,7,4,2,1,3,RIGHT,NONE,False,True,5,,,,False,False,False,0,INVALID_BELIEF
simple,3,5,3,8,3,3,0,3,RIGHT,DOWN,True,True,5,6,1,0.2,True,False,False,0,COLLISION
simple,3,6,3,3,3,-3,0,3,RIGHT,DOWN,True,True,4,5,1,0.25,True,False,False,0,COLLISION
simple,3,6,3,4,2,-2,-1,3,RIGHT,NONE,False,True,4,,,,False,False,False,0,INVALID_BELIEF
simple,3,6,3,4,4,-2,1,3,RIGHT,DOWN,True,True,4,5,1,0.25,True,False,False,0,COLLISION
simple,3,6,3,5,1,-1,-2,3,RIGHT,RIGHT,True,False,4,4,0,0.0,False,False,True,0,ADEQUATE
simple,3,6,3,5,5,-1,2,3,RIGHT,RIGHT,True,False,4,4,0,0.0,False,False,True,0,ADEQUATE
simple,3,6,3,6,0,0,-3,3,RIGHT,NONE,False,True,4,,,,False,False,False,0,INVALID_BELIEF
simple,3,6,3,6,6,0,3,3,RIGHT,NONE,False,True,4,,,,False,False,False,0,INVALID_BELIEF
simple,3,6,3,7,1,1,-2,3,RIGHT,DOWN,True,True,4,5,1,0.25,True,False,False,0,COLLISION
simple,3,6,3,7,5,1,2,3,RIGHT,RIGHT,True,False,4,4,0,0.0,False,False,True,0,ADEQUATE
simple,3,6,3,8,2,2,-1,3,RIGHT,DOWN,True,True,4,5,1,0.25,True,False,False,0,COLLISION
simple,3,6,3,8,4,2,1,3,RIGHT,DOWN,True,True,4,5,1,0.25,True,False,False,0,COLLISION
simple,3,6,3,9,3,3,0,3,RIGHT,NONE,False,True,4,,,,False,False,False,0,INVALID_BELIEF
simple,3,7,3,4,3,-3,0,3,RIGHT,DOWN,True,True,3,4,1,0.3333333333333333,True,False,False,0,COLLISION
simple,3,7,3,5,2,-2,-1,3,RIGHT,NONE,False,True,3,,,,False,False,False,0,INVALID_BELIEF
simple,3,7,3,5,4,-2,1,3,RIGHT,NONE,False,True,3,,,,False,False,False,0,INVALID_BELIEF
simple,3,7,3,6,1,-1,-2,3,RIGHT,DOWN,True,True,3,4,1,0.3333333333333333,True,False,False,0,COLLISION
simple,3,7,3,6,5,-1,2,3,RIGHT,RIGHT,True,False,3,3,0,0.0,False,False,True,0,ADEQUATE
simple,3,7,3,7,0,0,-3,3,RIGHT,NONE,False,True,3,,,,False,False,False,0,INVALID_BELIEF
simple,3,7,3,7,6,0,3,3,RIGHT,NONE,False,True,3,,,,False,False,False,0,INVALID_BELIEF
simple,3,7,3,8,1,1,-2,3,RIGHT,DOWN,True,True,3,4,1,0.3333333333333333,True,False,False,0,COLLISION
simple,3,7,3,8,5,1,2,3,RIGHT,NONE,True,True,3,,,,False,True,False,0,FALSE_TERMINAL
simple,3,7,3,9,2,2,-1,3,RIGHT,NONE,False,True,3,,,,False,False,False,0,INVALID_BELIEF
simple,3,7,3,9,4,2,1,3,RIGHT,NONE,False,True,3,,,,False,False,False,0,INVALID_BELIEF
simple,3,7,3,10,3,3,0,3,RIGHT,NONE,False,True,3,,,,False,False,False,0,INVALID_BELIEF
simple,3,8,3,5,3,-3,0,3,DOWN,RIGHT,True,True,2,3,1,0.5,True,False,False,0,COLLISION
simple,3,8,3,6,2,-2,-1,3,DOWN,DOWN,True,False,2,2,0,0.0,False,False,True,0,ADEQUATE
simple,3,8,3,6,4,-2,1,3,DOWN,NONE,False,True,2,,,,False,False,False,0,INVALID_BELIEF
simple,3,8,3,7,1,-1,-2,3,DOWN,DOWN,True,False,2,2,0,0.0,False,False,True,0,ADEQUATE
simple,3,8,3,7,5,-1,2,3,DOWN,RIGHT,True,True,2,3,1,0.5,True,False,False,0,COLLISION
simple,3,8,3,8,0,0,-3,3,DOWN,NONE,False,True,2,,,,False,False,False,0,INVALID_BELIEF
simple,3,8,3,8,6,0,3,3,DOWN,NONE,False,True,2,,,,False,False,False,0,INVALID_BELIEF
simple,3,8,3,9,1,1,-2,3,DOWN,NONE,False,True,2,,,,False,False,False,0,INVALID_BELIEF
simple,3,8,3,9,5,1,2,3,DOWN,NONE,False,True,2,,,,False,False,False,0,INVALID_BELIEF
simple,3,8,3,10,2,2,-1,3,DOWN,NONE,False,True,2,,,,False,False,False,0,INVALID_BELIEF
simple,3,8,3,10,4,2,1,3,DOWN,NONE,False,True,2,,,,False,False,False,0,INVALID_BELIEF
simple,3,8,3,11,3,3,0,3,DOWN,NONE,False,True,2,,,,False,False,False,0,INVALID_BELIEF
simple,3,1,4,-2,4,-3,0,3,DOWN,NONE,False,True,8,,,,False,False,False,0,INVALID_BELIEF
simple,3,1,4,-1,3,-2,-1,3,DOWN,NONE,False,True,8,,,,False,False,False,0,INVALID_BELIEF
simple,3,1,4,-1,5,-2,1,3,DOWN,NONE,False,True,8,,,,False,False,False,0,INVALID_BELIEF
simple,3,1,4,0,2,-1,-2,3,DOWN,NONE,False,True,8,,,,False,False,False,0,INVALID_BELIEF
simple,3,1,4,0,6,-1,2,3,DOWN,NONE,False,True,8,,,,False,False,False,0,INVALID_BELIEF
simple,3,1,4,1,1,0,-3,3,DOWN,DOWN,True,False,8,8,0,0.0,False,False,True,0,ADEQUATE
simple,3,1,4,1,7,0,3,3,DOWN,NONE,False,True,8,,,,False,False,False,0,INVALID_BELIEF
simple,3,1,4,2,2,1,-2,3,DOWN,DOWN,True,False,8,8,0,0.0,False,False,True,0,ADEQUATE
simple,3,1,4,2,6,1,2,3,DOWN,NONE,False,True,8,,,,False,False,False,0,INVALID_BELIEF
simple,3,1,4,3,3,2,-1,3,DOWN,DOWN,True,False,8,8,0,0.0,False,False,True,0,ADEQUATE
simple,3,1,4,3,5,2,1,3,DOWN,RIGHT,True,True,8,8,0,0.0,False,False,True,0,ADEQUATE
simple,3,1,4,4,4,3,0,3,DOWN,DOWN,True,False,8,8,0,0.0,False,False,True,0,ADEQUATE
simple,3,2,4,-1,4,-3,0,3,DOWN,NONE,False,True,7,,,,False,False,False,0,INVALID_BELIEF
simple,3,2,4,0,3,-2,-1,3,DOWN,NONE,False,True,7,,,,False,False,False,0,INVALID_BELIEF
simple,3,2,4,0,5,-2,1,3,DOWN,NONE,False,True,7,,,,False,False,False,0,INVALID_BELIEF
simple,3,2,4,1,2,-1,-2,3,DOWN,DOWN,True,False,7,7,0,0.0,False,False,True,0,ADEQUATE
simple,3,2,4,1,6,-1,2,3,DOWN,NONE,False,True,7,,,,False,False,False,0,INVALID_BELIEF
simple,3,2,4,2,1,0,-3,3,DOWN,DOWN,True,False,7,7,0,0.0,False,False,True,0,ADEQUATE
simple,3,2,4,2,7,0,3,3,DOWN,NONE,False,True,7,,,,False,False,False,0,INVALID_BELIEF
simple,3,2,4,3,2,1,-2,3,DOWN,NONE,False,True,7,,,,False,False,False,0,INVALID_BELIEF
simple,3,2,4,3,6,1,2,3,DOWN,NONE,False,True,7,,,,False,False,False,0,INVALID_BELIEF
simple,3,2,4,4,3,2,-1,3,DOWN,DOWN,True,False,7,7,0,0.0,False,False,True,0,ADEQUATE
simple,3,2,4,4,5,2,1,3,DOWN,RIGHT,True,True,7,7,0,0.0,False,False,True,0,ADEQUATE
simple,3,2,4,5,4,3,0,3,DOWN,NONE,False,True,7,,,,False,False,False,0,INVALID_BELIEF
simple,3,3,4,0,4,-3,0,3,DOWN,NONE,False,True,6,,,,False,False,False,0,INVALID_BELIEF
simple,3,3,4,1,3,-2,-1,3,DOWN,DOWN,True,False,6,6,0,0.0,False,False,True,0,ADEQUATE
simple,3,3,4,1,5,-2,1,3,DOWN,RIGHT,True,True,6,6,0,0.0,False,False,True,0,ADEQUATE
simple,3,3,4,2,2,-1,-2,3,DOWN,DOWN,True,False,6,6,0,0.0,False,False,True,0,ADEQUATE
simple,3,3,4,2,6,-1,2,3,DOWN,NONE,False,True,6,,,,False,False,False,0,INVALID_BELIEF
simple,3,3,4,3,1,0,-3,3,DOWN,RIGHT,True,True,6,6,0,0.0,False,False,True,0,ADEQUATE
simple,3,3,4,3,7,0,3,3,DOWN,NONE,False,True,6,,,,False,False,False,0,INVALID_BELIEF
simple,3,3,4,4,2,1,-2,3,DOWN,NONE,False,True,6,,,,False,False,False,0,INVALID_BELIEF
simple,3,3,4,4,6,1,2,3,DOWN,NONE,False,True,6,,,,False,False,False,0,INVALID_BELIEF
simple,3,3,4,5,3,2,-1,3,DOWN,RIGHT,True,True,6,6,0,0.0,False,False,True,0,ADEQUATE
simple,3,3,4,5,5,2,1,3,DOWN,RIGHT,True,True,6,6,0,0.0,False,False,True,0,ADEQUATE
simple,3,3,4,6,4,3,0,3,DOWN,NONE,False,True,6,,,,False,False,False,0,INVALID_BELIEF
simple,3,4,4,1,4,-3,0,3,DOWN,DOWN,True,False,5,5,0,0.0,False,False,True,0,ADEQUATE
simple,3,4,4,2,3,-2,-1,3,DOWN,DOWN,True,False,5,5,0,0.0,False,False,True,0,ADEQUATE
simple,3,4,4,2,5,-2,1,3,DOWN,RIGHT,True,True,5,6,1,0.2,True,False,False,0,COLLISION
simple,3,4,4,3,2,-1,-2,3,DOWN,NONE,False,True,5,,,,False,False,False,0,INVALID_BELIEF
simple,3,4,4,3,6,-1,2,3,DOWN,NONE,False,True,5,,,,False,False,False,0,INVALID_BELIEF
simple,3,4,4,4,1,0,-3,3,DOWN,RIGHT,True,True,5,6,1,0.2,True,False,False,0,COLLISION
simple,3,4,4,4,7,0,3,3,DOWN,NONE,False,True,5,,,,False,False,False,0,INVALID_BELIEF
simple,3,4,4,5,2,1,-2,3,DOWN,NONE,False,True,5,,,,False,False,False,0,INVALID_BELIEF
simple,3,4,4,5,6,1,2,3,DOWN,NONE,False,True,5,,,,False,False,False,0,INVALID_BELIEF
simple,3,4,4,6,3,2,-1,3,DOWN,RIGHT,True,True,5,6,1,0.2,True,False,False,0,COLLISION
simple,3,4,4,6,5,2,1,3,DOWN,RIGHT,True,True,5,6,1,0.2,True,False,False,0,COLLISION
simple,3,4,4,7,4,3,0,3,DOWN,NONE,False,True,5,,,,False,False,False,0,INVALID_BELIEF
simple,3,8,4,5,4,-3,0,3,DOWN,NONE,False,True,1,,,,False,False,False,0,INVALID_BELIEF
simple,3,8,4,6,3,-2,-1,3,DOWN,RIGHT,True,True,1,2,1,1.0,True,False,False,0,COLLISION
simple,3,8,4,6,5,-2,1,3,DOWN,RIGHT,True,True,1,2,1,1.0,True,False,False,0,COLLISION
simple,3,8,4,7,2,-1,-2,3,DOWN,DOWN,True,False,1,1,0,0.0,False,False,True,0,ADEQUATE
simple,3,8,4,7,6,-1,2,3,DOWN,NONE,False,True,1,,,,False,False,False,0,INVALID_BELIEF
simple,3,8,4,8,1,0,-3,3,DOWN,DOWN,True,False,1,1,0,0.0,False,False,True,0,ADEQUATE
simple,3,8,4,8,7,0,3,3,DOWN,NONE,False,True,1,,,,False,False,False,0,INVALID_BELIEF
simple,3,8,4,9,2,1,-2,3,DOWN,NONE,False,True,1,,,,False,False,False,0,INVALID_BELIEF
simple,3,8,4,9,6,1,2,3,DOWN,NONE,False,True,1,,,,False,False,False,0,INVALID_BELIEF
simple,3,8,4,10,3,2,-1,3,DOWN,NONE,False,True,1,,,,False,False,False,0,INVALID_BELIEF
simple,3,8,4,10,5,2,1,3,DOWN,NONE,False,True,1,,,,False,False,False,0,INVALID_BELIEF
simple,3,8,4,11,4,3,0,3,DOWN,NONE,False,True,1,,,,False,False,False,0,INVALID_BELIEF
simple,3,1,5,-2,5,-3,0,3,RIGHT,NONE,False,True,7,,,,False,False,False,0,INVALID_BELIEF
simple,3,1,5,-1,4,-2,-1,3,RIGHT,NONE,False,True,7,,,,False,False,False,0,INVALID_BELIEF
simple,3,1,5,-1,6,-2,1,3,RIGHT,NONE,False,True,7,,,,False,False,False,0,INVALID_BELIEF
simple,3,1,5,0,3,-1,-2,3,RIGHT,NONE,False,True,7,,,,False,False,False,0,INVALID_BELIEF
simple,3,1,5,0,7,-1,2,3,RIGHT,NONE,False,True,7,,,,False,False,False,0,INVALID_BELIEF
simple,3,1,5,1,2,0,-3,3,RIGHT,DOWN,True,True,7,8,1,0.14285714285714285,True,False,False,0,COLLISION
simple,3,1,5,1,8,0,3,3,RIGHT,NONE,False,True,7,,,,False,False,False,0,INVALID_BELIEF
simple,3,1,5,2,3,1,-2,3,RIGHT,DOWN,True,True,7,8,1,0.14285714285714285,True,False,False,0,COLLISION
simple,3,1,5,2,7,1,2,3,RIGHT,NONE,False,True,7,,,,False,False,False,0,INVALID_BELIEF
simple,3,1,5,3,4,2,-1,3,RIGHT,DOWN,True,True,7,8,1,0.14285714285714285,True,False,False,0,COLLISION
simple,3,1,5,3,6,2,1,3,RIGHT,NONE,False,True,7,,,,False,False,False,0,INVALID_BELIEF
simple,3,1,5,4,5,3,0,3,RIGHT,RIGHT,True,False,7,7,0,0.0,False,False,True,0,ADEQUATE
simple,3,2,5,-1,5,-3,0,3,RIGHT,NONE,False,True,6,,,,False,False,False,0,INVALID_BELIEF
simple,3,2,5,0,4,-2,-1,3,RIGHT,NONE,False,True,6,,,,False,False,False,0,INVALID_BELIEF
simple,3,2,5,0,6,-2,1,3,RIGHT,NONE,False,True,6,,,,False,False,False,0,INVALID_BELIEF
simple,3,2,5,1,3,-1,-2,3,RIGHT,DOWN,True,True,6,7,1,0.16666666666666666,True,False,False,0,COLLISION
simple,3,2,5,1,7,-1,2,3,RIGHT,NONE,False,True,6,,,,False,False,False,0,INVALID_BELIEF
simple,3,2,5,2,2,0,-3,3,RIGHT,DOWN,True,True,6,7,1,0.16666666666666666,True,False,False,0,COLLISION
simple,3,2,5,2,8,0,3,3,RIGHT,NONE,False,True,6,,,,False,False,False,0,INVALID_BELIEF
simple,3,2,5,3,3,1,-2,3,RIGHT,DOWN,True,True,6,7,1,0.16666666666666666,True,False,False,0,COLLISION
simple,3,2,5,3,7,1,2,3,RIGHT,NONE,False,True,6,,,,False,False,False,0,INVALID_BELIEF
simple,3,2,5,4,4,2,-1,3,RIGHT,DOWN,True,True,6,7,1,0.16666666666666666,True,False,False,0,COLLISION
simple,3,2,5,4,6,2,1,3,RIGHT,NONE,False,True,6,,,,False,False,False,0,INVALID_BELIEF
simple,3,2,5,5,5,3,0,3,RIGHT,RIGHT,True,False,6,6,0,0.0,False,False,True,0,ADEQUATE
simple,3,3,5,0,5,-3,0,3,RIGHT,NONE,False,True,5,,,,False,False,False,0,INVALID_BELIEF
simple,3,3,5,1,4,-2,-1,3,RIGHT,DOWN,True,True,5,6,1,0.2,True,False,False,0,COLLISION
simple,3,3,5,1,6,-2,1,3,RIGHT,NONE,False,True,5,,,,False,False,False,0,INVALID_BELIEF
simple,3,3,5,2,3,-1,-2,3,RIGHT,DOWN,True,True,5,6,1,0.2,True,False,False,0,COLLISION
simple,3,3,5,2,7,-1,2,3,RIGHT,NONE,False,True,5,,,,False,False,False,0,INVALID_BELIEF
simple,3,3,5,3,2,0,-3,3,RIGHT,NONE,False,True,5,,,,False,False,False,0,INVALID_BELIEF
simple,3,3,5,3,8,0,3,3,RIGHT,NONE,False,True,5,,,,False,False,False,0,INVALID_BELIEF
simple,3,3,5,4,3,1,-2,3,RIGHT,DOWN,True,True,5,6,1,0.2,True,False,False,0,COLLISION
simple,3,3,5,4,7,1,2,3,RIGHT,NONE,False,True,5,,,,False,False,False,0,INVALID_BELIEF
simple,3,3,5,5,4,2,-1,3,RIGHT,NONE,False,True,5,,,,False,False,False,0,INVALID_BELIEF
simple,3,3,5,5,6,2,1,3,RIGHT,NONE,False,True,5,,,,False,False,False,0,INVALID_BELIEF
simple,3,3,5,6,5,3,0,3,RIGHT,RIGHT,True,False,5,5,0,0.0,False,False,True,0,ADEQUATE
simple,3,4,5,1,5,-3,0,3,RIGHT,RIGHT,True,False,4,4,0,0.0,False,False,True,0,ADEQUATE
simple,3,4,5,2,4,-2,-1,3,RIGHT,DOWN,True,True,4,5,1,0.25,True,False,False,0,COLLISION
simple,3,4,5,2,6,-2,1,3,RIGHT,NONE,False,True,4,,,,False,False,False,0,INVALID_BELIEF
simple,3,4,5,3,3,-1,-2,3,RIGHT,DOWN,True,True,4,5,1,0.25,True,False,False,0,COLLISION
simple,3,4,5,3,7,-1,2,3,RIGHT,NONE,False,True,4,,,,False,False,False,0,INVALID_BELIEF
simple,3,4,5,4,2,0,-3,3,RIGHT,NONE,False,True,4,,,,False,False,False,0,INVALID_BELIEF
simple,3,4,5,4,8,0,3,3,RIGHT,NONE,False,True,4,,,,False,False,False,0,INVALID_BELIEF
simple,3,4,5,5,3,1,-2,3,RIGHT,RIGHT,True,False,4,4,0,0.0,False,False,True,0,ADEQUATE
simple,3,4,5,5,7,1,2,3,RIGHT,NONE,False,True,4,,,,False,False,False,0,INVALID_BELIEF
simple,3,4,5,6,4,2,-1,3,RIGHT,NONE,False,True,4,,,,False,False,False,0,INVALID_BELIEF
simple,3,4,5,6,6,2,1,3,RIGHT,NONE,False,True,4,,,,False,False,False,0,INVALID_BELIEF
simple,3,4,5,7,5,3,0,3,RIGHT,RIGHT,True,False,4,4,0,0.0,False,False,True,0,ADEQUATE
simple,3,5,5,2,5,-3,0,3,RIGHT,RIGHT,True,False,3,3,0,0.0,False,False,True,0,ADEQUATE
simple,3,5,5,3,4,-2,-1,3,RIGHT,DOWN,True,True,3,4,1,0.3333333333333333,True,False,False,0,COLLISION
simple,3,5,5,3,6,-2,1,3,RIGHT,NONE,False,True,3,,,,False,False,False,0,INVALID_BELIEF
simple,3,5,5,4,3,-1,-2,3,RIGHT,DOWN,True,True,3,4,1,0.3333333333333333,True,False,False,0,COLLISION
simple,3,5,5,4,7,-1,2,3,RIGHT,NONE,False,True,3,,,,False,False,False,0,INVALID_BELIEF
simple,3,5,5,5,2,0,-3,3,RIGHT,NONE,False,True,3,,,,False,False,False,0,INVALID_BELIEF
simple,3,5,5,5,8,0,3,3,RIGHT,NONE,False,True,3,,,,False,False,False,0,INVALID_BELIEF
simple,3,5,5,6,3,1,-2,3,RIGHT,RIGHT,True,False,3,3,0,0.0,False,False,True,0,ADEQUATE
simple,3,5,5,6,7,1,2,3,RIGHT,NONE,False,True,3,,,,False,False,False,0,INVALID_BELIEF
simple,3,5,5,7,4,2,-1,3,RIGHT,NONE,False,True,3,,,,False,False,False,0,INVALID_BELIEF
simple,3,5,5,7,6,2,1,3,RIGHT,NONE,False,True,3,,,,False,False,False,0,INVALID_BELIEF
simple,3,5,5,8,5,3,0,3,RIGHT,NONE,True,True,3,,,,False,True,False,0,FALSE_TERMINAL
simple,3,6,5,3,5,-3,0,3,RIGHT,RIGHT,True,False,2,2,0,0.0,False,False,True,0,ADEQUATE
simple,3,6,5,4,4,-2,-1,3,RIGHT,DOWN,True,True,2,3,1,0.5,True,False,False,0,COLLISION
simple,3,6,5,4,6,-2,1,3,RIGHT,NONE,False,True,2,,,,False,False,False,0,INVALID_BELIEF
simple,3,6,5,5,3,-1,-2,3,RIGHT,RIGHT,True,False,2,2,0,0.0,False,False,True,0,ADEQUATE
simple,3,6,5,5,7,-1,2,3,RIGHT,NONE,False,True,2,,,,False,False,False,0,INVALID_BELIEF
simple,3,6,5,6,2,0,-3,3,RIGHT,DOWN,True,True,2,3,1,0.5,True,False,False,0,COLLISION
simple,3,6,5,6,8,0,3,3,RIGHT,NONE,False,True,2,,,,False,False,False,0,INVALID_BELIEF
simple,3,6,5,7,3,1,-2,3,RIGHT,RIGHT,True,False,2,2,0,0.0,False,False,True,0,ADEQUATE
simple,3,6,5,7,7,1,2,3,RIGHT,NONE,False,True,2,,,,False,False,False,0,INVALID_BELIEF
simple,3,6,5,8,4,2,-1,3,RIGHT,DOWN,True,True,2,3,1,0.5,True,False,False,0,COLLISION
simple,3,6,5,8,6,2,1,3,RIGHT,NONE,False,True,2,,,,False,False,False,0,INVALID_BELIEF
simple,3,6,5,9,5,3,0,3,RIGHT,NONE,False,True,2,,,,False,False,False,0,INVALID_BELIEF
simple,3,7,5,4,5,-3,0,3,RIGHT,RIGHT,True,False,1,1,0,0.0,False,False,True,0,ADEQUATE
simple,3,7,5,5,4,-2,-1,3,RIGHT,NONE,False,True,1,,,,False,False,False,0,INVALID_BELIEF
simple,3,7,5,5,6,-2,1,3,RIGHT,NONE,False,True,1,,,,False,False,False,0,INVALID_BELIEF
simple,3,7,5,6,3,-1,-2,3,RIGHT,RIGHT,True,False,1,1,0,0.0,False,False,True,0,ADEQUATE
simple,3,7,5,6,7,-1,2,3,RIGHT,NONE,False,True,1,,,,False,False,False,0,INVALID_BELIEF
simple,3,7,5,7,2,0,-3,3,RIGHT,DOWN,True,True,1,2,1,1.0,True,False,False,0,COLLISION
simple,3,7,5,7,8,0,3,3,RIGHT,NONE,False,True,1,,,,False,False,False,0,INVALID_BELIEF
simple,3,7,5,8,3,1,-2,3,RIGHT,DOWN,True,True,1,2,1,1.0,True,False,False,0,COLLISION
simple,3,7,5,8,7,1,2,3,RIGHT,NONE,False,True,1,,,,False,False,False,0,INVALID_BELIEF
simple,3,7,5,9,4,2,-1,3,RIGHT,NONE,False,True,1,,,,False,False,False,0,INVALID_BELIEF
simple,3,7,5,9,6,2,1,3,RIGHT,NONE,False,True,1,,,,False,False,False,0,INVALID_BELIEF
simple,3,7,5,10,5,3,0,3,RIGHT,NONE,False,True,1,,,,False,False,False,0,INVALID_BELIEF
simple,4,1,1,-3,1,-4,0,4,DOWN,NONE,False,True,11,,,,False,False,False,0,INVALID_BELIEF
simple,4,1,1,-2,0,-3,-1,4,DOWN,NONE,False,True,11,,,,False,False,False,0,INVALID_BELIEF
simple,4,1,1,-2,2,-3,1,4,DOWN,NONE,False,True,11,,,,False,False,False,0,INVALID_BELIEF
simple,4,1,1,-1,-1,-2,-2,4,DOWN,NONE,False,True,11,,,,False,False,False,0,INVALID_BELIEF
simple,4,1,1,-1,3,-2,2,4,DOWN,NONE,False,True,11,,,,False,False,False,0,INVALID_BELIEF
simple,4,1,1,0,-2,-1,-3,4,DOWN,NONE,False,True,11,,,,False,False,False,0,INVALID_BELIEF
simple,4,1,1,0,4,-1,3,4,DOWN,NONE,False,True,11,,,,False,False,False,0,INVALID_BELIEF
simple,4,1,1,1,-3,0,-4,4,DOWN,NONE,False,True,11,,,,False,False,False,0,INVALID_BELIEF
simple,4,1,1,1,5,0,4,4,DOWN,RIGHT,True,True,11,11,0,0.0,False,False,True,0,ADEQUATE
simple,4,1,1,2,-2,1,-3,4,DOWN,NONE,False,True,11,,,,False,False,False,0,INVALID_BELIEF
simple,4,1,1,2,4,1,3,4,DOWN,DOWN,True,False,11,11,0,0.0,False,False,True,0,ADEQUATE
simple,4,1,1,3,-1,2,-2,4,DOWN,NONE,False,True,11,,,,False,False,False,0,INVALID_BELIEF
simple,4,1,1,3,3,2,2,4,DOWN,DOWN,True,False,11,11,0,0.0,False,False,True,0,ADEQUATE
simple,4,1,1,4,0,3,-1,4,DOWN,NONE,False,True,11,,,,False,False,False,0,INVALID_BELIEF
simple,4,1,1,4,2,3,1,4,DOWN,NONE,False,True,11,,,,False,False,False,0,INVALID_BELIEF
simple,4,1,1,5,1,4,0,4,DOWN,RIGHT,True,True,11,11,0,0.0,False,False,True,0,ADEQUATE
simple,4,2,1,-2,1,-4,0,4,DOWN,NONE,False,True,10,,,,False,False,False,0,INVALID_BELIEF
simple,4,2,1,-1,0,-3,-1,4,DOWN,NONE,False,True,10,,,,False,False,False,0,INVALID_BELIEF
simple,4,2,1,-1,2,-3,1,4,DOWN,NONE,False,True,10,,,,False,False,False,0,INVALID_BELIEF
simple,4,2,1,0,-1,-2,-2,4,DOWN,NONE,False,True,10,,,,False,False,False,0,INVALID_BELIEF
simple,4,2,1,0,3,-2,2,4,DOWN,NONE,False,True,10,,,,False,False,False,0,INVALID_BELIEF
simple,4,2,1,1,-2,-1,-3,4,DOWN,NONE,False,True,10,,,,False,False,False,0,INVALID_BELIEF
simple,4,2,1,1,4,-1,3,4,DOWN,DOWN,True,False,10,10,0,0.0,False,False,True,0,ADEQUATE
simple,4,2,1,2,-3,0,-4,4,DOWN,NONE,False,True,10,,,,False,False,False,0,INVALID_BELIEF
simple,4,2,1,2,5,0,4,4,DOWN,RIGHT,True,True,10,10,0,0.0,False,False,True,0,ADEQUATE
simple,4,2,1,3,-2,1,-3,4,DOWN,NONE,False,True,10,,,,False,False,False,0,INVALID_BELIEF
simple,4,2,1,3,4,1,3,4,DOWN,DOWN,True,False,10,10,0,0.0,False,False,True,0,ADEQUATE
simple,4,2,1,4,-1,2,-2,4,DOWN,NONE,False,True,10,,,,False,False,False,0,INVALID_BELIEF
simple,4,2,1,4,3,2,2,4,DOWN,DOWN,True,False,10,10,0,0.0,False,False,True,0,ADEQUATE
simple,4,2,1,5,0,3,-1,4,DOWN,NONE,False,True,10,,,,False,False,False,0,INVALID_BELIEF
simple,4,2,1,5,2,3,1,4,DOWN,NONE,False,True,10,,,,False,False,False,0,INVALID_BELIEF
simple,4,2,1,6,1,4,0,4,DOWN,DOWN,True,False,10,10,0,0.0,False,False,True,0,ADEQUATE
simple,4,3,1,-1,1,-4,0,4,RIGHT,NONE,False,True,9,,,,False,False,False,0,INVALID_BELIEF
simple,4,3,1,0,0,-3,-1,4,RIGHT,NONE,False,True,9,,,,False,False,False,0,INVALID_BELIEF
simple,4,3,1,0,2,-3,1,4,RIGHT,NONE,False,True,9,,,,False,False,False,0,INVALID_BELIEF
simple,4,3,1,1,-1,-2,-2,4,RIGHT,NONE,False,True,9,,,,False,False,False,0,INVALID_BELIEF
simple,4,3,1,1,3,-2,2,4,RIGHT,DOWN,True,True,9,10,1,0.1111111111111111,True,False,False,0,COLLISION
simple,4,3,1,2,-2,-1,-3,4,RIGHT,NONE,False,True,9,,,,False,False,False,0,INVALID_BELIEF
simple,4,3,1,2,4,-1,3,4,RIGHT,DOWN,True,True,9,10,1,0.1111111111111111,True,False,False,0,COLLISION
simple,4,3,1,3,-3,0,-4,4,RIGHT,NONE,False,True,9,,,,False,False,False,0,INVALID_BELIEF
simple,4,3,1,3,5,0,4,4,RIGHT,RIGHT,True,False,9,9,0,0.0,False,False,True,0,ADEQUATE
simple,4,3,1,4,-2,1,-3,4,RIGHT,NONE,False,True,9,,,,False,False,False,0,INVALID_BELIEF
simple,4,3,1,4,4,1,3,4,RIGHT,DOWN,True,True,9,10,1,0.1111111111111111,True,False,False,0,COLLISION
simple,4,3,1,5,-1,2,-2,4,RIGHT,NONE,False,True,9,,,,False,False,False,0,INVALID_BELIEF
simple,4,3,1,5,3,2,2,4,RIGHT,RIGHT,True,False,9,9,0,0.0,False,False,True,0,ADEQUATE
simple,4,3,1,6,0,3,-1,4,RIGHT,NONE,False,True,9,,,,False,False,False,0,INVALID_BELIEF
simple,4,3,1,6,2,3,1,4,RIGHT,DOWN,True,True,9,10,1,0.1111111111111111,True,False,False,0,COLLISION
simple,4,3,1,7,1,4,0,4,RIGHT,DOWN,True,True,9,10,1,0.1111111111111111,True,False,False,0,COLLISION
simple,4,4,1,0,1,-4,0,4,RIGHT,NONE,False,True,8,,,,False,False,False,0,INVALID_BELIEF
simple,4,4,1,1,0,-3,-1,4,RIGHT,NONE,False,True,8,,,,False,False,False,0,INVALID_BELIEF
simple,4,4,1,1,2,-3,1,4,RIGHT,DOWN,True,True,8,9,1,0.125,True,False,False,0,COLLISION
simple,4,4,1,2,-1,-2,-2,4,RIGHT,NONE,False,True,8,,,,False,False,False,0,INVALID_BELIEF
simple,4,4,1,2,3,-2,2,4,RIGHT,DOWN,True,True,8,9,1,0.125,True,False,False,0,COLLISION
simple,4,4,1,3,-2,-1,-3,4,RIGHT,NONE,False,True,8,,,,False,False,False,0,INVALID_BELIEF
simple,4,4,1,3,4,-1,3,4,RIGHT,DOWN,True,True,8,9,1,0.125,True,False,False,0,COLLISION
simple,4,4,1,4,-3,0,-4,4,RIGHT,NONE,False,True,8,,,,False,False,False,0,INVALID_BELIEF
simple,4,4,1,4,5,0,4,4,RIGHT,RIGHT,True,False,8,8,0,0.0,False,False,True,0,ADEQUATE
simple,4,4,1,5,-2,1,-3,4,RIGHT,NONE,False,True,8,,,,False,False,False,0,INVALID_BELIEF
simple,4,4,1,5,4,1,3,4,RIGHT,NONE,False,True,8,,,,False,False,False,0,INVALID_BELIEF
simple,4,4,1,6,-1,2,-2,4,RIGHT,NONE,False,True,8,,,,False,False,False,0,INVALID_BELIEF
simple,4,4,1,6,3,2,2,4,RIGHT,RIGHT,True,False,8,8,0,0.0,False,False,True,0,ADEQUATE
simple,4,4,1,7,0,3,-1,4,RIGHT,NONE,False,True,8,,,,False,False,False,0,INVALID_BELIEF
simple,4,4,1,7,2,3,1,4,RIGHT,DOWN,True,True,8,9,1,0.125,True,False,False,0,COLLISION
simple,4,4,1,8,1,4,0,4,RIGHT,DOWN,True,True,8,9,1,0.125,True,False,False,0,COLLISION
simple,4,5,1,1,1,-4,0,4,RIGHT,DOWN,True,True,7,8,1,0.14285714285714285,True,False,False,0,COLLISION
simple,4,5,1,2,0,-3,-1,4,RIGHT,NONE,False,True,7,,,,False,False,False,0,INVALID_BELIEF
simple,4,5,1,2,2,-3,1,4,RIGHT,DOWN,True,True,7,8,1,0.14285714285714285,True,False,False,0,COLLISION
simple,4,5,1,3,-1,-2,-2,4,RIGHT,NONE,False,True,7,,,,False,False,False,0,INVALID_BELIEF
simple,4,5,1,3,3,-2,2,4,RIGHT,DOWN,True,True,7,8,1,0.14285714285714285,True,False,False,0,COLLISION
simple,4,5,1,4,-2,-1,-3,4,RIGHT,NONE,False,True,7,,,,False,False,False,0,INVALID_BELIEF
simple,4,5,1,4,4,-1,3,4,RIGHT,DOWN,True,True,7,8,1,0.14285714285714285,True,False,False,0,COLLISION
simple,4,5,1,5,-3,0,-4,4,RIGHT,NONE,False,True,7,,,,False,False,False,0,INVALID_BELIEF
simple,4,5,1,5,5,0,4,4,RIGHT,RIGHT,True,False,7,7,0,0.0,False,False,True,0,ADEQUATE
simple,4,5,1,6,-2,1,-3,4,RIGHT,NONE,False,True,7,,,,False,False,False,0,INVALID_BELIEF
simple,4,5,1,6,4,1,3,4,RIGHT,NONE,False,True,7,,,,False,False,False,0,INVALID_BELIEF
simple,4,5,1,7,-1,2,-2,4,RIGHT,NONE,False,True,7,,,,False,False,False,0,INVALID_BELIEF
simple,4,5,1,7,3,2,2,4,RIGHT,RIGHT,True,False,7,7,0,0.0,False,False,True,0,ADEQUATE
simple,4,5,1,8,0,3,-1,4,RIGHT,NONE,False,True,7,,,,False,False,False,0,INVALID_BELIEF
simple,4,5,1,8,2,3,1,4,RIGHT,DOWN,True,True,7,8,1,0.14285714285714285,True,False,False,0,COLLISION
simple,4,5,1,9,1,4,0,4,RIGHT,NONE,False,True,7,,,,False,False,False,0,INVALID_BELIEF
simple,4,6,1,2,1,-4,0,4,DOWN,DOWN,True,False,6,6,0,0.0,False,False,True,0,ADEQUATE
simple,4,6,1,3,0,-3,-1,4,DOWN,NONE,False,True,6,,,,False,False,False,0,INVALID_BELIEF
simple,4,6,1,3,2,-3,1,4,DOWN,NONE,False,True,6,,,,False,False,False,0,INVALID_BELIEF
simple,4,6,1,4,-1,-2,-2,4,DOWN,NONE,False,True,6,,,,False,False,False,0,INVALID_BELIEF
simple,4,6,1,4,3,-2,2,4,DOWN,DOWN,True,False,6,6,0,0.0,False,False,True,0,ADEQUATE
simple,4,6,1,5,-2,-1,-3,4,DOWN,NONE,False,True,6,,,,False,False,False,0,INVALID_BELIEF
simple,4,6,1,5,4,-1,3,4,DOWN,NONE,False,True,6,,,,False,False,False,0,INVALID_BELIEF
simple,4,6,1,6,-3,0,-4,4,DOWN,NONE,False,True,6,,,,False,False,False,0,INVALID_BELIEF
simple,4,6,1,6,5,0,4,4,DOWN,RIGHT,True,True,6,6,0,0.0,False,False,True,0,ADEQUATE
simple,4,6,1,7,-2,1,-3,4,DOWN,NONE,False,True,6,,,,False,False,False,0,INVALID_BELIEF
simple,4,6,1,7,4,1,3,4,DOWN,NONE,False,True,6,,,,False,False,False,0,INVALID_BELIEF
simple,4,6,1,8,-1,2,-2,4,DOWN,NONE,False,True,6,,,,False,False,False,0,INVALID_BELIEF
simple,4,6,1,8,3,2,2,4,DOWN,DOWN,True,False,6,6,0,0.0,False,False,True,0,ADEQUATE
simple,4,6,1,9,0,3,-1,4,DOWN,NONE,False,True,6,,,,False,False,False,0,INVALID_BELIEF
simple,4,6,1,9,2,3,1,4,DOWN,NONE,False,True,6,,,,False,False,False,0,INVALID_BELIEF
simple,4,6,1,10,1,4,0,4,DOWN,NONE,False,True,6,,,,False,False,False,0,INVALID_BELIEF
simple,4,7,1,3,1,-4,0,4,DOWN,RIGHT,True,True,5,5,0,0.0,False,False,True,0,ADEQUATE
simple,4,7,1,4,0,-3,-1,4,DOWN,NONE,False,True,5,,,,False,False,False,0,INVALID_BELIEF
simple,4,7,1,4,2,-3,1,4,DOWN,NONE,False,True,5,,,,False,False,False,0,INVALID_BELIEF
simple,4,7,1,5,-1,-2,-2,4,DOWN,NONE,False,True,5,,,,False,False,False,0,INVALID_BELIEF
simple,4,7,1,5,3,-2,2,4,DOWN,RIGHT,True,True,5,5,0,0.0,False,False,True,0,ADEQUATE
simple,4,7,1,6,-2,-1,-3,4,DOWN,NONE,False,True,5,,,,False,False,False,0,INVALID_BELIEF
simple,4,7,1,6,4,-1,3,4,DOWN,NONE,False,True,5,,,,False,False,False,0,INVALID_BELIEF
simple,4,7,1,7,-3,0,-4,4,DOWN,NONE,False,True,5,,,,False,False,False,0,INVALID_BELIEF
simple,4,7,1,7,5,0,4,4,DOWN,RIGHT,True,True,5,5,0,0.0,False,False,True,0,ADEQUATE
simple,4,7,1,8,-2,1,-3,4,DOWN,NONE,False,True,5,,,,False,False,False,0,INVALID_BELIEF
simple,4,7,1,8,4,1,3,4,DOWN,DOWN,True,False,5,5,0,0.0,False,False,True,0,ADEQUATE
simple,4,7,1,9,-1,2,-2,4,DOWN,NONE,False,True,5,,,,False,False,False,0,INVALID_BELIEF
simple,4,7,1,9,3,2,2,4,DOWN,NONE,False,True,5,,,,False,False,False,0,INVALID_BELIEF
simple,4,7,1,10,0,3,-1,4,DOWN,NONE,False,True,5,,,,False,False,False,0,INVALID_BELIEF
simple,4,7,1,10,2,3,1,4,DOWN,NONE,False,True,5,,,,False,False,False,0,INVALID_BELIEF
simple,4,7,1,11,1,4,0,4,DOWN,NONE,False,True,5,,,,False,False,False,0,INVALID_BELIEF
simple,4,8,1,4,1,-4,0,4,DOWN,RIGHT,True,True,4,5,1,0.25,True,False,False,0,COLLISION
simple,4,8,1,5,0,-3,-1,4,DOWN,NONE,False,True,4,,,,False,False,False,0,INVALID_BELIEF
simple,4,8,1,5,2,-3,1,4,DOWN,NONE,False,True,4,,,,False,False,False,0,INVALID_BELIEF
simple,4,8,1,6,-1,-2,-2,4,DOWN,NONE,False,True,4,,,,False,False,False,0,INVALID_BELIEF
simple,4,8,1,6,3,-2,2,4,DOWN,RIGHT,True,True,4,5,1,0.25,True,False,False,0,COLLISION
simple,4,8,1,7,-2,-1,-3,4,DOWN,NONE,False,True,4,,,,False,False,False,0,INVALID_BELIEF
simple,4,8,1,7,4,-1,3,4,DOWN,NONE,False,True,4,,,,False,False,False,0,INVALID_BELIEF
simple,4,8,1,8,-3,0,-4,4,DOWN,NONE,False,True,4,,,,False,False,False,0,INVALID_BELIEF
simple,4,8,1,8,5,0,4,4,DOWN,NONE,True,True,4,,,,False,True,False,0,FALSE_TERMINAL
simple,4,8,1,9,-2,1,-3,4,DOWN,NONE,False,True,4,,,,False,False,False,0,INVALID_BELIEF
simple,4,8,1,9,4,1,3,4,DOWN,NONE,False,True,4,,,,False,False,False,0,INVALID_BELIEF
simple,4,8,1,10,-1,2,-2,4,DOWN,NONE,False,True,4,,,,False,False,False,0,INVALID_BELIEF
simple,4,8,1,10,3,2,2,4,DOWN,NONE,False,True,4,,,,False,False,False,0,INVALID_BELIEF
simple,4,8,1,11,0,3,-1,4,DOWN,NONE,False,True,4,,,,False,False,False,0,INVALID_BELIEF
simple,4,8,1,11,2,3,1,4,DOWN,NONE,False,True,4,,,,False,False,False,0,INVALID_BELIEF
simple,4,8,1,12,1,4,0,4,DOWN,NONE,False,True,4,,,,False,False,False,0,INVALID_BELIEF
simple,4,1,2,-3,2,-4,0,4,DOWN,NONE,False,True,10,,,,False,False,False,0,INVALID_BELIEF
simple,4,1,2,-2,1,-3,-1,4,DOWN,NONE,False,True,10,,,,False,False,False,0,INVALID_BELIEF
simple,4,1,2,-2,3,-3,1,4,DOWN,NONE,False,True,10,,,,False,False,False,0,INVALID_BELIEF
simple,4,1,2,-1,0,-2,-2,4,DOWN,NONE,False,True,10,,,,False,False,False,0,INVALID_BELIEF
simple,4,1,2,-1,4,-2,2,4,DOWN,NONE,False,True,10,,,,False,False,False,0,INVALID_BELIEF
simple,4,1,2,0,-1,-1,-3,4,DOWN,NONE,False,True,10,,,,False,False,False,0,INVALID_BELIEF
simple,4,1,2,0,5,-1,3,4,DOWN,NONE,False,True,10,,,,False,False,False,0,INVALID_BELIEF
simple,4,1,2,1,-2,0,-4,4,DOWN,NONE,False,True,10,,,,False,False,False,0,INVALID_BELIEF
simple,4,1,2,1,6,0,4,4,DOWN,NONE,False,True,10,,,,False,False,False,0,INVALID_BELIEF
simple,4,1,2,2,-1,1,-3,4,DOWN,NONE,False,True,10,,,,False,False,False,0,INVALID_BELIEF
simple,4,1,2,2,5,1,3,4,DOWN,RIGHT,True,True,10,10,0,0.0,False,False,True,0,ADEQUATE
simple,4,1,2,3,0,2,-2,4,DOWN,NONE,False,True,10,,,,False,False,False,0,INVALID_BELIEF
simple,4,1,2,3,4,2,2,4,DOWN,DOWN,True,False,10,10,0,0.0,False,False,True,0,ADEQUATE
simple,4,1,2,4,1,3,-1,4,DOWN,RIGHT,True,True,10,10,0,0.0,False,False,True,0,ADEQUATE
simple,4,1,2,4,3,3,1,4,DOWN,DOWN,True,False,10,10,0,0.0,False,False,True,0,ADEQUATE
simple,4,1,2,5,2,4,0,4,DOWN,NONE,False,True,10,,,,False,False,False,0,INVALID_BELIEF
simple,4,2,2,-2,2,-4,0,4,DOWN,NONE,False,True,9,,,,False,False,False,0,INVALID_BELIEF
simple,4,2,2,-1,1,-3,-1,4,DOWN,NONE,False,True,9,,,,False,False,False,0,INVALID_BELIEF
simple,4,2,2,-1,3,-3,1,4,DOWN,NONE,False,True,9,,,,False,False,False,0,INVALID_BELIEF
simple,4,2,2,0,0,-2,-2,4,DOWN,NONE,False,True,9,,,,False,False,False,0,INVALID_BELIEF
simple,4,2,2,0,4,-2,2,4,DOWN,NONE,False,True,9,,,,False,False,False,0,INVALID_BELIEF
simple,4,2,2,1,-1,-1,-3,4,DOWN,NONE,False,True,9,,,,False,False,False,0,INVALID_BELIEF
simple,4,2,2,1,5,-1,3,4,DOWN,RIGHT,True,True,9,10,1,0.1111111111111111,True,False,False,0,COLLISION
simple,4,2,2,2,-2,0,-4,4,DOWN,NONE,False,True,9,,,,False,False,False,0,INVALID_BELIEF
simple,4,2,2,2,6,0,4,4,DOWN,NONE,False,True,9,,,,False,False,False,0,INVALID_BELIEF
simple,4,2,2,3,-1,1,-3,4,DOWN,NONE,False,True,9,,,,False,False,False,0,INVALID_BELIEF
simple,4,2,2,3,5,1,3,4,DOWN,RIGHT,True,True,9,10,1,0.1111111111111111,True,False,False,0,COLLISION
simple,4,2,2,4,0,2,-2,4,DOWN,NONE,False,True,9,,,,False,False,False,0,INVALID_BELIEF
simple,4,2,2,4,4,2,2,4,DOWN,DOWN,True,False,9,9,0,0.0,False,False,True,0,ADEQUATE
simple,4,2,2,5,1,3,-1,4,DOWN,RIGHT,True,True,9,10,1,0.1111111111111111,True,False,False,0,COLLISION
simple,4,2,2,5,3,3,1,4,DOWN,RIGHT,True,True,9,10,1,0.1111111111111111,True,False,False,0,COLLISION
simple,4,2,2,6,2,4,0,4,DOWN,DOWN,True,False,9,9,0,0.0,False,False,True,0,ADEQUATE
simple,4,6,2,2,2,-4,0,4,DOWN,DOWN,True,False,5,5,0,0.0,False,False,True,0,ADEQUATE
simple,4,6,2,3,1,-3,-1,4,DOWN,RIGHT,True,True,5,5,0,0.0,False,False,True,0,ADEQUATE
simple,4,6,2,3,3,-3,1,4,DOWN,DOWN,True,False,5,5,0,0.0,False,False,True,0,ADEQUATE
simple,4,6,2,4,0,-2,-2,4,DOWN,NONE,False,True,5,,,,False,False,False,0,INVALID_BELIEF
simple,4,6,2,4,4,-2,2,4,DOWN,DOWN,True,False,5,5,0,0.0,False,False,True,0,ADEQUATE
simple,4,6,2,5,-1,-1,-3,4,DOWN,NONE,False,True,5,,,,False,False,False,0,INVALID_BELIEF
simple,4,6,2,5,5,-1,3,4,DOWN,RIGHT,True,True,5,5,0,0.0,False,False,True,0,ADEQUATE
simple,4,6,2,6,-2,0,-4,4,DOWN,NONE,False,True,5,,,,False,False,False,0,INVALID_BELIEF
simple,4,6,2,6,6,0,4,4,DOWN,NONE,False,True,5,,,,False,False,False,0,INVALID_BELIEF
simple,4,6,2,7,-1,1,-3,4,DOWN,NONE,False,True,5,,,,False,False,False,0,INVALID_BELIEF
simple,4,6,2,7,5,1,3,4,DOWN,RIGHT,True,True,5,5,0,0.0,False,False,True,0,ADEQUATE
simple,4,6,2,8,0,2,-2,4,DOWN,NONE,False,True,5,,,,False,False,False,0,INVALID_BELIEF
simple,4,6,2,8,4,2,2,4,DOWN,DOWN,True,False,5,5,0,0.0,False,False,True,0,ADEQUATE
simple,4,6,2,9,1,3,-1,4,DOWN,NONE,False,True,5,,,,False,False,False,0,INVALID_BELIEF
simple,4,6,2,9,3,3,1,4,DOWN,NONE,False,True,5,,,,False,False,False,0,INVALID_BELIEF
simple,4,6,2,10,2,4,0,4,DOWN,NONE,False,True,5,,,,False,False,False,0,INVALID_BELIEF
simple,4,7,2,3,2,-4,0,4,DOWN,NONE,False,True,4,,,,False,False,False,0,INVALID_BELIEF
simple,4,7,2,4,1,-3,-1,4,DOWN,RIGHT,True,True,4,4,0,0.0,False,False,True,0,ADEQUATE
simple,4,7,2,4,3,-3,1,4,DOWN,DOWN,True,False,4,4,0,0.0,False,False,True,0,ADEQUATE
simple,4,7,2,5,0,-2,-2,4,DOWN,NONE,False,True,4,,,,False,False,False,0,INVALID_BELIEF
simple,4,7,2,5,4,-2,2,4,DOWN,NONE,False,True,4,,,,False,False,False,0,INVALID_BELIEF
simple,4,7,2,6,-1,-1,-3,4,DOWN,NONE,False,True,4,,,,False,False,False,0,INVALID_BELIEF
simple,4,7,2,6,5,-1,3,4,DOWN,RIGHT,True,True,4,4,0,0.0,False,False,True,0,ADEQUATE
simple,4,7,2,7,-2,0,-4,4,DOWN,NONE,False,True,4,,,,False,False,False,0,INVALID_BELIEF
simple,4,7,2,7,6,0,4,4,DOWN,NONE,False,True,4,,,,False,False,False,0,INVALID_BELIEF
simple,4,7,2,8,-1,1,-3,4,DOWN,NONE,False,True,4,,,,False,False,False,0,INVALID_BELIEF
simple,4,7,2,8,5,1,3,4,DOWN,NONE,True,True,4,,,,False,True,False,0,FALSE_TERMINAL
simple,4,7,2,9,0,2,-2,4,DOWN,NONE,False,True,4,,,,False,False,False,0,INVALID_BELIEF
simple,4,7,2,9,4,2,2,4,DOWN,NONE,False,True,4,,,,False,False,False,0,INVALID_BELIEF
simple,4,7,2,10,1,3,-1,4,DOWN,NONE,False,True,4,,,,False,False,False,0,INVALID_BELIEF
simple,4,7,2,10,3,3,1,4,DOWN,NONE,False,True,4,,,,False,False,False,0,INVALID_BELIEF
simple,4,7,2,11,2,4,0,4,DOWN,NONE,False,True,4,,,,False,False,False,0,INVALID_BELIEF
simple,4,8,2,4,2,-4,0,4,DOWN,NONE,False,True,3,,,,False,False,False,0,INVALID_BELIEF
simple,4,8,2,5,1,-3,-1,4,DOWN,RIGHT,True,True,3,4,1,0.3333333333333333,True,False,False,0,COLLISION
simple,4,8,2,5,3,-3,1,4,DOWN,RIGHT,True,True,3,4,1,0.3333333333333333,True,False,False,0,COLLISION
simple,4,8,2,6,0,-2,-2,4,DOWN,NONE,False,True,3,,,,False,False,False,0,INVALID_BELIEF
simple,4,8,2,6,4,-2,2,4,DOWN,NONE,False,True,3,,,,False,False,False,0,INVALID_BELIEF
simple,4,8,2,7,-1,-1,-3,4,DOWN,NONE,False,True,3,,,,False,False,False,0,INVALID_BELIEF
simple,4,8,2,7,5,-1,3,4,DOWN,RIGHT,True,True,3,4,1,0.3333333333333333,True,False,False,0,COLLISION
simple,4,8,2,8,-2,0,-4,4,DOWN,NONE,False,True,3,,,,False,False,False,0,INVALID_BELIEF
simple,4,8,2,8,6,0,4,4,DOWN,NONE,False,True,3,,,,False,False,False,0,INVALID_BELIEF
simple,4,8,2,9,-1,1,-3,4,DOWN,NONE,False,True,3,,,,False,False,False,0,INVALID_BELIEF
simple,4,8,2,9,5,1,3,4,DOWN,NONE,False,True,3,,,,False,False,False,0,INVALID_BELIEF
simple,4,8,2,10,0,2,-2,4,DOWN,NONE,False,True,3,,,,False,False,False,0,INVALID_BELIEF
simple,4,8,2,10,4,2,2,4,DOWN,NONE,False,True,3,,,,False,False,False,0,INVALID_BELIEF
simple,4,8,2,11,1,3,-1,4,DOWN,NONE,False,True,3,,,,False,False,False,0,INVALID_BELIEF
simple,4,8,2,11,3,3,1,4,DOWN,NONE,False,True,3,,,,False,False,False,0,INVALID_BELIEF
simple,4,8,2,12,2,4,0,4,DOWN,NONE,False,True,3,,,,False,False,False,0,INVALID_BELIEF
simple,4,1,3,-3,3,-4,0,4,DOWN,NONE,False,True,9,,,,False,False,False,0,INVALID_BELIEF
simple,4,1,3,-2,2,-3,-1,4,DOWN,NONE,False,True,9,,,,False,False,False,0,INVALID_BELIEF
simple,4,1,3,-2,4,-3,1,4,DOWN,NONE,False,True,9,,,,False,False,False,0,INVALID_BELIEF
simple,4,1,3,-1,1,-2,-2,4,DOWN,NONE,False,True,9,,,,False,False,False,0,INVALID_BELIEF
simple,4,1,3,-1,5,-2,2,4,DOWN,NONE,False,True,9,,,,False,False,False,0,INVALID_BELIEF
simple,4,1,3,0,0,-1,-3,4,DOWN,NONE,False,True,9,,,,False,False,False,0,INVALID_BELIEF
simple,4,1,3,0,6,-1,3,4,DOWN,NONE,False,True,9,,,,False,False,False,0,INVALID_BELIEF
simple,4,1,3,1,-1,0,-4,4,DOWN,NONE,False,True,9,,,,False,False,False,0,INVALID_BELIEF
simple,4,1,3,1,7,0,4,4,DOWN,NONE,False,True,9,,,,False,False,False,0,INVALID_BELIEF
simple,4,1,3,2,0,1,-3,4,DOWN,NONE,False,True,9,,,,False,False,False,0,INVALID_BELIEF
simple,4,1,3,2,6,1,3,4,DOWN,NONE,False,True,9,,,,False,False,False,0,INVALID_BELIEF
simple,4,1,3,3,1,2,-2,4,DOWN,RIGHT,True,True,9,9,0,0.0,False,False,True,0,ADEQUATE
simple,4,1,3,3,5,2,2,4,DOWN,RIGHT,True,True,9,9,0,0.0,False,False,True,0,ADEQUATE
simple,4,1,3,4,2,3,-1,4,DOWN,NONE,False,True,9,,,,False,False,False,0,INVALID_BELIEF
simple,4,1,3,4,4,3,1,4,DOWN,DOWN,True,False,9,9,0,0.0,False,False,True,0,ADEQUATE
simple,4,1,3,5,3,4,0,4,DOWN,RIGHT,True,True,9,9,0,0.0,False,False,True,0,ADEQUATE
simple,4,2,3,-2,3,-4,0,4,DOWN,NONE,False,True,8,,,,False,False,False,0,INVALID_BELIEF
simple,4,2,3,-1,2,-3,-1,4,DOWN,NONE,False,True,8,,,,False,False,False,0,INVALID_BELIEF
simple,4,2,3,-1,4,-3,1,4,DOWN,NONE,False,True,8,,,,False,False,False,0,INVALID_BELIEF
simple,4,2,3,0,1,-2,-2,4,DOWN,NONE,False,True,8,,,,False,False,False,0,INVALID_BELIEF
simple,4,2,3,0,5,-2,2,4,DOWN,NONE,False,True,8,,,,False,False,False,0,INVALID_BELIEF
simple,4,2,3,1,0,-1,-3,4,DOWN,NONE,False,True,8,,,,False,False,False,0,INVALID_BELIEF
simple,4,2,3,1,6,-1,3,4,DOWN,NONE,False,True,8,,,,False,False,False,0,INVALID_BELIEF
simple,4,2,3,2,-1,0,-4,4,DOWN,NONE,False,True,8,,,,False,False,False,0,INVALID_BELIEF
simple,4,2,3,2,7,0,4,4,DOWN,NONE,False,True,8,,,,False,False,False,0,INVALID_BELIEF
simple,4,2,3,3,0,1,-3,4,DOWN,NONE,False,True,8,,,,False,False,False,0,INVALID_BELIEF
simple,4,2,3,3,6,1,3,4,DOWN,NONE,False,True,8,,,,False,False,False,0,INVALID_BELIEF
simple,4,2,3,4,1,2,-2,4,DOWN,RIGHT,True,True,8,8,0,0.0,False,False,True,0,ADEQUATE
simple,4,2,3,4,5,2,2,4,DOWN,RIGHT,True,True,8,8,0,0.0,False,False,True,0,ADEQUATE
simple,4,2,3,5,2,3,-1,4,DOWN,NONE,False,True,8,,,,False,False,False,0,INVALID_BELIEF
simple,4,2,3,5,4,3,1,4,DOWN,NONE,False,True,8,,,,False,False,False,0,INVALID_BELIEF
simple,4,2,3,6,3,4,0,4,DOWN,RIGHT,True,True,8,8,0,0.0,False,False,True,0,ADEQUATE
simple,4,3,3,-1,3,-4,0,4,DOWN,NONE,False,True,7,,,,False,False,False,0,INVALID_BELIEF
simple,4,3,3,0,2,-3,-1,4,DOWN,NONE,False,True,7,,,,False,False,False,0,INVALID_BELIEF
simple,4,3,3,0,4,-3,1,4,DOWN,NONE,False,True,7,,,,False,False,False,0,INVALID_BELIEF
simple,4,3,3,1,1,-2,-2,4,DOWN,DOWN,True,False,7,7,0,0.0,False,False,True,0,ADEQUATE
simple,4,3,3,1,5,-2,2,4,DOWN,RIGHT,True,True,7,7,0,0.0,False,False,True,0,ADEQUATE
simple,4,3,3,2,0,-1,-3,4,DOWN,NONE,False,True,7,,,,False,False,False,0,INVALID_BELIEF
simple,4,3,3,2,6,-1,3,4,DOWN,NONE,False,True,7,,,,False,False,False,0,INVALID_BELIEF
simple,4,3,3,3,-1,0,-4,4,DOWN,NONE,False,True,7,,,,False,False,False,0,INVALID_BELIEF
simple,4,3,3,3,7,0,4,4,DOWN,NONE,False,True,7,,,,False,False,False,0,INVALID_BELIEF
simple,4,3,3,4,0,1,-3,4,DOWN,NONE,False,True,7,,,,False,False,False,0,INVALID_BELIEF
simple,4,3,3,4,6,1,3,4,DOWN,NONE,False,True,7,,,,False,False,False,0,INVALID_BELIEF
simple,4,3,3,5,1,2,-2,4,DOWN,RIGHT,True,True,7,7,0,0.0,False,False,True,0,ADEQUATE
simple,4,3,3,5,5,2,2,4,DOWN,RIGHT,True,True,7,7,0,0.0,False,False,True,0,ADEQUATE
simple,4,3,3,6,2,3,-1,4,DOWN,DOWN,True,False,7,7,0,0.0,False,False,True,0,ADEQUATE
simple,4,3,3,6,4,3,1,4,DOWN,NONE,False,True,7,,,,False,False,False,0,INVALID_BELIEF
simple,4,3,3,7,3,4,0,4,DOWN,RIGHT,True,True,7,7,0,0.0,False,False,True,0,ADEQUATE
simple,4,4,3,0,3,-4,0,4,DOWN,NONE,False,True,6,,,,False,False,False,0,INVALID_BELIEF
simple,4,4,3,1,2,-3,-1,4,DOWN,DOWN,True,False,6,6,0,0.0,False,False,True,0,ADEQUATE
simple,4,4,3,1,4,-3,1,4,DOWN,DOWN,True,False,6,6,0,0.0,False,False,True,0,ADEQUATE
simple,4,4,3,2,1,-2,-2,4,DOWN,DOWN,True,False,6,6,0,0.0,False,False,True,0,ADEQUATE
simple,4,4,3,2,5,-2,2,4,DOWN,RIGHT,True,True,6,6,0,0.0,False,False,True,0,ADEQUATE
simple,4,4,3,3,0,-1,-3,4,DOWN,NONE,False,True,6,,,,False,False,False,0,INVALID_BELIEF
simple,4,4,3,3,6,-1,3,4,DOWN,NONE,False,True,6,,,,False,False,False,0,INVALID_BELIEF
simple,4,4,3,4,-1,0,-4,4,DOWN,NONE,False,True,6,,,,False,False,False,0,INVALID_BELIEF
simple,4,4,3,4,7,0,4,4,DOWN,NONE,False,True,6,,,,False,False,False,0,INVALID_BELIEF
simple,4,4,3,5,0,1,-3,4,DOWN,NONE,False,True,6,,,,False,False,False,0,INVALID_BELIEF
simple,4,4,3,5,6,1,3,4,DOWN,NONE,False,True,6,,,,False,False,False,0,INVALID_BELIEF
simple,4,4,3,6,1,2,-2,4,DOWN,DOWN,True,False,6,6,0,0.0,False,False,True,0,ADEQUATE
simple,4,4,3,6,5,2,2,4,DOWN,RIGHT,True,True,6,6,0,0.0,False,False,True,0,ADEQUATE
simple,4,4,3,7,2,3,-1,4,DOWN,DOWN,True,False,6,6,0,0.0,False,False,True,0,ADEQUATE
simple,4,4,3,7,4,3,1,4,DOWN,NONE,False,True,6,,,,False,False,False,0,INVALID_BELIEF
simple,4,4,3,8,3,4,0,4,DOWN,DOWN,True,False,6,6,0,0.0,False,False,True,0,ADEQUATE
simple,4,5,3,1,3,-4,0,4,RIGHT,DOWN,True,True,5,6,1,0.2,True,False,False,0,COLLISION
simple,4,5,3,2,2,-3,-1,4,RIGHT,DOWN,True,True,5,6,1,0.2,True,False,False,0,COLLISION
simple,4,5,3,2,4,-3,1,4,RIGHT,DOWN,True,True,5,6,1,0.2,True,False,False,0,COLLISION
simple,4,5,3,3,1,-2,-2,4,RIGHT,RIGHT,True,False,5,5,0,0.0,False,False,True,0,ADEQUATE
simple,4,5,3,3,5,-2,2,4,RIGHT,RIGHT,True,False,5,5,0,0.0,False,False,True,0,ADEQUATE
simple,4,5,3,4,0,-1,-3,4,RIGHT,NONE,False,True,5,,,,False,False,False,0,INVALID_BELIEF
simple,4,5,3,4,6,-1,3,4,RIGHT,NONE,False,True,5,,,,False,False,False,0,INVALID_BELIEF
simple,4,5,3,5,-1,0,-4,4,RIGHT,NONE,False,True,5,,,,False,False,False,0,INVALID_BELIEF
simple,4,5,3,5,7,0,4,4,RIGHT,NONE,False,True,5,,,,False,False,False,0,INVALID_BELIEF
simple,4,5,3,6,0,1,-3,4,RIGHT,NONE,False,True,5,,,,False,False,False,0,INVALID_BELIEF
simple,4,5,3,6,6,1,3,4,RIGHT,NONE,False,True,5,,,,False,False,False,0,INVALID_BELIEF
simple,4,5,3,7,1,2,-2,4,RIGHT,DOWN,True,True,5,6,1,0.2,True,False,False,0,COLLISION
simple,4,5,3,7,5,2,2,4,RIGHT,RIGHT,True,False,5,5,0,0.0,False,False,True,0,ADEQUATE
simple,4,5,3,8,2,3,-1,4,RIGHT,DOWN,True,True,5,6,1,0.2,True,False,False,0,COLLISION
simple,4,5,3,8,4,3,1,4,RIGHT,DOWN,True,True,5,6,1,0.2,True,False,False,0,COLLISION
simple,4,5,3,9,3,4,0,4,RIGHT,NONE,False,True,5,,,,False,False,False,0,INVALID_BELIEF
simple,4,6,3,2,3,-4,0,4,RIGHT,DOWN,True,True,4,5,1,0.25,True,False,False,0,COLLISION
simple,4,6,3,3,2,-3,-1,4,RIGHT,NONE,False,True,4,,,,False,False,False,0,INVALID_BELIEF
simple,4,6,3,3,4,-3,1,4,RIGHT,DOWN,True,True,4,5,1,0.25,True,False,False,0,COLLISION
simple,4,6,3,4,1,-2,-2,4,RIGHT,RIGHT,True,False,4,4,0,0.0,False,False,True,0,ADEQUATE
simple,4,6,3,4,5,-2,2,4,RIGHT,RIGHT,True,False,4,4,0,0.0,False,False,True,0,ADEQUATE
simple,4,6,3,5,0,-1,-3,4,RIGHT,NONE,False,True,4,,,,False,False,False,0,INVALID_BELIEF
simple,4,6,3,5,6,-1,3,4,RIGHT,NONE,False,True,4,,,,False,False,False,0,INVALID_BELIEF
simple,4,6,3,6,-1,0,-4,4,RIGHT,NONE,False,True,4,,,,False,False,False,0,INVALID_BELIEF
simple,4,6,3,6,7,0,4,4,RIGHT,NONE,False,True,4,,,,False,False,False,0,INVALID_BELIEF
simple,4,6,3,7,0,1,-3,4,RIGHT,NONE,False,True,4,,,,False,False,False,0,INVALID_BELIEF
simple,4,6,3,7,6,1,3,4,RIGHT,NONE,False,True,4,,,,False,False,False,0,INVALID_BELIEF
simple,4,6,3,8,1,2,-2,4,RIGHT,DOWN,True,True,4,5,1,0.25,True,False,False,0,COLLISION
simple,4,6,3,8,5,2,2,4,RIGHT,NONE,True,True,4,,,,False,True,False,0,FALSE_TERMINAL
simple,4,6,3,9,2,3,-1,4,RIGHT,NONE,False,True,4,,,,False,False,False,0,INVALID_BELIEF
simple,4,6,3,9,4,3,1,4,RIGHT,NONE,False,True,4,,,,False,False,False,0,INVALID_BELIEF
simple,4,6,3,10,3,4,0,4,RIGHT,NONE,False,True,4,,,,False,False,False,0,INVALID_BELIEF
simple,4,7,3,3,3,-4,0,4,RIGHT,DOWN,True,True,3,4,1,0.3333333333333333,True,False,False,0,COLLISION
simple,4,7,3,4,2,-3,-1,4,RIGHT,NONE,False,True,3,,,,False,False,False,0,INVALID_BELIEF
simple,4,7,3,4,4,-3,1,4,RIGHT,DOWN,True,True,3,4,1,0.3333333333333333,True,False,False,0,COLLISION
simple,4,7,3,5,1,-2,-2,4,RIGHT,RIGHT,True,False,3,3,0,0.0,False,False,True,0,ADEQUATE
simple,4,7,3,5,5,-2,2,4,RIGHT,RIGHT,True,False,3,3,0,0.0,False,False,True,0,ADEQUATE
simple,4,7,3,6,0,-1,-3,4,RIGHT,NONE,False,True,3,,,,False,False,False,0,INVALID_BELIEF
simple,4,7,3,6,6,-1,3,4,RIGHT,NONE,False,True,3,,,,False,False,False,0,INVALID_BELIEF
simple,4,7,3,7,-1,0,-4,4,RIGHT,NONE,False,True,3,,,,False,False,False,0,INVALID_BELIEF
simple,4,7,3,7,7,0,4,4,RIGHT,NONE,False,True,3,,,,False,False,False,0,INVALID_BELIEF
simple,4,7,3,8,0,1,-3,4,RIGHT,NONE,False,True,3,,,,False,False,False,0,INVALID_BELIEF
simple,4,7,3,8,6,1,3,4,RIGHT,NONE,False,True,3,,,,False,False,False,0,INVALID_BELIEF
simple,4,7,3,9,1,2,-2,4,RIGHT,NONE,False,True,3,,,,False,False,False,0,INVALID_BELIEF
simple,4,7,3,9,5,2,2,4,RIGHT,NONE,False,True,3,,,,False,False,False,0,INVALID_BELIEF
simple,4,7,3,10,2,3,-1,4,RIGHT,NONE,False,True,3,,,,False,False,False,0,INVALID_BELIEF
simple,4,7,3,10,4,3,1,4,RIGHT,NONE,False,True,3,,,,False,False,False,0,INVALID_BELIEF
simple,4,7,3,11,3,4,0,4,RIGHT,NONE,False,True,3,,,,False,False,False,0,INVALID_BELIEF
simple,4,8,3,4,3,-4,0,4,DOWN,DOWN,True,False,2,2,0,0.0,False,False,True,0,ADEQUATE
simple,4,8,3,5,2,-3,-1,4,DOWN,NONE,False,True,2,,,,False,False,False,0,INVALID_BELIEF
simple,4,8,3,5,4,-3,1,4,DOWN,NONE,False,True,2,,,,False,False,False,0,INVALID_BELIEF
simple,4,8,3,6,1,-2,-2,4,DOWN,DOWN,True,False,2,2,0,0.0,False,False,True,0,ADEQUATE
simple,4,8,3,6,5,-2,2,4,DOWN,RIGHT,True,True,2,3,1,0.5,True,False,False,0,COLLISION
simple,4,8,3,7,0,-1,-3,4,DOWN,NONE,False,True,2,,,,False,False,False,0,INVALID_BELIEF
simple,4,8,3,7,6,-1,3,4,DOWN,NONE,False,True,2,,,,False,False,False,0,INVALID_BELIEF
simple,4,8,3,8,-1,0,-4,4,DOWN,NONE,False,True,2,,,,False,False,False,0,INVALID_BELIEF
simple,4,8,3,8,7,0,4,4,DOWN,NONE,False,True,2,,,,False,False,False,0,INVALID_BELIEF
simple,4,8,3,9,0,1,-3,4,DOWN,NONE,False,True,2,,,,False,False,False,0,INVALID_BELIEF
simple,4,8,3,9,6,1,3,4,DOWN,NONE,False,True,2,,,,False,False,False,0,INVALID_BELIEF
simple,4,8,3,10,1,2,-2,4,DOWN,NONE,False,True,2,,,,False,False,False,0,INVALID_BELIEF
simple,4,8,3,10,5,2,2,4,DOWN,NONE,False,True,2,,,,False,False,False,0,INVALID_BELIEF
simple,4,8,3,11,2,3,-1,4,DOWN,NONE,False,True,2,,,,False,False,False,0,INVALID_BELIEF
simple,4,8,3,11,4,3,1,4,DOWN,NONE,False,True,2,,,,False,False,False,0,INVALID_BELIEF
simple,4,8,3,12,3,4,0,4,DOWN,NONE,False,True,2,,,,False,False,False,0,INVALID_BELIEF
simple,4,1,4,-3,4,-4,0,4,DOWN,NONE,False,True,8,,,,False,False,False,0,INVALID_BELIEF
simple,4,1,4,-2,3,-3,-1,4,DOWN,NONE,False,True,8,,,,False,False,False,0,INVALID_BELIEF
simple,4,1,4,-2,5,-3,1,4,DOWN,NONE,False,True,8,,,,False,False,False,0,INVALID_BELIEF
simple,4,1,4,-1,2,-2,-2,4,DOWN,NONE,False,True,8,,,,False,False,False,0,INVALID_BELIEF
simple,4,1,4,-1,6,-2,2,4,DOWN,NONE,False,True,8,,,,False,False,False,0,INVALID_BELIEF
simple,4,1,4,0,1,-1,-3,4,DOWN,NONE,False,True,8,,,,False,False,False,0,INVALID_BELIEF
simple,4,1,4,0,7,-1,3,4,DOWN,NONE,False,True,8,,,,False,False,False,0,INVALID_BELIEF
simple,4,1,4,1,0,0,-4,4,DOWN,NONE,False,True,8,,,,False,False,False,0,INVALID_BELIEF
simple,4,1,4,1,8,0,4,4,DOWN,NONE,False,True,8,,,,False,False,False,0,INVALID_BELIEF
simple,4,1,4,2,1,1,-3,4,DOWN,DOWN,True,False,8,8,0,0.0,False,False,True,0,ADEQUATE
simple,4,1,4,2,7,1,3,4,DOWN,NONE,False,True,8,,,,False,False,False,0,INVALID_BELIEF
simple,4,1,4,3,2,2,-2,4,DOWN,NONE,False,True,8,,,,False,False,False,0,INVALID_BELIEF
simple,4,1,4,3,6,2,2,4,DOWN,NONE,False,True,8,,,,False,False,False,0,INVALID_BELIEF
simple,4,1,4,4,3,3,-1,4,DOWN,DOWN,True,False,8,8,0,0.0,False,False,True,0,ADEQUATE
simple,4,1,4,4,5,3,1,4,DOWN,RIGHT,True,True,8,8,0,0.0,False,False,True,0,ADEQUATE
simple,4,1,4,5,4,4,0,4,DOWN,NONE,False,True,8,,,,False,False,False,0,INVALID_BELIEF
simple,4,2,4,-2,4,-4,0,4,DOWN,NONE,False,True,7,,,,False,False,False,0,INVALID_BELIEF
simple,4,2,4,-1,3,-3,-1,4,DOWN,NONE,False,True,7,,,,False,False,False,0,INVALID_BELIEF
simple,4,2,4,-1,5,-3,1,4,DOWN,NONE,False,True,7,,,,False,False,False,0,INVALID_BELIEF
simple,4,2,4,0,2,-2,-2,4,DOWN,NONE,False,True,7,,,,False,False,False,0,INVALID_BELIEF
simple,4,2,4,0,6,-2,2,4,DOWN,NONE,False,True,7,,,,False,False,False,0,INVALID_BELIEF
simple,4,2,4,1,1,-1,-3,4,DOWN,DOWN,True,False,7,7,0,0.0,False,False,True,0,ADEQUATE
simple,4,2,4,1,7,-1,3,4,DOWN,NONE,False,True,7,,,,False,False,False,0,INVALID_BELIEF
simple,4,2,4,2,0,0,-4,4,DOWN,NONE,False,True,7,,,,False,False,False,0,INVALID_BELIEF
simple,4,2,4,2,8,0,4,4,DOWN,NONE,False,True,7,,,,False,False,False,0,INVALID_BELIEF
simple,4,2,4,3,1,1,-3,4,DOWN,RIGHT,True,True,7,7,0,0.0,False,False,True,0,ADEQUATE
simple,4,2,4,3,7,1,3,4,DOWN,NONE,False,True,7,,,,False,False,False,0,INVALID_BELIEF
simple,4,2,4,4,2,2,-2,4,DOWN,NONE,False,True,7,,,,False,False,False,0,INVALID_BELIEF
simple,4,2,4,4,6,2,2,4,DOWN,NONE,False,True,7,,,,False,False,False,0,INVALID_BELIEF
simple,4,2,4,5,3,3,-1,4,DOWN,RIGHT,True,True,7,7,0,0.0,False,False,True,0,ADEQUATE
simple,4,2,4,5,5,3,1,4,DOWN,RIGHT,True,True,7,7,0,0.0,False,False,True,0,ADEQUATE
simple,4,2,4,6,4,4,0,4,DOWN,NONE,False,True,7,,,,False,False,False,0,INVALID_BELIEF
simple,4,3,4,-1,4,-4,0,4,DOWN,NONE,False,True,6,,,,False,False,False,0,INVALID_BELIEF
simple,4,3,4,0,3,-3,-1,4,DOWN,NONE,False,True,6,,,,False,False,False,0,INVALID_BELIEF
simple,4,3,4,0,5,-3,1,4,DOWN,NONE,False,True,6,,,,False,False,False,0,INVALID_BELIEF
simple,4,3,4,1,2,-2,-2,4,DOWN,DOWN,True,False,6,6,0,0.0,False,False,True,0,ADEQUATE
simple,4,3,4,1,6,-2,2,4,DOWN,NONE,False,True,6,,,,False,False,False,0,INVALID_BELIEF
simple,4,3,4,2,1,-1,-3,4,DOWN,DOWN,True,False,6,6,0,0.0,False,False,True,0,ADEQUATE
simple,4,3,4,2,7,-1,3,4,DOWN,NONE,False,True,6,,,,False,False,False,0,INVALID_BELIEF
simple,4,3,4,3,0,0,-4,4,DOWN,NONE,False,True,6,,,,False,False,False,0,INVALID_BELIEF
simple,4,3,4,3,8,0,4,4,DOWN,NONE,False,True,6,,,,False,False,False,0,INVALID_BELIEF
simple,4,3,4,4,1,1,-3,4,DOWN,RIGHT,True,True,6,6,0,0.0,False,False,True,0,ADEQUATE
simple,4,3,4,4,7,1,3,4,DOWN,NONE,False,True,6,,,,False,False,False,0,INVALID_BELIEF
simple,4,3,4,5,2,2,-2,4,DOWN,NONE,False,True,6,,,,False,False,False,0,INVALID_BELIEF
simple,4,3,4,5,6,2,2,4,DOWN,NONE,False,True,6,,,,False,False,False,0,INVALID_BELIEF
simple,4,3,4,6,3,3,-1,4,DOWN,RIGHT,True,True,6,6,0,0.0,False,False,True,0,ADEQUATE
simple,4,3,4,6,5,3,1,4,DOWN,RIGHT,True,True,6,6,0,0.0,False,False,True,0,ADEQUATE
simple,4,3,4,7,4,4,0,4,DOWN,NONE,False,True,6,,,,False,False,False,0,INVALID_BELIEF
simple,4,4,4,0,4,-4,0,4,DOWN,NONE,False,True,5,,,,False,False,False,0,INVALID_BELIEF
simple,4,4,4,1,3,-3,-1,4,DOWN,DOWN,True,False,5,5,0,0.0,False,False,True,0,ADEQUATE
simple,4,4,4,1,5,-3,1,4,DOWN,RIGHT,True,True,5,6,1,0.2,True,False,False,0,COLLISION
simple,4,4,4,2,2,-2,-2,4,DOWN,DOWN,True,False,5,5,0,0.0,False,False,True,0,ADEQUATE
simple,4,4,4,2,6,-2,2,4,DOWN,NONE,False,True,5,,,,False,False,False,0,INVALID_BELIEF
simple,4,4,4,3,1,-1,-3,4,DOWN,RIGHT,True,True,5,6,1,0.2,True,False,False,0,COLLISION
simple,4,4,4,3,7,-1,3,4,DOWN,NONE,False,True,5,,,,False,False,False,0,INVALID_BELIEF
simple,4,4,4,4,0,0,-4,4,DOWN,NONE,False,True,5,,,,False,False,False,0,INVALID_BELIEF
simple,4,4,4,4,8,0,4,4,DOWN,NONE,False,True,5,,,,False,False,False,0,INVALID_BELIEF
simple,4,4,4,5,1,1,-3,4,DOWN,RIGHT,True,True,5,6,1,0.2,True,False,False,0,COLLISION
simple,4,4,4,5,7,1,3,4,DOWN,NONE,False,True,5,,,,False,False,False,0,INVALID_BELIEF
simple,4,4,4,6,2,2,-2,4,DOWN,DOWN,True,False,5,5,0,0.0,False,False,True,0,ADEQUATE
simple,4,4,4,6,6,2,2,4,DOWN,NONE,False,True,5,,,,False,False,False,0,INVALID_BELIEF
simple,4,4,4,7,3,3,-1,4,DOWN,RIGHT,True,True,5,6,1,0.2,True,False,False,0,COLLISION
simple,4,4,4,7,5,3,1,4,DOWN,RIGHT,True,True,5,6,1,0.2,True,False,False,0,COLLISION
simple,4,4,4,8,4,4,0,4,DOWN,DOWN,True,False,5,5,0,0.0,False,False,True,0,ADEQUATE
simple,4,8,4,4,4,-4,0,4,DOWN,DOWN,True,False,1,1,0,0.0,False,False,True,0,ADEQUATE
simple,4,8,4,5,3,-3,-1,4,DOWN,RIGHT,True,True,1,2,1,1.0,True,False,False,0,COLLISION
simple,4,8,4,5,5,-3,1,4,DOWN,RIGHT,True,True,1,2,1,1.0,True,False,False,0,COLLISION
simple,4,8,4,6,2,-2,-2,4,DOWN,DOWN,True,False,1,1,0,0.0,False,False,True,0,ADEQUATE
simple,4,8,4,6,6,-2,2,4,DOWN,NONE,False,True,1,,,,False,False,False,0,INVALID_BELIEF
simple,4,8,4,7,1,-1,-3,4,DOWN,DOWN,True,False,1,1,0,0.0,False,False,True,0,ADEQUATE
simple,4,8,4,7,7,-1,3,4,DOWN,NONE,False,True,1,,,,False,False,False,0,INVALID_BELIEF
simple,4,8,4,8,0,0,-4,4,DOWN,NONE,False,True,1,,,,False,False,False,0,INVALID_BELIEF
simple,4,8,4,8,8,0,4,4,DOWN,NONE,False,True,1,,,,False,False,False,0,INVALID_BELIEF
simple,4,8,4,9,1,1,-3,4,DOWN,NONE,False,True,1,,,,False,False,False,0,INVALID_BELIEF
simple,4,8,4,9,7,1,3,4,DOWN,NONE,False,True,1,,,,False,False,False,0,INVALID_BELIEF
simple,4,8,4,10,2,2,-2,4,DOWN,NONE,False,True,1,,,,False,False,False,0,INVALID_BELIEF
simple,4,8,4,10,6,2,2,4,DOWN,NONE,False,True,1,,,,False,False,False,0,INVALID_BELIEF
simple,4,8,4,11,3,3,-1,4,DOWN,NONE,False,True,1,,,,False,False,False,0,INVALID_BELIEF
simple,4,8,4,11,5,3,1,4,DOWN,NONE,False,True,1,,,,False,False,False,0,INVALID_BELIEF
simple,4,8,4,12,4,4,0,4,DOWN,NONE,False,True,1,,,,False,False,False,0,INVALID_BELIEF
simple,4,1,5,-3,5,-4,0,4,RIGHT,NONE,False,True,7,,,,False,False,False,0,INVALID_BELIEF
simple,4,1,5,-2,4,-3,-1,4,RIGHT,NONE,False,True,7,,,,False,False,False,0,INVALID_BELIEF
simple,4,1,5,-2,6,-3,1,4,RIGHT,NONE,False,True,7,,,,False,False,False,0,INVALID_BELIEF
simple,4,1,5,-1,3,-2,-2,4,RIGHT,NONE,False,True,7,,,,False,False,False,0,INVALID_BELIEF
simple,4,1,5,-1,7,-2,2,4,RIGHT,NONE,False,True,7,,,,False,False,False,0,INVALID_BELIEF
simple,4,1,5,0,2,-1,-3,4,RIGHT,NONE,False,True,7,,,,False,False,False,0,INVALID_BELIEF
simple,4,1,5,0,8,-1,3,4,RIGHT,NONE,False,True,7,,,,False,False,False,0,INVALID_BELIEF
simple,4,1,5,1,1,0,-4,4,RIGHT,DOWN,True,True,7,8,1,0.14285714285714285,True,False,False,0,COLLISION
simple,4,1,5,1,9,0,4,4,RIGHT,NONE,False,True,7,,,,False,False,False,0,INVALID_BELIEF
simple,4,1,5,2,2,1,-3,4,RIGHT,DOWN,True,True,7,8,1,0.14285714285714285,True,False,False,0,COLLISION
simple,4,1,5,2,8,1,3,4,RIGHT,NONE,False,True,7,,,,False,False,False,0,INVALID_BELIEF
simple,4,1,5,3,3,2,-2,4,RIGHT,DOWN,True,True,7,8,1,0.14285714285714285,True,False,False,0,COLLISION
simple,4,1,5,3,7,2,2,4,RIGHT,NONE,False,True,7,,,,False,False,False,0,INVALID_BELIEF
simple,4,1,5,4,4,3,-1,4,RIGHT,DOWN,True,True,7,8,1,0.14285714285714285,True,False,False,0,COLLISION
simple,4,1,5,4,6,3,1,4,RIGHT,NONE,False,True,7,,,,False,False,False,0,INVALID_BELIEF
simple,4,1,5,5,5,4,0,4,RIGHT,RIGHT,True,False,7,7,0,0.0,False,False,True,0,ADEQUATE
simple,4,2,5,-2,5,-4,0,4,RIGHT,NONE,False,True,6,,,,False,False,False,0,INVALID_BELIEF
simple,4,2,5,-1,4,-3,-1,4,RIGHT,NONE,False,True,6,,,,False,False,False,0,INVALID_BELIEF
simple,4,2,5,-1,6,-3,1,4,RIGHT,NONE,False,True,6,,,,False,False,False,0,INVALID_BELIEF
simple,4,2,5,0,3,-2,-2,4,RIGHT,NONE,False,True,6,,,,False,False,False,0,INVALID_BELIEF
simple,4,2,5,0,7,-2,2,4,RIGHT,NONE,False,True,6,,,,False,False,False,0,INVALID_BELIEF
simple,4,2,5,1,2,-1,-3,4,RIGHT,DOWN,True,True,6,7,1,0.16666666666666666,True,False,False,0,COLLISION
simple,4,2,5,1,8,-1,3,4,RIGHT,NONE,False,True,6,,,,False,False,False,0,INVALID_BELIEF
simple,4,2,5,2,1,0,-4,4,RIGHT,DOWN,True,True,6,7,1,0.16666666666666666,True,False,False,0,COLLISION
simple,4,2,5,2,9,0,4,4,RIGHT,NONE,False,True,6,,,,False,False,False,0,INVALID_BELIEF
simple,4,2,5,3,2,1,-3,4,RIGHT,NONE,False,True,6,,,,False,False,False,0,INVALID_BELIEF
simple,4,2,5,3,8,1,3,4,RIGHT,NONE,False,True,6,,,,False,False,False,0,INVALID_BELIEF
simple,4,2,5,4,3,2,-2,4,RIGHT,DOWN,True,True,6,7,1,0.16666666666666666,True,False,False,0,COLLISION
simple,4,2,5,4,7,2,2,4,RIGHT,NONE,False,True,6,,,,False,False,False,0,INVALID_BELIEF
simple,4,2,5,5,4,3,-1,4,RIGHT,NONE,False,True,6,,,,False,False,False,0,INVALID_BELIEF
simple,4,2,5,5,6,3,1,4,RIGHT,NONE,False,True,6,,,,False,False,False,0,INVALID_BELIEF
simple,4,2,5,6,5,4,0,4,RIGHT,RIGHT,True,False,6,6,0,0.0,False,False,True,0,ADEQUATE
simple,4,3,5,-1,5,-4,0,4,RIGHT,NONE,False,True,5,,,,False,False,False,0,INVALID_BELIEF
simple,4,3,5,0,4,-3,-1,4,RIGHT,NONE,False,True,5,,,,False,False,False,0,INVALID_BELIEF
simple,4,3,5,0,6,-3,1,4,RIGHT,NONE,False,True,5,,,,False,False,False,0,INVALID_BELIEF
simple,4,3,5,1,3,-2,-2,4,RIGHT,DOWN,True,True,5,6,1,0.2,True,False,False,0,COLLISION
simple,4,3,5,1,7,-2,2,4,RIGHT,NONE,False,True,5,,,,False,False,False,0,INVALID_BELIEF
simple,4,3,5,2,2,-1,-3,4,RIGHT,DOWN,True,True,5,6,1,0.2,True,False,False,0,COLLISION
simple,4,3,5,2,8,-1,3,4,RIGHT,NONE,False,True,5,,,,False,False,False,0,INVALID_BELIEF
simple,4,3,5,3,1,0,-4,4,RIGHT,RIGHT,True,False,5,5,0,0.0,False,False,True,0,ADEQUATE
simple,4,3,5,3,9,0,4,4,RIGHT,NONE,False,True,5,,,,False,False,False,0,INVALID_BELIEF
simple,4,3,5,4,2,1,-3,4,RIGHT,NONE,False,True,5,,,,False,False,False,0,INVALID_BELIEF
simple,4,3,5,4,8,1,3,4,RIGHT,NONE,False,True,5,,,,False,False,False,0,INVALID_BELIEF
simple,4,3,5,5,3,2,-2,4,RIGHT,RIGHT,True,False,5,5,0,0.0,False,False,True,0,ADEQUATE
simple,4,3,5,5,7,2,2,4,RIGHT,NONE,False,True,5,,,,False,False,False,0,INVALID_BELIEF
simple,4,3,5,6,4,3,-1,4,RIGHT,NONE,False,True,5,,,,False,False,False,0,INVALID_BELIEF
simple,4,3,5,6,6,3,1,4,RIGHT,NONE,False,True,5,,,,False,False,False,0,INVALID_BELIEF
simple,4,3,5,7,5,4,0,4,RIGHT,RIGHT,True,False,5,5,0,0.0,False,False,True,0,ADEQUATE
simple,4,4,5,0,5,-4,0,4,RIGHT,NONE,False,True,4,,,,False,False,False,0,INVALID_BELIEF
simple,4,4,5,1,4,-3,-1,4,RIGHT,DOWN,True,True,4,5,1,0.25,True,False,False,0,COLLISION
simple,4,4,5,1,6,-3,1,4,RIGHT,NONE,False,True,4,,,,False,False,False,0,INVALID_BELIEF
simple,4,4,5,2,3,-2,-2,4,RIGHT,DOWN,True,True,4,5,1,0.25,True,False,False,0,COLLISION
simple,4,4,5,2,7,-2,2,4,RIGHT,NONE,False,True,4,,,,False,False,False,0,INVALID_BELIEF
simple,4,4,5,3,2,-1,-3,4,RIGHT,NONE,False,True,4,,,,False,False,False,0,INVALID_BELIEF
simple,4,4,5,3,8,-1,3,4,RIGHT,NONE,False,True,4,,,,False,False,False,0,INVALID_BELIEF
simple,4,4,5,4,1,0,-4,4,RIGHT,RIGHT,True,False,4,4,0,0.0,False,False,True,0,ADEQUATE
simple,4,4,5,4,9,0,4,4,RIGHT,NONE,False,True,4,,,,False,False,False,0,INVALID_BELIEF
simple,4,4,5,5,2,1,-3,4,RIGHT,NONE,False,True,4,,,,False,False,False,0,INVALID_BELIEF
simple,4,4,5,5,8,1,3,4,RIGHT,NONE,False,True,4,,,,False,False,False,0,INVALID_BELIEF
simple,4,4,5,6,3,2,-2,4,RIGHT,RIGHT,True,False,4,4,0,0.0,False,False,True,0,ADEQUATE
simple,4,4,5,6,7,2,2,4,RIGHT,NONE,False,True,4,,,,False,False,False,0,INVALID_BELIEF
simple,4,4,5,7,4,3,-1,4,RIGHT,NONE,False,True,4,,,,False,False,False,0,INVALID_BELIEF
simple,4,4,5,7,6,3,1,4,RIGHT,NONE,False,True,4,,,,False,False,False,0,INVALID_BELIEF
simple,4,4,5,8,5,4,0,4,RIGHT,NONE,True,True,4,,,,False,True,False,0,FALSE_TERMINAL
simple,4,5,5,1,5,-4,0,4,RIGHT,RIGHT,True,False,3,3,0,0.0,False,False,True,0,ADEQUATE
simple,4,5,5,2,4,-3,-1,4,RIGHT,DOWN,True,True,3,4,1,0.3333333333333333,True,False,False,0,COLLISION
simple,4,5,5,2,6,-3,1,4,RIGHT,NONE,False,True,3,,,,False,False,False,0,INVALID_BELIEF
simple,4,5,5,3,3,-2,-2,4,RIGHT,DOWN,True,True,3,4,1,0.3333333333333333,True,False,False,0,COLLISION
simple,4,5,5,3,7,-2,2,4,RIGHT,NONE,False,True,3,,,,False,False,False,0,INVALID_BELIEF
simple,4,5,5,4,2,-1,-3,4,RIGHT,NONE,False,True,3,,,,False,False,False,0,INVALID_BELIEF
simple,4,5,5,4,8,-1,3,4,RIGHT,NONE,False,True,3,,,,False,False,False,0,INVALID_BELIEF
simple,4,5,5,5,1,0,-4,4,RIGHT,RIGHT,True,False,3,3,0,0.0,False,False,True,0,ADEQUATE
simple,4,5,5,5,9,0,4,4,RIGHT,NONE,False,True,3,,,,False,False,False,0,INVALID_BELIEF
simple,4,5,5,6,2,1,-3,4,RIGHT,DOWN,True,True,3,4,1,0.3333333333333333,True,False,False,0,COLLISION
simple,4,5,5,6,8,1,3,4,RIGHT,NONE,False,True,3,,,,False,False,False,0,INVALID_BELIEF
simple,4,5,5,7,3,2,-2,4,RIGHT,RIGHT,True,False,3,3,0,0.0,False,False,True,0,ADEQUATE
simple,4,5,5,7,7,2,2,4,RIGHT,NONE,False,True,3,,,,False,False,False,0,INVALID_BELIEF
simple,4,5,5,8,4,3,-1,4,RIGHT,DOWN,True,True,3,4,1,0.3333333333333333,True,False,False,0,COLLISION
simple,4,5,5,8,6,3,1,4,RIGHT,NONE,False,True,3,,,,False,False,False,0,INVALID_BELIEF
simple,4,5,5,9,5,4,0,4,RIGHT,NONE,False,True,3,,,,False,False,False,0,INVALID_BELIEF
simple,4,6,5,2,5,-4,0,4,RIGHT,RIGHT,True,False,2,2,0,0.0,False,False,True,0,ADEQUATE
simple,4,6,5,3,4,-3,-1,4,RIGHT,DOWN,True,True,2,3,1,0.5,True,False,False,0,COLLISION
simple,4,6,5,3,6,-3,1,4,RIGHT,NONE,False,True,2,,,,False,False,False,0,INVALID_BELIEF
simple,4,6,5,4,3,-2,-2,4,RIGHT,DOWN,True,True,2,3,1,0.5,True,False,False,0,COLLISION
simple,4,6,5,4,7,-2,2,4,RIGHT,NONE,False,True,2,,,,False,False,False,0,INVALID_BELIEF
simple,4,6,5,5,2,-1,-3,4,RIGHT,NONE,False,True,2,,,,False,False,False,0,INVALID_BELIEF
simple,4,6,5,5,8,-1,3,4,RIGHT,NONE,False,True,2,,,,False,False,False,0,INVALID_BELIEF
simple,4,6,5,6,1,0,-4,4,RIGHT,DOWN,True,True,2,3,1,0.5,True,False,False,0,COLLISION
simple,4,6,5,6,9,0,4,4,RIGHT,NONE,False,True,2,,,,False,False,False,0,INVALID_BELIEF
simple,4,6,5,7,2,1,-3,4,RIGHT,DOWN,True,True,2,3,1,0.5,True,False,False,0,COLLISION
simple,4,6,5,7,8,1,3,4,RIGHT,NONE,False,True,2,,,,False,False,False,0,INVALID_BELIEF
simple,4,6,5,8,3,2,-2,4,RIGHT,DOWN,True,True,2,3,1,0.5,True,False,False,0,COLLISION
simple,4,6,5,8,7,2,2,4,RIGHT,NONE,False,True,2,,,,False,False,False,0,INVALID_BELIEF
simple,4,6,5,9,4,3,-1,4,RIGHT,NONE,False,True,2,,,,False,False,False,0,INVALID_BELIEF
simple,4,6,5,9,6,3,1,4,RIGHT,NONE,False,True,2,,,,False,False,False,0,INVALID_BELIEF
simple,4,6,5,10,5,4,0,4,RIGHT,NONE,False,True,2,,,,False,False,False,0,INVALID_BELIEF
simple,4,7,5,3,5,-4,0,4,RIGHT,RIGHT,True,False,1,1,0,0.0,False,False,True,0,ADEQUATE
simple,4,7,5,4,4,-3,-1,4,RIGHT,DOWN,True,True,1,2,1,1.0,True,False,False,0,COLLISION
simple,4,7,5,4,6,-3,1,4,RIGHT,NONE,False,True,1,,,,False,False,False,0,INVALID_BELIEF
simple,4,7,5,5,3,-2,-2,4,RIGHT,RIGHT,True,False,1,1,0,0.0,False,False,True,0,ADEQUATE
simple,4,7,5,5,7,-2,2,4,RIGHT,NONE,False,True,1,,,,False,False,False,0,INVALID_BELIEF
simple,4,7,5,6,2,-1,-3,4,RIGHT,DOWN,True,True,1,2,1,1.0,True,False,False,0,COLLISION
simple,4,7,5,6,8,-1,3,4,RIGHT,NONE,False,True,1,,,,False,False,False,0,INVALID_BELIEF
simple,4,7,5,7,1,0,-4,4,RIGHT,DOWN,True,True,1,2,1,1.0,True,False,False,0,COLLISION
simple,4,7,5,7,9,0,4,4,RIGHT,NONE,False,True,1,,,,False,False,False,0,INVALID_BELIEF
simple,4,7,5,8,2,1,-3,4,RIGHT,DOWN,True,True,1,2,1,1.0,True,False,False,0,COLLISION
simple,4,7,5,8,8,1,3,4,RIGHT,NONE,False,True,1,,,,False,False,False,0,INVALID_BELIEF
simple,4,7,5,9,3,2,-2,4,RIGHT,NONE,False,True,1,,,,False,False,False,0,INVALID_BELIEF
simple,4,7,5,9,7,2,2,4,RIGHT,NONE,False,True,1,,,,False,False,False,0,INVALID_BELIEF
simple,4,7,5,10,4,3,-1,4,RIGHT,NONE,False,True,1,,,,False,False,False,0,INVALID_BELIEF
simple,4,7,5,10,6,3,1,4,RIGHT,NONE,False,True,1,,,,False,False,False,0,INVALID_BELIEF
simple,4,7,5,11,5,4,0,4,RIGHT,NONE,False,True,1,,,,False,False,False,0,INVALID_BELIEF
branch,0,1,1,1,1,0,0,0,RIGHT,RIGHT,True,False,12,12,0,0.0,False,False,True,0,ADEQUATE
branch,0,2,1,2,1,0,0,0,RIGHT,RIGHT,True,False,11,11,0,0.0,False,False,True,0,ADEQUATE
branch,0,3,1,3,1,0,0,0,RIGHT,RIGHT,True,False,10,10,0,0.0,False,False,True,0,ADEQUATE
branch,0,4,1,4,1,0,0,0,RIGHT,RIGHT,True,False,9,9,0,0.0,False,False,True,0,ADEQUATE
branch,0,5,1,5,1,0,0,0,RIGHT,RIGHT,True,False,8,8,0,0.0,False,False,True,0,ADEQUATE
branch,0,6,1,6,1,0,0,0,RIGHT,RIGHT,True,False,7,7,0,0.0,False,False,True,0,ADEQUATE
branch,0,7,1,7,1,0,0,0,RIGHT,RIGHT,True,False,6,6,0,0.0,False,False,True,0,ADEQUATE
branch,0,8,1,8,1,0,0,0,RIGHT,RIGHT,True,False,5,5,0,0.0,False,False,True,0,ADEQUATE
branch,0,9,1,9,1,0,0,0,RIGHT,RIGHT,True,False,4,4,0,0.0,False,False,True,0,ADEQUATE
branch,0,10,1,10,1,0,0,0,RIGHT,RIGHT,True,False,3,3,0,0.0,False,False,True,0,ADEQUATE
branch,0,11,1,11,1,0,0,0,RIGHT,RIGHT,True,False,2,2,0,0.0,False,False,True,0,ADEQUATE
branch,0,12,1,12,1,0,0,0,RIGHT,RIGHT,True,False,1,1,0,0.0,False,False,True,0,ADEQUATE
branch,0,1,2,1,2,0,0,0,UP,UP,True,False,13,13,0,0.0,False,False,True,0,ADEQUATE
branch,0,7,2,7,2,0,0,0,UP,UP,True,False,7,7,0,0.0,False,False,True,0,ADEQUATE
branch,0,13,2,13,2,0,0,0,UP,UP,True,False,1,1,0,0.0,False,False,True,0,ADEQUATE
branch,0,1,3,1,3,0,0,0,UP,UP,True,False,14,14,0,0.0,False,False,True,0,ADEQUATE
branch,0,2,3,2,3,0,0,0,LEFT,LEFT,True,False,15,15,0,0.0,False,False,True,0,ADEQUATE
branch,0,3,3,3,3,0,0,0,LEFT,LEFT,True,False,16,16,0,0.0,False,False,True,0,ADEQUATE
branch,0,4,3,4,3,0,0,0,RIGHT,RIGHT,True,False,15,15,0,0.0,False,False,True,0,ADEQUATE
branch,0,5,3,5,3,0,0,0,DOWN,DOWN,True,False,14,14,0,0.0,False,False,True,0,ADEQUATE
branch,0,7,3,7,3,0,0,0,UP,UP,True,False,8,8,0,0.0,False,False,True,0,ADEQUATE
branch,0,9,3,9,3,0,0,0,RIGHT,RIGHT,True,False,6,6,0,0.0,False,False,True,0,ADEQUATE
branch,0,10,3,10,3,0,0,0,RIGHT,RIGHT,True,False,5,5,0,0.0,False,False,True,0,ADEQUATE
branch,0,11,3,11,3,0,0,0,RIGHT,RIGHT,True,False,4,4,0,0.0,False,False,True,0,ADEQUATE
branch,0,12,3,12,3,0,0,0,RIGHT,RIGHT,True,False,3,3,0,0.0,False,False,True,0,ADEQUATE
branch,0,13,3,13,3,0,0,0,UP,UP,True,False,2,2,0,0.0,False,False,True,0,ADEQUATE
branch,0,3,4,3,4,0,0,0,UP,UP,True,False,17,17,0,0.0,False,False,True,0,ADEQUATE
branch,0,5,4,5,4,0,0,0,DOWN,DOWN,True,False,13,13,0,0.0,False,False,True,0,ADEQUATE
branch,0,7,4,7,4,0,0,0,UP,UP,True,False,9,9,0,0.0,False,False,True,0,ADEQUATE
branch,0,9,4,9,4,0,0,0,UP,UP,True,False,7,7,0,0.0,False,False,True,0,ADEQUATE
branch,0,13,4,13,4,0,0,0,UP,UP,True,False,3,3,0,0.0,False,False,True,0,ADEQUATE
branch,0,1,5,1,5,0,0,0,RIGHT,RIGHT,True,False,20,20,0,0.0,False,False,True,0,ADEQUATE
branch,0,2,5,2,5,0,0,0,RIGHT,RIGHT,True,False,19,19,0,0.0,False,False,True,0,ADEQUATE
branch,0,3,5,3,5,0,0,0,UP,UP,True,False,18,18,0,0.0,False,False,True,0,ADEQUATE
branch,0,5,5,5,5,0,0,0,RIGHT,RIGHT,True,False,12,12,0,0.0,False,False,True,0,ADEQUATE
branch,0,6,5,6,5,0,0,0,RIGHT,RIGHT,True,False,11,11,0,0.0,False,False,True,0,ADEQUATE
branch,0,7,5,7,5,0,0,0,UP,UP,True,False,10,10,0,0.0,False,False,True,0,ADEQUATE
branch,0,8,5,8,5,0,0,0,RIGHT,RIGHT,True,False,9,9,0,0.0,False,False,True,0,ADEQUATE
branch,0,9,5,9,5,0,0,0,UP,UP,True,False,8,8,0,0.0,False,False,True,0,ADEQUATE
branch,0,11,5,11,5,0,0,0,RIGHT,RIGHT,True,False,6,6,0,0.0,False,False,True,0,ADEQUATE
branch,0,12,5,12,5,0,0,0,RIGHT,RIGHT,True,False,5,5,0,0.0,False,False,True,0,ADEQUATE
branch,0,13,5,13,5,0,0,0,UP,UP,True,False,4,4,0,0.0,False,False,True,0,ADEQUATE
branch,1,1,1,0,1,-1,0,1,RIGHT,NONE,False,True,12,,,,False,False,False,0,INVALID_BELIEF
branch,1,1,1,1,0,0,-1,1,RIGHT,NONE,False,True,12,,,,False,False,False,0,INVALID_BELIEF
branch,1,1,1,1,2,0,1,1,RIGHT,UP,True,True,12,13,1,0.08333333333333333,True,False,False,0,COLLISION
branch,1,1,1,2,1,1,0,1,RIGHT,RIGHT,True,False,12,12,0,0.0,False,False,True,0,ADEQUATE
branch,1,2,1,1,1,-1,0,1,RIGHT,RIGHT,True,False,11,11,0,0.0,False,False,True,0,ADEQUATE
branch,1,2,1,2,0,0,-1,1,RIGHT,NONE,False,True,11,,,,False,False,False,0,INVALID_BELIEF
branch,1,2,1,2,2,0,1,1,RIGHT,NONE,False,True,11,,,,False,False,False,0,INVALID_BELIEF
branch,1,2,1,3,1,1,0,1,RIGHT,RIGHT,True,False,11,11,0,0.0,False,False,True,0,ADEQUATE
branch,1,3,1,2,1,-1,0,1,RIGHT,RIGHT,True,False,10,10,0,0.0,False,False,True,0,ADEQUATE
branch,1,3,1,3,0,0,-1,1,RIGHT,NONE,False,True,10,,,,False,False,False,0,INVALID_BELIEF
branch,1,3,1,3,2,0,1,1,RIGHT,NONE,False,True,10,,,,False,False,False,0,INVALID_BELIEF
branch,1,3,1,4,1,1,0,1,RIGHT,RIGHT,True,False,10,10,0,0.0,False,False,True,0,ADEQUATE
branch,1,4,1,3,1,-1,0,1,RIGHT,RIGHT,True,False,9,9,0,0.0,False,False,True,0,ADEQUATE
branch,1,4,1,4,0,0,-1,1,RIGHT,NONE,False,True,9,,,,False,False,False,0,INVALID_BELIEF
branch,1,4,1,4,2,0,1,1,RIGHT,NONE,False,True,9,,,,False,False,False,0,INVALID_BELIEF
branch,1,4,1,5,1,1,0,1,RIGHT,RIGHT,True,False,9,9,0,0.0,False,False,True,0,ADEQUATE
branch,1,5,1,4,1,-1,0,1,RIGHT,RIGHT,True,False,8,8,0,0.0,False,False,True,0,ADEQUATE
branch,1,5,1,5,0,0,-1,1,RIGHT,NONE,False,True,8,,,,False,False,False,0,INVALID_BELIEF
branch,1,5,1,5,2,0,1,1,RIGHT,NONE,False,True,8,,,,False,False,False,0,INVALID_BELIEF
branch,1,5,1,6,1,1,0,1,RIGHT,RIGHT,True,False,8,8,0,0.0,False,False,True,0,ADEQUATE
branch,1,6,1,5,1,-1,0,1,RIGHT,RIGHT,True,False,7,7,0,0.0,False,False,True,0,ADEQUATE
branch,1,6,1,6,0,0,-1,1,RIGHT,NONE,False,True,7,,,,False,False,False,0,INVALID_BELIEF
branch,1,6,1,6,2,0,1,1,RIGHT,NONE,False,True,7,,,,False,False,False,0,INVALID_BELIEF
branch,1,6,1,7,1,1,0,1,RIGHT,RIGHT,True,False,7,7,0,0.0,False,False,True,0,ADEQUATE
branch,1,7,1,6,1,-1,0,1,RIGHT,RIGHT,True,False,6,6,0,0.0,False,False,True,0,ADEQUATE
branch,1,7,1,7,0,0,-1,1,RIGHT,NONE,False,True,6,,,,False,False,False,0,INVALID_BELIEF
branch,1,7,1,7,2,0,1,1,RIGHT,UP,True,True,6,7,1,0.16666666666666666,True,False,False,0,COLLISION
branch,1,7,1,8,1,1,0,1,RIGHT,RIGHT,True,False,6,6,0,0.0,False,False,True,0,ADEQUATE
branch,1,8,1,7,1,-1,0,1,RIGHT,RIGHT,True,False,5,5,0,0.0,False,False,True,0,ADEQUATE
branch,1,8,1,8,0,0,-1,1,RIGHT,NONE,False,True,5,,,,False,False,False,0,INVALID_BELIEF
branch,1,8,1,8,2,0,1,1,RIGHT,NONE,False,True,5,,,,False,False,False,0,INVALID_BELIEF
branch,1,8,1,9,1,1,0,1,RIGHT,RIGHT,True,False,5,5,0,0.0,False,False,True,0,ADEQUATE
branch,1,9,1,8,1,-1,0,1,RIGHT,RIGHT,True,False,4,4,0,0.0,False,False,True,0,ADEQUATE
branch,1,9,1,9,0,0,-1,1,RIGHT,NONE,False,True,4,,,,False,False,False,0,INVALID_BELIEF
branch,1,9,1,9,2,0,1,1,RIGHT,NONE,False,True,4,,,,False,False,False,0,INVALID_BELIEF
branch,1,9,1,10,1,1,0,1,RIGHT,RIGHT,True,False,4,4,0,0.0,False,False,True,0,ADEQUATE
branch,1,10,1,9,1,-1,0,1,RIGHT,RIGHT,True,False,3,3,0,0.0,False,False,True,0,ADEQUATE
branch,1,10,1,10,0,0,-1,1,RIGHT,NONE,False,True,3,,,,False,False,False,0,INVALID_BELIEF
branch,1,10,1,10,2,0,1,1,RIGHT,NONE,False,True,3,,,,False,False,False,0,INVALID_BELIEF
branch,1,10,1,11,1,1,0,1,RIGHT,RIGHT,True,False,3,3,0,0.0,False,False,True,0,ADEQUATE
branch,1,11,1,10,1,-1,0,1,RIGHT,RIGHT,True,False,2,2,0,0.0,False,False,True,0,ADEQUATE
branch,1,11,1,11,0,0,-1,1,RIGHT,NONE,False,True,2,,,,False,False,False,0,INVALID_BELIEF
branch,1,11,1,11,2,0,1,1,RIGHT,NONE,False,True,2,,,,False,False,False,0,INVALID_BELIEF
branch,1,11,1,12,1,1,0,1,RIGHT,RIGHT,True,False,2,2,0,0.0,False,False,True,0,ADEQUATE
branch,1,12,1,11,1,-1,0,1,RIGHT,RIGHT,True,False,1,1,0,0.0,False,False,True,0,ADEQUATE
branch,1,12,1,12,0,0,-1,1,RIGHT,NONE,False,True,1,,,,False,False,False,0,INVALID_BELIEF
branch,1,12,1,12,2,0,1,1,RIGHT,NONE,False,True,1,,,,False,False,False,0,INVALID_BELIEF
branch,1,12,1,13,1,1,0,1,RIGHT,NONE,True,True,1,,,,False,True,False,0,FALSE_TERMINAL
branch,1,1,2,0,2,-1,0,1,UP,NONE,False,True,13,,,,False,False,False,0,INVALID_BELIEF
branch,1,1,2,1,1,0,-1,1,UP,RIGHT,True,True,13,14,1,0.07692307692307693,True,False,False,0,COLLISION
branch,1,1,2,1,3,0,1,1,UP,UP,True,False,13,13,0,0.0,False,False,True,0,ADEQUATE
branch,1,1,2,2,2,1,0,1,UP,NONE,False,True,13,,,,False,False,False,0,INVALID_BELIEF
branch,1,7,2,6,2,-1,0,1,UP,NONE,False,True,7,,,,False,False,False,0,INVALID_BELIEF
branch,1,7,2,7,1,0,-1,1,UP,RIGHT,True,True,7,8,1,0.14285714285714285,True,False,False,0,COLLISION
branch,1,7,2,7,3,0,1,1,UP,UP,True,False,7,7,0,0.0,False,False,True,0,ADEQUATE
branch,1,7,2,8,2,1,0,1,UP,NONE,False,True,7,,,,False,False,False,0,INVALID_BELIEF
branch,1,13,2,12,2,-1,0,1,UP,NONE,False,True,1,,,,False,False,False,0,INVALID_BELIEF
branch,1,13,2,13,1,0,-1,1,UP,NONE,True,True,1,,,,False,True,False,0,FALSE_TERMINAL
branch,1,13,2,13,3,0,1,1,UP,UP,True,False,1,1,0,0.0,False,False,True,0,ADEQUATE
branch,1,13,2,14,2,1,0,1,UP,NONE,False,True,1,,,,False,False,False,0,INVALID_BELIEF
branch,1,1,3,0,3,-1,0,1,UP,NONE,False,True,14,,,,False,False,False,0,INVALID_BELIEF
branch,1,1,3,1,2,0,-1,1,UP,UP,True,False,14,14,0,0.0,False,False,True,0,ADEQUATE
branch,1,1,3,1,4,0,1,1,UP,NONE,False,True,14,,,,False,False,False,0,INVALID_BELIEF
branch,1,1,3,2,3,1,0,1,UP,LEFT,True,True,14,15,1,0.07142857142857142,True,False,False,0,COLLISION
branch,1,2,3,1,3,-1,0,1,LEFT,UP,True,True,15,16,1,0.06666666666666667,True,False,False,0,COLLISION
branch,1,2,3,2,2,0,-1,1,LEFT,NONE,False,True,15,,,,False,False,False,0,INVALID_BELIEF
branch,1,2,3,2,4,0,1,1,LEFT,NONE,False,True,15,,,,False,False,False,0,INVALID_BELIEF
branch,1,2,3,3,3,1,0,1,LEFT,LEFT,True,False,15,15,0,0.0,False,False,True,0,ADEQUATE
branch,1,3,3,2,3,-1,0,1,LEFT,LEFT,True,False,16,16,0,0.0,False,False,True,0,ADEQUATE
branch,1,3,3,3,2,0,-1,1,LEFT,NONE,False,True,16,,,,False,False,False,0,INVALID_BELIEF
branch,1,3,3,3,4,0,1,1,LEFT,UP,True,True,16,17,1,0.0625,True,False,False,0,COLLISION
branch,1,3,3,4,3,1,0,1,LEFT,RIGHT,True,True,16,16,0,0.0,False,False,True,0,ADEQUATE
branch,1,4,3,3,3,-1,0,1,RIGHT,LEFT,True,True,15,17,2,0.13333333333333333,False,False,False,0,INADEQUATE
branch,1,4,3,4,2,0,-1,1,RIGHT,NONE,False,True,15,,,,False,False,False,0,INVALID_BELIEF
branch,1,4,3,4,4,0,1,1,RIGHT,NONE,False,True,15,,,,False,False,False,0,INVALID_BELIEF
branch,1,4,3,5,3,1,0,1,RIGHT,DOWN,True,True,15,16,1,0.06666666666666667,True,False,False,0,COLLISION
branch,1,5,3,4,3,-1,0,1,DOWN,RIGHT,True,True,14,15,1,0.07142857142857142,True,False,False,0,COLLISION
branch,1,5,3,5,2,0,-1,1,DOWN,NONE,False,True,14,,,,False,False,False,0,INVALID_BELIEF
branch,1,5,3,5,4,0,1,1,DOWN,DOWN,True,False,14,14,0,0.0,False,False,True,0,ADEQUATE
branch,1,5,3,6,3,1,0,1,DOWN,NONE,False,True,14,,,,False,False,False,0,INVALID_BELIEF
branch,1,7,3,6,3,-1,0,1,UP,NONE,False,True,8,,,,False,False,False,0,INVALID_BELIEF
branch,1,7,3,7,2,0,-1,1,UP,UP,True,False,8,8,0,0.0,False,False,True,0,ADEQUATE
branch,1,7,3,7,4,0,1,1,UP,UP,True,False,8,8,0,0.0,False,False,True,0,ADEQUATE
branch,1,7,3,8,3,1,0,1,UP,NONE,False,True,8,,,,False,False,False,0,INVALID_BELIEF
branch,1,9,3,8,3,-1,0,1,RIGHT,NONE,False,True,6,,,,False,False,False,0,INVALID_BELIEF
branch,1,9,3,9,2,0,-1,1,RIGHT,NONE,False,True,6,,,,False,False,False,0,INVALID_BELIEF
branch,1,9,3,9,4,0,1,1,RIGHT,UP,True,True,6,7,1,0.16666666666666666,True,False,False,0,COLLISION
branch,1,9,3,10,3,1,0,1,RIGHT,RIGHT,True,False,6,6,0,0.0,False,False,True,0,ADEQUATE
branch,1,10,3,9,3,-1,0,1,RIGHT,RIGHT,True,False,5,5,0,0.0,False,False,True,0,ADEQUATE
branch,1,10,3,10,2,0,-1,1,RIGHT,NONE,False,True,5,,,,False,False,False,0,INVALID_BELIEF
branch,1,10,3,10,4,0,1,1,RIGHT,NONE,False,True,5,,,,False,False,False,0,INVALID_BELIEF
branch,1,10,3,11,3,1,0,1,RIGHT,RIGHT,True,False,5,5,0,0.0,False,False,True,0,ADEQUATE
branch,1,11,3,10,3,-1,0,1,RIGHT,RIGHT,True,False,4,4,0,0.0,False,False,True,0,ADEQUATE
branch,1,11,3,11,2,0,-1,1,RIGHT,NONE,False,True,4,,,,False,False,False,0,INVALID_BELIEF
branch,1,11,3,11,4,0,1,1,RIGHT,NONE,False,True,4,,,,False,False,False,0,INVALID_BELIEF
branch,1,11,3,12,3,1,0,1,RIGHT,RIGHT,True,False,4,4,0,0.0,False,False,True,0,ADEQUATE
branch,1,12,3,11,3,-1,0,1,RIGHT,RIGHT,True,False,3,3,0,0.0,False,False,True,0,ADEQUATE
branch,1,12,3,12,2,0,-1,1,RIGHT,NONE,False,True,3,,,,False,False,False,0,INVALID_BELIEF
branch,1,12,3,12,4,0,1,1,RIGHT,NONE,False,True,3,,,,False,False,False,0,INVALID_BELIEF
branch,1,12,3,13,3,1,0,1,RIGHT,UP,True,True,3,4,1,0.3333333333333333,True,False,False,0,COLLISION
branch,1,13,3,12,3,-1,0,1,UP,RIGHT,True,True,2,3,1,0.5,True,False,False,0,COLLISION
branch,1,13,3,13,2,0,-1,1,UP,UP,True,False,2,2,0,0.0,False,False,True,0,ADEQUATE
branch,1,13,3,13,4,0,1,1,UP,UP,True,False,2,2,0,0.0,False,False,True,0,ADEQUATE
branch,1,13,3,14,3,1,0,1,UP,NONE,False,True,2,,,,False,False,False,0,INVALID_BELIEF
branch,1,3,4,2,4,-1,0,1,UP,NONE,False,True,17,,,,False,False,False,0,INVALID_BELIEF
branch,1,3,4,3,3,0,-1,1,UP,LEFT,True,True,17,18,1,0.058823529411764705,True,False,False,0,COLLISION
branch,1,3,4,3,5,0,1,1,UP,UP,True,False,17,17,0,0.0,False,False,True,0,ADEQUATE
branch,1,3,4,4,4,1,0,1,UP,NONE,False,True,17,,,,False,False,False,0,INVALID_BELIEF
branch,1,5,4,4,4,-1,0,1,DOWN,NONE,False,True,13,,,,False,False,False,0,INVALID_BELIEF
branch,1,5,4,5,3,0,-1,1,DOWN,DOWN,True,False,13,13,0,0.0,False,False,True,0,ADEQUATE
branch,1,5,4,5,5,0,1,1,DOWN,RIGHT,True,True,13,14,1,0.07692307692307693,True,False,False,0,COLLISION
branch,1,5,4,6,4,1,0,1,DOWN,NONE,False,True,13,,,,False,False,False,0,INVALID_BELIEF
branch,1,7,4,6,4,-1,0,1,UP,NONE,False,True,9,,,,False,False,False,0,INVALID_BELIEF
branch,1,7,4,7,3,0,-1,1,UP,UP,True,False,9,9,0,0.0,False,False,True,0,ADEQUATE
branch,1,7,4,7,5,0,1,1,UP,UP,True,False,9,9,0,0.0,False,False,True,0,ADEQUATE
branch,1,7,4,8,4,1,0,1,UP,NONE,False,True,9,,,,False,False,False,0,INVALID_BELIEF
branch,1,9,4,8,4,-1,0,1,UP,NONE,False,True,7,,,,False,False,False,0,INVALID_BELIEF
branch,1,9,4,9,3,0,-1,1,UP,RIGHT,True,True,7,8,1,0.14285714285714285,True,False,False,0,COLLISION
branch,1,9,4,9,5,0,1,1,UP,UP,True,False,7,7,0,0.0,False,False,True,0,ADEQUATE
branch,1,9,4,10,4,1,0,1,UP,NONE,False,True,7,,,,False,False,False,0,INVALID_BELIEF
branch,1,13,4,12,4,-1,0,1,UP,NONE,False,True,3,,,,False,False,False,0,INVALID_BELIEF
branch,1,13,4,13,3,0,-1,1,UP,UP,True,False,3,3,0,0.0,False,False,True,0,ADEQUATE
branch,1,13,4,13,5,0,1,1,UP,UP,True,False,3,3,0,0.0,False,False,True,0,ADEQUATE
branch,1,13,4,14,4,1,0,1,UP,NONE,False,True,3,,,,False,False,False,0,INVALID_BELIEF
branch,1,1,5,0,5,-1,0,1,RIGHT,NONE,False,True,20,,,,False,False,False,0,INVALID_BELIEF
branch,1,1,5,1,4,0,-1,1,RIGHT,NONE,False,True,20,,,,False,False,False,0,INVALID_BELIEF
branch,1,1,5,1,6,0,1,1,RIGHT,NONE,False,True,20,,,,False,False,False,0,INVALID_BELIEF
branch,1,1,5,2,5,1,0,1,RIGHT,RIGHT,True,False,20,20,0,0.0,False,False,True,0,ADEQUATE
branch,1,2,5,1,5,-1,0,1,RIGHT,RIGHT,True,False,19,19,0,0.0,False,False,True,0,ADEQUATE
branch,1,2,5,2,4,0,-1,1,RIGHT,NONE,False,True,19,,,,False,False,False,0,INVALID_BELIEF
branch,1,2,5,2,6,0,1,1,RIGHT,NONE,False,True,19,,,,False,False,False,0,INVALID_BELIEF
branch,1,2,5,3,5,1,0,1,RIGHT,UP,True,True,19,20,1,0.05263157894736842,True,False,False,0,COLLISION
branch,1,3,5,2,5,-1,0,1,UP,RIGHT,True,True,18,19,1,0.05555555555555555,True,False,False,0,COLLISION
branch,1,3,5,3,4,0,-1,1,UP,UP,True,False,18,18,0,0.0,False,False,True,0,ADEQUATE
branch,1,3,5,3,6,0,1,1,UP,NONE,False,True,18,,,,False,False,False,0,INVALID_BELIEF
branch,1,3,5,4,5,1,0,1,UP,NONE,False,True,18,,,,False,False,False,0,INVALID_BELIEF
branch,1,5,5,4,5,-1,0,1,RIGHT,NONE,False,True,12,,,,False,False,False,0,INVALID_BELIEF
branch,1,5,5,5,4,0,-1,1,RIGHT,DOWN,True,True,12,13,1,0.08333333333333333,True,False,False,0,COLLISION
branch,1,5,5,5,6,0,1,1,RIGHT,NONE,False,True,12,,,,False,False,False,0,INVALID_BELIEF
branch,1,5,5,6,5,1,0,1,RIGHT,RIGHT,True,False,12,12,0,0.0,False,False,True,0,ADEQUATE
branch,1,6,5,5,5,-1,0,1,RIGHT,RIGHT,True,False,11,11,0,0.0,False,False,True,0,ADEQUATE
branch,1,6,5,6,4,0,-1,1,RIGHT,NONE,False,True,11,,,,False,False,False,0,INVALID_BELIEF
branch,1,6,5,6,6,0,1,1,RIGHT,NONE,False,True,11,,,,False,False,False,0,INVALID_BELIEF
branch,1,6,5,7,5,1,0,1,RIGHT,UP,True,True,11,12,1,0.09090909090909091,True,False,False,0,COLLISION
branch,1,7,5,6,5,-1,0,1,UP,RIGHT,True,True,10,10,0,0.0,False,False,True,0,ADEQUATE
branch,1,7,5,7,4,0,-1,1,UP,UP,True,False,10,10,0,0.0,False,False,True,0,ADEQUATE
branch,1,7,5,7,6,0,1,1,UP,NONE,False,True,10,,,,False,False,False,0,INVALID_BELIEF
branch,1,7,5,8,5,1,0,1,UP,RIGHT,True,True,10,10,0,0.0,False,False,True,0,ADEQUATE
branch,1,8,5,7,5,-1,0,1,RIGHT,UP,True,True,9,10,1,0.1111111111111111,True,False,False,0,COLLISION
branch,1,8,5,8,4,0,-1,1,RIGHT,NONE,False,True,9,,,,False,False,False,0,INVALID_BELIEF
branch,1,8,5,8,6,0,1,1,RIGHT,NONE,False,True,9,,,,False,False,False,0,INVALID_BELIEF
branch,1,8,5,9,5,1,0,1,RIGHT,UP,True,True,9,10,1,0.1111111111111111,True,False,False,0,COLLISION
branch,1,9,5,8,5,-1,0,1,UP,RIGHT,True,True,8,9,1,0.125,True,False,False,0,COLLISION
branch,1,9,5,9,4,0,-1,1,UP,UP,True,False,8,8,0,0.0,False,False,True,0,ADEQUATE
branch,1,9,5,9,6,0,1,1,UP,NONE,False,True,8,,,,False,False,False,0,INVALID_BELIEF
branch,1,9,5,10,5,1,0,1,UP,NONE,False,True,8,,,,False,False,False,0,INVALID_BELIEF
branch,1,11,5,10,5,-1,0,1,RIGHT,NONE,False,True,6,,,,False,False,False,0,INVALID_BELIEF
branch,1,11,5,11,4,0,-1,1,RIGHT,NONE,False,True,6,,,,False,False,False,0,INVALID_BELIEF
branch,1,11,5,11,6,0,1,1,RIGHT,NONE,False,True,6,,,,False,False,False,0,INVALID_BELIEF
branch,1,11,5,12,5,1,0,1,RIGHT,RIGHT,True,False,6,6,0,0.0,False,False,True,0,ADEQUATE
branch,1,12,5,11,5,-1,0,1,RIGHT,RIGHT,True,False,5,5,0,0.0,False,False,True,0,ADEQUATE
branch,1,12,5,12,4,0,-1,1,RIGHT,NONE,False,True,5,,,,False,False,False,0,INVALID_BELIEF
branch,1,12,5,12,6,0,1,1,RIGHT,NONE,False,True,5,,,,False,False,False,0,INVALID_BELIEF
branch,1,12,5,13,5,1,0,1,RIGHT,UP,True,True,5,6,1,0.2,True,False,False,0,COLLISION
branch,1,13,5,12,5,-1,0,1,UP,RIGHT,True,True,4,5,1,0.25,True,False,False,0,COLLISION
branch,1,13,5,13,4,0,-1,1,UP,UP,True,False,4,4,0,0.0,False,False,True,0,ADEQUATE
branch,1,13,5,13,6,0,1,1,UP,NONE,False,True,4,,,,False,False,False,0,INVALID_BELIEF
branch,1,13,5,14,5,1,0,1,UP,NONE,False,True,4,,,,False,False,False,0,INVALID_BELIEF
branch,2,1,1,-1,1,-2,0,2,RIGHT,NONE,False,True,12,,,,False,False,False,0,INVALID_BELIEF
branch,2,1,1,0,0,-1,-1,2,RIGHT,NONE,False,True,12,,,,False,False,False,0,INVALID_BELIEF
branch,2,1,1,0,2,-1,1,2,RIGHT,NONE,False,True,12,,,,False,False,False,0,INVALID_BELIEF
branch,2,1,1,1,-1,0,-2,2,RIGHT,NONE,False,True,12,,,,False,False,False,0,INVALID_BELIEF
branch,2,1,1,1,3,0,2,2,RIGHT,UP,True,True,12,13,1,0.08333333333333333,True,False,False,0,COLLISION
branch,2,1,1,2,0,1,-1,2,RIGHT,NONE,False,True,12,,,,False,False,False,0,INVALID_BELIEF
branch,2,1,1,2,2,1,1,2,RIGHT,NONE,False,True,12,,,,False,False,False,0,INVALID_BELIEF
branch,2,1,1,3,1,2,0,2,RIGHT,RIGHT,True,False,12,12,0,0.0,False,False,True,0,ADEQUATE
branch,2,2,1,0,1,-2,0,2,RIGHT,NONE,False,True,11,,,,False,False,False,0,INVALID_BELIEF
branch,2,2,1,1,0,-1,-1,2,RIGHT,NONE,False,True,11,,,,False,False,False,0,INVALID_BELIEF
branch,2,2,1,1,2,-1,1,2,RIGHT,UP,True,True,11,12,1,0.09090909090909091,True,False,False,0,COLLISION
branch,2,2,1,2,-1,0,-2,2,RIGHT,NONE,False,True,11,,,,False,False,False,0,INVALID_BELIEF
branch,2,2,1,2,3,0,2,2,RIGHT,LEFT,True,True,11,13,2,0.18181818181818182,False,False,False,0,INADEQUATE
branch,2,2,1,3,0,1,-1,2,RIGHT,NONE,False,True,11,,,,False,False,False,0,INVALID_BELIEF
branch,2,2,1,3,2,1,1,2,RIGHT,NONE,False,True,11,,,,False,False,False,0,INVALID_BELIEF
branch,2,2,1,4,1,2,0,2,RIGHT,RIGHT,True,False,11,11,0,0.0,False,False,True,0,ADEQUATE
branch,2,3,1,1,1,-2,0,2,RIGHT,RIGHT,True,False,10,10,0,0.0,False,False,True,0,ADEQUATE
branch,2,3,1,2,0,-1,-1,2,RIGHT,NONE,False,True,10,,,,False,False,False,0,INVALID_BELIEF
branch,2,3,1,2,2,-1,1,2,RIGHT,NONE,False,True,10,,,,False,False,False,0,INVALID_BELIEF
branch,2,3,1,3,-1,0,-2,2,RIGHT,NONE,False,True,10,,,,False,False,False,0,INVALID_BELIEF
branch,2,3,1,3,3,0,2,2,RIGHT,LEFT,True,True,10,12,2,0.2,False,False,False,0,INADEQUATE
branch,2,3,1,4,0,1,-1,2,RIGHT,NONE,False,True,10,,,,False,False,False,0,INVALID_BELIEF
branch,2,3,1,4,2,1,1,2,RIGHT,NONE,False,True,10,,,,False,False,False,0,INVALID_BELIEF
branch,2,3,1,5,1,2,0,2,RIGHT,RIGHT,True,False,10,10,0,0.0,False,False,True,0,ADEQUATE
branch,2,4,1,2,1,-2,0,2,RIGHT,RIGHT,True,False,9,9,0,0.0,False,False,True,0,ADEQUATE
branch,2,4,1,3,0,-1,-1,2,RIGHT,NONE,False,True,9,,,,False,False,False,0,INVALID_BELIEF
branch,2,4,1,3,2,-1,1,2,RIGHT,NONE,False,True,9,,,,False,False,False,0,INVALID_BELIEF
branch,2,4,1,4,-1,0,-2,2,RIGHT,NONE,False,True,9,,,,False,False,False,0,INVALID_BELIEF
branch,2,4,1,4,3,0,2,2,RIGHT,RIGHT,True,False,9,9,0,0.0,False,False,True,0,ADEQUATE
branch,2,4,1,5,0,1,-1,2,RIGHT,NONE,False,True,9,,,,False,False,False,0,INVALID_BELIEF
branch,2,4,1,5,2,1,1,2,RIGHT,NONE,False,True,9,,,,False,False,False,0,INVALID_BELIEF
branch,2,4,1,6,1,2,0,2,RIGHT,RIGHT,True,False,9,9,0,0.0,False,False,True,0,ADEQUATE
branch,2,5,1,3,1,-2,0,2,RIGHT,RIGHT,True,False,8,8,0,0.0,False,False,True,0,ADEQUATE
branch,2,5,1,4,0,-1,-1,2,RIGHT,NONE,False,True,8,,,,False,False,False,0,INVALID_BELIEF
branch,2,5,1,4,2,-1,1,2,RIGHT,NONE,False,True,8,,,,False,False,False,0,INVALID_BELIEF
branch,2,5,1,5,-1,0,-2,2,RIGHT,NONE,False,True,8,,,,False,False,False,0,INVALID_BELIEF
branch,2,5,1,5,3,0,2,2,RIGHT,DOWN,True,True,8,9,1,0.125,True,False,False,0,COLLISION
branch,2,5,1,6,0,1,-1,2,RIGHT,NONE,False,True,8,,,,False,False,False,0,INVALID_BELIEF
branch,2,5,1,6,2,1,1,2,RIGHT,NONE,False,True,8,,,,False,False,False,0,INVALID_BELIEF
branch,2,5,1,7,1,2,0,2,RIGHT,RIGHT,True,False,8,8,0,0.0,False,False,True,0,ADEQUATE
branch,2,6,1,4,1,-2,0,2,RIGHT,RIGHT,True,False,7,7,0,0.0,False,False,True,0,ADEQUATE
branch,2,6,1,5,0,-1,-1,2,RIGHT,NONE,False,True,7,,,,False,False,False,0,INVALID_BELIEF
branch,2,6,1,5,2,-1,1,2,RIGHT,NONE,False,True,7,,,,False,False,False,0,INVALID_BELIEF
branch,2,6,1,6,-1,0,-2,2,RIGHT,NONE,False,True,7,,,,False,False,False,0,INVALID_BELIEF
branch,2,6,1,6,3,0,2,2,RIGHT,NONE,False,True,7,,,,False,False,False,0,INVALID_BELIEF
branch,2,6,1,7,0,1,-1,2,RIGHT,NONE,False,True,7,,,,False,False,False,0,INVALID_BELIEF
branch,2,6,1,7,2,1,1,2,RIGHT,UP,True,True,7,8,1,0.14285714285714285,True,False,False,0,COLLISION
branch,2,6,1,8,1,2,0,2,RIGHT,RIGHT,True,False,7,7,0,0.0,False,False,True,0,ADEQUATE
branch,2,7,1,5,1,-2,0,2,RIGHT,RIGHT,True,False,6,6,0,0.0,False,False,True,0,ADEQUATE
branch,2,7,1,6,0,-1,-1,2,RIGHT,NONE,False,True,6,,,,False,False,False,0,INVALID_BELIEF
branch,2,7,1,6,2,-1,1,2,RIGHT,NONE,False,True,6,,,,False,False,False,0,INVALID_BELIEF
branch,2,7,1,7,-1,0,-2,2,RIGHT,NONE,False,True,6,,,,False,False,False,0,INVALID_BELIEF
branch,2,7,1,7,3,0,2,2,RIGHT,UP,True,True,6,7,1,0.16666666666666666,True,False,False,0,COLLISION
branch,2,7,1,8,0,1,-1,2,RIGHT,NONE,False,True,6,,,,False,False,False,0,INVALID_BELIEF
branch,2,7,1,8,2,1,1,2,RIGHT,NONE,False,True,6,,,,False,False,False,0,INVALID_BELIEF
branch,2,7,1,9,1,2,0,2,RIGHT,RIGHT,True,False,6,6,0,0.0,False,False,True,0,ADEQUATE
branch,2,8,1,6,1,-2,0,2,RIGHT,RIGHT,True,False,5,5,0,0.0,False,False,True,0,ADEQUATE
branch,2,8,1,7,0,-1,-1,2,RIGHT,NONE,False,True,5,,,,False,False,False,0,INVALID_BELIEF
branch,2,8,1,7,2,-1,1,2,RIGHT,UP,True,True,5,6,1,0.2,True,False,False,0,COLLISION
branch,2,8,1,8,-1,0,-2,2,RIGHT,NONE,False,True,5,,,,False,False,False,0,INVALID_BELIEF
branch,2,8,1,8,3,0,2,2,RIGHT,NONE,False,True,5,,,,False,False,False,0,INVALID_BELIEF
branch,2,8,1,9,0,1,-1,2,RIGHT,NONE,False,True,5,,,,False,False,False,0,INVALID_BELIEF
branch,2,8,1,9,2,1,1,2,RIGHT,NONE,False,True,5,,,,False,False,False,0,INVALID_BELIEF
branch,2,8,1,10,1,2,0,2,RIGHT,RIGHT,True,False,5,5,0,0.0,False,False,True,0,ADEQUATE
branch,2,9,1,7,1,-2,0,2,RIGHT,RIGHT,True,False,4,4,0,0.0,False,False,True,0,ADEQUATE
branch,2,9,1,8,0,-1,-1,2,RIGHT,NONE,False,True,4,,,,False,False,False,0,INVALID_BELIEF
branch,2,9,1,8,2,-1,1,2,RIGHT,NONE,False,True,4,,,,False,False,False,0,INVALID_BELIEF
branch,2,9,1,9,-1,0,-2,2,RIGHT,NONE,False,True,4,,,,False,False,False,0,INVALID_BELIEF
branch,2,9,1,9,3,0,2,2,RIGHT,RIGHT,True,False,4,4,0,0.0,False,False,True,0,ADEQUATE
branch,2,9,1,10,0,1,-1,2,RIGHT,NONE,False,True,4,,,,False,False,False,0,INVALID_BELIEF
branch,2,9,1,10,2,1,1,2,RIGHT,NONE,False,True,4,,,,False,False,False,0,INVALID_BELIEF
branch,2,9,1,11,1,2,0,2,RIGHT,RIGHT,True,False,4,4,0,0.0,False,False,True,0,ADEQUATE
branch,2,10,1,8,1,-2,0,2,RIGHT,RIGHT,True,False,3,3,0,0.0,False,False,True,0,ADEQUATE
branch,2,10,1,9,0,-1,-1,2,RIGHT,NONE,False,True,3,,,,False,False,False,0,INVALID_BELIEF
branch,2,10,1,9,2,-1,1,2,RIGHT,NONE,False,True,3,,,,False,False,False,0,INVALID_BELIEF
branch,2,10,1,10,-1,0,-2,2,RIGHT,NONE,False,True,3,,,,False,False,False,0,INVALID_BELIEF
branch,2,10,1,10,3,0,2,2,RIGHT,RIGHT,True,False,3,3,0,0.0,False,False,True,0,ADEQUATE
branch,2,10,1,11,0,1,-1,2,RIGHT,NONE,False,True,3,,,,False,False,False,0,INVALID_BELIEF
branch,2,10,1,11,2,1,1,2,RIGHT,NONE,False,True,3,,,,False,False,False,0,INVALID_BELIEF
branch,2,10,1,12,1,2,0,2,RIGHT,RIGHT,True,False,3,3,0,0.0,False,False,True,0,ADEQUATE
branch,2,11,1,9,1,-2,0,2,RIGHT,RIGHT,True,False,2,2,0,0.0,False,False,True,0,ADEQUATE
branch,2,11,1,10,0,-1,-1,2,RIGHT,NONE,False,True,2,,,,False,False,False,0,INVALID_BELIEF
branch,2,11,1,10,2,-1,1,2,RIGHT,NONE,False,True,2,,,,False,False,False,0,INVALID_BELIEF
branch,2,11,1,11,-1,0,-2,2,RIGHT,NONE,False,True,2,,,,False,False,False,0,INVALID_BELIEF
branch,2,11,1,11,3,0,2,2,RIGHT,RIGHT,True,False,2,2,0,0.0,False,False,True,0,ADEQUATE
branch,2,11,1,12,0,1,-1,2,RIGHT,NONE,False,True,2,,,,False,False,False,0,INVALID_BELIEF
branch,2,11,1,12,2,1,1,2,RIGHT,NONE,False,True,2,,,,False,False,False,0,INVALID_BELIEF
branch,2,11,1,13,1,2,0,2,RIGHT,NONE,True,True,2,,,,False,True,False,0,FALSE_TERMINAL
branch,2,12,1,10,1,-2,0,2,RIGHT,RIGHT,True,False,1,1,0,0.0,False,False,True,0,ADEQUATE
branch,2,12,1,11,0,-1,-1,2,RIGHT,NONE,False,True,1,,,,False,False,False,0,INVALID_BELIEF
branch,2,12,1,11,2,-1,1,2,RIGHT,NONE,False,True,1,,,,False,False,False,0,INVALID_BELIEF
branch,2,12,1,12,-1,0,-2,2,RIGHT,NONE,False,True,1,,,,False,False,False,0,INVALID_BELIEF
branch,2,12,1,12,3,0,2,2,RIGHT,RIGHT,True,False,1,1,0,0.0,False,False,True,0,ADEQUATE
branch,2,12,1,13,0,1,-1,2,RIGHT,NONE,False,True,1,,,,False,False,False,0,INVALID_BELIEF
branch,2,12,1,13,2,1,1,2,RIGHT,UP,True,True,1,2,1,1.0,True,False,False,0,COLLISION
branch,2,12,1,14,1,2,0,2,RIGHT,NONE,False,True,1,,,,False,False,False,0,INVALID_BELIEF
branch,2,1,2,-1,2,-2,0,2,UP,NONE,False,True,13,,,,False,False,False,0,INVALID_BELIEF
branch,2,1,2,0,1,-1,-1,2,UP,NONE,False,True,13,,,,False,False,False,0,INVALID_BELIEF
branch,2,1,2,0,3,-1,1,2,UP,NONE,False,True,13,,,,False,False,False,0,INVALID_BELIEF
branch,2,1,2,1,0,0,-2,2,UP,NONE,False,True,13,,,,False,False,False,0,INVALID_BELIEF
branch,2,1,2,1,4,0,2,2,UP,NONE,False,True,13,,,,False,False,False,0,INVALID_BELIEF
branch,2,1,2,2,1,1,-1,2,UP,RIGHT,True,True,13,14,1,0.07692307692307693,True,False,False,0,COLLISION
branch,2,1,2,2,3,1,1,2,UP,LEFT,True,True,13,14,1,0.07692307692307693,True,False,False,0,COLLISION
branch,2,1,2,3,2,2,0,2,UP,NONE,False,True,13,,,,False,False,False,0,INVALID_BELIEF
branch,2,7,2,5,2,-2,0,2,UP,NONE,False,True,7,,,,False,False,False,0,INVALID_BELIEF
branch,2,7,2,6,1,-1,-1,2,UP,RIGHT,True,True,7,8,1,0.14285714285714285,True,False,False,0,COLLISION
branch,2,7,2,6,3,-1,1,2,UP,NONE,False,True,7,,,,False,False,False,0,INVALID_BELIEF
branch,2,7,2,7,0,0,-2,2,UP,NONE,False,True,7,,,,False,False,False,0,INVALID_BELIEF
branch,2,7,2,7,4,0,2,2,UP,UP,True,False,7,7,0,0.0,False,False,True,0,ADEQUATE
branch,2,7,2,8,1,1,-1,2,UP,RIGHT,True,True,7,8,1,0.14285714285714285,True,False,False,0,COLLISION
branch,2,7,2,8,3,1,1,2,UP,NONE,False,True,7,,,,False,False,False,0,INVALID_BELIEF
branch,2,7,2,9,2,2,0,2,UP,NONE,False,True,7,,,,False,False,False,0,INVALID_BELIEF
branch,2,13,2,11,2,-2,0,2,UP,NONE,False,True,1,,,,False,False,False,0,INVALID_BELIEF
branch,2,13,2,12,1,-1,-1,2,UP,RIGHT,True,True,1,2,1,1.0,True,False,False,0,COLLISION
branch,2,13,2,12,3,-1,1,2,UP,RIGHT,True,True,1,2,1,1.0,True,False,False,0,COLLISION
branch,2,13,2,13,0,0,-2,2,UP,NONE,False,True,1,,,,False,False,False,0,INVALID_BELIEF
branch,2,13,2,13,4,0,2,2,UP,UP,True,False,1,1,0,0.0,False,False,True,0,ADEQUATE
branch,2,13,2,14,1,1,-1,2,UP,NONE,False,True,1,,,,False,False,False,0,INVALID_BELIEF
branch,2,13,2,14,3,1,1,2,UP,NONE,False,True,1,,,,False,False,False,0,INVALID_BELIEF
branch,2,13,2,15,2,2,0,2,UP,NONE,False,True,1,,,,False,False,False,0,INVALID_BELIEF
branch,2,1,3,-1,3,-2,0,2,UP,NONE,False,True,14,,,,False,False,False,0,INVALID_BELIEF
branch,2,1,3,0,2,-1,-1,2,UP,NONE,False,True,14,,,,False,False,False,0,INVALID_BELIEF
branch,2,1,3,0,4,-1,1,2,UP,NONE,False,True,14,,,,False,False,False,0,INVALID_BELIEF
branch,2,1,3,1,1,0,-2,2,UP,RIGHT,True,True,14,16,2,0.14285714285714285,False,False,False,0,INADEQUATE
branch,2,1,3,1,5,0,2,2,UP,RIGHT,True,True,14,16,2,0.14285714285714285,False,False,False,0,INADEQUATE
branch,2,1,3,2,2,1,-1,2,UP,NONE,False,True,14,,,,False,False,False,0,INVALID_BELIEF
branch,2,1,3,2,4,1,1,2,UP,NONE,False,True,14,,,,False,False,False,0,INVALID_BELIEF
branch,2,1,3,3,3,2,0,2,UP,LEFT,True,True,14,15,1,0.07142857142857142,True,False,False,0,COLLISION
branch,2,2,3,0,3,-2,0,2,LEFT,NONE,False,True,15,,,,False,False,False,0,INVALID_BELIEF
branch,2,2,3,1,2,-1,-1,2,LEFT,UP,True,True,15,16,1,0.06666666666666667,True,False,False,0,COLLISION
branch,2,2,3,1,4,-1,1,2,LEFT,NONE,False,True,15,,,,False,False,False,0,INVALID_BELIEF
branch,2,2,3,2,1,0,-2,2,LEFT,RIGHT,True,True,15,17,2,0.13333333333333333,False,False,False,0,INADEQUATE
branch,2,2,3,2,5,0,2,2,LEFT,RIGHT,True,True,15,17,2,0.13333333333333333,False,False,False,0,INADEQUATE
branch,2,2,3,3,2,1,-1,2,LEFT,NONE,False,True,15,,,,False,False,False,0,INVALID_BELIEF
branch,2,2,3,3,4,1,1,2,LEFT,UP,True,True,15,16,1,0.06666666666666667,True,False,False,0,COLLISION
branch,2,2,3,4,3,2,0,2,LEFT,RIGHT,True,True,15,17,2,0.13333333333333333,False,False,False,0,INADEQUATE
branch,2,3,3,1,3,-2,0,2,LEFT,UP,True,True,16,17,1,0.0625,True,False,False,0,COLLISION
branch,2,3,3,2,2,-1,-1,2,LEFT,NONE,False,True,16,,,,False,False,False,0,INVALID_BELIEF
branch,2,3,3,2,4,-1,1,2,LEFT,NONE,False,True,16,,,,False,False,False,0,INVALID_BELIEF
branch,2,3,3,3,1,0,-2,2,LEFT,RIGHT,True,True,16,16,0,0.0,False,False,True,0,ADEQUATE
branch,2,3,3,3,5,0,2,2,LEFT,UP,True,True,16,17,1,0.0625,True,False,False,0,COLLISION
branch,2,3,3,4,2,1,-1,2,LEFT,NONE,False,True,16,,,,False,False,False,0,INVALID_BELIEF
branch,2,3,3,4,4,1,1,2,LEFT,NONE,False,True,16,,,,False,False,False,0,INVALID_BELIEF
branch,2,3,3,5,3,2,0,2,LEFT,DOWN,True,True,16,18,2,0.125,False,False,False,0,INADEQUATE
branch,2,4,3,2,3,-2,0,2,RIGHT,LEFT,True,True,15,17,2,0.13333333333333333,False,False,False,0,INADEQUATE
branch,2,4,3,3,2,-1,-1,2,RIGHT,NONE,False,True,15,,,,False,False,False,0,INVALID_BELIEF
branch,2,4,3,3,4,-1,1,2,RIGHT,UP,True,True,15,16,1,0.06666666666666667,True,False,False,0,COLLISION
branch,2,4,3,4,1,0,-2,2,RIGHT,RIGHT,True,False,15,15,0,0.0,False,False,True,0,ADEQUATE
branch,2,4,3,4,5,0,2,2,RIGHT,NONE,False,True,15,,,,False,False,False,0,INVALID_BELIEF
branch,2,4,3,5,2,1,-1,2,RIGHT,NONE,False,True,15,,,,False,False,False,0,INVALID_BELIEF
branch,2,4,3,5,4,1,1,2,RIGHT,DOWN,True,True,15,16,1,0.06666666666666667,True,False,False,0,COLLISION
branch,2,4,3,6,3,2,0,2,RIGHT,NONE,False,True,15,,,,False,False,False,0,INVALID_BELIEF
branch,2,5,3,3,3,-2,0,2,DOWN,LEFT,True,True,14,16,2,0.14285714285714285,False,False,False,0,INADEQUATE
branch,2,5,3,4,2,-1,-1,2,DOWN,NONE,False,True,14,,,,False,False,False,0,INVALID_BELIEF
branch,2,5,3,4,4,-1,1,2,DOWN,NONE,False,True,14,,,,False,False,False,0,INVALID_BELIEF
branch,2,5,3,5,1,0,-2,2,DOWN,RIGHT,True,True,14,15,1,0.07142857142857142,True,False,False,0,COLLISION
branch,2,5,3,5,5,0,2,2,DOWN,RIGHT,True,True,14,15,1,0.07142857142857142,True,False,False,0,COLLISION
branch,2,5,3,6,2,1,-1,2,DOWN,NONE,False,True,14,,,,False,False,False,0,INVALID_BELIEF
branch,2,5,3,6,4,1,1,2,DOWN,NONE,False,True,14,,,,False,False,False,0,INVALID_BELIEF
branch,2,5,3,7,3,2,0,2,DOWN,UP,True,True,14,15,1,0.07142857142857142,True,False,False,0,COLLISION
branch,2,7,3,5,3,-2,0,2,UP,DOWN,True,True,8,10,2,0.25,False,False,False,0,INADEQUATE
branch,2,7,3,6,2,-1,-1,2,UP,NONE,False,True,8,,,,False,False,False,0,INVALID_BELIEF
branch,2,7,3,6,4,-1,1,2,UP,NONE,False,True,8,,,,False,False,False,0,INVALID_BELIEF
branch,2,7,3,7,1,0,-2,2,UP,RIGHT,True,True,8,9,1,0.125,True,False,False,0,COLLISION
branch,2,7,3,7,5,0,2,2,UP,UP,True,False,8,8,0,0.0,False,False,True,0,ADEQUATE
branch,2,7,3,8,2,1,-1,2,UP,NONE,False,True,8,,,,False,False,False,0,INVALID_BELIEF
branch,2,7,3,8,4,1,1,2,UP,NONE,False,True,8,,,,False,False,False,0,INVALID_BELIEF
branch,2,7,3,9,3,2,0,2,UP,RIGHT,True,True,8,9,1,0.125,True,False,False,0,COLLISION
branch,2,9,3,7,3,-2,0,2,RIGHT,UP,True,True,6,7,1,0.16666666666666666,True,False,False,0,COLLISION
branch,2,9,3,8,2,-1,-1,2,RIGHT,NONE,False,True,6,,,,False,False,False,0,INVALID_BELIEF
branch,2,9,3,8,4,-1,1,2,RIGHT,NONE,False,True,6,,,,False,False,False,0,INVALID_BELIEF
branch,2,9,3,9,1,0,-2,2,RIGHT,RIGHT,True,False,6,6,0,0.0,False,False,True,0,ADEQUATE
branch,2,9,3,9,5,0,2,2,RIGHT,UP,True,True,6,7,1,0.16666666666666666,True,False,False,0,COLLISION
branch,2,9,3,10,2,1,-1,2,RIGHT,NONE,False,True,6,,,,False,False,False,0,INVALID_BELIEF
branch,2,9,3,10,4,1,1,2,RIGHT,NONE,False,True,6,,,,False,False,False,0,INVALID_BELIEF
branch,2,9,3,11,3,2,0,2,RIGHT,RIGHT,True,False,6,6,0,0.0,False,False,True,0,ADEQUATE
branch,2,10,3,8,3,-2,0,2,RIGHT,NONE,False,True,5,,,,False,False,False,0,INVALID_BELIEF
branch,2,10,3,9,2,-1,-1,2,RIGHT,NONE,False,True,5,,,,False,False,False,0,INVALID_BELIEF
branch,2,10,3,9,4,-1,1,2,RIGHT,UP,True,True,5,6,1,0.2,True,False,False,0,COLLISION
branch,2,10,3,10,1,0,-2,2,RIGHT,RIGHT,True,False,5,5,0,0.0,False,False,True,0,ADEQUATE
branch,2,10,3,10,5,0,2,2,RIGHT,NONE,False,True,5,,,,False,False,False,0,INVALID_BELIEF
branch,2,10,3,11,2,1,-1,2,RIGHT,NONE,False,True,5,,,,False,False,False,0,INVALID_BELIEF
branch,2,10,3,11,4,1,1,2,RIGHT,NONE,False,True,5,,,,False,False,False,0,INVALID_BELIEF
branch,2,10,3,12,3,2,0,2,RIGHT,RIGHT,True,False,5,5,0,0.0,False,False,True,0,ADEQUATE
branch,2,11,3,9,3,-2,0,2,RIGHT,RIGHT,True,False,4,4,0,0.0,False,False,True,0,ADEQUATE
branch,2,11,3,10,2,-1,-1,2,RIGHT,NONE,False,True,4,,,,False,False,False,0,INVALID_BELIEF
branch,2,11,3,10,4,-1,1,2,RIGHT,NONE,False,True,4,,,,False,False,False,0,INVALID_BELIEF
branch,2,11,3,11,1,0,-2,2,RIGHT,RIGHT,True,False,4,4,0,0.0,False,False,True,0,ADEQUATE
branch,2,11,3,11,5,0,2,2,RIGHT,RIGHT,True,False,4,4,0,0.0,False,False,True,0,ADEQUATE
branch,2,11,3,12,2,1,-1,2,RIGHT,NONE,False,True,4,,,,False,False,False,0,INVALID_BELIEF
branch,2,11,3,12,4,1,1,2,RIGHT,NONE,False,True,4,,,,False,False,False,0,INVALID_BELIEF
branch,2,11,3,13,3,2,0,2,RIGHT,UP,True,True,4,5,1,0.25,True,False,False,0,COLLISION
branch,2,12,3,10,3,-2,0,2,RIGHT,RIGHT,True,False,3,3,0,0.0,False,False,True,0,ADEQUATE
branch,2,12,3,11,2,-1,-1,2,RIGHT,NONE,False,True,3,,,,False,False,False,0,INVALID_BELIEF
branch,2,12,3,11,4,-1,1,2,RIGHT,NONE,False,True,3,,,,False,False,False,0,INVALID_BELIEF
branch,2,12,3,12,1,0,-2,2,RIGHT,RIGHT,True,False,3,3,0,0.0,False,False,True,0,ADEQUATE
branch,2,12,3,12,5,0,2,2,RIGHT,RIGHT,True,False,3,3,0,0.0,False,False,True,0,ADEQUATE
branch,2,12,3,13,2,1,-1,2,RIGHT,UP,True,True,3,4,1,0.3333333333333333,True,False,False,0,COLLISION
branch,2,12,3,13,4,1,1,2,RIGHT,UP,True,True,3,4,1,0.3333333333333333,True,False,False,0,COLLISION
branch,2,12,3,14,3,2,0,2,RIGHT,NONE,False,True,3,,,,False,False,False,0,INVALID_BELIEF
branch,2,13,3,11,3,-2,0,2,UP,RIGHT,True,True,2,3,1,0.5,True,False,False,0,COLLISION
branch,2,13,3,12,2,-1,-1,2,UP,NONE,False,True,2,,,,False,False,False,0,INVALID_BELIEF
branch,2,13,3,12,4,-1,1,2,UP,NONE,False,True,2,,,,False,False,False,0,INVALID_BELIEF
branch,2,13,3,13,1,0,-2,2,UP,NONE,True,True,2,,,,False,True,False,0,FALSE_TERMINAL
branch,2,13,3,13,5,0,2,2,UP,UP,True,False,2,2,0,0.0,False,False,True,0,ADEQUATE
branch,2,13,3,14,2,1,-1,2,UP,NONE,False,True,2,,,,False,False,False,0,INVALID_BELIEF
branch,2,13,3,14,4,1,1,2,UP,NONE,False,True,2,,,,False,False,False,0,INVALID_BELIEF
branch,2,13,3,15,3,2,0,2,UP,NONE,False,True,2,,,,False,False,False,0,INVALID_BELIEF
branch,2,3,4,1,4,-2,0,2,UP,NONE,False,True,17,,,,False,False,False,0,INVALID_BELIEF
branch,2,3,4,2,3,-1,-1,2,UP,LEFT,True,True,17,18,1,0.058823529411764705,True,False,False,0,COLLISION
branch,2,3,4,2,5,-1,1,2,UP,RIGHT,True,True,17,18,1,0.058823529411764705,True,False,False,0,COLLISION
branch,2,3,4,3,2,0,-2,2,UP,NONE,False,True,17,,,,False,False,False,0,INVALID_BELIEF
branch,2,3,4,3,6,0,2,2,UP,NONE,False,True,17,,,,False,False,False,0,INVALID_BELIEF
branch,2,3,4,4,3,1,-1,2,UP,RIGHT,True,True,17,18,1,0.058823529411764705,True,False,False,0,COLLISION
branch,2,3,4,4,5,1,1,2,UP,NONE,False,True,17,,,,False,False,False,0,INVALID_BELIEF
branch,2,3,4,5,4,2,0,2,UP,DOWN,True,True,17,19,2,0.11764705882352941,False,False,False,0,INADEQUATE
branch,2,5,4,3,4,-2,0,2,DOWN,UP,True,True,13,15,2,0.15384615384615385,False,False,False,0,INADEQUATE
branch,2,5,4,4,3,-1,-1,2,DOWN,RIGHT,True,True,13,14,1,0.07692307692307693,True,False,False,0,COLLISION
branch,2,5,4,4,5,-1,1,2,DOWN,NONE,False,True,13,,,,False,False,False,0,INVALID_BELIEF
branch,2,5,4,5,2,0,-2,2,DOWN,NONE,False,True,13,,,,False,False,False,0,INVALID_BELIEF
branch,2,5,4,5,6,0,2,2,DOWN,NONE,False,True,13,,,,False,False,False,0,INVALID_BELIEF
branch,2,5,4,6,3,1,-1,2,DOWN,NONE,False,True,13,,,,False,False,False,0,INVALID_BELIEF
branch,2,5,4,6,5,1,1,2,DOWN,RIGHT,True,True,13,14,1,0.07692307692307693,True,False,False,0,COLLISION
branch,2,5,4,7,4,2,0,2,DOWN,UP,True,True,13,15,2,0.15384615384615385,False,False,False,0,INADEQUATE
branch,2,7,4,5,4,-2,0,2,UP,DOWN,True,True,9,11,2,0.2222222222222222,False,False,False,0,INADEQUATE
branch,2,7,4,6,3,-1,-1,2,UP,NONE,False,True,9,,,,False,False,False,0,INVALID_BELIEF
branch,2,7,4,6,5,-1,1,2,UP,RIGHT,True,True,9,10,1,0.1111111111111111,True,False,False,0,COLLISION
branch,2,7,4,7,2,0,-2,2,UP,UP,True,False,9,9,0,0.0,False,False,True,0,ADEQUATE
branch,2,7,4,7,6,0,2,2,UP,NONE,False,True,9,,,,False,False,False,0,INVALID_BELIEF
branch,2,7,4,8,3,1,-1,2,UP,NONE,False,True,9,,,,False,False,False,0,INVALID_BELIEF
branch,2,7,4,8,5,1,1,2,UP,RIGHT,True,True,9,10,1,0.1111111111111111,True,False,False,0,COLLISION
branch,2,7,4,9,4,2,0,2,UP,UP,True,False,9,9,0,0.0,False,False,True,0,ADEQUATE
branch,2,9,4,7,4,-2,0,2,UP,UP,True,False,7,7,0,0.0,False,False,True,0,ADEQUATE
branch,2,9,4,8,3,-1,-1,2,UP,NONE,False,True,7,,,,False,False,False,0,INVALID_BELIEF
branch,2,9,4,8,5,-1,1,2,UP,RIGHT,True,True,7,8,1,0.14285714285714285,True,False,False,0,COLLISION
branch,2,9,4,9,2,0,-2,2,UP,NONE,False,True,7,,,,False,False,False,0,INVALID_BELIEF
branch,2,9,4,9,6,0,2,2,UP,NONE,False,True,7,,,,False,False,False,0,INVALID_BELIEF
branch,2,9,4,10,3,1,-1,2,UP,RIGHT,True,True,7,8,1,0.14285714285714285,True,False,False,0,COLLISION
branch,2,9,4,10,5,1,1,2,UP,NONE,False,True,7,,,,False,False,False,0,INVALID_BELIEF
branch,2,9,4,11,4,2,0,2,UP,NONE,False,True,7,,,,False,False,False,0,INVALID_BELIEF
branch,2,13,4,11,4,-2,0,2,UP,NONE,False,True,3,,,,False,False,False,0,INVALID_BELIEF
branch,2,13,4,12,3,-1,-1,2,UP,RIGHT,True,True,3,4,1,0.3333333333333333,True,False,False,0,COLLISION
branch,2,13,4,12,5,-1,1,2,UP,RIGHT,True,True,3,4,1,0.3333333333333333,True,False,False,0,COLLISION
branch,2,13,4,13,2,0,-2,2,UP,UP,True,False,3,3,0,0.0,False,False,True,0,ADEQUATE
branch,2,13,4,13,6,0,2,2,UP,NONE,False,True,3,,,,False,False,False,0,INVALID_BELIEF
branch,2,13,4,14,3,1,-1,2,UP,NONE,False,True,3,,,,False,False,False,0,INVALID_BELIEF
branch,2,13,4,14,5,1,1,2,UP,NONE,False,True,3,,,,False,False,False,0,INVALID_BELIEF
branch,2,13,4,15,4,2,0,2,UP,NONE,False,True,3,,,,False,False,False,0,INVALID_BELIEF
branch,2,1,5,-1,5,-2,0,2,RIGHT,NONE,False,True,20,,,,False,False,False,0,INVALID_BELIEF
branch,2,1,5,0,4,-1,-1,2,RIGHT,NONE,False,True,20,,,,False,False,False,0,INVALID_BELIEF
branch,2,1,5,0,6,-1,1,2,RIGHT,NONE,False,True,20,,,,False,False,False,0,INVALID_BELIEF
branch,2,1,5,1,3,0,-2,2,RIGHT,UP,True,True,20,21,1,0.05,True,False,False,0,COLLISION
branch,2,1,5,1,7,0,2,2,RIGHT,NONE,False,True,20,,,,False,False,False,0,INVALID_BELIEF
branch,2,1,5,2,4,1,-1,2,RIGHT,NONE,False,True,20,,,,False,False,False,0,INVALID_BELIEF
branch,2,1,5,2,6,1,1,2,RIGHT,NONE,False,True,20,,,,False,False,False,0,INVALID_BELIEF
branch,2,1,5,3,5,2,0,2,RIGHT,UP,True,True,20,21,1,0.05,True,False,False,0,COLLISION
branch,2,2,5,0,5,-2,0,2,RIGHT,NONE,False,True,19,,,,False,False,False,0,INVALID_BELIEF
branch,2,2,5,1,4,-1,-1,2,RIGHT,NONE,False,True,19,,,,False,False,False,0,INVALID_BELIEF
branch,2,2,5,1,6,-1,1,2,RIGHT,NONE,False,True,19,,,,False,False,False,0,INVALID_BELIEF
branch,2,2,5,2,3,0,-2,2,RIGHT,LEFT,True,True,19,21,2,0.10526315789473684,False,False,False,0,INADEQUATE
branch,2,2,5,2,7,0,2,2,RIGHT,NONE,False,True,19,,,,False,False,False,0,INVALID_BELIEF
branch,2,2,5,3,4,1,-1,2,RIGHT,UP,True,True,19,20,1,0.05263157894736842,True,False,False,0,COLLISION
branch,2,2,5,3,6,1,1,2,RIGHT,NONE,False,True,19,,,,False,False,False,0,INVALID_BELIEF
branch,2,2,5,4,5,2,0,2,RIGHT,NONE,False,True,19,,,,False,False,False,0,INVALID_BELIEF
branch,2,3,5,1,5,-2,0,2,UP,RIGHT,True,True,18,19,1,0.05555555555555555,True,False,False,0,COLLISION
branch,2,3,5,2,4,-1,-1,2,UP,NONE,False,True,18,,,,False,False,False,0,INVALID_BELIEF
branch,2,3,5,2,6,-1,1,2,UP,NONE,False,True,18,,,,False,False,False,0,INVALID_BELIEF
branch,2,3,5,3,3,0,-2,2,UP,LEFT,True,True,18,20,2,0.1111111111111111,False,False,False,0,INADEQUATE
branch,2,3,5,3,7,0,2,2,UP,NONE,False,True,18,,,,False,False,False,0,INVALID_BELIEF
branch,2,3,5,4,4,1,-1,2,UP,NONE,False,True,18,,,,False,False,False,0,INVALID_BELIEF
branch,2,3,5,4,6,1,1,2,UP,NONE,False,True,18,,,,False,False,False,0,INVALID_BELIEF
branch,2,3,5,5,5,2,0,2,UP,RIGHT,True,True,18,19,1,0.05555555555555555,True,False,False,0,COLLISION
branch,2,5,5,3,5,-2,0,2,RIGHT,UP,True,True,12,14,2,0.16666666666666666,False,False,False,0,INADEQUATE
branch,2,5,5,4,4,-1,-1,2,RIGHT,NONE,False,True,12,,,,False,False,False,0,INVALID_BELIEF
branch,2,5,5,4,6,-1,1,2,RIGHT,NONE,False,True,12,,,,False,False,False,0,INVALID_BELIEF
branch,2,5,5,5,3,0,-2,2,RIGHT,DOWN,True,True,12,13,1,0.08333333333333333,True,False,False,0,COLLISION
branch,2,5,5,5,7,0,2,2,RIGHT,NONE,False,True,12,,,,False,False,False,0,INVALID_BELIEF
branch,2,5,5,6,4,1,-1,2,RIGHT,NONE,False,True,12,,,,False,False,False,0,INVALID_BELIEF
branch,2,5,5,6,6,1,1,2,RIGHT,NONE,False,True,12,,,,False,False,False,0,INVALID_BELIEF
branch,2,5,5,7,5,2,0,2,RIGHT,UP,True,True,12,14,2,0.16666666666666666,False,False,False,0,INADEQUATE
branch,2,6,5,4,5,-2,0,2,RIGHT,NONE,False,True,11,,,,False,False,False,0,INVALID_BELIEF
branch,2,6,5,5,4,-1,-1,2,RIGHT,DOWN,True,True,11,12,1,0.09090909090909091,True,False,False,0,COLLISION
branch,2,6,5,5,6,-1,1,2,RIGHT,NONE,False,True,11,,,,False,False,False,0,INVALID_BELIEF
branch,2,6,5,6,3,0,-2,2,RIGHT,NONE,False,True,11,,,,False,False,False,0,INVALID_BELIEF
branch,2,6,5,6,7,0,2,2,RIGHT,NONE,False,True,11,,,,False,False,False,0,INVALID_BELIEF
branch,2,6,5,7,4,1,-1,2,RIGHT,UP,True,True,11,12,1,0.09090909090909091,True,False,False,0,COLLISION
branch,2,6,5,7,6,1,1,2,RIGHT,NONE,False,True,11,,,,False,False,False,0,INVALID_BELIEF
branch,2,6,5,8,5,2,0,2,RIGHT,RIGHT,True,False,11,11,0,0.0,False,False,True,0,ADEQUATE
branch,2,7,5,5,5,-2,0,2,UP,RIGHT,True,True,10,10,0,0.0,False,False,True,0,ADEQUATE
branch,2,7,5,6,4,-1,-1,2,UP,NONE,False,True,10,,,,False,False,False,0,INVALID_BELIEF
branch,2,7,5,6,6,-1,1,2,UP,NONE,False,True,10,,,,False,False,False,0,INVALID_BELIEF
branch,2,7,5,7,3,0,-2,2,UP,UP,True,False,10,10,0,0.0,False,False,True,0,ADEQUATE
branch,2,7,5,7,7,0,2,2,UP,NONE,False,True,10,,,,False,False,False,0,INVALID_BELIEF
branch,2,7,5,8,4,1,-1,2,UP,NONE,False,True,10,,,,False,False,False,0,INVALID_BELIEF
branch,2,7,5,8,6,1,1,2,UP,NONE,False,True,10,,,,False,False,False,0,INVALID_BELIEF
branch,2,7,5,9,5,2,0,2,UP,UP,True,False,10,10,0,0.0,False,False,True,0,ADEQUATE
branch,2,8,5,6,5,-2,0,2,RIGHT,RIGHT,True,False,9,9,0,0.0,False,False,True,0,ADEQUATE
branch,2,8,5,7,4,-1,-1,2,RIGHT,UP,True,True,9,10,1,0.1111111111111111,True,False,False,0,COLLISION
branch,2,8,5,7,6,-1,1,2,RIGHT,NONE,False,True,9,,,,False,False,False,0,INVALID_BELIEF
branch,2,8,5,8,3,0,-2,2,RIGHT,NONE,False,True,9,,,,False,False,False,0,INVALID_BELIEF
branch,2,8,5,8,7,0,2,2,RIGHT,NONE,False,True,9,,,,False,False,False,0,INVALID_BELIEF
branch,2,8,5,9,4,1,-1,2,RIGHT,UP,True,True,9,10,1,0.1111111111111111,True,False,False,0,COLLISION
branch,2,8,5,9,6,1,1,2,RIGHT,NONE,False,True,9,,,,False,False,False,0,INVALID_BELIEF
branch,2,8,5,10,5,2,0,2,RIGHT,NONE,False,True,9,,,,False,False,False,0,INVALID_BELIEF
branch,2,9,5,7,5,-2,0,2,UP,UP,True,False,8,8,0,0.0,False,False,True,0,ADEQUATE
branch,2,9,5,8,4,-1,-1,2,UP,NONE,False,True,8,,,,False,False,False,0,INVALID_BELIEF
branch,2,9,5,8,6,-1,1,2,UP,NONE,False,True,8,,,,False,False,False,0,INVALID_BELIEF
branch,2,9,5,9,3,0,-2,2,UP,RIGHT,True,True,8,9,1,0.125,True,False,False,0,COLLISION
branch,2,9,5,9,7,0,2,2,UP,NONE,False,True,8,,,,False,False,False,0,INVALID_BELIEF
branch,2,9,5,10,4,1,-1,2,UP,NONE,False,True,8,,,,False,False,False,0,INVALID_BELIEF
branch,2,9,5,10,6,1,1,2,UP,NONE,False,True,8,,,,False,False,False,0,INVALID_BELIEF
branch,2,9,5,11,5,2,0,2,UP,RIGHT,True,True,8,9,1,0.125,True,False,False,0,COLLISION
branch,2,11,5,9,5,-2,0,2,RIGHT,UP,True,True,6,7,1,0.16666666666666666,True,False,False,0,COLLISION
branch,2,11,5,10,4,-1,-1,2,RIGHT,NONE,False,True,6,,,,False,False,False,0,INVALID_BELIEF
branch,2,11,5,10,6,-1,1,2,RIGHT,NONE,False,True,6,,,,False,False,False,0,INVALID_BELIEF
branch,2,11,5,11,3,0,-2,2,RIGHT,RIGHT,True,False,6,6,0,0.0,False,False,True,0,ADEQUATE
branch,2,11,5,11,7,0,2,2,RIGHT,NONE,False,True,6,,,,False,False,False,0,INVALID_BELIEF
branch,2,11,5,12,4,1,-1,2,RIGHT,NONE,False,True,6,,,,False,False,False,0,INVALID_BELIEF
branch,2,11,5,12,6,1,1,2,RIGHT,NONE,False,True,6,,,,False,False,False,0,INVALID_BELIEF
branch,2,11,5,13,5,2,0,2,RIGHT,UP,True,True,6,7,1,0.16666666666666666,True,False,False,0,COLLISION
branch,2,12,5,10,5,-2,0,2,RIGHT,NONE,False,True,5,,,,False,False,False,0,INVALID_BELIEF
branch,2,12,5,11,4,-1,-1,2,RIGHT,NONE,False,True,5,,,,False,False,False,0,INVALID_BELIEF
branch,2,12,5,11,6,-1,1,2,RIGHT,NONE,False,True,5,,,,False,False,False,0,INVALID_BELIEF
branch,2,12,5,12,3,0,-2,2,RIGHT,RIGHT,True,False,5,5,0,0.0,False,False,True,0,ADEQUATE
branch,2,12,5,12,7,0,2,2,RIGHT,NONE,False,True,5,,,,False,False,False,0,INVALID_BELIEF
branch,2,12,5,13,4,1,-1,2,RIGHT,UP,True,True,5,6,1,0.2,True,False,False,0,COLLISION
branch,2,12,5,13,6,1,1,2,RIGHT,NONE,False,True,5,,,,False,False,False,0,INVALID_BELIEF
branch,2,12,5,14,5,2,0,2,RIGHT,NONE,False,True,5,,,,False,False,False,0,INVALID_BELIEF
branch,2,13,5,11,5,-2,0,2,UP,RIGHT,True,True,4,5,1,0.25,True,False,False,0,COLLISION
branch,2,13,5,12,4,-1,-1,2,UP,NONE,False,True,4,,,,False,False,False,0,INVALID_BELIEF
branch,2,13,5,12,6,-1,1,2,UP,NONE,False,True,4,,,,False,False,False,0,INVALID_BELIEF
branch,2,13,5,13,3,0,-2,2,UP,UP,True,False,4,4,0,0.0,False,False,True,0,ADEQUATE
branch,2,13,5,13,7,0,2,2,UP,NONE,False,True,4,,,,False,False,False,0,INVALID_BELIEF
branch,2,13,5,14,4,1,-1,2,UP,NONE,False,True,4,,,,False,False,False,0,INVALID_BELIEF
branch,2,13,5,14,6,1,1,2,UP,NONE,False,True,4,,,,False,False,False,0,INVALID_BELIEF
branch,2,13,5,15,5,2,0,2,UP,NONE,False,True,4,,,,False,False,False,0,INVALID_BELIEF
branch,3,1,1,-2,1,-3,0,3,RIGHT,NONE,False,True,12,,,,False,False,False,0,INVALID_BELIEF
branch,3,1,1,-1,0,-2,-1,3,RIGHT,NONE,False,True,12,,,,False,False,False,0,INVALID_BELIEF
branch,3,1,1,-1,2,-2,1,3,RIGHT,NONE,False,True,12,,,,False,False,False,0,INVALID_BELIEF
branch,3,1,1,0,-1,-1,-2,3,RIGHT,NONE,False,True,12,,,,False,False,False,0,INVALID_BELIEF
branch,3,1,1,0,3,-1,2,3,RIGHT,NONE,False,True,12,,,,False,False,False,0,INVALID_BELIEF
branch,3,1,1,1,-2,0,-3,3,RIGHT,NONE,False,True,12,,,,False,False,False,0,INVALID_BELIEF
branch,3,1,1,1,4,0,3,3,RIGHT,NONE,False,True,12,,,,False,False,False,0,INVALID_BELIEF
branch,3,1,1,2,-1,1,-2,3,RIGHT,NONE,False,True,12,,,,False,False,False,0,INVALID_BELIEF
branch,3,1,1,2,3,1,2,3,RIGHT,LEFT,True,True,12,13,1,0.08333333333333333,True,False,False,0,COLLISION
branch,3,1,1,3,0,2,-1,3,RIGHT,NONE,False,True,12,,,,False,False,False,0,INVALID_BELIEF
branch,3,1,1,3,2,2,1,3,RIGHT,NONE,False,True,12,,,,False,False,False,0,INVALID_BELIEF
branch,3,1,1,4,1,3,0,3,RIGHT,RIGHT,True,False,12,12,0,0.0,False,False,True,0,ADEQUATE
branch,3,2,1,-1,1,-3,0,3,RIGHT,NONE,False,True,11,,,,False,False,False,0,INVALID_BELIEF
branch,3,2,1,0,0,-2,-1,3,RIGHT,NONE,False,True,11,,,,False,False,False,0,INVALID_BELIEF
branch,3,2,1,0,2,-2,1,3,RIGHT,NONE,False,True,11,,,,False,False,False,0,INVALID_BELIEF
branch,3,2,1,1,-1,-1,-2,3,RIGHT,NONE,False,True,11,,,,False,False,False,0,INVALID_BELIEF
branch,3,2,1,1,3,-1,2,3,RIGHT,UP,True,True,11,12,1,0.09090909090909091,True,False,False,0,COLLISION
branch,3,2,1,2,-2,0,-3,3,RIGHT,NONE,False,True,11,,,,False,False,False,0,INVALID_BELIEF
branch,3,2,1,2,4,0,3,3,RIGHT,NONE,False,True,11,,,,False,False,False,0,INVALID_BELIEF
branch,3,2,1,3,-1,1,-2,3,RIGHT,NONE,False,True,11,,,,False,False,False,0,INVALID_BELIEF
branch,3,2,1,3,3,1,2,3,RIGHT,LEFT,True,True,11,13,2,0.18181818181818182,False,False,False,0,INADEQUATE
branch,3,2,1,4,0,2,-1,3,RIGHT,NONE,False,True,11,,,,False,False,False,0,INVALID_BELIEF
branch,3,2,1,4,2,2,1,3,RIGHT,NONE,False,True,11,,,,False,False,False,0,INVALID_BELIEF
branch,3,2,1,5,1,3,0,3,RIGHT,RIGHT,True,False,11,11,0,0.0,False,False,True,0,ADEQUATE
branch,3,3,1,0,1,-3,0,3,RIGHT,NONE,False,True,10,,,,False,False,False,0,INVALID_BELIEF
branch,3,3,1,1,0,-2,-1,3,RIGHT,NONE,False,True,10,,,,False,False,False,0,INVALID_BELIEF
branch,3,3,1,1,2,-2,1,3,RIGHT,UP,True,True,10,11,1,0.1,True,False,False,0,COLLISION
branch,3,3,1,2,-1,-1,-2,3,RIGHT,NONE,False,True,10,,,,False,False,False,0,INVALID_BELIEF
branch,3,3,1,2,3,-1,2,3,RIGHT,LEFT,True,True,10,12,2,0.2,False,False,False,0,INADEQUATE
branch,3,3,1,3,-2,0,-3,3,RIGHT,NONE,False,True,10,,,,False,False,False,0,INVALID_BELIEF
branch,3,3,1,3,4,0,3,3,RIGHT,UP,True,True,10,11,1,0.1,True,False,False,0,COLLISION
branch,3,3,1,4,-1,1,-2,3,RIGHT,NONE,False,True,10,,,,False,False,False,0,INVALID_BELIEF
branch,3,3,1,4,3,1,2,3,RIGHT,RIGHT,True,False,10,10,0,0.0,False,False,True,0,ADEQUATE
branch,3,3,1,5,0,2,-1,3,RIGHT,NONE,False,True,10,,,,False,False,False,0,INVALID_BELIEF
branch,3,3,1,5,2,2,1,3,RIGHT,NONE,False,True,10,,,,False,False,False,0,INVALID_BELIEF
branch,3,3,1,6,1,3,0,3,RIGHT,RIGHT,True,False,10,10,0,0.0,False,False,True,0,ADEQUATE
branch,3,4,1,1,1,-3,0,3,RIGHT,RIGHT,True,False,9,9,0,0.0,False,False,True,0,ADEQUATE
branch,3,4,1,2,0,-2,-1,3,RIGHT,NONE,False,True,9,,,,False,False,False,0,INVALID_BELIEF
branch,3,4,1,2,2,-2,1,3,RIGHT,NONE,False,True,9,,,,False,False,False,0,INVALID_BELIEF
branch,3,4,1,3,-1,-1,-2,3,RIGHT,NONE,False,True,9,,,,False,False,False,0,INVALID_BELIEF
branch,3,4,1,3,3,-1,2,3,RIGHT,LEFT,True,True,9,11,2,0.2222222222222222,False,False,False,0,INADEQUATE
branch,3,4,1,4,-2,0,-3,3,RIGHT,NONE,False,True,9,,,,False,False,False,0,INVALID_BELIEF
branch,3,4,1,4,4,0,3,3,RIGHT,NONE,False,True,9,,,,False,False,False,0,INVALID_BELIEF
branch,3,4,1,5,-1,1,-2,3,RIGHT,NONE,False,True,9,,,,False,False,False,0,INVALID_BELIEF
branch,3,4,1,5,3,1,2,3,RIGHT,DOWN,True,True,9,10,1,0.1111111111111111,True,False,False,0,COLLISION
branch,3,4,1,6,0,2,-1,3,RIGHT,NONE,False,True,9,,,,False,False,False,0,INVALID_BELIEF
branch,3,4,1,6,2,2,1,3,RIGHT,NONE,False,True,9,,,,False,False,False,0,INVALID_BELIEF
branch,3,4,1,7,1,3,0,3,RIGHT,RIGHT,True,False,9,9,0,0.0,False,False,True,0,ADEQUATE
branch,3,5,1,2,1,-3,0,3,RIGHT,RIGHT,True,False,8,8,0,0.0,False,False,True,0,ADEQUATE
branch,3,5,1,3,0,-2,-1,3,RIGHT,NONE,False,True,8,,,,False,False,False,0,INVALID_BELIEF
branch,3,5,1,3,2,-2,1,3,RIGHT,NONE,False,True,8,,,,False,False,False,0,INVALID_BELIEF
branch,3,5,1,4,-1,-1,-2,3,RIGHT,NONE,False,True,8,,,,False,False,False,0,INVALID_BELIEF
branch,3,5,1,4,3,-1,2,3,RIGHT,RIGHT,True,False,8,8,0,0.0,False,False,True,0,ADEQUATE
branch,3,5,1,5,-2,0,-3,3,RIGHT,NONE,False,True,8,,,,False,False,False,0,INVALID_BELIEF
branch,3,5,1,5,4,0,3,3,RIGHT,DOWN,True,True,8,9,1,0.125,True,False,False,0,COLLISION
branch,3,5,1,6,-1,1,-2,3,RIGHT,NONE,False,True,8,,,,False,False,False,0,INVALID_BELIEF
branch,3,5,1,6,3,1,2,3,RIGHT,NONE,False,True,8,,,,False,False,False,0,INVALID_BELIEF
branch,3,5,1,7,0,2,-1,3,RIGHT,NONE,False,True,8,,,,False,False,False,0,INVALID_BELIEF
branch,3,5,1,7,2,2,1,3,RIGHT,UP,True,True,8,9,1,0.125,True,False,False,0,COLLISION
branch,3,5,1,8,1,3,0,3,RIGHT,RIGHT,True,False,8,8,0,0.0,False,False,True,0,ADEQUATE
branch,3,6,1,3,1,-3,0,3,RIGHT,RIGHT,True,False,7,7,0,0.0,False,False,True,0,ADEQUATE
branch,3,6,1,4,0,-2,-1,3,RIGHT,NONE,False,True,7,,,,False,False,False,0,INVALID_BELIEF
branch,3,6,1,4,2,-2,1,3,RIGHT,NONE,False,True,7,,,,False,False,False,0,INVALID_BELIEF
branch,3,6,1,5,-1,-1,-2,3,RIGHT,NONE,False,True,7,,,,False,False,False,0,INVALID_BELIEF
branch,3,6,1,5,3,-1,2,3,RIGHT,DOWN,True,True,7,8,1,0.14285714285714285,True,False,False,0,COLLISION
branch,3,6,1,6,-2,0,-3,3,RIGHT,NONE,False,True,7,,,,False,False,False,0,INVALID_BELIEF
branch,3,6,1,6,4,0,3,3,RIGHT,NONE,False,True,7,,,,False,False,False,0,INVALID_BELIEF
branch,3,6,1,7,-1,1,-2,3,RIGHT,NONE,False,True,7,,,,False,False,False,0,INVALID_BELIEF
branch,3,6,1,7,3,1,2,3,RIGHT,UP,True,True,7,8,1,0.14285714285714285,True,False,False,0,COLLISION
branch,3,6,1,8,0,2,-1,3,RIGHT,NONE,False,True,7,,,,False,False,False,0,INVALID_BELIEF
branch,3,6,1,8,2,2,1,3,RIGHT,NONE,False,True,7,,,,False,False,False,0,INVALID_BELIEF
branch,3,6,1,9,1,3,0,3,RIGHT,RIGHT,True,False,7,7,0,0.0,False,False,True,0,ADEQUATE
branch,3,7,1,4,1,-3,0,3,RIGHT,RIGHT,True,False,6,6,0,0.0,False,False,True,0,ADEQUATE
branch,3,7,1,5,0,-2,-1,3,RIGHT,NONE,False,True,6,,,,False,False,False,0,INVALID_BELIEF
branch,3,7,1,5,2,-2,1,3,RIGHT,NONE,False,True,6,,,,False,False,False,0,INVALID_BELIEF
branch,3,7,1,6,-1,-1,-2,3,RIGHT,NONE,False,True,6,,,,False,False,False,0,INVALID_BELIEF
branch,3,7,1,6,3,-1,2,3,RIGHT,NONE,False,True,6,,,,False,False,False,0,INVALID_BELIEF
branch,3,7,1,7,-2,0,-3,3,RIGHT,NONE,False,True,6,,,,False,False,False,0,INVALID_BELIEF
branch,3,7,1,7,4,0,3,3,RIGHT,UP,True,True,6,7,1,0.16666666666666666,True,False,False,0,COLLISION
branch,3,7,1,8,-1,1,-2,3,RIGHT,NONE,False,True,6,,,,False,False,False,0,INVALID_BELIEF
branch,3,7,1,8,3,1,2,3,RIGHT,NONE,False,True,6,,,,False,False,False,0,INVALID_BELIEF
branch,3,7,1,9,0,2,-1,3,RIGHT,NONE,False,True,6,,,,False,False,False,0,INVALID_BELIEF
branch,3,7,1,9,2,2,1,3,RIGHT,NONE,False,True,6,,,,False,False,False,0,INVALID_BELIEF
branch,3,7,1,10,1,3,0,3,RIGHT,RIGHT,True,False,6,6,0,0.0,False,False,True,0,ADEQUATE
branch,3,8,1,5,1,-3,0,3,RIGHT,RIGHT,True,False,5,5,0,0.0,False,False,True,0,ADEQUATE
branch,3,8,1,6,0,-2,-1,3,RIGHT,NONE,False,True,5,,,,False,False,False,0,INVALID_BELIEF
branch,3,8,1,6,2,-2,1,3,RIGHT,NONE,False,True,5,,,,False,False,False,0,INVALID_BELIEF
branch,3,8,1,7,-1,-1,-2,3,RIGHT,NONE,False,True,5,,,,False,False,False,0,INVALID_BELIEF
branch,3,8,1,7,3,-1,2,3,RIGHT,UP,True,True,5,6,1,0.2,True,False,False,0,COLLISION
branch,3,8,1,8,-2,0,-3,3,RIGHT,NONE,False,True,5,,,,False,False,False,0,INVALID_BELIEF
branch,3,8,1,8,4,0,3,3,RIGHT,NONE,False,True,5,,,,False,False,False,0,INVALID_BELIEF
branch,3,8,1,9,-1,1,-2,3,RIGHT,NONE,False,True,5,,,,False,False,False,0,INVALID_BELIEF
branch,3,8,1,9,3,1,2,3,RIGHT,RIGHT,True,False,5,5,0,0.0,False,False,True,0,ADEQUATE
branch,3,8,1,10,0,2,-1,3,RIGHT,NONE,False,True,5,,,,False,False,False,0,INVALID_BELIEF
branch,3,8,1,10,2,2,1,3,RIGHT,NONE,False,True,5,,,,False,False,False,0,INVALID_BELIEF
branch,3,8,1,11,1,3,0,3,RIGHT,RIGHT,True,False,5,5,0,0.0,False,False,True,0,ADEQUATE
branch,3,9,1,6,1,-3,0,3,RIGHT,RIGHT,True,False,4,4,0,0.0,False,False,True,0,ADEQUATE
branch,3,9,1,7,0,-2,-1,3,RIGHT,NONE,False,True,4,,,,False,False,False,0,INVALID_BELIEF
branch,3,9,1,7,2,-2,1,3,RIGHT,UP,True,True,4,5,1,0.25,True,False,False,0,COLLISION
branch,3,9,1,8,-1,-1,-2,3,RIGHT,NONE,False,True,4,,,,False,False,False,0,INVALID_BELIEF
branch,3,9,1,8,3,-1,2,3,RIGHT,NONE,False,True,4,,,,False,False,False,0,INVALID_BELIEF
branch,3,9,1,9,-2,0,-3,3,RIGHT,NONE,False,True,4,,,,False,False,False,0,INVALID_BELIEF
branch,3,9,1,9,4,0,3,3,RIGHT,UP,True,True,4,5,1,0.25,True,False,False,0,COLLISION
branch,3,9,1,10,-1,1,-2,3,RIGHT,NONE,False,True,4,,,,False,False,False,0,INVALID_BELIEF
branch,3,9,1,10,3,1,2,3,RIGHT,RIGHT,True,False,4,4,0,0.0,False,False,True,0,ADEQUATE
branch,3,9,1,11,0,2,-1,3,RIGHT,NONE,False,True,4,,,,False,False,False,0,INVALID_BELIEF
branch,3,9,1,11,2,2,1,3,RIGHT,NONE,False,True,4,,,,False,False,False,0,INVALID_BELIEF
branch,3,9,1,12,1,3,0,3,RIGHT,RIGHT,True,False,4,4,0,0.0,False,False,True,0,ADEQUATE
branch,3,10,1,7,1,-3,0,3,RIGHT,RIGHT,True,False,3,3,0,0.0,False,False,True,0,ADEQUATE
branch,3,10,1,8,0,-2,-1,3,RIGHT,NONE,False,True,3,,,,False,False,False,0,INVALID_BELIEF
branch,3,10,1,8,2,-2,1,3,RIGHT,NONE,False,True,3,,,,False,False,False,0,INVALID_BELIEF
branch,3,10,1,9,-1,-1,-2,3,RIGHT,NONE,False,True,3,,,,False,False,False,0,INVALID_BELIEF
branch,3,10,1,9,3,-1,2,3,RIGHT,RIGHT,True,False,3,3,0,0.0,False,False,True,0,ADEQUATE
branch,3,10,1,10,-2,0,-3,3,RIGHT,NONE,False,True,3,,,,False,False,False,0,INVALID_BELIEF
branch,3,10,1,10,4,0,3,3,RIGHT,NONE,False,True,3,,,,False,False,False,0,INVALID_BELIEF
branch,3,10,1,11,-1,1,-2,3,RIGHT,NONE,False,True,3,,,,False,False,False,0,INVALID_BELIEF
branch,3,10,1,11,3,1,2,3,RIGHT,RIGHT,True,False,3,3,0,0.0,False,False,True,0,ADEQUATE
branch,3,10,1,12,0,2,-1,3,RIGHT,NONE,False,True,3,,,,False,False,False,0,INVALID_BELIEF
branch,3,10,1,12,2,2,1,3,RIGHT,NONE,False,True,3,,,,False,False,False,0,INVALID_BELIEF
branch,3,10,1,13,1,3,0,3,RIGHT,NONE,True,True,3,,,,False,True,False,0,FALSE_TERMINAL
branch,3,11,1,8,1,-3,0,3,RIGHT,RIGHT,True,False,2,2,0,0.0,False,False,True,0,ADEQUATE
branch,3,11,1,9,0,-2,-1,3,RIGHT,NONE,False,True,2,,,,False,False,False,0,INVALID_BELIEF
branch,3,11,1,9,2,-2,1,3,RIGHT,NONE,False,True,2,,,,False,False,False,0,INVALID_BELIEF
branch,3,11,1,10,-1,-1,-2,3,RIGHT,NONE,False,True,2,,,,False,False,False,0,INVALID_BELIEF
branch,3,11,1,10,3,-1,2,3,RIGHT,RIGHT,True,False,2,2,0,0.0,False,False,True,0,ADEQUATE
branch,3,11,1,11,-2,0,-3,3,RIGHT,NONE,False,True,2,,,,False,False,False,0,INVALID_BELIEF
branch,3,11,1,11,4,0,3,3,RIGHT,NONE,False,True,2,,,,False,False,False,0,INVALID_BELIEF
branch,3,11,1,12,-1,1,-2,3,RIGHT,NONE,False,True,2,,,,False,False,False,0,INVALID_BELIEF
branch,3,11,1,12,3,1,2,3,RIGHT,RIGHT,True,False,2,2,0,0.0,False,False,True,0,ADEQUATE
branch,3,11,1,13,0,2,-1,3,RIGHT,NONE,False,True,2,,,,False,False,False,0,INVALID_BELIEF
branch,3,11,1,13,2,2,1,3,RIGHT,UP,True,True,2,3,1,0.5,True,False,False,0,COLLISION
branch,3,11,1,14,1,3,0,3,RIGHT,NONE,False,True,2,,,,False,False,False,0,INVALID_BELIEF
branch,3,12,1,9,1,-3,0,3,RIGHT,RIGHT,True,False,1,1,0,0.0,False,False,True,0,ADEQUATE
branch,3,12,1,10,0,-2,-1,3,RIGHT,NONE,False,True,1,,,,False,False,False,0,INVALID_BELIEF
branch,3,12,1,10,2,-2,1,3,RIGHT,NONE,False,True,1,,,,False,False,False,0,INVALID_BELIEF
branch,3,12,1,11,-1,-1,-2,3,RIGHT,NONE,False,True,1,,,,False,False,False,0,INVALID_BELIEF
branch,3,12,1,11,3,-1,2,3,RIGHT,RIGHT,True,False,1,1,0,0.0,False,False,True,0,ADEQUATE
branch,3,12,1,12,-2,0,-3,3,RIGHT,NONE,False,True,1,,,,False,False,False,0,INVALID_BELIEF
branch,3,12,1,12,4,0,3,3,RIGHT,NONE,False,True,1,,,,False,False,False,0,INVALID_BELIEF
branch,3,12,1,13,-1,1,-2,3,RIGHT,NONE,False,True,1,,,,False,False,False,0,INVALID_BELIEF
branch,3,12,1,13,3,1,2,3,RIGHT,UP,True,True,1,2,1,1.0,True,False,False,0,COLLISION
branch,3,12,1,14,0,2,-1,3,RIGHT,NONE,False,True,1,,,,False,False,False,0,INVALID_BELIEF
branch,3,12,1,14,2,2,1,3,RIGHT,NONE,False,True,1,,,,False,False,False,0,INVALID_BELIEF
branch,3,12,1,15,1,3,0,3,RIGHT,NONE,False,True,1,,,,False,False,False,0,INVALID_BELIEF
branch,3,1,2,-2,2,-3,0,3,UP,NONE,False,True,13,,,,False,False,False,0,INVALID_BELIEF
branch,3,1,2,-1,1,-2,-1,3,UP,NONE,False,True,13,,,,False,False,False,0,INVALID_BELIEF
branch,3,1,2,-1,3,-2,1,3,UP,NONE,False,True,13,,,,False,False,False,0,INVALID_BELIEF
branch,3,1,2,0,0,-1,-2,3,UP,NONE,False,True,13,,,,False,False,False,0,INVALID_BELIEF
branch,3,1,2,0,4,-1,2,3,UP,NONE,False,True,13,,,,False,False,False,0,INVALID_BELIEF
branch,3,1,2,1,-1,0,-3,3,UP,NONE,False,True,13,,,,False,False,False,0,INVALID_BELIEF
branch,3,1,2,1,5,0,3,3,UP,RIGHT,True,True,13,14,1,0.07692307692307693,True,False,False,0,COLLISION
branch,3,1,2,2,0,1,-2,3,UP,NONE,False,True,13,,,,False,False,False,0,INVALID_BELIEF
branch,3,1,2,2,4,1,2,3,UP,NONE,False,True,13,,,,False,False,False,0,INVALID_BELIEF
branch,3,1,2,3,1,2,-1,3,UP,RIGHT,True,True,13,14,1,0.07692307692307693,True,False,False,0,COLLISION
branch,3,1,2,3,3,2,1,3,UP,LEFT,True,True,13,14,1,0.07692307692307693,True,False,False,0,COLLISION
branch,3,1,2,4,2,3,0,3,UP,NONE,False,True,13,,,,False,False,False,0,INVALID_BELIEF
branch,3,7,2,4,2,-3,0,3,UP,NONE,False,True,7,,,,False,False,False,0,INVALID_BELIEF
branch,3,7,2,5,1,-2,-1,3,UP,RIGHT,True,True,7,8,1,0.14285714285714285,True,False,False,0,COLLISION
branch,3,7,2,5,3,-2,1,3,UP,DOWN,True,True,7,9,2,0.2857142857142857,False,False,False,0,INADEQUATE
branch,3,7,2,6,0,-1,-2,3,UP,NONE,False,True,7,,,,False,False,False,0,INVALID_BELIEF
branch,3,7,2,6,4,-1,2,3,UP,NONE,False,True,7,,,,False,False,False,0,INVALID_BELIEF
branch,3,7,2,7,-1,0,-3,3,UP,NONE,False,True,7,,,,False,False,False,0,INVALID_BELIEF
branch,3,7,2,7,5,0,3,3,UP,UP,True,False,7,7,0,0.0,False,False,True,0,ADEQUATE
branch,3,7,2,8,0,1,-2,3,UP,NONE,False,True,7,,,,False,False,False,0,INVALID_BELIEF
branch,3,7,2,8,4,1,2,3,UP,NONE,False,True,7,,,,False,False,False,0,INVALID_BELIEF
branch,3,7,2,9,1,2,-1,3,UP,RIGHT,True,True,7,8,1,0.14285714285714285,True,False,False,0,COLLISION
branch,3,7,2,9,3,2,1,3,UP,RIGHT,True,True,7,8,1,0.14285714285714285,True,False,False,0,COLLISION
branch,3,7,2,10,2,3,0,3,UP,NONE,False,True,7,,,,False,False,False,0,INVALID_BELIEF
branch,3,13,2,10,2,-3,0,3,UP,NONE,False,True,1,,,,False,False,False,0,INVALID_BELIEF
branch,3,13,2,11,1,-2,-1,3,UP,RIGHT,True,True,1,2,1,1.0,True,False,False,0,COLLISION
branch,3,13,2,11,3,-2,1,3,UP,RIGHT,True,True,1,2,1,1.0,True,False,False,0,COLLISION
branch,3,13,2,12,0,-1,-2,3,UP,NONE,False,True,1,,,,False,False,False,0,INVALID_BELIEF
branch,3,13,2,12,4,-1,2,3,UP,NONE,False,True,1,,,,False,False,False,0,INVALID_BELIEF
branch,3,13,2,13,-1,0,-3,3,UP,NONE,False,True,1,,,,False,False,False,0,INVALID_BELIEF
branch,3,13,2,13,5,0,3,3,UP,UP,True,False,1,1,0,0.0,False,False,True,0,ADEQUATE
branch,3,13,2,14,0,1,-2,3,UP,NONE,False,True,1,,,,False,False,False,0,INVALID_BELIEF
branch,3,13,2,14,4,1,2,3,UP,NONE,False,True,1,,,,False,False,False,0,INVALID_BELIEF
branch,3,13,2,15,1,2,-1,3,UP,NONE,False,True,1,,,,False,False,False,0,INVALID_BELIEF
branch,3,13,2,15,3,2,1,3,UP,NONE,False,True,1,,,,False,False,False,0,INVALID_BELIEF
branch,3,13,2,16,2,3,0,3,UP,NONE,False,True,1,,,,False,False,False,0,INVALID_BELIEF
branch,3,1,3,-2,3,-3,0,3,UP,NONE,False,True,14,,,,False,False,False,0,INVALID_BELIEF
branch,3,1,3,-1,2,-2,-1,3,UP,NONE,False,True,14,,,,False,False,False,0,INVALID_BELIEF
branch,3,1,3,-1,4,-2,1,3,UP,NONE,False,True,14,,,,False,False,False,0,INVALID_BELIEF
branch,3,1,3,0,1,-1,-2,3,UP,NONE,False,True,14,,,,False,False,False,0,INVALID_BELIEF
branch,3,1,3,0,5,-1,2,3,UP,NONE,False,True,14,,,,False,False,False,0,INVALID_BELIEF
branch,3,1,3,1,0,0,-3,3,UP,NONE,False,True,14,,,,False,False,False,0,INVALID_BELIEF
branch,3,1,3,1,6,0,3,3,UP,NONE,False,True,14,,,,False,False,False,0,INVALID_BELIEF
branch,3,1,3,2,1,1,-2,3,UP,RIGHT,True,True,14,16,2,0.14285714285714285,False,False,False,0,INADEQUATE
branch,3,1,3,2,5,1,2,3,UP,RIGHT,True,True,14,16,2,0.14285714285714285,False,False,False,0,INADEQUATE
branch,3,1,3,3,2,2,-1,3,UP,NONE,False,True,14,,,,False,False,False,0,INVALID_BELIEF
branch,3,1,3,3,4,2,1,3,UP,UP,True,False,14,14,0,0.0,False,False,True,0,ADEQUATE
branch,3,1,3,4,3,3,0,3,UP,RIGHT,True,True,14,16,2,0.14285714285714285,False,False,False,0,INADEQUATE
branch,3,2,3,-1,3,-3,0,3,LEFT,NONE,False,True,15,,,,False,False,False,0,INVALID_BELIEF
branch,3,2,3,0,2,-2,-1,3,LEFT,NONE,False,True,15,,,,False,False,False,0,INVALID_BELIEF
branch,3,2,3,0,4,-2,1,3,LEFT,NONE,False,True,15,,,,False,False,False,0,INVALID_BELIEF
branch,3,2,3,1,1,-1,-2,3,LEFT,RIGHT,True,True,15,17,2,0.13333333333333333,False,False,False,0,INADEQUATE
branch,3,2,3,1,5,-1,2,3,LEFT,RIGHT,True,True,15,17,2,0.13333333333333333,False,False,False,0,INADEQUATE
branch,3,2,3,2,0,0,-3,3,LEFT,NONE,False,True,15,,,,False,False,False,0,INVALID_BELIEF
branch,3,2,3,2,6,0,3,3,LEFT,NONE,False,True,15,,,,False,False,False,0,INVALID_BELIEF
branch,3,2,3,3,1,1,-2,3,LEFT,RIGHT,True,True,15,17,2,0.13333333333333333,False,False,False,0,INADEQUATE
branch,3,2,3,3,5,1,2,3,LEFT,UP,True,True,15,16,1,0.06666666666666667,True,False,False,0,COLLISION
branch,3,2,3,4,2,2,-1,3,LEFT,NONE,False,True,15,,,,False,False,False,0,INVALID_BELIEF
branch,3,2,3,4,4,2,1,3,LEFT,NONE,False,True,15,,,,False,False,False,0,INVALID_BELIEF
branch,3,2,3,5,3,3,0,3,LEFT,DOWN,True,True,15,16,1,0.06666666666666667,True,False,False,0,COLLISION
branch,3,3,3,0,3,-3,0,3,LEFT,NONE,False,True,16,,,,False,False,False,0,INVALID_BELIEF
branch,3,3,3,1,2,-2,-1,3,LEFT,UP,True,True,16,17,1,0.0625,True,False,False,0,COLLISION
branch,3,3,3,1,4,-2,1,3,LEFT,NONE,False,True,16,,,,False,False,False,0,INVALID_BELIEF
branch,3,3,3,2,1,-1,-2,3,LEFT,RIGHT,True,True,16,16,0,0.0,False,False,True,0,ADEQUATE
branch,3,3,3,2,5,-1,2,3,LEFT,RIGHT,True,True,16,16,0,0.0,False,False,True,0,ADEQUATE
branch,3,3,3,3,0,0,-3,3,LEFT,NONE,False,True,16,,,,False,False,False,0,INVALID_BELIEF
branch,3,3,3,3,6,0,3,3,LEFT,NONE,False,True,16,,,,False,False,False,0,INVALID_BELIEF
branch,3,3,3,4,1,1,-2,3,LEFT,RIGHT,True,True,16,16,0,0.0,False,False,True,0,ADEQUATE
branch,3,3,3,4,5,1,2,3,LEFT,NONE,False,True,16,,,,False,False,False,0,INVALID_BELIEF
branch,3,3,3,5,2,2,-1,3,LEFT,NONE,False,True,16,,,,False,False,False,0,INVALID_BELIEF
branch,3,3,3,5,4,2,1,3,LEFT,DOWN,True,True,16,18,2,0.125,False,False,False,0,INADEQUATE
branch,3,3,3,6,3,3,0,3,LEFT,NONE,False,True,16,,,,False,False,False,0,INVALID_BELIEF
branch,3,4,3,1,3,-3,0,3,RIGHT,UP,True,True,15,16,1,0.06666666666666667,True,False,False,0,COLLISION
branch,3,4,3,2,2,-2,-1,3,RIGHT,NONE,False,True,15,,,,False,False,False,0,INVALID_BELIEF
branch,3,4,3,2,4,-2,1,3,RIGHT,NONE,False,True,15,,,,False,False,False,0,INVALID_BELIEF
branch,3,4,3,3,1,-1,-2,3,RIGHT,RIGHT,True,False,15,15,0,0.0,False,False,True,0,ADEQUATE
branch,3,4,3,3,5,-1,2,3,RIGHT,UP,True,True,15,16,1,0.06666666666666667,True,False,False,0,COLLISION
branch,3,4,3,4,0,0,-3,3,RIGHT,NONE,False,True,15,,,,False,False,False,0,INVALID_BELIEF
branch,3,4,3,4,6,0,3,3,RIGHT,NONE,False,True,15,,,,False,False,False,0,INVALID_BELIEF
branch,3,4,3,5,1,1,-2,3,RIGHT,RIGHT,True,False,15,15,0,0.0,False,False,True,0,ADEQUATE
branch,3,4,3,5,5,1,2,3,RIGHT,RIGHT,True,False,15,15,0,0.0,False,False,True,0,ADEQUATE
branch,3,4,3,6,2,2,-1,3,RIGHT,NONE,False,True,15,,,,False,False,False,0,INVALID_BELIEF
branch,3,4,3,6,4,2,1,3,RIGHT,NONE,False,True,15,,,,False,False,False,0,INVALID_BELIEF
branch,3,4,3,7,3,3,0,3,RIGHT,UP,True,True,15,16,1,0.06666666666666667,True,False,False,0,COLLISION
branch,3,5,3,2,3,-3,0,3,DOWN,LEFT,True,True,14,16,2,0.14285714285714285,False,False,False,0,INADEQUATE
branch,3,5,3,3,2,-2,-1,3,DOWN,NONE,False,True,14,,,,False,False,False,0,INVALID_BELIEF
branch,3,5,3,3,4,-2,1,3,DOWN,UP,True,True,14,15,1,0.07142857142857142,True,False,False,0,COLLISION
branch,3,5,3,4,1,-1,-2,3,DOWN,RIGHT,True,True,14,15,1,0.07142857142857142,True,False,False,0,COLLISION
branch,3,5,3,4,5,-1,2,3,DOWN,NONE,False,True,14,,,,False,False,False,0,INVALID_BELIEF
branch,3,5,3,5,0,0,-3,3,DOWN,NONE,False,True,14,,,,False,False,False,0,INVALID_BELIEF
branch,3,5,3,5,6,0,3,3,DOWN,NONE,False,True,14,,,,False,False,False,0,INVALID_BELIEF
branch,3,5,3,6,1,1,-2,3,DOWN,RIGHT,True,True,14,15,1,0.07142857142857142,True,False,False,0,COLLISION
branch,3,5,3,6,5,1,2,3,DOWN,RIGHT,True,True,14,15,1,0.07142857142857142,True,False,False,0,COLLISION
branch,3,5,3,7,2,2,-1,3,DOWN,UP,True,True,14,15,1,0.07142857142857142,True,False,False,0,COLLISION
branch,3,5,3,7,4,2,1,3,DOWN,UP,True,True,14,15,1,0.07142857142857142,True,False,False,0,COLLISION
branch,3,5,3,8,3,3,0,3,DOWN,NONE,False,True,14,,,,False,False,False,0,INVALID_BELIEF
branch,3,7,3,4,3,-3,0,3,UP,RIGHT,True,True,8,9,1,0.125,True,False,False,0,COLLISION
branch,3,7,3,5,2,-2,-1,3,UP,NONE,False,True,8,,,,False,False,False,0,INVALID_BELIEF
branch,3,7,3,5,4,-2,1,3,UP,DOWN,True,True,8,10,2,0.25,False,False,False,0,INADEQUATE
branch,3,7,3,6,1,-1,-2,3,UP,RIGHT,True,True,8,9,1,0.125,True,False,False,0,COLLISION
branch,3,7,3,6,5,-1,2,3,UP,RIGHT,True,True,8,9,1,0.125,True,False,False,0,COLLISION
branch,3,7,3,7,0,0,-3,3,UP,NONE,False,True,8,,,,False,False,False,0,INVALID_BELIEF
branch,3,7,3,7,6,0,3,3,UP,NONE,False,True,8,,,,False,False,False,0,INVALID_BELIEF
branch,3,7,3,8,1,1,-2,3,UP,RIGHT,True,True,8,9,1,0.125,True,False,False,0,COLLISION
branch,3,7,3,8,5,1,2,3,UP,RIGHT,True,True,8,9,1,0.125,True,False,False,0,COLLISION
branch,3,7,3,9,2,2,-1,3,UP,NONE,False,True,8,,,,False,False,False,0,INVALID_BELIEF
branch,3,7,3,9,4,2,1,3,UP,UP,True,False,8,8,0,0.0,False,False,True,0,ADEQUATE
branch,3,7,3,10,3,3,0,3,UP,RIGHT,True,True,8,9,1,0.125,True,False,False,0,COLLISION
branch,3,9,3,6,3,-3,0,3,RIGHT,NONE,False,True,6,,,,False,False,False,0,INVALID_BELIEF
branch,3,9,3,7,2,-2,-1,3,RIGHT,UP,True,True,6,7,1,0.16666666666666666,True,False,False,0,COLLISION
branch,3,9,3,7,4,-2,1,3,RIGHT,UP,True,True,6,7,1,0.16666666666666666,True,False,False,0,COLLISION
branch,3,9,3,8,1,-1,-2,3,RIGHT,RIGHT,True,False,6,6,0,0.0,False,False,True,0,ADEQUATE
branch,3,9,3,8,5,-1,2,3,RIGHT,RIGHT,True,False,6,6,0,0.0,False,False,True,0,ADEQUATE
branch,3,9,3,9,0,0,-3,3,RIGHT,NONE,False,True,6,,,,False,False,False,0,INVALID_BELIEF
branch,3,9,3,9,6,0,3,3,RIGHT,NONE,False,True,6,,,,False,False,False,0,INVALID_BELIEF
branch,3,9,3,10,1,1,-2,3,RIGHT,RIGHT,True,False,6,6,0,0.0,False,False,True,0,ADEQUATE
branch,3,9,3,10,5,1,2,3,RIGHT,NONE,False,True,6,,,,False,False,False,0,INVALID_BELIEF
branch,3,9,3,11,2,2,-1,3,RIGHT,NONE,False,True,6,,,,False,False,False,0,INVALID_BELIEF
branch,3,9,3,11,4,2,1,3,RIGHT,NONE,False,True,6,,,,False,False,False,0,INVALID_BELIEF
branch,3,9,3,12,3,3,0,3,RIGHT,RIGHT,True,False,6,6,0,0.0,False,False,True,0,ADEQUATE
branch,3,10,3,7,3,-3,0,3,RIGHT,UP,True,True,5,6,1,0.2,True,False,False,0,COLLISION
branch,3,10,3,8,2,-2,-1,3,RIGHT,NONE,False,True,5,,,,False,False,False,0,INVALID_BELIEF
branch,3,10,3,8,4,-2,1,3,RIGHT,NONE,False,True,5,,,,False,False,False,0,INVALID_BELIEF
branch,3,10,3,9,1,-1,-2,3,RIGHT,RIGHT,True,False,5,5,0,0.0,False,False,True,0,ADEQUATE
branch,3,10,3,9,5,-1,2,3,RIGHT,UP,True,True,5,6,1,0.2,True,False,False,0,COLLISION
branch,3,10,3,10,0,0,-3,3,RIGHT,NONE,False,True,5,,,,False,False,False,0,INVALID_BELIEF
branch,3,10,3,10,6,0,3,3,RIGHT,NONE,False,True,5,,,,False,False,False,0,INVALID_BELIEF
branch,3,10,3,11,1,1,-2,3,RIGHT,RIGHT,True,False,5,5,0,0.0,False,False,True,0,ADEQUATE
branch,3,10,3,11,5,1,2,3,RIGHT,RIGHT,True,False,5,5,0,0.0,False,False,True,0,ADEQUATE
branch,3,10,3,12,2,2,-1,3,RIGHT,NONE,False,True,5,,,,False,False,False,0,INVALID_BELIEF
branch,3,10,3,12,4,2,1,3,RIGHT,NONE,False,True,5,,,,False,False,False,0,INVALID_BELIEF
branch,3,10,3,13,3,3,0,3,RIGHT,UP,True,True,5,6,1,0.2,True,False,False,0,COLLISION
branch,3,11,3,8,3,-3,0,3,RIGHT,NONE,False,True,4,,,,False,False,False,0,INVALID_BELIEF
branch,3,11,3,9,2,-2,-1,3,RIGHT,NONE,False,True,4,,,,False,False,False,0,INVALID_BELIEF
branch,3,11,3,9,4,-2,1,3,RIGHT,UP,True,True,4,5,1,0.25,True,False,False,0,COLLISION
branch,3,11,3,10,1,-1,-2,3,RIGHT,RIGHT,True,False,4,4,0,0.0,False,False,True,0,ADEQUATE
branch,3,11,3,10,5,-1,2,3,RIGHT,NONE,False,True,4,,,,False,False,False,0,INVALID_BELIEF
branch,3,11,3,11,0,0,-3,3,RIGHT,NONE,False,True,4,,,,False,False,False,0,INVALID_BELIEF
branch,3,11,3,11,6,0,3,3,RIGHT,NONE,False,True,4,,,,False,False,False,0,INVALID_BELIEF
branch,3,11,3,12,1,1,-2,3,RIGHT,RIGHT,True,False,4,4,0,0.0,False,False,True,0,ADEQUATE
branch,3,11,3,12,5,1,2,3,RIGHT,RIGHT,True,False,4,4,0,0.0,False,False,True,0,ADEQUATE
branch,3,11,3,13,2,2,-1,3,RIGHT,UP,True,True,4,5,1,0.25,True,False,False,0,COLLISION
branch,3,11,3,13,4,2,1,3,RIGHT,UP,True,True,4,5,1,0.25,True,False,False,0,COLLISION
branch,3,11,3,14,3,3,0,3,RIGHT,NONE,False,True,4,,,,False,False,False,0,INVALID_BELIEF
branch,3,12,3,9,3,-3,0,3,RIGHT,RIGHT,True,False,3,3,0,0.0,False,False,True,0,ADEQUATE
branch,3,12,3,10,2,-2,-1,3,RIGHT,NONE,False,True,3,,,,False,False,False,0,INVALID_BELIEF
branch,3,12,3,10,4,-2,1,3,RIGHT,NONE,False,True,3,,,,False,False,False,0,INVALID_BELIEF
branch,3,12,3,11,1,-1,-2,3,RIGHT,RIGHT,True,False,3,3,0,0.0,False,False,True,0,ADEQUATE
branch,3,12,3,11,5,-1,2,3,RIGHT,RIGHT,True,False,3,3,0,0.0,False,False,True,0,ADEQUATE
branch,3,12,3,12,0,0,-3,3,RIGHT,NONE,False,True,3,,,,False,False,False,0,INVALID_BELIEF
branch,3,12,3,12,6,0,3,3,RIGHT,NONE,False,True,3,,,,False,False,False,0,INVALID_BELIEF
branch,3,12,3,13,1,1,-2,3,RIGHT,NONE,True,True,3,,,,False,True,False,0,FALSE_TERMINAL
branch,3,12,3,13,5,1,2,3,RIGHT,UP,True,True,3,4,1,0.3333333333333333,True,False,False,0,COLLISION
branch,3,12,3,14,2,2,-1,3,RIGHT,NONE,False,True,3,,,,False,False,False,0,INVALID_BELIEF
branch,3,12,3,14,4,2,1,3,RIGHT,NONE,False,True,3,,,,False,False,False,0,INVALID_BELIEF
branch,3,12,3,15,3,3,0,3,RIGHT,NONE,False,True,3,,,,False,False,False,0,INVALID_BELIEF
branch,3,13,3,10,3,-3,0,3,UP,RIGHT,True,True,2,3,1,0.5,True,False,False,0,COLLISION
branch,3,13,3,11,2,-2,-1,3,UP,NONE,False,True,2,,,,False,False,False,0,INVALID_BELIEF
branch,3,13,3,11,4,-2,1,3,UP,NONE,False,True,2,,,,False,False,False,0,INVALID_BELIEF
branch,3,13,3,12,1,-1,-2,3,UP,RIGHT,True,True,2,3,1,0.5,True,False,False,0,COLLISION
branch,3,13,3,12,5,-1,2,3,UP,RIGHT,True,True,2,3,1,0.5,True,False,False,0,COLLISION
branch,3,13,3,13,0,0,-3,3,UP,NONE,False,True,2,,,,False,False,False,0,INVALID_BELIEF
branch,3,13,3,13,6,0,3,3,UP,NONE,False,True,2,,,,False,False,False,0,INVALID_BELIEF
branch,3,13,3,14,1,1,-2,3,UP,NONE,False,True,2,,,,False,False,False,0,INVALID_BELIEF
branch,3,13,3,14,5,1,2,3,UP,NONE,False,True,2,,,,False,False,False,0,INVALID_BELIEF
branch,3,13,3,15,2,2,-1,3,UP,NONE,False,True,2,,,,False,False,False,0,INVALID_BELIEF
branch,3,13,3,15,4,2,1,3,UP,NONE,False,True,2,,,,False,False,False,0,INVALID_BELIEF
branch,3,13,3,16,3,3,0,3,UP,NONE,False,True,2,,,,False,False,False,0,INVALID_BELIEF
branch,3,3,4,0,4,-3,0,3,UP,NONE,False,True,17,,,,False,False,False,0,INVALID_BELIEF
branch,3,3,4,1,3,-2,-1,3,UP,UP,True,False,17,17,0,0.0,False,False,True,0,ADEQUATE
branch,3,3,4,1,5,-2,1,3,UP,RIGHT,True,True,17,18,1,0.058823529411764705,True,False,False,0,COLLISION
branch,3,3,4,2,2,-1,-2,3,UP,NONE,False,True,17,,,,False,False,False,0,INVALID_BELIEF
branch,3,3,4,2,6,-1,2,3,UP,NONE,False,True,17,,,,False,False,False,0,INVALID_BELIEF
branch,3,3,4,3,1,0,-3,3,UP,RIGHT,True,True,17,18,1,0.058823529411764705,True,False,False,0,COLLISION
branch,3,3,4,3,7,0,3,3,UP,NONE,False,True,17,,,,False,False,False,0,INVALID_BELIEF
branch,3,3,4,4,2,1,-2,3,UP,NONE,False,True,17,,,,False,False,False,0,INVALID_BELIEF
branch,3,3,4,4,6,1,2,3,UP,NONE,False,True,17,,,,False,False,False,0,INVALID_BELIEF
branch,3,3,4,5,3,2,-1,3,UP,DOWN,True,True,17,19,2,0.11764705882352941,False,False,False,0,INADEQUATE
branch,3,3,4,5,5,2,1,3,UP,RIGHT,True,True,17,18,1,0.058823529411764705,True,False,False,0,COLLISION
branch,3,3,4,6,4,3,0,3,UP,NONE,False,True,17,,,,False,False,False,0,INVALID_BELIEF
branch,3,5,4,2,4,-3,0,3,DOWN,NONE,False,True,13,,,,False,False,False,0,INVALID_BELIEF
branch,3,5,4,3,3,-2,-1,3,DOWN,LEFT,True,True,13,14,1,0.07692307692307693,True,False,False,0,COLLISION
branch,3,5,4,3,5,-2,1,3,DOWN,UP,True,True,13,15,2,0.15384615384615385,False,False,False,0,INADEQUATE
branch,3,5,4,4,2,-1,-2,3,DOWN,NONE,False,True,13,,,,False,False,False,0,INVALID_BELIEF
branch,3,5,4,4,6,-1,2,3,DOWN,NONE,False,True,13,,,,False,False,False,0,INVALID_BELIEF
branch,3,5,4,5,1,0,-3,3,DOWN,RIGHT,True,True,13,14,1,0.07692307692307693,True,False,False,0,COLLISION
branch,3,5,4,5,7,0,3,3,DOWN,NONE,False,True,13,,,,False,False,False,0,INVALID_BELIEF
branch,3,5,4,6,2,1,-2,3,DOWN,NONE,False,True,13,,,,False,False,False,0,INVALID_BELIEF
branch,3,5,4,6,6,1,2,3,DOWN,NONE,False,True,13,,,,False,False,False,0,INVALID_BELIEF
branch,3,5,4,7,3,2,-1,3,DOWN,UP,True,True,13,15,2,0.15384615384615385,False,False,False,0,INADEQUATE
branch,3,5,4,7,5,2,1,3,DOWN,UP,True,True,13,15,2,0.15384615384615385,False,False,False,0,INADEQUATE
branch,3,5,4,8,4,3,0,3,DOWN,NONE,False,True,13,,,,False,False,False,0,INVALID_BELIEF
branch,3,7,4,4,4,-3,0,3,UP,NONE,False,True,9,,,,False,False,False,0,INVALID_BELIEF
branch,3,7,4,5,3,-2,-1,3,UP,DOWN,True,True,9,11,2,0.2222222222222222,False,False,False,0,INADEQUATE
branch,3,7,4,5,5,-2,1,3,UP,RIGHT,True,True,9,10,1,0.1111111111111111,True,False,False,0,COLLISION
branch,3,7,4,6,2,-1,-2,3,UP,NONE,False,True,9,,,,False,False,False,0,INVALID_BELIEF
branch,3,7,4,6,6,-1,2,3,UP,NONE,False,True,9,,,,False,False,False,0,INVALID_BELIEF
branch,3,7,4,7,1,0,-3,3,UP,RIGHT,True,True,9,10,1,0.1111111111111111,True,False,False,0,COLLISION
branch,3,7,4,7,7,0,3,3,UP,NONE,False,True,9,,,,False,False,False,0,INVALID_BELIEF
branch,3,7,4,8,2,1,-2,3,UP,NONE,False,True,9,,,,False,False,False,0,INVALID_BELIEF
branch,3,7,4,8,6,1,2,3,UP,NONE,False,True,9,,,,False,False,False,0,INVALID_BELIEF
branch,3,7,4,9,3,2,-1,3,UP,RIGHT,True,True,9,10,1,0.1111111111111111,True,False,False,0,COLLISION
branch,3,7,4,9,5,2,1,3,UP,UP,True,False,9,9,0,0.0,False,False,True,0,ADEQUATE
branch,3,7,4,10,4,3,0,3,UP,NONE,False,True,9,,,,False,False,False,0,INVALID_BELIEF
branch,3,9,4,6,4,-3,0,3,UP,NONE,False,True,7,,,,False,False,False,0,INVALID_BELIEF
branch,3,9,4,7,3,-2,-1,3,UP,UP,True,False,7,7,0,0.0,False,False,True,0,ADEQUATE
branch,3,9,4,7,5,-2,1,3,UP,UP,True,False,7,7,0,0.0,False,False,True,0,ADEQUATE
branch,3,9,4,8,2,-1,-2,3,UP,NONE,False,True,7,,,,False,False,False,0,INVALID_BELIEF
branch,3,9,4,8,6,-1,2,3,UP,NONE,False,True,7,,,,False,False,False,0,INVALID_BELIEF
branch,3,9,4,9,1,0,-3,3,UP,RIGHT,True,True,7,8,1,0.14285714285714285,True,False,False,0,COLLISION
branch,3,9,4,9,7,0,3,3,UP,NONE,False,True,7,,,,False,False,False,0,INVALID_BELIEF
branch,3,9,4,10,2,1,-2,3,UP,NONE,False,True,7,,,,False,False,False,0,INVALID_BELIEF
branch,3,9,4,10,6,1,2,3,UP,NONE,False,True,7,,,,False,False,False,0,INVALID_BELIEF
branch,3,9,4,11,3,2,-1,3,UP,RIGHT,True,True,7,8,1,0.14285714285714285,True,False,False,0,COLLISION
branch,3,9,4,11,5,2,1,3,UP,RIGHT,True,True,7,8,1,0.14285714285714285,True,False,False,0,COLLISION
branch,3,9,4,12,4,3,0,3,UP,NONE,False,True,7,,,,False,False,False,0,INVALID_BELIEF
branch,3,13,4,10,4,-3,0,3,UP,NONE,False,True,3,,,,False,False,False,0,INVALID_BELIEF
branch,3,13,4,11,3,-2,-1,3,UP,RIGHT,True,True,3,4,1,0.3333333333333333,True,False,False,0,COLLISION
branch,3,13,4,11,5,-2,1,3,UP,RIGHT,True,True,3,4,1,0.3333333333333333,True,False,False,0,COLLISION
branch,3,13,4,12,2,-1,-2,3,UP,NONE,False,True,3,,,,False,False,False,0,INVALID_BELIEF
branch,3,13,4,12,6,-1,2,3,UP,NONE,False,True,3,,,,False,False,False,0,INVALID_BELIEF
branch,3,13,4,13,1,0,-3,3,UP,NONE,True,True,3,,,,False,True,False,0,FALSE_TERMINAL
branch,3,13,4,13,7,0,3,3,UP,NONE,False,True,3,,,,False,False,False,0,INVALID_BELIEF
branch,3,13,4,14,2,1,-2,3,UP,NONE,False,True,3,,,,False,False,False,0,INVALID_BELIEF
branch,3,13,4,14,6,1,2,3,UP,NONE,False,True,3,,,,False,False,False,0,INVALID_BELIEF
branch,3,13,4,15,3,2,-1,3,UP,NONE,False,True,3,,,,False,False,False,0,INVALID_BELIEF
branch,3,13,4,15,5,2,1,3,UP,NONE,False,True,3,,,,False,False,False,0,INVALID_BELIEF
branch,3,13,4,16,4,3,0,3,UP,NONE,False,True,3,,,,False,False,False,0,INVALID_BELIEF
branch,3,1,5,-2,5,-3,0,3,RIGHT,NONE,False,True,20,,,,False,False,False,0,INVALID_BELIEF
branch,3,1,5,-1,4,-2,-1,3,RIGHT,NONE,False,True,20,,,,False,False,False,0,INVALID_BELIEF
branch,3,1,5,-1,6,-2,1,3,RIGHT,NONE,False,True,20,,,,False,False,False,0,INVALID_BELIEF
branch,3,1,5,0,3,-1,-2,3,RIGHT,NONE,False,True,20,,,,False,False,False,0,INVALID_BELIEF
branch,3,1,5,0,7,-1,2,3,RIGHT,NONE,False,True,20,,,,False,False,False,0,INVALID_BELIEF
branch,3,1,5,1,2,0,-3,3,RIGHT,UP,True,True,20,21,1,0.05,True,False,False,0,COLLISION
branch,3,1,5,1,8,0,3,3,RIGHT,NONE,False,True,20,,,,False,False,False,0,INVALID_BELIEF
branch,3,1,5,2,3,1,-2,3,RIGHT,LEFT,True,True,20,21,1,0.05,True,False,False,0,COLLISION
branch,3,1,5,2,7,1,2,3,RIGHT,NONE,False,True,20,,,,False,False,False,0,INVALID_BELIEF
branch,3,1,5,3,4,2,-1,3,RIGHT,UP,True,True,20,21,1,0.05,True,False,False,0,COLLISION
branch,3,1,5,3,6,2,1,3,RIGHT,NONE,False,True,20,,,,False,False,False,0,INVALID_BELIEF
branch,3,1,5,4,5,3,0,3,RIGHT,NONE,False,True,20,,,,False,False,False,0,INVALID_BELIEF
branch,3,2,5,-1,5,-3,0,3,RIGHT,NONE,False,True,19,,,,False,False,False,0,INVALID_BELIEF
branch,3,2,5,0,4,-2,-1,3,RIGHT,NONE,False,True,19,,,,False,False,False,0,INVALID_BELIEF
branch,3,2,5,0,6,-2,1,3,RIGHT,NONE,False,True,19,,,,False,False,False,0,INVALID_BELIEF
branch,3,2,5,1,3,-1,-2,3,RIGHT,UP,True,True,19,20,1,0.05263157894736842,True,False,False,0,COLLISION
branch,3,2,5,1,7,-1,2,3,RIGHT,NONE,False,True,19,,,,False,False,False,0,INVALID_BELIEF
branch,3,2,5,2,2,0,-3,3,RIGHT,NONE,False,True,19,,,,False,False,False,0,INVALID_BELIEF
branch,3,2,5,2,8,0,3,3,RIGHT,NONE,False,True,19,,,,False,False,False,0,INVALID_BELIEF
branch,3,2,5,3,3,1,-2,3,RIGHT,LEFT,True,True,19,21,2,0.10526315789473684,False,False,False,0,INADEQUATE
branch,3,2,5,3,7,1,2,3,RIGHT,NONE,False,True,19,,,,False,False,False,0,INVALID_BELIEF
branch,3,2,5,4,4,2,-1,3,RIGHT,NONE,False,True,19,,,,False,False,False,0,INVALID_BELIEF
branch,3,2,5,4,6,2,1,3,RIGHT,NONE,False,True,19,,,,False,False,False,0,INVALID_BELIEF
branch,3,2,5,5,5,3,0,3,RIGHT,RIGHT,True,False,19,19,0,0.0,False,False,True,0,ADEQUATE
branch,3,3,5,0,5,-3,0,3,UP,NONE,False,True,18,,,,False,False,False,0,INVALID_BELIEF
branch,3,3,5,1,4,-2,-1,3,UP,NONE,False,True,18,,,,False,False,False,0,INVALID_BELIEF
branch,3,3,5,1,6,-2,1,3,UP,NONE,False,True,18,,,,False,False,False,0,INVALID_BELIEF
branch,3,3,5,2,3,-1,-2,3,UP,LEFT,True,True,18,20,2,0.1111111111111111,False,False,False,0,INADEQUATE
branch,3,3,5,2,7,-1,2,3,UP,NONE,False,True,18,,,,False,False,False,0,INVALID_BELIEF
branch,3,3,5,3,2,0,-3,3,UP,NONE,False,True,18,,,,False,False,False,0,INVALID_BELIEF
branch,3,3,5,3,8,0,3,3,UP,NONE,False,True,18,,,,False,False,False,0,INVALID_BELIEF
branch,3,3,5,4,3,1,-2,3,UP,RIGHT,True,True,18,19,1,0.05555555555555555,True,False,False,0,COLLISION
branch,3,3,5,4,7,1,2,3,UP,NONE,False,True,18,,,,False,False,False,0,INVALID_BELIEF
branch,3,3,5,5,4,2,-1,3,UP,DOWN,True,True,18,19,1,0.05555555555555555,True,False,False,0,COLLISION
branch,3,3,5,5,6,2,1,3,UP,NONE,False,True,18,,,,False,False,False,0,INVALID_BELIEF
branch,3,3,5,6,5,3,0,3,UP,RIGHT,True,True,18,19,1,0.05555555555555555,True,False,False,0,COLLISION
branch,3,5,5,2,5,-3,0,3,RIGHT,RIGHT,True,False,12,12,0,0.0,False,False,True,0,ADEQUATE
branch,3,5,5,3,4,-2,-1,3,RIGHT,UP,True,True,12,14,2,0.16666666666666666,False,False,False,0,INADEQUATE
branch,3,5,5,3,6,-2,1,3,RIGHT,NONE,False,True,12,,,,False,False,False,0,INVALID_BELIEF
branch,3,5,5,4,3,-1,-2,3,RIGHT,RIGHT,True,False,12,12,0,0.0,False,False,True,0,ADEQUATE
branch,3,5,5,4,7,-1,2,3,RIGHT,NONE,False,True,12,,,,False,False,False,0,INVALID_BELIEF
branch,3,5,5,5,2,0,-3,3,RIGHT,NONE,False,True,12,,,,False,False,False,0,INVALID_BELIEF
branch,3,5,5,5,8,0,3,3,RIGHT,NONE,False,True,12,,,,False,False,False,0,INVALID_BELIEF
branch,3,5,5,6,3,1,-2,3,RIGHT,NONE,False,True,12,,,,False,False,False,0,INVALID_BELIEF
branch,3,5,5,6,7,1,2,3,RIGHT,NONE,False,True,12,,,,False,False,False,0,INVALID_BELIEF
branch,3,5,5,7,4,2,-1,3,RIGHT,UP,True,True,12,14,2,0.16666666666666666,False,False,False,0,INADEQUATE
branch,3,5,5,7,6,2,1,3,RIGHT,NONE,False,True,12,,,,False,False,False,0,INVALID_BELIEF
branch,3,5,5,8,5,3,0,3,RIGHT,RIGHT,True,False,12,12,0,0.0,False,False,True,0,ADEQUATE
branch,3,6,5,3,5,-3,0,3,RIGHT,UP,True,True,11,12,1,0.09090909090909091,True,False,False,0,COLLISION
branch,3,6,5,4,4,-2,-1,3,RIGHT,NONE,False,True,11,,,,False,False,False,0,INVALID_BELIEF
branch,3,6,5,4,6,-2,1,3,RIGHT,NONE,False,True,11,,,,False,False,False,0,INVALID_BELIEF
branch,3,6,5,5,3,-1,-2,3,RIGHT,DOWN,True,True,11,12,1,0.09090909090909091,True,False,False,0,COLLISION
branch,3,6,5,5,7,-1,2,3,RIGHT,NONE,False,True,11,,,,False,False,False,0,INVALID_BELIEF
branch,3,6,5,6,2,0,-3,3,RIGHT,NONE,False,True,11,,,,False,False,False,0,INVALID_BELIEF
branch,3,6,5,6,8,0,3,3,RIGHT,NONE,False,True,11,,,,False,False,False,0,INVALID_BELIEF
branch,3,6,5,7,3,1,-2,3,RIGHT,UP,True,True,11,12,1,0.09090909090909091,True,False,False,0,COLLISION
branch,3,6,5,7,7,1,2,3,RIGHT,NONE,False,True,11,,,,False,False,False,0,INVALID_BELIEF
branch,3,6,5,8,4,2,-1,3,RIGHT,NONE,False,True,11,,,,False,False,False,0,INVALID_BELIEF
branch,3,6,5,8,6,2,1,3,RIGHT,NONE,False,True,11,,,,False,False,False,0,INVALID_BELIEF
branch,3,6,5,9,5,3,0,3,RIGHT,UP,True,True,11,12,1,0.09090909090909091,True,False,False,0,COLLISION
branch,3,7,5,4,5,-3,0,3,UP,NONE,False,True,10,,,,False,False,False,0,INVALID_BELIEF
branch,3,7,5,5,4,-2,-1,3,UP,DOWN,True,True,10,11,1,0.1,True,False,False,0,COLLISION
branch,3,7,5,5,6,-2,1,3,UP,NONE,False,True,10,,,,False,False,False,0,INVALID_BELIEF
branch,3,7,5,6,3,-1,-2,3,UP,NONE,False,True,10,,,,False,False,False,0,INVALID_BELIEF
branch,3,7,5,6,7,-1,2,3,UP,NONE,False,True,10,,,,False,False,False,0,INVALID_BELIEF
branch,3,7,5,7,2,0,-3,3,UP,UP,True,False,10,10,0,0.0,False,False,True,0,ADEQUATE
branch,3,7,5,7,8,0,3,3,UP,NONE,False,True,10,,,,False,False,False,0,INVALID_BELIEF
branch,3,7,5,8,3,1,-2,3,UP,NONE,False,True,10,,,,False,False,False,0,INVALID_BELIEF
branch,3,7,5,8,7,1,2,3,UP,NONE,False,True,10,,,,False,False,False,0,INVALID_BELIEF
branch,3,7,5,9,4,2,-1,3,UP,UP,True,False,10,10,0,0.0,False,False,True,0,ADEQUATE
branch,3,7,5,9,6,2,1,3,UP,NONE,False,True,10,,,,False,False,False,0,INVALID_BELIEF
branch,3,7,5,10,5,3,0,3,UP,NONE,False,True,10,,,,False,False,False,0,INVALID_BELIEF
branch,3,8,5,5,5,-3,0,3,RIGHT,RIGHT,True,False,9,9,0,0.0,False,False,True,0,ADEQUATE
branch,3,8,5,6,4,-2,-1,3,RIGHT,NONE,False,True,9,,,,False,False,False,0,INVALID_BELIEF
branch,3,8,5,6,6,-2,1,3,RIGHT,NONE,False,True,9,,,,False,False,False,0,INVALID_BELIEF
branch,3,8,5,7,3,-1,-2,3,RIGHT,UP,True,True,9,10,1,0.1111111111111111,True,False,False,0,COLLISION
branch,3,8,5,7,7,-1,2,3,RIGHT,NONE,False,True,9,,,,False,False,False,0,INVALID_BELIEF
branch,3,8,5,8,2,0,-3,3,RIGHT,NONE,False,True,9,,,,False,False,False,0,INVALID_BELIEF
branch,3,8,5,8,8,0,3,3,RIGHT,NONE,False,True,9,,,,False,False,False,0,INVALID_BELIEF
branch,3,8,5,9,3,1,-2,3,RIGHT,RIGHT,True,False,9,9,0,0.0,False,False,True,0,ADEQUATE
branch,3,8,5,9,7,1,2,3,RIGHT,NONE,False,True,9,,,,False,False,False,0,INVALID_BELIEF
branch,3,8,5,10,4,2,-1,3,RIGHT,NONE,False,True,9,,,,False,False,False,0,INVALID_BELIEF
branch,3,8,5,10,6,2,1,3,RIGHT,NONE,False,True,9,,,,False,False,False,0,INVALID_BELIEF
branch,3,8,5,11,5,3,0,3,RIGHT,RIGHT,True,False,9,9,0,0.0,False,False,True,0,ADEQUATE
branch,3,9,5,6,5,-3,0,3,UP,RIGHT,True,True,8,9,1,0.125,True,False,False,0,COLLISION
branch,3,9,5,7,4,-2,-1,3,UP,UP,True,False,8,8,0,0.0,False,False,True,0,ADEQUATE
branch,3,9,5,7,6,-2,1,3,UP,NONE,False,True,8,,,,False,False,False,0,INVALID_BELIEF
branch,3,9,5,8,3,-1,-2,3,UP,NONE,False,True,8,,,,False,False,False,0,INVALID_BELIEF
branch,3,9,5,8,7,-1,2,3,UP,NONE,False,True,8,,,,False,False,False,0,INVALID_BELIEF
branch,3,9,5,9,2,0,-3,3,UP,NONE,False,True,8,,,,False,False,False,0,INVALID_BELIEF
branch,3,9,5,9,8,0,3,3,UP,NONE,False,True,8,,,,False,False,False,0,INVALID_BELIEF
branch,3,9,5,10,3,1,-2,3,UP,RIGHT,True,True,8,9,1,0.125,True,False,False,0,COLLISION
branch,3,9,5,10,7,1,2,3,UP,NONE,False,True,8,,,,False,False,False,0,INVALID_BELIEF
branch,3,9,5,11,4,2,-1,3,UP,NONE,False,True,8,,,,False,False,False,0,INVALID_BELIEF
branch,3,9,5,11,6,2,1,3,UP,NONE,False,True,8,,,,False,False,False,0,INVALID_BELIEF
branch,3,9,5,12,5,3,0,3,UP,RIGHT,True,True,8,9,1,0.125,True,False,False,0,COLLISION
branch,3,11,5,8,5,-3,0,3,RIGHT,RIGHT,True,False,6,6,0,0.0,False,False,True,0,ADEQUATE
branch,3,11,5,9,4,-2,-1,3,RIGHT,UP,True,True,6,7,1,0.16666666666666666,True,False,False,0,COLLISION
branch,3,11,5,9,6,-2,1,3,RIGHT,NONE,False,True,6,,,,False,False,False,0,INVALID_BELIEF
branch,3,11,5,10,3,-1,-2,3,RIGHT,RIGHT,True,False,6,6,0,0.0,False,False,True,0,ADEQUATE
branch,3,11,5,10,7,-1,2,3,RIGHT,NONE,False,True,6,,,,False,False,False,0,INVALID_BELIEF
branch,3,11,5,11,2,0,-3,3,RIGHT,NONE,False,True,6,,,,False,False,False,0,INVALID_BELIEF
branch,3,11,5,11,8,0,3,3,RIGHT,NONE,False,True,6,,,,False,False,False,0,INVALID_BELIEF
branch,3,11,5,12,3,1,-2,3,RIGHT,RIGHT,True,False,6,6,0,0.0,False,False,True,0,ADEQUATE
branch,3,11,5,12,7,1,2,3,RIGHT,NONE,False,True,6,,,,False,False,False,0,INVALID_BELIEF
branch,3,11,5,13,4,2,-1,3,RIGHT,UP,True,True,6,7,1,0.16666666666666666,True,False,False,0,COLLISION
branch,3,11,5,13,6,2,1,3,RIGHT,NONE,False,True,6,,,,False,False,False,0,INVALID_BELIEF
branch,3,11,5,14,5,3,0,3,RIGHT,NONE,False,True,6,,,,False,False,False,0,INVALID_BELIEF
branch,3,12,5,9,5,-3,0,3,RIGHT,UP,True,True,5,6,1,0.2,True,False,False,0,COLLISION
branch,3,12,5,10,4,-2,-1,3,RIGHT,NONE,False,True,5,,,,False,False,False,0,INVALID_BELIEF
branch,3,12,5,10,6,-2,1,3,RIGHT,NONE,False,True,5,,,,False,False,False,0,INVALID_BELIEF
branch,3,12,5,11,3,-1,-2,3,RIGHT,RIGHT,True,False,5,5,0,0.0,False,False,True,0,ADEQUATE
branch,3,12,5,11,7,-1,2,3,RIGHT,NONE,False,True,5,,,,False,False,False,0,INVALID_BELIEF
branch,3,12,5,12,2,0,-3,3,RIGHT,NONE,False,True,5,,,,False,False,False,0,INVALID_BELIEF
branch,3,12,5,12,8,0,3,3,RIGHT,NONE,False,True,5,,,,False,False,False,0,INVALID_BELIEF
branch,3,12,5,13,3,1,-2,3,RIGHT,UP,True,True,5,6,1,0.2,True,False,False,0,COLLISION
branch,3,12,5,13,7,1,2,3,RIGHT,NONE,False,True,5,,,,False,False,False,0,INVALID_BELIEF
branch,3,12,5,14,4,2,-1,3,RIGHT,NONE,False,True,5,,,,False,False,False,0,INVALID_BELIEF
branch,3,12,5,14,6,2,1,3,RIGHT,NONE,False,True,5,,,,False,False,False,0,INVALID_BELIEF
branch,3,12,5,15,5,3,0,3,RIGHT,NONE,False,True,5,,,,False,False,False,0,INVALID_BELIEF
branch,3,13,5,10,5,-3,0,3,UP,NONE,False,True,4,,,,False,False,False,0,INVALID_BELIEF
branch,3,13,5,11,4,-2,-1,3,UP,NONE,False,True,4,,,,False,False,False,0,INVALID_BELIEF
branch,3,13,5,11,6,-2,1,3,UP,NONE,False,True,4,,,,False,False,False,0,INVALID_BELIEF
branch,3,13,5,12,3,-1,-2,3,UP,RIGHT,True,True,4,5,1,0.25,True,False,False,0,COLLISION
branch,3,13,5,12,7,-1,2,3,UP,NONE,False,True,4,,,,False,False,False,0,INVALID_BELIEF
branch,3,13,5,13,2,0,-3,3,UP,UP,True,False,4,4,0,0.0,False,False,True,0,ADEQUATE
branch,3,13,5,13,8,0,3,3,UP,NONE,False,True,4,,,,False,False,False,0,INVALID_BELIEF
branch,3,13,5,14,3,1,-2,3,UP,NONE,False,True,4,,,,False,False,False,0,INVALID_BELIEF
branch,3,13,5,14,7,1,2,3,UP,NONE,False,True,4,,,,False,False,False,0,INVALID_BELIEF
branch,3,13,5,15,4,2,-1,3,UP,NONE,False,True,4,,,,False,False,False,0,INVALID_BELIEF
branch,3,13,5,15,6,2,1,3,UP,NONE,False,True,4,,,,False,False,False,0,INVALID_BELIEF
branch,3,13,5,16,5,3,0,3,UP,NONE,False,True,4,,,,False,False,False,0,INVALID_BELIEF
branch,4,1,1,-3,1,-4,0,4,RIGHT,NONE,False,True,12,,,,False,False,False,0,INVALID_BELIEF
branch,4,1,1,-2,0,-3,-1,4,RIGHT,NONE,False,True,12,,,,False,False,False,0,INVALID_BELIEF
branch,4,1,1,-2,2,-3,1,4,RIGHT,NONE,False,True,12,,,,False,False,False,0,INVALID_BELIEF
branch,4,1,1,-1,-1,-2,-2,4,RIGHT,NONE,False,True,12,,,,False,False,False,0,INVALID_BELIEF
branch,4,1,1,-1,3,-2,2,4,RIGHT,NONE,False,True,12,,,,False,False,False,0,INVALID_BELIEF
branch,4,1,1,0,-2,-1,-3,4,RIGHT,NONE,False,True,12,,,,False,False,False,0,INVALID_BELIEF
branch,4,1,1,0,4,-1,3,4,RIGHT,NONE,False,True,12,,,,False,False,False,0,INVALID_BELIEF
branch,4,1,1,1,-3,0,-4,4,RIGHT,NONE,False,True,12,,,,False,False,False,0,INVALID_BELIEF
branch,4,1,1,1,5,0,4,4,RIGHT,RIGHT,True,False,12,12,0,0.0,False,False,True,0,ADEQUATE
branch,4,1,1,2,-2,1,-3,4,RIGHT,NONE,False,True,12,,,,False,False,False,0,INVALID_BELIEF
branch,4,1,1,2,4,1,3,4,RIGHT,NONE,False,True,12,,,,False,False,False,0,INVALID_BELIEF
branch,4,1,1,3,-1,2,-2,4,RIGHT,NONE,False,True,12,,,,False,False,False,0,INVALID_BELIEF
branch,4,1,1,3,3,2,2,4,RIGHT,LEFT,True,True,12,13,1,0.08333333333333333,True,False,False,0,COLLISION
branch,4,1,1,4,0,3,-1,4,RIGHT,NONE,False,True,12,,,,False,False,False,0,INVALID_BELIEF
branch,4,1,1,4,2,3,1,4,RIGHT,NONE,False,True,12,,,,False,False,False,0,INVALID_BELIEF
branch,4,1,1,5,1,4,0,4,RIGHT,RIGHT,True,False,12,12,0,0.0,False,False,True,0,ADEQUATE
branch,4,2,1,-2,1,-4,0,4,RIGHT,NONE,False,True,11,,,,False,False,False,0,INVALID_BELIEF
branch,4,2,1,-1,0,-3,-1,4,RIGHT,NONE,False,True,11,,,,False,False,False,0,INVALID_BELIEF
branch,4,2,1,-1,2,-3,1,4,RIGHT,NONE,False,True,11,,,,False,False,False,0,INVALID_BELIEF
branch,4,2,1,0,-1,-2,-2,4,RIGHT,NONE,False,True,11,,,,False,False,False,0,INVALID_BELIEF
branch,4,2,1,0,3,-2,2,4,RIGHT,NONE,False,True,11,,,,False,False,False,0,INVALID_BELIEF
branch,4,2,1,1,-2,-1,-3,4,RIGHT,NONE,False,True,11,,,,False,False,False,0,INVALID_BELIEF
branch,4,2,1,1,4,-1,3,4,RIGHT,NONE,False,True,11,,,,False,False,False,0,INVALID_BELIEF
branch,4,2,1,2,-3,0,-4,4,RIGHT,NONE,False,True,11,,,,False,False,False,0,INVALID_BELIEF
branch,4,2,1,2,5,0,4,4,RIGHT,RIGHT,True,False,11,11,0,0.0,False,False,True,0,ADEQUATE
branch,4,2,1,3,-2,1,-3,4,RIGHT,NONE,False,True,11,,,,False,False,False,0,INVALID_BELIEF
branch,4,2,1,3,4,1,3,4,RIGHT,UP,True,True,11,12,1,0.09090909090909091,True,False,False,0,COLLISION
branch,4,2,1,4,-1,2,-2,4,RIGHT,NONE,False,True,11,,,,False,False,False,0,INVALID_BELIEF
branch,4,2,1,4,3,2,2,4,RIGHT,RIGHT,True,False,11,11,0,0.0,False,False,True,0,ADEQUATE
branch,4,2,1,5,0,3,-1,4,RIGHT,NONE,False,True,11,,,,False,False,False,0,INVALID_BELIEF
branch,4,2,1,5,2,3,1,4,RIGHT,NONE,False,True,11,,,,False,False,False,0,INVALID_BELIEF
branch,4,2,1,6,1,4,0,4,RIGHT,RIGHT,True,False,11,11,0,0.0,False,False,True,0,ADEQUATE
branch,4,3,1,-1,1,-4,0,4,RIGHT,NONE,False,True,10,,,,False,False,False,0,INVALID_BELIEF
branch,4,3,1,0,0,-3,-1,4,RIGHT,NONE,False,True,10,,,,False,False,False,0,INVALID_BELIEF
branch,4,3,1,0,2,-3,1,4,RIGHT,NONE,False,True,10,,,,False,False,False,0,INVALID_BELIEF
branch,4,3,1,1,-1,-2,-2,4,RIGHT,NONE,False,True,10,,,,False,False,False,0,INVALID_BELIEF
branch,4,3,1,1,3,-2,2,4,RIGHT,UP,True,True,10,11,1,0.1,True,False,False,0,COLLISION
branch,4,3,1,2,-2,-1,-3,4,RIGHT,NONE,False,True,10,,,,False,False,False,0,INVALID_BELIEF
branch,4,3,1,2,4,-1,3,4,RIGHT,NONE,False,True,10,,,,False,False,False,0,INVALID_BELIEF
branch,4,3,1,3,-3,0,-4,4,RIGHT,NONE,False,True,10,,,,False,False,False,0,INVALID_BELIEF
branch,4,3,1,3,5,0,4,4,RIGHT,UP,True,True,10,11,1,0.1,True,False,False,0,COLLISION
branch,4,3,1,4,-2,1,-3,4,RIGHT,NONE,False,True,10,,,,False,False,False,0,INVALID_BELIEF
branch,4,3,1,4,4,1,3,4,RIGHT,NONE,False,True,10,,,,False,False,False,0,INVALID_BELIEF
branch,4,3,1,5,-1,2,-2,4,RIGHT,NONE,False,True,10,,,,False,False,False,0,INVALID_BELIEF
branch,4,3,1,5,3,2,2,4,RIGHT,DOWN,True,True,10,11,1,0.1,True,False,False,0,COLLISION
branch,4,3,1,6,0,3,-1,4,RIGHT,NONE,False,True,10,,,,False,False,False,0,INVALID_BELIEF
branch,4,3,1,6,2,3,1,4,RIGHT,NONE,False,True,10,,,,False,False,False,0,INVALID_BELIEF
branch,4,3,1,7,1,4,0,4,RIGHT,RIGHT,True,False,10,10,0,0.0,False,False,True,0,ADEQUATE
branch,4,4,1,0,1,-4,0,4,RIGHT,NONE,False,True,9,,,,False,False,False,0,INVALID_BELIEF
branch,4,4,1,1,0,-3,-1,4,RIGHT,NONE,False,True,9,,,,False,False,False,0,INVALID_BELIEF
branch,4,4,1,1,2,-3,1,4,RIGHT,UP,True,True,9,10,1,0.1111111111111111,True,False,False,0,COLLISION
branch,4,4,1,2,-1,-2,-2,4,RIGHT,NONE,False,True,9,,,,False,False,False,0,INVALID_BELIEF
branch,4,4,1,2,3,-2,2,4,RIGHT,LEFT,True,True,9,11,2,0.2222222222222222,False,False,False,0,INADEQUATE
branch,4,4,1,3,-2,-1,-3,4,RIGHT,NONE,False,True,9,,,,False,False,False,0,INVALID_BELIEF
branch,4,4,1,3,4,-1,3,4,RIGHT,UP,True,True,9,10,1,0.1111111111111111,True,False,False,0,COLLISION
branch,4,4,1,4,-3,0,-4,4,RIGHT,NONE,False,True,9,,,,False,False,False,0,INVALID_BELIEF
branch,4,4,1,4,5,0,4,4,RIGHT,NONE,False,True,9,,,,False,False,False,0,INVALID_BELIEF
branch,4,4,1,5,-2,1,-3,4,RIGHT,NONE,False,True,9,,,,False,False,False,0,INVALID_BELIEF
branch,4,4,1,5,4,1,3,4,RIGHT,DOWN,True,True,9,10,1,0.1111111111111111,True,False,False,0,COLLISION
branch,4,4,1,6,-1,2,-2,4,RIGHT,NONE,False,True,9,,,,False,False,False,0,INVALID_BELIEF
branch,4,4,1,6,3,2,2,4,RIGHT,NONE,False,True,9,,,,False,False,False,0,INVALID_BELIEF
branch,4,4,1,7,0,3,-1,4,RIGHT,NONE,False,True,9,,,,False,False,False,0,INVALID_BELIEF
branch,4,4,1,7,2,3,1,4,RIGHT,UP,True,True,9,10,1,0.1111111111111111,True,False,False,0,COLLISION
branch,4,4,1,8,1,4,0,4,RIGHT,RIGHT,True,False,9,9,0,0.0,False,False,True,0,ADEQUATE
branch,4,5,1,1,1,-4,0,4,RIGHT,RIGHT,True,False,8,8,0,0.0,False,False,True,0,ADEQUATE
branch,4,5,1,2,0,-3,-1,4,RIGHT,NONE,False,True,8,,,,False,False,False,0,INVALID_BELIEF
branch,4,5,1,2,2,-3,1,4,RIGHT,NONE,False,True,8,,,,False,False,False,0,INVALID_BELIEF
branch,4,5,1,3,-1,-2,-2,4,RIGHT,NONE,False,True,8,,,,False,False,False,0,INVALID_BELIEF
branch,4,5,1,3,3,-2,2,4,RIGHT,LEFT,True,True,8,10,2,0.25,False,False,False,0,INADEQUATE
branch,4,5,1,4,-2,-1,-3,4,RIGHT,NONE,False,True,8,,,,False,False,False,0,INVALID_BELIEF
branch,4,5,1,4,4,-1,3,4,RIGHT,NONE,False,True,8,,,,False,False,False,0,INVALID_BELIEF
branch,4,5,1,5,-3,0,-4,4,RIGHT,NONE,False,True,8,,,,False,False,False,0,INVALID_BELIEF
branch,4,5,1,5,5,0,4,4,RIGHT,RIGHT,True,False,8,8,0,0.0,False,False,True,0,ADEQUATE
branch,4,5,1,6,-2,1,-3,4,RIGHT,NONE,False,True,8,,,,False,False,False,0,INVALID_BELIEF
branch,4,5,1,6,4,1,3,4,RIGHT,NONE,False,True,8,,,,False,False,False,0,INVALID_BELIEF
branch,4,5,1,7,-1,2,-2,4,RIGHT,NONE,False,True,8,,,,False,False,False,0,INVALID_BELIEF
branch,4,5,1,7,3,2,2,4,RIGHT,UP,True,True,8,9,1,0.125,True,False,False,0,COLLISION
branch,4,5,1,8,0,3,-1,4,RIGHT,NONE,False,True,8,,,,False,False,False,0,INVALID_BELIEF
branch,4,5,1,8,2,3,1,4,RIGHT,NONE,False,True,8,,,,False,False,False,0,INVALID_BELIEF
branch,4,5,1,9,1,4,0,4,RIGHT,RIGHT,True,False,8,8,0,0.0,False,False,True,0,ADEQUATE
branch,4,6,1,2,1,-4,0,4,RIGHT,RIGHT,True,False,7,7,0,0.0,False,False,True,0,ADEQUATE
branch,4,6,1,3,0,-3,-1,4,RIGHT,NONE,False,True,7,,,,False,False,False,0,INVALID_BELIEF
branch,4,6,1,3,2,-3,1,4,RIGHT,NONE,False,True,7,,,,False,False,False,0,INVALID_BELIEF
branch,4,6,1,4,-1,-2,-2,4,RIGHT,NONE,False,True,7,,,,False,False,False,0,INVALID_BELIEF
branch,4,6,1,4,3,-2,2,4,RIGHT,RIGHT,True,False,7,7,0,0.0,False,False,True,0,ADEQUATE
branch,4,6,1,5,-2,-1,-3,4,RIGHT,NONE,False,True,7,,,,False,False,False,0,INVALID_BELIEF
branch,4,6,1,5,4,-1,3,4,RIGHT,DOWN,True,True,7,8,1,0.14285714285714285,True,False,False,0,COLLISION
branch,4,6,1,6,-3,0,-4,4,RIGHT,NONE,False,True,7,,,,False,False,False,0,INVALID_BELIEF
branch,4,6,1,6,5,0,4,4,RIGHT,RIGHT,True,False,7,7,0,0.0,False,False,True,0,ADEQUATE
branch,4,6,1,7,-2,1,-3,4,RIGHT,NONE,False,True,7,,,,False,False,False,0,INVALID_BELIEF
branch,4,6,1,7,4,1,3,4,RIGHT,UP,True,True,7,8,1,0.14285714285714285,True,False,False,0,COLLISION
branch,4,6,1,8,-1,2,-2,4,RIGHT,NONE,False,True,7,,,,False,False,False,0,INVALID_BELIEF
branch,4,6,1,8,3,2,2,4,RIGHT,NONE,False,True,7,,,,False,False,False,0,INVALID_BELIEF
branch,4,6,1,9,0,3,-1,4,RIGHT,NONE,False,True,7,,,,False,False,False,0,INVALID_BELIEF
branch,4,6,1,9,2,3,1,4,RIGHT,NONE,False,True,7,,,,False,False,False,0,INVALID_BELIEF
branch,4,6,1,10,1,4,0,4,RIGHT,RIGHT,True,False,7,7,0,0.0,False,False,True,0,ADEQUATE
branch,4,7,1,3,1,-4,0,4,RIGHT,RIGHT,True,False,6,6,0,0.0,False,False,True,0,ADEQUATE
branch,4,7,1,4,0,-3,-1,4,RIGHT,NONE,False,True,6,,,,False,False,False,0,INVALID_BELIEF
branch,4,7,1,4,2,-3,1,4,RIGHT,NONE,False,True,6,,,,False,False,False,0,INVALID_BELIEF
branch,4,7,1,5,-1,-2,-2,4,RIGHT,NONE,False,True,6,,,,False,False,False,0,INVALID_BELIEF
branch,4,7,1,5,3,-2,2,4,RIGHT,DOWN,True,True,6,8,2,0.3333333333333333,False,False,False,0,INADEQUATE
branch,4,7,1,6,-2,-1,-3,4,RIGHT,NONE,False,True,6,,,,False,False,False,0,INVALID_BELIEF
branch,4,7,1,6,4,-1,3,4,RIGHT,NONE,False,True,6,,,,False,False,False,0,INVALID_BELIEF
branch,4,7,1,7,-3,0,-4,4,RIGHT,NONE,False,True,6,,,,False,False,False,0,INVALID_BELIEF
branch,4,7,1,7,5,0,4,4,RIGHT,UP,True,True,6,7,1,0.16666666666666666,True,False,False,0,COLLISION
branch,4,7,1,8,-2,1,-3,4,RIGHT,NONE,False,True,6,,,,False,False,False,0,INVALID_BELIEF
branch,4,7,1,8,4,1,3,4,RIGHT,NONE,False,True,6,,,,False,False,False,0,INVALID_BELIEF
branch,4,7,1,9,-1,2,-2,4,RIGHT,NONE,False,True,6,,,,False,False,False,0,INVALID_BELIEF
branch,4,7,1,9,3,2,2,4,RIGHT,RIGHT,True,False,6,6,0,0.0,False,False,True,0,ADEQUATE
branch,4,7,1,10,0,3,-1,4,RIGHT,NONE,False,True,6,,,,False,False,False,0,INVALID_BELIEF
branch,4,7,1,10,2,3,1,4,RIGHT,NONE,False,True,6,,,,False,False,False,0,INVALID_BELIEF
branch,4,7,1,11,1,4,0,4,RIGHT,RIGHT,True,False,6,6,0,0.0,False,False,True,0,ADEQUATE
branch,4,8,1,4,1,-4,0,4,RIGHT,RIGHT,True,False,5,5,0,0.0,False,False,True,0,ADEQUATE
branch,4,8,1,5,0,-3,-1,4,RIGHT,NONE,False,True,5,,,,False,False,False,0,INVALID_BELIEF
branch,4,8,1,5,2,-3,1,4,RIGHT,NONE,False,True,5,,,,False,False,False,0,INVALID_BELIEF
branch,4,8,1,6,-1,-2,-2,4,RIGHT,NONE,False,True,5,,,,False,False,False,0,INVALID_BELIEF
branch,4,8,1,6,3,-2,2,4,RIGHT,NONE,False,True,5,,,,False,False,False,0,INVALID_BELIEF
branch,4,8,1,7,-2,-1,-3,4,RIGHT,NONE,False,True,5,,,,False,False,False,0,INVALID_BELIEF
branch,4,8,1,7,4,-1,3,4,RIGHT,UP,True,True,5,6,1,0.2,True,False,False,0,COLLISION
branch,4,8,1,8,-3,0,-4,4,RIGHT,NONE,False,True,5,,,,False,False,False,0,INVALID_BELIEF
branch,4,8,1,8,5,0,4,4,RIGHT,RIGHT,True,False,5,5,0,0.0,False,False,True,0,ADEQUATE
branch,4,8,1,9,-2,1,-3,4,RIGHT,NONE,False,True,5,,,,False,False,False,0,INVALID_BELIEF
branch,4,8,1,9,4,1,3,4,RIGHT,UP,True,True,5,6,1,0.2,True,False,False,0,COLLISION
branch,4,8,1,10,-1,2,-2,4,RIGHT,NONE,False,True,5,,,,False,False,False,0,INVALID_BELIEF
branch,4,8,1,10,3,2,2,4,RIGHT,RIGHT,True,False,5,5,0,0.0,False,False,True,0,ADEQUATE
branch,4,8,1,11,0,3,-1,4,RIGHT,NONE,False,True,5,,,,False,False,False,0,INVALID_BELIEF
branch,4,8,1,11,2,3,1,4,RIGHT,NONE,False,True,5,,,,False,False,False,0,INVALID_BELIEF
branch,4,8,1,12,1,4,0,4,RIGHT,RIGHT,True,False,5,5,0,0.0,False,False,True,0,ADEQUATE
branch,4,9,1,5,1,-4,0,4,RIGHT,RIGHT,True,False,4,4,0,0.0,False,False,True,0,ADEQUATE
branch,4,9,1,6,0,-3,-1,4,RIGHT,NONE,False,True,4,,,,False,False,False,0,INVALID_BELIEF
branch,4,9,1,6,2,-3,1,4,RIGHT,NONE,False,True,4,,,,False,False,False,0,INVALID_BELIEF
branch,4,9,1,7,-1,-2,-2,4,RIGHT,NONE,False,True,4,,,,False,False,False,0,INVALID_BELIEF
branch,4,9,1,7,3,-2,2,4,RIGHT,UP,True,True,4,5,1,0.25,True,False,False,0,COLLISION
branch,4,9,1,8,-2,-1,-3,4,RIGHT,NONE,False,True,4,,,,False,False,False,0,INVALID_BELIEF
branch,4,9,1,8,4,-1,3,4,RIGHT,NONE,False,True,4,,,,False,False,False,0,INVALID_BELIEF
branch,4,9,1,9,-3,0,-4,4,RIGHT,NONE,False,True,4,,,,False,False,False,0,INVALID_BELIEF
branch,4,9,1,9,5,0,4,4,RIGHT,UP,True,True,4,5,1,0.25,True,False,False,0,COLLISION
branch,4,9,1,10,-2,1,-3,4,RIGHT,NONE,False,True,4,,,,False,False,False,0,INVALID_BELIEF
branch,4,9,1,10,4,1,3,4,RIGHT,NONE,False,True,4,,,,False,False,False,0,INVALID_BELIEF
branch,4,9,1,11,-1,2,-2,4,RIGHT,NONE,False,True,4,,,,False,False,False,0,INVALID_BELIEF
branch,4,9,1,11,3,2,2,4,RIGHT,RIGHT,True,False,4,4,0,0.0,False,False,True,0,ADEQUATE
branch,4,9,1,12,0,3,-1,4,RIGHT,NONE,False,True,4,,,,False,False,False,0,INVALID_BELIEF
branch,4,9,1,12,2,3,1,4,RIGHT,NONE,False,True,4,,,,False,False,False,0,INVALID_BELIEF
branch,4,9,1,13,1,4,0,4,RIGHT,NONE,True,True,4,,,,False,True,False,0,FALSE_TERMINAL
branch,4,10,1,6,1,-4,0,4,RIGHT,RIGHT,True,False,3,3,0,0.0,False,False,True,0,ADEQUATE
branch,4,10,1,7,0,-3,-1,4,RIGHT,NONE,False,True,3,,,,False,False,False,0,INVALID_BELIEF
branch,4,10,1,7,2,-3,1,4,RIGHT,UP,True,True,3,4,1,0.3333333333333333,True,False,False,0,COLLISION
branch,4,10,1,8,-1,-2,-2,4,RIGHT,NONE,False,True,3,,,,False,False,False,0,INVALID_BELIEF
branch,4,10,1,8,3,-2,2,4,RIGHT,NONE,False,True,3,,,,False,False,False,0,INVALID_BELIEF
branch,4,10,1,9,-2,-1,-3,4,RIGHT,NONE,False,True,3,,,,False,False,False,0,INVALID_BELIEF
branch,4,10,1,9,4,-1,3,4,RIGHT,UP,True,True,3,4,1,0.3333333333333333,True,False,False,0,COLLISION
branch,4,10,1,10,-3,0,-4,4,RIGHT,NONE,False,True,3,,,,False,False,False,0,INVALID_BELIEF
branch,4,10,1,10,5,0,4,4,RIGHT,NONE,False,True,3,,,,False,False,False,0,INVALID_BELIEF
branch,4,10,1,11,-2,1,-3,4,RIGHT,NONE,False,True,3,,,,False,False,False,0,INVALID_BELIEF
branch,4,10,1,11,4,1,3,4,RIGHT,NONE,False,True,3,,,,False,False,False,0,INVALID_BELIEF
branch,4,10,1,12,-1,2,-2,4,RIGHT,NONE,False,True,3,,,,False,False,False,0,INVALID_BELIEF
branch,4,10,1,12,3,2,2,4,RIGHT,RIGHT,True,False,3,3,0,0.0,False,False,True,0,ADEQUATE
branch,4,10,1,13,0,3,-1,4,RIGHT,NONE,False,True,3,,,,False,False,False,0,INVALID_BELIEF
branch,4,10,1,13,2,3,1,4,RIGHT,UP,True,True,3,4,1,0.3333333333333333,True,False,False,0,COLLISION
branch,4,10,1,14,1,4,0,4,RIGHT,NONE,False,True,3,,,,False,False,False,0,INVALID_BELIEF
branch,4,11,1,7,1,-4,0,4,RIGHT,RIGHT,True,False,2,2,0,0.0,False,False,True,0,ADEQUATE
branch,4,11,1,8,0,-3,-1,4,RIGHT,NONE,False,True,2,,,,False,False,False,0,INVALID_BELIEF
branch,4,11,1,8,2,-3,1,4,RIGHT,NONE,False,True,2,,,,False,False,False,0,INVALID_BELIEF
branch,4,11,1,9,-1,-2,-2,4,RIGHT,NONE,False,True,2,,,,False,False,False,0,INVALID_BELIEF
branch,4,11,1,9,3,-2,2,4,RIGHT,RIGHT,True,False,2,2,0,0.0,False,False,True,0,ADEQUATE
branch,4,11,1,10,-2,-1,-3,4,RIGHT,NONE,False,True,2,,,,False,False,False,0,INVALID_BELIEF
branch,4,11,1,10,4,-1,3,4,RIGHT,NONE,False,True,2,,,,False,False,False,0,INVALID_BELIEF
branch,4,11,1,11,-3,0,-4,4,RIGHT,NONE,False,True,2,,,,False,False,False,0,INVALID_BELIEF
branch,4,11,1,11,5,0,4,4,RIGHT,RIGHT,True,False,2,2,0,0.0,False,False,True,0,ADEQUATE
branch,4,11,1,12,-2,1,-3,4,RIGHT,NONE,False,True,2,,,,False,False,False,0,INVALID_BELIEF
branch,4,11,1,12,4,1,3,4,RIGHT,NONE,False,True,2,,,,False,False,False,0,INVALID_BELIEF
branch,4,11,1,13,-1,2,-2,4,RIGHT,NONE,False,True,2,,,,False,False,False,0,INVALID_BELIEF
branch,4,11,1,13,3,2,2,4,RIGHT,UP,True,True,2,3,1,0.5,True,False,False,0,COLLISION
branch,4,11,1,14,0,3,-1,4,RIGHT,NONE,False,True,2,,,,False,False,False,0,INVALID_BELIEF
branch,4,11,1,14,2,3,1,4,RIGHT,NONE,False,True,2,,,,False,False,False,0,INVALID_BELIEF
branch,4,11,1,15,1,4,0,4,RIGHT,NONE,False,True,2,,,,False,False,False,0,INVALID_BELIEF
branch,4,12,1,8,1,-4,0,4,RIGHT,RIGHT,True,False,1,1,0,0.0,False,False,True,0,ADEQUATE
branch,4,12,1,9,0,-3,-1,4,RIGHT,NONE,False,True,1,,,,False,False,False,0,INVALID_BELIEF
branch,4,12,1,9,2,-3,1,4,RIGHT,NONE,False,True,1,,,,False,False,False,0,INVALID_BELIEF
branch,4,12,1,10,-1,-2,-2,4,RIGHT,NONE,False,True,1,,,,False,False,False,0,INVALID_BELIEF
branch,4,12,1,10,3,-2,2,4,RIGHT,RIGHT,True,False,1,1,0,0.0,False,False,True,0,ADEQUATE
branch,4,12,1,11,-2,-1,-3,4,RIGHT,NONE,False,True,1,,,,False,False,False,0,INVALID_BELIEF
branch,4,12,1,11,4,-1,3,4,RIGHT,NONE,False,True,1,,,,False,False,False,0,INVALID_BELIEF
branch,4,12,1,12,-3,0,-4,4,RIGHT,NONE,False,True,1,,,,False,False,False,0,INVALID_BELIEF
branch,4,12,1,12,5,0,4,4,RIGHT,RIGHT,True,False,1,1,0,0.0,False,False,True,0,ADEQUATE
branch,4,12,1,13,-2,1,-3,4,RIGHT,NONE,False,True,1,,,,False,False,False,0,INVALID_BELIEF
branch,4,12,1,13,4,1,3,4,RIGHT,UP,True,True,1,2,1,1.0,True,False,False,0,COLLISION
branch,4,12,1,14,-1,2,-2,4,RIGHT,NONE,False,True,1,,,,False,False,False,0,INVALID_BELIEF
branch,4,12,1,14,3,2,2,4,RIGHT,NONE,False,True,1,,,,False,False,False,0,INVALID_BELIEF
branch,4,12,1,15,0,3,-1,4,RIGHT,NONE,False,True,1,,,,False,False,False,0,INVALID_BELIEF
branch,4,12,1,15,2,3,1,4,RIGHT,NONE,False,True,1,,,,False,False,False,0,INVALID_BELIEF
branch,4,12,1,16,1,4,0,4,RIGHT,NONE,False,True,1,,,,False,False,False,0,INVALID_BELIEF
branch,4,1,2,-3,2,-4,0,4,UP,NONE,False,True,13,,,,False,False,False,0,INVALID_BELIEF
branch,4,1,2,-2,1,-3,-1,4,UP,NONE,False,True,13,,,,False,False,False,0,INVALID_BELIEF
branch,4,1,2,-2,3,-3,1,4,UP,NONE,False,True,13,,,,False,False,False,0,INVALID_BELIEF
branch,4,1,2,-1,0,-2,-2,4,UP,NONE,False,True,13,,,,False,False,False,0,INVALID_BELIEF
branch,4,1,2,-1,4,-2,2,4,UP,NONE,False,True,13,,,,False,False,False,0,INVALID_BELIEF
branch,4,1,2,0,-1,-1,-3,4,UP,NONE,False,True,13,,,,False,False,False,0,INVALID_BELIEF
branch,4,1,2,0,5,-1,3,4,UP,NONE,False,True,13,,,,False,False,False,0,INVALID_BELIEF
branch,4,1,2,1,-2,0,-4,4,UP,NONE,False,True,13,,,,False,False,False,0,INVALID_BELIEF
branch,4,1,2,1,6,0,4,4,UP,NONE,False,True,13,,,,False,False,False,0,INVALID_BELIEF
branch,4,1,2,2,-1,1,-3,4,UP,NONE,False,True,13,,,,False,False,False,0,INVALID_BELIEF
branch,4,1,2,2,5,1,3,4,UP,RIGHT,True,True,13,14,1,0.07692307692307693,True,False,False,0,COLLISION
branch,4,1,2,3,0,2,-2,4,UP,NONE,False,True,13,,,,False,False,False,0,INVALID_BELIEF
branch,4,1,2,3,4,2,2,4,UP,UP,True,False,13,13,0,0.0,False,False,True,0,ADEQUATE
branch,4,1,2,4,1,3,-1,4,UP,RIGHT,True,True,13,14,1,0.07692307692307693,True,False,False,0,COLLISION
branch,4,1,2,4,3,3,1,4,UP,RIGHT,True,True,13,14,1,0.07692307692307693,True,False,False,0,COLLISION
branch,4,1,2,5,2,4,0,4,UP,NONE,False,True,13,,,,False,False,False,0,INVALID_BELIEF
branch,4,7,2,3,2,-4,0,4,UP,NONE,False,True,7,,,,False,False,False,0,INVALID_BELIEF
branch,4,7,2,4,1,-3,-1,4,UP,RIGHT,True,True,7,8,1,0.14285714285714285,True,False,False,0,COLLISION
branch,4,7,2,4,3,-3,1,4,UP,RIGHT,True,True,7,8,1,0.14285714285714285,True,False,False,0,COLLISION
branch,4,7,2,5,0,-2,-2,4,UP,NONE,False,True,7,,,,False,False,False,0,INVALID_BELIEF
branch,4,7,2,5,4,-2,2,4,UP,DOWN,True,True,7,9,2,0.2857142857142857,False,False,False,0,INADEQUATE
branch,4,7,2,6,-1,-1,-3,4,UP,NONE,False,True,7,,,,False,False,False,0,INVALID_BELIEF
branch,4,7,2,6,5,-1,3,4,UP,RIGHT,True,True,7,8,1,0.14285714285714285,True,False,False,0,COLLISION
branch,4,7,2,7,-2,0,-4,4,UP,NONE,False,True,7,,,,False,False,False,0,INVALID_BELIEF
branch,4,7,2,7,6,0,4,4,UP,NONE,False,True,7,,,,False,False,False,0,INVALID_BELIEF
branch,4,7,2,8,-1,1,-3,4,UP,NONE,False,True,7,,,,False,False,False,0,INVALID_BELIEF
branch,4,7,2,8,5,1,3,4,UP,RIGHT,True,True,7,8,1,0.14285714285714285,True,False,False,0,COLLISION
branch,4,7,2,9,0,2,-2,4,UP,NONE,False,True,7,,,,False,False,False,0,INVALID_BELIEF
branch,4,7,2,9,4,2,2,4,UP,UP,True,False,7,7,0,0.0,False,False,True,0,ADEQUATE
branch,4,7,2,10,1,3,-1,4,UP,RIGHT,True,True,7,8,1,0.14285714285714285,True,False,False,0,COLLISION
branch,4,7,2,10,3,3,1,4,UP,RIGHT,True,True,7,8,1,0.14285714285714285,True,False,False,0,COLLISION
branch,4,7,2,11,2,4,0,4,UP,NONE,False,True,7,,,,False,False,False,0,INVALID_BELIEF
branch,4,13,2,9,2,-4,0,4,UP,NONE,False,True,1,,,,False,False,False,0,INVALID_BELIEF
branch,4,13,2,10,1,-3,-1,4,UP,RIGHT,True,True,1,2,1,1.0,True,False,False,0,COLLISION
branch,4,13,2,10,3,-3,1,4,UP,RIGHT,True,True,1,2,1,1.0,True,False,False,0,COLLISION
branch,4,13,2,11,0,-2,-2,4,UP,NONE,False,True,1,,,,False,False,False,0,INVALID_BELIEF
branch,4,13,2,11,4,-2,2,4,UP,NONE,False,True,1,,,,False,False,False,0,INVALID_BELIEF
branch,4,13,2,12,-1,-1,-3,4,UP,NONE,False,True,1,,,,False,False,False,0,INVALID_BELIEF
branch,4,13,2,12,5,-1,3,4,UP,RIGHT,True,True,1,2,1,1.0,True,False,False,0,COLLISION
branch,4,13,2,13,-2,0,-4,4,UP,NONE,False,True,1,,,,False,False,False,0,INVALID_BELIEF
branch,4,13,2,13,6,0,4,4,UP,NONE,False,True,1,,,,False,False,False,0,INVALID_BELIEF
branch,4,13,2,14,-1,1,-3,4,UP,NONE,False,True,1,,,,False,False,False,0,INVALID_BELIEF
branch,4,13,2,14,5,1,3,4,UP,NONE,False,True,1,,,,False,False,False,0,INVALID_BELIEF
branch,4,13,2,15,0,2,-2,4,UP,NONE,False,True,1,,,,False,False,False,0,INVALID_BELIEF
branch,4,13,2,15,4,2,2,4,UP,NONE,False,True,1,,,,False,False,False,0,INVALID_BELIEF
branch,4,13,2,16,1,3,-1,4,UP,NONE,False,True,1,,,,False,False,False,0,INVALID_BELIEF
branch,4,13,2,16,3,3,1,4,UP,NONE,False,True,1,,,,False,False,False,0,INVALID_BELIEF
branch,4,13,2,17,2,4,0,4,UP,NONE,False,True,1,,,,False,False,False,0,INVALID_BELIEF
branch,4,1,3,-3,3,-4,0,4,UP,NONE,False,True,14,,,,False,False,False,0,INVALID_BELIEF
branch,4,1,3,-2,2,-3,-1,4,UP,NONE,False,True,14,,,,False,False,False,0,INVALID_BELIEF
branch,4,1,3,-2,4,-3,1,4,UP,NONE,False,True,14,,,,False,False,False,0,INVALID_BELIEF
branch,4,1,3,-1,1,-2,-2,4,UP,NONE,False,True,14,,,,False,False,False,0,INVALID_BELIEF
branch,4,1,3,-1,5,-2,2,4,UP,NONE,False,True,14,,,,False,False,False,0,INVALID_BELIEF
branch,4,1,3,0,0,-1,-3,4,UP,NONE,False,True,14,,,,False,False,False,0,INVALID_BELIEF
branch,4,1,3,0,6,-1,3,4,UP,NONE,False,True,14,,,,False,False,False,0,INVALID_BELIEF
branch,4,1,3,1,-1,0,-4,4,UP,NONE,False,True,14,,,,False,False,False,0,INVALID_BELIEF
branch,4,1,3,1,7,0,4,4,UP,NONE,False,True,14,,,,False,False,False,0,INVALID_BELIEF
branch,4,1,3,2,0,1,-3,4,UP,NONE,False,True,14,,,,False,False,False,0,INVALID_BELIEF
branch,4,1,3,2,6,1,3,4,UP,NONE,False,True,14,,,,False,False,False,0,INVALID_BELIEF
branch,4,1,3,3,1,2,-2,4,UP,RIGHT,True,True,14,16,2,0.14285714285714285,False,False,False,0,INADEQUATE
branch,4,1,3,3,5,2,2,4,UP,UP,True,False,14,14,0,0.0,False,False,True,0,ADEQUATE
branch,4,1,3,4,2,3,-1,4,UP,NONE,False,True,14,,,,False,False,False,0,INVALID_BELIEF
branch,4,1,3,4,4,3,1,4,UP,NONE,False,True,14,,,,False,False,False,0,INVALID_BELIEF
branch,4,1,3,5,3,4,0,4,UP,DOWN,True,True,14,15,1,0.07142857142857142,True,False,False,0,COLLISION
branch,4,2,3,-2,3,-4,0,4,LEFT,NONE,False,True,15,,,,False,False,False,0,INVALID_BELIEF
branch,4,2,3,-1,2,-3,-1,4,LEFT,NONE,False,True,15,,,,False,False,False,0,INVALID_BELIEF
branch,4,2,3,-1,4,-3,1,4,LEFT,NONE,False,True,15,,,,False,False,False,0,INVALID_BELIEF
branch,4,2,3,0,1,-2,-2,4,LEFT,NONE,False,True,15,,,,False,False,False,0,INVALID_BELIEF
branch,4,2,3,0,5,-2,2,4,LEFT,NONE,False,True,15,,,,False,False,False,0,INVALID_BELIEF
branch,4,2,3,1,0,-1,-3,4,LEFT,NONE,False,True,15,,,,False,False,False,0,INVALID_BELIEF
branch,4,2,3,1,6,-1,3,4,LEFT,NONE,False,True,15,,,,False,False,False,0,INVALID_BELIEF
branch,4,2,3,2,-1,0,-4,4,LEFT,NONE,False,True,15,,,,False,False,False,0,INVALID_BELIEF
branch,4,2,3,2,7,0,4,4,LEFT,NONE,False,True,15,,,,False,False,False,0,INVALID_BELIEF
branch,4,2,3,3,0,1,-3,4,LEFT,NONE,False,True,15,,,,False,False,False,0,INVALID_BELIEF
branch,4,2,3,3,6,1,3,4,LEFT,NONE,False,True,15,,,,False,False,False,0,INVALID_BELIEF
branch,4,2,3,4,1,2,-2,4,LEFT,RIGHT,True,True,15,17,2,0.13333333333333333,False,False,False,0,INADEQUATE
branch,4,2,3,4,5,2,2,4,LEFT,NONE,False,True,15,,,,False,False,False,0,INVALID_BELIEF
branch,4,2,3,5,2,3,-1,4,LEFT,NONE,False,True,15,,,,False,False,False,0,INVALID_BELIEF
branch,4,2,3,5,4,3,1,4,LEFT,DOWN,True,True,15,16,1,0.06666666666666667,True,False,False,0,COLLISION
branch,4,2,3,6,3,4,0,4,LEFT,NONE,False,True,15,,,,False,False,False,0,INVALID_BELIEF
branch,4,3,3,-1,3,-4,0,4,LEFT,NONE,False,True,16,,,,False,False,False,0,INVALID_BELIEF
branch,4,3,3,0,2,-3,-1,4,LEFT,NONE,False,True,16,,,,False,False,False,0,INVALID_BELIEF
branch,4,3,3,0,4,-3,1,4,LEFT,NONE,False,True,16,,,,False,False,False,0,INVALID_BELIEF
branch,4,3,3,1,1,-2,-2,4,LEFT,RIGHT,True,True,16,16,0,0.0,False,False,True,0,ADEQUATE
branch,4,3,3,1,5,-2,2,4,LEFT,RIGHT,True,True,16,16,0,0.0,False,False,True,0,ADEQUATE
branch,4,3,3,2,0,-1,-3,4,LEFT,NONE,False,True,16,,,,False,False,False,0,INVALID_BELIEF
branch,4,3,3,2,6,-1,3,4,LEFT,NONE,False,True,16,,,,False,False,False,0,INVALID_BELIEF
branch,4,3,3,3,-1,0,-4,4,LEFT,NONE,False,True,16,,,,False,False,False,0,INVALID_BELIEF
branch,4,3,3,3,7,0,4,4,LEFT,NONE,False,True,16,,,,False,False,False,0,INVALID_BELIEF
branch,4,3,3,4,0,1,-3,4,LEFT,NONE,False,True,16,,,,False,False,False,0,INVALID_BELIEF
branch,4,3,3,4,6,1,3,4,LEFT,NONE,False,True,16,,,,False,False,False,0,INVALID_BELIEF
branch,4,3,3,5,1,2,-2,4,LEFT,RIGHT,True,True,16,16,0,0.0,False,False,True,0,ADEQUATE
branch,4,3,3,5,5,2,2,4,LEFT,RIGHT,True,True,16,16,0,0.0,False,False,True,0,ADEQUATE
branch,4,3,3,6,2,3,-1,4,LEFT,NONE,False,True,16,,,,False,False,False,0,INVALID_BELIEF
branch,4,3,3,6,4,3,1,4,LEFT,NONE,False,True,16,,,,False,False,False,0,INVALID_BELIEF
branch,4,3,3,7,3,4,0,4,LEFT,UP,True,True,16,17,1,0.0625,True,False,False,0,COLLISION
branch,4,4,3,0,3,-4,0,4,RIGHT,NONE,False,True,15,,,,False,False,False,0,INVALID_BELIEF
branch,4,4,3,1,2,-3,-1,4,RIGHT,UP,True,True,15,16,1,0.06666666666666667,True,False,False,0,COLLISION
branch,4,4,3,1,4,-3,1,4,RIGHT,NONE,False,True,15,,,,False,False,False,0,INVALID_BELIEF
branch,4,4,3,2,1,-2,-2,4,RIGHT,RIGHT,True,False,15,15,0,0.0,False,False,True,0,ADEQUATE
branch,4,4,3,2,5,-2,2,4,RIGHT,RIGHT,True,False,15,15,0,0.0,False,False,True,0,ADEQUATE
branch,4,4,3,3,0,-1,-3,4,RIGHT,NONE,False,True,15,,,,False,False,False,0,INVALID_BELIEF
branch,4,4,3,3,6,-1,3,4,RIGHT,NONE,False,True,15,,,,False,False,False,0,INVALID_BELIEF
branch,4,4,3,4,-1,0,-4,4,RIGHT,NONE,False,True,15,,,,False,False,False,0,INVALID_BELIEF
branch,4,4,3,4,7,0,4,4,RIGHT,NONE,False,True,15,,,,False,False,False,0,INVALID_BELIEF
branch,4,4,3,5,0,1,-3,4,RIGHT,NONE,False,True,15,,,,False,False,False,0,INVALID_BELIEF
branch,4,4,3,5,6,1,3,4,RIGHT,NONE,False,True,15,,,,False,False,False,0,INVALID_BELIEF
branch,4,4,3,6,1,2,-2,4,RIGHT,RIGHT,True,False,15,15,0,0.0,False,False,True,0,ADEQUATE
branch,4,4,3,6,5,2,2,4,RIGHT,RIGHT,True,False,15,15,0,0.0,False,False,True,0,ADEQUATE
branch,4,4,3,7,2,3,-1,4,RIGHT,UP,True,True,15,16,1,0.06666666666666667,True,False,False,0,COLLISION
branch,4,4,3,7,4,3,1,4,RIGHT,UP,True,True,15,16,1,0.06666666666666667,True,False,False,0,COLLISION
branch,4,4,3,8,3,4,0,4,RIGHT,NONE,False,True,15,,,,False,False,False,0,INVALID_BELIEF
branch,4,5,3,1,3,-4,0,4,DOWN,UP,True,True,14,15,1,0.07142857142857142,True,False,False,0,COLLISION
branch,4,5,3,2,2,-3,-1,4,DOWN,NONE,False,True,14,,,,False,False,False,0,INVALID_BELIEF
branch,4,5,3,2,4,-3,1,4,DOWN,NONE,False,True,14,,,,False,False,False,0,INVALID_BELIEF
branch,4,5,3,3,1,-2,-2,4,DOWN,RIGHT,True,True,14,15,1,0.07142857142857142,True,False,False,0,COLLISION
branch,4,5,3,3,5,-2,2,4,DOWN,UP,True,True,14,15,1,0.07142857142857142,True,False,False,0,COLLISION
branch,4,5,3,4,0,-1,-3,4,DOWN,NONE,False,True,14,,,,False,False,False,0,INVALID_BELIEF
branch,4,5,3,4,6,-1,3,4,DOWN,NONE,False,True,14,,,,False,False,False,0,INVALID_BELIEF
branch,4,5,3,5,-1,0,-4,4,DOWN,NONE,False,True,14,,,,False,False,False,0,INVALID_BELIEF
branch,4,5,3,5,7,0,4,4,DOWN,NONE,False,True,14,,,,False,False,False,0,INVALID_BELIEF
branch,4,5,3,6,0,1,-3,4,DOWN,NONE,False,True,14,,,,False,False,False,0,INVALID_BELIEF
branch,4,5,3,6,6,1,3,4,DOWN,NONE,False,True,14,,,,False,False,False,0,INVALID_BELIEF
branch,4,5,3,7,1,2,-2,4,DOWN,RIGHT,True,True,14,15,1,0.07142857142857142,True,False,False,0,COLLISION
branch,4,5,3,7,5,2,2,4,DOWN,UP,True,True,14,15,1,0.07142857142857142,True,False,False,0,COLLISION
branch,4,5,3,8,2,3,-1,4,DOWN,NONE,False,True,14,,,,False,False,False,0,INVALID_BELIEF
branch,4,5,3,8,4,3,1,4,DOWN,NONE,False,True,14,,,,False,False,False,0,INVALID_BELIEF
branch,4,5,3,9,3,4,0,4,DOWN,RIGHT,True,True,14,15,1,0.07142857142857142,True,False,False,0,COLLISION
branch,4,7,3,3,3,-4,0,4,UP,LEFT,True,True,8,9,1,0.125,True,False,False,0,COLLISION
branch,4,7,3,4,2,-3,-1,4,UP,NONE,False,True,8,,,,False,False,False,0,INVALID_BELIEF
branch,4,7,3,4,4,-3,1,4,UP,NONE,False,True,8,,,,False,False,False,0,INVALID_BELIEF
branch,4,7,3,5,1,-2,-2,4,UP,RIGHT,True,True,8,9,1,0.125,True,False,False,0,COLLISION
branch,4,7,3,5,5,-2,2,4,UP,RIGHT,True,True,8,9,1,0.125,True,False,False,0,COLLISION
branch,4,7,3,6,0,-1,-3,4,UP,NONE,False,True,8,,,,False,False,False,0,INVALID_BELIEF
branch,4,7,3,6,6,-1,3,4,UP,NONE,False,True,8,,,,False,False,False,0,INVALID_BELIEF
branch,4,7,3,7,-1,0,-4,4,UP,NONE,False,True,8,,,,False,False,False,0,INVALID_BELIEF
branch,4,7,3,7,7,0,4,4,UP,NONE,False,True,8,,,,False,False,False,0,INVALID_BELIEF
branch,4,7,3,8,0,1,-3,4,UP,NONE,False,True,8,,,,False,False,False,0,INVALID_BELIEF
branch,4,7,3,8,6,1,3,4,UP,NONE,False,True,8,,,,False,False,False,0,INVALID_BELIEF
branch,4,7,3,9,1,2,-2,4,UP,RIGHT,True,True,8,9,1,0.125,True,False,False,0,COLLISION
branch,4,7,3,9,5,2,2,4,UP,UP,True,False,8,8,0,0.0,False,False,True,0,ADEQUATE
branch,4,7,3,10,2,3,-1,4,UP,NONE,False,True,8,,,,False,False,False,0,INVALID_BELIEF
branch,4,7,3,10,4,3,1,4,UP,NONE,False,True,8,,,,False,False,False,0,INVALID_BELIEF
branch,4,7,3,11,3,4,0,4,UP,RIGHT,True,True,8,9,1,0.125,True,False,False,0,COLLISION
branch,4,9,3,5,3,-4,0,4,RIGHT,DOWN,True,True,6,8,2,0.3333333333333333,False,False,False,0,INADEQUATE
branch,4,9,3,6,2,-3,-1,4,RIGHT,NONE,False,True,6,,,,False,False,False,0,INVALID_BELIEF
branch,4,9,3,6,4,-3,1,4,RIGHT,NONE,False,True,6,,,,False,False,False,0,INVALID_BELIEF
branch,4,9,3,7,1,-2,-2,4,RIGHT,RIGHT,True,False,6,6,0,0.0,False,False,True,0,ADEQUATE
branch,4,9,3,7,5,-2,2,4,RIGHT,UP,True,True,6,7,1,0.16666666666666666,True,False,False,0,COLLISION
branch,4,9,3,8,0,-1,-3,4,RIGHT,NONE,False,True,6,,,,False,False,False,0,INVALID_BELIEF
branch,4,9,3,8,6,-1,3,4,RIGHT,NONE,False,True,6,,,,False,False,False,0,INVALID_BELIEF
branch,4,9,3,9,-1,0,-4,4,RIGHT,NONE,False,True,6,,,,False,False,False,0,INVALID_BELIEF
branch,4,9,3,9,7,0,4,4,RIGHT,NONE,False,True,6,,,,False,False,False,0,INVALID_BELIEF
branch,4,9,3,10,0,1,-3,4,RIGHT,NONE,False,True,6,,,,False,False,False,0,INVALID_BELIEF
branch,4,9,3,10,6,1,3,4,RIGHT,NONE,False,True,6,,,,False,False,False,0,INVALID_BELIEF
branch,4,9,3,11,1,2,-2,4,RIGHT,RIGHT,True,False,6,6,0,0.0,False,False,True,0,ADEQUATE
branch,4,9,3,11,5,2,2,4,RIGHT,RIGHT,True,False,6,6,0,0.0,False,False,True,0,ADEQUATE
branch,4,9,3,12,2,3,-1,4,RIGHT,NONE,False,True,6,,,,False,False,False,0,INVALID_BELIEF
branch,4,9,3,12,4,3,1,4,RIGHT,NONE,False,True,6,,,,False,False,False,0,INVALID_BELIEF
branch,4,9,3,13,3,4,0,4,RIGHT,UP,True,True,6,7,1,0.16666666666666666,True,False,False,0,COLLISION
branch,4,10,3,6,3,-4,0,4,RIGHT,NONE,False,True,5,,,,False,False,False,0,INVALID_BELIEF
branch,4,10,3,7,2,-3,-1,4,RIGHT,UP,True,True,5,6,1,0.2,True,False,False,0,COLLISION
branch,4,10,3,7,4,-3,1,4,RIGHT,UP,True,True,5,6,1,0.2,True,False,False,0,COLLISION
branch,4,10,3,8,1,-2,-2,4,RIGHT,RIGHT,True,False,5,5,0,0.0,False,False,True,0,ADEQUATE
branch,4,10,3,8,5,-2,2,4,RIGHT,RIGHT,True,False,5,5,0,0.0,False,False,True,0,ADEQUATE
branch,4,10,3,9,0,-1,-3,4,RIGHT,NONE,False,True,5,,,,False,False,False,0,INVALID_BELIEF
branch,4,10,3,9,6,-1,3,4,RIGHT,NONE,False,True,5,,,,False,False,False,0,INVALID_BELIEF
branch,4,10,3,10,-1,0,-4,4,RIGHT,NONE,False,True,5,,,,False,False,False,0,INVALID_BELIEF
branch,4,10,3,10,7,0,4,4,RIGHT,NONE,False,True,5,,,,False,False,False,0,INVALID_BELIEF
branch,4,10,3,11,0,1,-3,4,RIGHT,NONE,False,True,5,,,,False,False,False,0,INVALID_BELIEF
branch,4,10,3,11,6,1,3,4,RIGHT,NONE,False,True,5,,,,False,False,False,0,INVALID_BELIEF
branch,4,10,3,12,1,2,-2,4,RIGHT,RIGHT,True,False,5,5,0,0.0,False,False,True,0,ADEQUATE
branch,4,10,3,12,5,2,2,4,RIGHT,RIGHT,True,False,5,5,0,0.0,False,False,True,0,ADEQUATE
branch,4,10,3,13,2,3,-1,4,RIGHT,UP,True,True,5,6,1,0.2,True,False,False,0,COLLISION
branch,4,10,3,13,4,3,1,4,RIGHT,UP,True,True,5,6,1,0.2,True,False,False,0,COLLISION
branch,4,10,3,14,3,4,0,4,RIGHT,NONE,False,True,5,,,,False,False,False,0,INVALID_BELIEF
branch,4,11,3,7,3,-4,0,4,RIGHT,UP,True,True,4,5,1,0.25,True,False,False,0,COLLISION
branch,4,11,3,8,2,-3,-1,4,RIGHT,NONE,False,True,4,,,,False,False,False,0,INVALID_BELIEF
branch,4,11,3,8,4,-3,1,4,RIGHT,NONE,False,True,4,,,,False,False,False,0,INVALID_BELIEF
branch,4,11,3,9,1,-2,-2,4,RIGHT,RIGHT,True,False,4,4,0,0.0,False,False,True,0,ADEQUATE
branch,4,11,3,9,5,-2,2,4,RIGHT,UP,True,True,4,5,1,0.25,True,False,False,0,COLLISION
branch,4,11,3,10,0,-1,-3,4,RIGHT,NONE,False,True,4,,,,False,False,False,0,INVALID_BELIEF
branch,4,11,3,10,6,-1,3,4,RIGHT,NONE,False,True,4,,,,False,False,False,0,INVALID_BELIEF
branch,4,11,3,11,-1,0,-4,4,RIGHT,NONE,False,True,4,,,,False,False,False,0,INVALID_BELIEF
branch,4,11,3,11,7,0,4,4,RIGHT,NONE,False,True,4,,,,False,False,False,0,INVALID_BELIEF
branch,4,11,3,12,0,1,-3,4,RIGHT,NONE,False,True,4,,,,False,False,False,0,INVALID_BELIEF
branch,4,11,3,12,6,1,3,4,RIGHT,NONE,False,True,4,,,,False,False,False,0,INVALID_BELIEF
branch,4,11,3,13,1,2,-2,4,RIGHT,NONE,True,True,4,,,,False,True,False,0,FALSE_TERMINAL
branch,4,11,3,13,5,2,2,4,RIGHT,UP,True,True,4,5,1,0.25,True,False,False,0,COLLISION
branch,4,11,3,14,2,3,-1,4,RIGHT,NONE,False,True,4,,,,False,False,False,0,INVALID_BELIEF
branch,4,11,3,14,4,3,1,4,RIGHT,NONE,False,True,4,,,,False,False,False,0,INVALID_BELIEF
branch,4,11,3,15,3,4,0,4,RIGHT,NONE,False,True,4,,,,False,False,False,0,INVALID_BELIEF
branch,4,12,3,8,3,-4,0,4,RIGHT,NONE,False,True,3,,,,False,False,False,0,INVALID_BELIEF
branch,4,12,3,9,2,-3,-1,4,RIGHT,NONE,False,True,3,,,,False,False,False,0,INVALID_BELIEF
branch,4,12,3,9,4,-3,1,4,RIGHT,UP,True,True,3,4,1,0.3333333333333333,True,False,False,0,COLLISION
branch,4,12,3,10,1,-2,-2,4,RIGHT,RIGHT,True,False,3,3,0,0.0,False,False,True,0,ADEQUATE
branch,4,12,3,10,5,-2,2,4,RIGHT,NONE,False,True,3,,,,False,False,False,0,INVALID_BELIEF
branch,4,12,3,11,0,-1,-3,4,RIGHT,NONE,False,True,3,,,,False,False,False,0,INVALID_BELIEF
branch,4,12,3,11,6,-1,3,4,RIGHT,NONE,False,True,3,,,,False,False,False,0,INVALID_BELIEF
branch,4,12,3,12,-1,0,-4,4,RIGHT,NONE,False,True,3,,,,False,False,False,0,INVALID_BELIEF
branch,4,12,3,12,7,0,4,4,RIGHT,NONE,False,True,3,,,,False,False,False,0,INVALID_BELIEF
branch,4,12,3,13,0,1,-3,4,RIGHT,NONE,False,True,3,,,,False,False,False,0,INVALID_BELIEF
branch,4,12,3,13,6,1,3,4,RIGHT,NONE,False,True,3,,,,False,False,False,0,INVALID_BELIEF
branch,4,12,3,14,1,2,-2,4,RIGHT,NONE,False,True,3,,,,False,False,False,0,INVALID_BELIEF
branch,4,12,3,14,5,2,2,4,RIGHT,NONE,False,True,3,,,,False,False,False,0,INVALID_BELIEF
branch,4,12,3,15,2,3,-1,4,RIGHT,NONE,False,True,3,,,,False,False,False,0,INVALID_BELIEF
branch,4,12,3,15,4,3,1,4,RIGHT,NONE,False,True,3,,,,False,False,False,0,INVALID_BELIEF
branch,4,12,3,16,3,4,0,4,RIGHT,NONE,False,True,3,,,,False,False,False,0,INVALID_BELIEF
branch,4,13,3,9,3,-4,0,4,UP,RIGHT,True,True,2,3,1,0.5,True,False,False,0,COLLISION
branch,4,13,3,10,2,-3,-1,4,UP,NONE,False,True,2,,,,False,False,False,0,INVALID_BELIEF
branch,4,13,3,10,4,-3,1,4,UP,NONE,False,True,2,,,,False,False,False,0,INVALID_BELIEF
branch,4,13,3,11,1,-2,-2,4,UP,RIGHT,True,True,2,3,1,0.5,True,False,False,0,COLLISION
branch,4,13,3,11,5,-2,2,4,UP,RIGHT,True,True,2,3,1,0.5,True,False,False,0,COLLISION
branch,4,13,3,12,0,-1,-3,4,UP,NONE,False,True,2,,,,False,False,False,0,INVALID_BELIEF
branch,4,13,3,12,6,-1,3,4,UP,NONE,False,True,2,,,,False,False,False,0,INVALID_BELIEF
branch,4,13,3,13,-1,0,-4,4,UP,NONE,False,True,2,,,,False,False,False,0,INVALID_BELIEF
branch,4,13,3,13,7,0,4,4,UP,NONE,False,True,2,,,,False,False,False,0,INVALID_BELIEF
branch,4,13,3,14,0,1,-3,4,UP,NONE,False,True,2,,,,False,False,False,0,INVALID_BELIEF
branch,4,13,3,14,6,1,3,4,UP,NONE,False,True,2,,,,False,False,False,0,INVALID_BELIEF
branch,4,13,3,15,1,2,-2,4,UP,NONE,False,True,2,,,,False,False,False,0,INVALID_BELIEF
branch,4,13,3,15,5,2,2,4,UP,NONE,False,True,2,,,,False,False,False,0,INVALID_BELIEF
branch,4,13,3,16,2,3,-1,4,UP,NONE,False,True,2,,,,False,False,False,0,INVALID_BELIEF
branch,4,13,3,16,4,3,1,4,UP,NONE,False,True,2,,,,False,False,False,0,INVALID_BELIEF
branch,4,13,3,17,3,4,0,4,UP,NONE,False,True,2,,,,False,False,False,0,INVALID_BELIEF
branch,4,3,4,-1,4,-4,0,4,UP,NONE,False,True,17,,,,False,False,False,0,INVALID_BELIEF
branch,4,3,4,0,3,-3,-1,4,UP,NONE,False,True,17,,,,False,False,False,0,INVALID_BELIEF
branch,4,3,4,0,5,-3,1,4,UP,NONE,False,True,17,,,,False,False,False,0,INVALID_BELIEF
branch,4,3,4,1,2,-2,-2,4,UP,UP,True,False,17,17,0,0.0,False,False,True,0,ADEQUATE
branch,4,3,4,1,6,-2,2,4,UP,NONE,False,True,17,,,,False,False,False,0,INVALID_BELIEF
branch,4,3,4,2,1,-1,-3,4,UP,RIGHT,True,True,17,18,1,0.058823529411764705,True,False,False,0,COLLISION
branch,4,3,4,2,7,-1,3,4,UP,NONE,False,True,17,,,,False,False,False,0,INVALID_BELIEF
branch,4,3,4,3,0,0,-4,4,UP,NONE,False,True,17,,,,False,False,False,0,INVALID_BELIEF
branch,4,3,4,3,8,0,4,4,UP,NONE,False,True,17,,,,False,False,False,0,INVALID_BELIEF
branch,4,3,4,4,1,1,-3,4,UP,RIGHT,True,True,17,18,1,0.058823529411764705,True,False,False,0,COLLISION
branch,4,3,4,4,7,1,3,4,UP,NONE,False,True,17,,,,False,False,False,0,INVALID_BELIEF
branch,4,3,4,5,2,2,-2,4,UP,NONE,False,True,17,,,,False,False,False,0,INVALID_BELIEF
branch,4,3,4,5,6,2,2,4,UP,NONE,False,True,17,,,,False,False,False,0,INVALID_BELIEF
branch,4,3,4,6,3,3,-1,4,UP,NONE,False,True,17,,,,False,False,False,0,INVALID_BELIEF
branch,4,3,4,6,5,3,1,4,UP,RIGHT,True,True,17,18,1,0.058823529411764705,True,False,False,0,COLLISION
branch,4,3,4,7,4,4,0,4,UP,UP,True,False,17,17,0,0.0,False,False,True,0,ADEQUATE
branch,4,5,4,1,4,-4,0,4,DOWN,NONE,False,True,13,,,,False,False,False,0,INVALID_BELIEF
branch,4,5,4,2,3,-3,-1,4,DOWN,LEFT,True,True,13,14,1,0.07692307692307693,True,False,False,0,COLLISION
branch,4,5,4,2,5,-3,1,4,DOWN,RIGHT,True,True,13,14,1,0.07692307692307693,True,False,False,0,COLLISION
branch,4,5,4,3,2,-2,-2,4,DOWN,NONE,False,True,13,,,,False,False,False,0,INVALID_BELIEF
branch,4,5,4,3,6,-2,2,4,DOWN,NONE,False,True,13,,,,False,False,False,0,INVALID_BELIEF
branch,4,5,4,4,1,-1,-3,4,DOWN,RIGHT,True,True,13,14,1,0.07692307692307693,True,False,False,0,COLLISION
branch,4,5,4,4,7,-1,3,4,DOWN,NONE,False,True,13,,,,False,False,False,0,INVALID_BELIEF
branch,4,5,4,5,0,0,-4,4,DOWN,NONE,False,True,13,,,,False,False,False,0,INVALID_BELIEF
branch,4,5,4,5,8,0,4,4,DOWN,NONE,False,True,13,,,,False,False,False,0,INVALID_BELIEF
branch,4,5,4,6,1,1,-3,4,DOWN,RIGHT,True,True,13,14,1,0.07692307692307693,True,False,False,0,COLLISION
branch,4,5,4,6,7,1,3,4,DOWN,NONE,False,True,13,,,,False,False,False,0,INVALID_BELIEF
branch,4,5,4,7,2,2,-2,4,DOWN,UP,True,True,13,15,2,0.15384615384615385,False,False,False,0,INADEQUATE
branch,4,5,4,7,6,2,2,4,DOWN,NONE,False,True,13,,,,False,False,False,0,INVALID_BELIEF
branch,4,5,4,8,3,3,-1,4,DOWN,NONE,False,True,13,,,,False,False,False,0,INVALID_BELIEF
branch,4,5,4,8,5,3,1,4,DOWN,RIGHT,True,True,13,14,1,0.07692307692307693,True,False,False,0,COLLISION
branch,4,5,4,9,4,4,0,4,DOWN,UP,True,True,13,15,2,0.15384615384615385,False,False,False,0,INADEQUATE
branch,4,7,4,3,4,-4,0,4,UP,UP,True,False,9,9,0,0.0,False,False,True,0,ADEQUATE
branch,4,7,4,4,3,-3,-1,4,UP,RIGHT,True,True,9,10,1,0.1111111111111111,True,False,False,0,COLLISION
branch,4,7,4,4,5,-3,1,4,UP,NONE,False,True,9,,,,False,False,False,0,INVALID_BELIEF
branch,4,7,4,5,2,-2,-2,4,UP,NONE,False,True,9,,,,False,False,False,0,INVALID_BELIEF
branch,4,7,4,5,6,-2,2,4,UP,NONE,False,True,9,,,,False,False,False,0,INVALID_BELIEF
branch,4,7,4,6,1,-1,-3,4,UP,RIGHT,True,True,9,10,1,0.1111111111111111,True,False,False,0,COLLISION
branch,4,7,4,6,7,-1,3,4,UP,NONE,False,True,9,,,,False,False,False,0,INVALID_BELIEF
branch,4,7,4,7,0,0,-4,4,UP,NONE,False,True,9,,,,False,False,False,0,INVALID_BELIEF
branch,4,7,4,7,8,0,4,4,UP,NONE,False,True,9,,,,False,False,False,0,INVALID_BELIEF
branch,4,7,4,8,1,1,-3,4,UP,RIGHT,True,True,9,10,1,0.1111111111111111,True,False,False,0,COLLISION
branch,4,7,4,8,7,1,3,4,UP,NONE,False,True,9,,,,False,False,False,0,INVALID_BELIEF
branch,4,7,4,9,2,2,-2,4,UP,NONE,False,True,9,,,,False,False,False,0,INVALID_BELIEF
branch,4,7,4,9,6,2,2,4,UP,NONE,False,True,9,,,,False,False,False,0,INVALID_BELIEF
branch,4,7,4,10,3,3,-1,4,UP,RIGHT,True,True,9,10,1,0.1111111111111111,True,False,False,0,COLLISION
branch,4,7,4,10,5,3,1,4,UP,NONE,False,True,9,,,,False,False,False,0,INVALID_BELIEF
branch,4,7,4,11,4,4,0,4,UP,NONE,False,True,9,,,,False,False,False,0,INVALID_BELIEF
branch,4,9,4,5,4,-4,0,4,UP,DOWN,True,True,7,9,2,0.2857142857142857,False,False,False,0,INADEQUATE
branch,4,9,4,6,3,-3,-1,4,UP,NONE,False,True,7,,,,False,False,False,0,INVALID_BELIEF
branch,4,9,4,6,5,-3,1,4,UP,RIGHT,True,True,7,8,1,0.14285714285714285,True,False,False,0,COLLISION
branch,4,9,4,7,2,-2,-2,4,UP,UP,True,False,7,7,0,0.0,False,False,True,0,ADEQUATE
branch,4,9,4,7,6,-2,2,4,UP,NONE,False,True,7,,,,False,False,False,0,INVALID_BELIEF
branch,4,9,4,8,1,-1,-3,4,UP,RIGHT,True,True,7,8,1,0.14285714285714285,True,False,False,0,COLLISION
branch,4,9,4,8,7,-1,3,4,UP,NONE,False,True,7,,,,False,False,False,0,INVALID_BELIEF
branch,4,9,4,9,0,0,-4,4,UP,NONE,False,True,7,,,,False,False,False,0,INVALID_BELIEF
branch,4,9,4,9,8,0,4,4,UP,NONE,False,True,7,,,,False,False,False,0,INVALID_BELIEF
branch,4,9,4,10,1,1,-3,4,UP,RIGHT,True,True,7,8,1,0.14285714285714285,True,False,False,0,COLLISION
branch,4,9,4,10,7,1,3,4,UP,NONE,False,True,7,,,,False,False,False,0,INVALID_BELIEF
branch,4,9,4,11,2,2,-2,4,UP,NONE,False,True,7,,,,False,False,False,0,INVALID_BELIEF
branch,4,9,4,11,6,2,2,4,UP,NONE,False,True,7,,,,False,False,False,0,INVALID_BELIEF
branch,4,9,4,12,3,3,-1,4,UP,RIGHT,True,True,7,8,1,0.14285714285714285,True,False,False,0,COLLISION
branch,4,9,4,12,5,3,1,4,UP,RIGHT,True,True,7,8,1,0.14285714285714285,True,False,False,0,COLLISION
branch,4,9,4,13,4,4,0,4,UP,UP,True,False,7,7,0,0.0,False,False,True,0,ADEQUATE
branch,4,13,4,9,4,-4,0,4,UP,UP,True,False,3,3,0,0.0,False,False,True,0,ADEQUATE
branch,4,13,4,10,3,-3,-1,4,UP,RIGHT,True,True,3,4,1,0.3333333333333333,True,False,False,0,COLLISION
branch,4,13,4,10,5,-3,1,4,UP,NONE,False,True,3,,,,False,False,False,0,INVALID_BELIEF
branch,4,13,4,11,2,-2,-2,4,UP,NONE,False,True,3,,,,False,False,False,0,INVALID_BELIEF
branch,4,13,4,11,6,-2,2,4,UP,NONE,False,True,3,,,,False,False,False,0,INVALID_BELIEF
branch,4,13,4,12,1,-1,-3,4,UP,RIGHT,True,True,3,4,1,0.3333333333333333,True,False,False,0,COLLISION
branch,4,13,4,12,7,-1,3,4,UP,NONE,False,True,3,,,,False,False,False,0,INVALID_BELIEF
branch,4,13,4,13,0,0,-4,4,UP,NONE,False,True,3,,,,False,False,False,0,INVALID_BELIEF
branch,4,13,4,13,8,0,4,4,UP,NONE,False,True,3,,,,False,False,False,0,INVALID_BELIEF
branch,4,13,4,14,1,1,-3,4,UP,NONE,False,True,3,,,,False,False,False,0,INVALID_BELIEF
branch,4,13,4,14,7,1,3,4,UP,NONE,False,True,3,,,,False,False,False,0,INVALID_BELIEF
branch,4,13,4,15,2,2,-2,4,UP,NONE,False,True,3,,,,False,False,False,0,INVALID_BELIEF
branch,4,13,4,15,6,2,2,4,UP,NONE,False,True,3,,,,False,False,False,0,INVALID_BELIEF
branch,4,13,4,16,3,3,-1,4,UP,NONE,False,True,3,,,,False,False,False,0,INVALID_BELIEF
branch,4,13,4,16,5,3,1,4,UP,NONE,False,True,3,,,,False,False,False,0,INVALID_BELIEF
branch,4,13,4,17,4,4,0,4,UP,NONE,False,True,3,,,,False,False,False,0,INVALID_BELIEF
branch,4,1,5,-3,5,-4,0,4,RIGHT,NONE,False,True,20,,,,False,False,False,0,INVALID_BELIEF
branch,4,1,5,-2,4,-3,-1,4,RIGHT,NONE,False,True,20,,,,False,False,False,0,INVALID_BELIEF
branch,4,1,5,-2,6,-3,1,4,RIGHT,NONE,False,True,20,,,,False,False,False,0,INVALID_BELIEF
branch,4,1,5,-1,3,-2,-2,4,RIGHT,NONE,False,True,20,,,,False,False,False,0,INVALID_BELIEF
branch,4,1,5,-1,7,-2,2,4,RIGHT,NONE,False,True,20,,,,False,False,False,0,INVALID_BELIEF
branch,4,1,5,0,2,-1,-3,4,RIGHT,NONE,False,True,20,,,,False,False,False,0,INVALID_BELIEF
branch,4,1,5,0,8,-1,3,4,RIGHT,NONE,False,True,20,,,,False,False,False,0,INVALID_BELIEF
branch,4,1,5,1,1,0,-4,4,RIGHT,RIGHT,True,False,20,20,0,0.0,False,False,True,0,ADEQUATE
branch,4,1,5,1,9,0,4,4,RIGHT,NONE,False,True,20,,,,False,False,False,0,INVALID_BELIEF
branch,4,1,5,2,2,1,-3,4,RIGHT,NONE,False,True,20,,,,False,False,False,0,INVALID_BELIEF
branch,4,1,5,2,8,1,3,4,RIGHT,NONE,False,True,20,,,,False,False,False,0,INVALID_BELIEF
branch,4,1,5,3,3,2,-2,4,RIGHT,LEFT,True,True,20,21,1,0.05,True,False,False,0,COLLISION
branch,4,1,5,3,7,2,2,4,RIGHT,NONE,False,True,20,,,,False,False,False,0,INVALID_BELIEF
branch,4,1,5,4,4,3,-1,4,RIGHT,NONE,False,True,20,,,,False,False,False,0,INVALID_BELIEF
branch,4,1,5,4,6,3,1,4,RIGHT,NONE,False,True,20,,,,False,False,False,0,INVALID_BELIEF
branch,4,1,5,5,5,4,0,4,RIGHT,RIGHT,True,False,20,20,0,0.0,False,False,True,0,ADEQUATE
branch,4,2,5,-2,5,-4,0,4,RIGHT,NONE,False,True,19,,,,False,False,False,0,INVALID_BELIEF
branch,4,2,5,-1,4,-3,-1,4,RIGHT,NONE,False,True,19,,,,False,False,False,0,INVALID_BELIEF
branch,4,2,5,-1,6,-3,1,4,RIGHT,NONE,False,True,19,,,,False,False,False,0,INVALID_BELIEF
branch,4,2,5,0,3,-2,-2,4,RIGHT,NONE,False,True,19,,,,False,False,False,0,INVALID_BELIEF
branch,4,2,5,0,7,-2,2,4,RIGHT,NONE,False,True,19,,,,False,False,False,0,INVALID_BELIEF
branch,4,2,5,1,2,-1,-3,4,RIGHT,UP,True,True,19,20,1,0.05263157894736842,True,False,False,0,COLLISION
branch,4,2,5,1,8,-1,3,4,RIGHT,NONE,False,True,19,,,,False,False,False,0,INVALID_BELIEF
branch,4,2,5,2,1,0,-4,4,RIGHT,RIGHT,True,False,19,19,0,0.0,False,False,True,0,ADEQUATE
branch,4,2,5,2,9,0,4,4,RIGHT,NONE,False,True,19,,,,False,False,False,0,INVALID_BELIEF
branch,4,2,5,3,2,1,-3,4,RIGHT,NONE,False,True,19,,,,False,False,False,0,INVALID_BELIEF
branch,4,2,5,3,8,1,3,4,RIGHT,NONE,False,True,19,,,,False,False,False,0,INVALID_BELIEF
branch,4,2,5,4,3,2,-2,4,RIGHT,RIGHT,True,False,19,19,0,0.0,False,False,True,0,ADEQUATE
branch,4,2,5,4,7,2,2,4,RIGHT,NONE,False,True,19,,,,False,False,False,0,INVALID_BELIEF
branch,4,2,5,5,4,3,-1,4,RIGHT,DOWN,True,True,19,20,1,0.05263157894736842,True,False,False,0,COLLISION
branch,4,2,5,5,6,3,1,4,RIGHT,NONE,False,True,19,,,,False,False,False,0,INVALID_BELIEF
branch,4,2,5,6,5,4,0,4,RIGHT,RIGHT,True,False,19,19,0,0.0,False,False,True,0,ADEQUATE
branch,4,3,5,-1,5,-4,0,4,UP,NONE,False,True,18,,,,False,False,False,0,INVALID_BELIEF
branch,4,3,5,0,4,-3,-1,4,UP,NONE,False,True,18,,,,False,False,False,0,INVALID_BELIEF
branch,4,3,5,0,6,-3,1,4,UP,NONE,False,True,18,,,,False,False,False,0,INVALID_BELIEF
branch,4,3,5,1,3,-2,-2,4,UP,UP,True,False,18,18,0,0.0,False,False,True,0,ADEQUATE
branch,4,3,5,1,7,-2,2,4,UP,NONE,False,True,18,,,,False,False,False,0,INVALID_BELIEF
branch,4,3,5,2,2,-1,-3,4,UP,NONE,False,True,18,,,,False,False,False,0,INVALID_BELIEF
branch,4,3,5,2,8,-1,3,4,UP,NONE,False,True,18,,,,False,False,False,0,INVALID_BELIEF
branch,4,3,5,3,1,0,-4,4,UP,RIGHT,True,True,18,19,1,0.05555555555555555,True,False,False,0,COLLISION
branch,4,3,5,3,9,0,4,4,UP,NONE,False,True,18,,,,False,False,False,0,INVALID_BELIEF
branch,4,3,5,4,2,1,-3,4,UP,NONE,False,True,18,,,,False,False,False,0,INVALID_BELIEF
branch,4,3,5,4,8,1,3,4,UP,NONE,False,True,18,,,,False,False,False,0,INVALID_BELIEF
branch,4,3,5,5,3,2,-2,4,UP,DOWN,True,True,18,19,1,0.05555555555555555,True,False,False,0,COLLISION
branch,4,3,5,5,7,2,2,4,UP,NONE,False,True,18,,,,False,False,False,0,INVALID_BELIEF
branch,4,3,5,6,4,3,-1,4,UP,NONE,False,True,18,,,,False,False,False,0,INVALID_BELIEF
branch,4,3,5,6,6,3,1,4,UP,NONE,False,True,18,,,,False,False,False,0,INVALID_BELIEF
branch,4,3,5,7,5,4,0,4,UP,UP,True,False,18,18,0,0.0,False,False,True,0,ADEQUATE
branch,4,5,5,1,5,-4,0,4,RIGHT,RIGHT,True,False,12,12,0,0.0,False,False,True,0,ADEQUATE
branch,4,5,5,2,4,-3,-1,4,RIGHT,NONE,False,True,12,,,,False,False,False,0,INVALID_BELIEF
branch,4,5,5,2,6,-3,1,4,RIGHT,NONE,False,True,12,,,,False,False,False,0,INVALID_BELIEF
branch,4,5,5,3,3,-2,-2,4,RIGHT,LEFT,True,True,12,13,1,0.08333333333333333,True,False,False,0,COLLISION
branch,4,5,5,3,7,-2,2,4,RIGHT,NONE,False,True,12,,,,False,False,False,0,INVALID_BELIEF
branch,4,5,5,4,2,-1,-3,4,RIGHT,NONE,False,True,12,,,,False,False,False,0,INVALID_BELIEF
branch,4,5,5,4,8,-1,3,4,RIGHT,NONE,False,True,12,,,,False,False,False,0,INVALID_BELIEF
branch,4,5,5,5,1,0,-4,4,RIGHT,RIGHT,True,False,12,12,0,0.0,False,False,True,0,ADEQUATE
branch,4,5,5,5,9,0,4,4,RIGHT,NONE,False,True,12,,,,False,False,False,0,INVALID_BELIEF
branch,4,5,5,6,2,1,-3,4,RIGHT,NONE,False,True,12,,,,False,False,False,0,INVALID_BELIEF
branch,4,5,5,6,8,1,3,4,RIGHT,NONE,False,True,12,,,,False,False,False,0,INVALID_BELIEF
branch,4,5,5,7,3,2,-2,4,RIGHT,UP,True,True,12,14,2,0.16666666666666666,False,False,False,0,INADEQUATE
branch,4,5,5,7,7,2,2,4,RIGHT,NONE,False,True,12,,,,False,False,False,0,INVALID_BELIEF
branch,4,5,5,8,4,3,-1,4,RIGHT,NONE,False,True,12,,,,False,False,False,0,INVALID_BELIEF
branch,4,5,5,8,6,3,1,4,RIGHT,NONE,False,True,12,,,,False,False,False,0,INVALID_BELIEF
branch,4,5,5,9,5,4,0,4,RIGHT,UP,True,True,12,14,2,0.16666666666666666,False,False,False,0,INADEQUATE
branch,4,6,5,2,5,-4,0,4,RIGHT,RIGHT,True,False,11,11,0,0.0,False,False,True,0,ADEQUATE
branch,4,6,5,3,4,-3,-1,4,RIGHT,UP,True,True,11,12,1,0.09090909090909091,True,False,False,0,COLLISION
branch,4,6,5,3,6,-3,1,4,RIGHT,NONE,False,True,11,,,,False,False,False,0,INVALID_BELIEF
branch,4,6,5,4,3,-2,-2,4,RIGHT,RIGHT,True,False,11,11,0,0.0,False,False,True,0,ADEQUATE
branch,4,6,5,4,7,-2,2,4,RIGHT,NONE,False,True,11,,,,False,False,False,0,INVALID_BELIEF
branch,4,6,5,5,2,-1,-3,4,RIGHT,NONE,False,True,11,,,,False,False,False,0,INVALID_BELIEF
branch,4,6,5,5,8,-1,3,4,RIGHT,NONE,False,True,11,,,,False,False,False,0,INVALID_BELIEF
branch,4,6,5,6,1,0,-4,4,RIGHT,RIGHT,True,False,11,11,0,0.0,False,False,True,0,ADEQUATE
branch,4,6,5,6,9,0,4,4,RIGHT,NONE,False,True,11,,,,False,False,False,0,INVALID_BELIEF
branch,4,6,5,7,2,1,-3,4,RIGHT,UP,True,True,11,12,1,0.09090909090909091,True,False,False,0,COLLISION
branch,4,6,5,7,8,1,3,4,RIGHT,NONE,False,True,11,,,,False,False,False,0,INVALID_BELIEF
branch,4,6,5,8,3,2,-2,4,RIGHT,NONE,False,True,11,,,,False,False,False,0,INVALID_BELIEF
branch,4,6,5,8,7,2,2,4,RIGHT,NONE,False,True,11,,,,False,False,False,0,INVALID_BELIEF
branch,4,6,5,9,4,3,-1,4,RIGHT,UP,True,True,11,12,1,0.09090909090909091,True,False,False,0,COLLISION
branch,4,6,5,9,6,3,1,4,RIGHT,NONE,False,True,11,,,,False,False,False,0,INVALID_BELIEF
branch,4,6,5,10,5,4,0,4,RIGHT,NONE,False,True,11,,,,False,False,False,0,INVALID_BELIEF
branch,4,7,5,3,5,-4,0,4,UP,UP,True,False,10,10,0,0.0,False,False,True,0,ADEQUATE
branch,4,7,5,4,4,-3,-1,4,UP,NONE,False,True,10,,,,False,False,False,0,INVALID_BELIEF
branch,4,7,5,4,6,-3,1,4,UP,NONE,False,True,10,,,,False,False,False,0,INVALID_BELIEF
branch,4,7,5,5,3,-2,-2,4,UP,DOWN,True,True,10,11,1,0.1,True,False,False,0,COLLISION
branch,4,7,5,5,7,-2,2,4,UP,NONE,False,True,10,,,,False,False,False,0,INVALID_BELIEF
branch,4,7,5,6,2,-1,-3,4,UP,NONE,False,True,10,,,,False,False,False,0,INVALID_BELIEF
branch,4,7,5,6,8,-1,3,4,UP,NONE,False,True,10,,,,False,False,False,0,INVALID_BELIEF
branch,4,7,5,7,1,0,-4,4,UP,RIGHT,True,True,10,10,0,0.0,False,False,True,0,ADEQUATE
branch,4,7,5,7,9,0,4,4,UP,NONE,False,True,10,,,,False,False,False,0,INVALID_BELIEF
branch,4,7,5,8,2,1,-3,4,UP,NONE,False,True,10,,,,False,False,False,0,INVALID_BELIEF
branch,4,7,5,8,8,1,3,4,UP,NONE,False,True,10,,,,False,False,False,0,INVALID_BELIEF
branch,4,7,5,9,3,2,-2,4,UP,RIGHT,True,True,10,10,0,0.0,False,False,True,0,ADEQUATE
branch,4,7,5,9,7,2,2,4,UP,NONE,False,True,10,,,,False,False,False,0,INVALID_BELIEF
branch,4,7,5,10,4,3,-1,4,UP,NONE,False,True,10,,,,False,False,False,0,INVALID_BELIEF
branch,4,7,5,10,6,3,1,4,UP,NONE,False,True,10,,,,False,False,False,0,INVALID_BELIEF
branch,4,7,5,11,5,4,0,4,UP,RIGHT,True,True,10,10,0,0.0,False,False,True,0,ADEQUATE
branch,4,8,5,4,5,-4,0,4,RIGHT,NONE,False,True,9,,,,False,False,False,0,INVALID_BELIEF
branch,4,8,5,5,4,-3,-1,4,RIGHT,DOWN,True,True,9,10,1,0.1111111111111111,True,False,False,0,COLLISION
branch,4,8,5,5,6,-3,1,4,RIGHT,NONE,False,True,9,,,,False,False,False,0,INVALID_BELIEF
branch,4,8,5,6,3,-2,-2,4,RIGHT,NONE,False,True,9,,,,False,False,False,0,INVALID_BELIEF
branch,4,8,5,6,7,-2,2,4,RIGHT,NONE,False,True,9,,,,False,False,False,0,INVALID_BELIEF
branch,4,8,5,7,2,-1,-3,4,RIGHT,UP,True,True,9,10,1,0.1111111111111111,True,False,False,0,COLLISION
branch,4,8,5,7,8,-1,3,4,RIGHT,NONE,False,True,9,,,,False,False,False,0,INVALID_BELIEF
branch,4,8,5,8,1,0,-4,4,RIGHT,RIGHT,True,False,9,9,0,0.0,False,False,True,0,ADEQUATE
branch,4,8,5,8,9,0,4,4,RIGHT,NONE,False,True,9,,,,False,False,False,0,INVALID_BELIEF
branch,4,8,5,9,2,1,-3,4,RIGHT,NONE,False,True,9,,,,False,False,False,0,INVALID_BELIEF
branch,4,8,5,9,8,1,3,4,RIGHT,NONE,False,True,9,,,,False,False,False,0,INVALID_BELIEF
branch,4,8,5,10,3,2,-2,4,RIGHT,RIGHT,True,False,9,9,0,0.0,False,False,True,0,ADEQUATE
branch,4,8,5,10,7,2,2,4,RIGHT,NONE,False,True,9,,,,False,False,False,0,INVALID_BELIEF
branch,4,8,5,11,4,3,-1,4,RIGHT,NONE,False,True,9,,,,False,False,False,0,INVALID_BELIEF
branch,4,8,5,11,6,3,1,4,RIGHT,NONE,False,True,9,,,,False,False,False,0,INVALID_BELIEF
branch,4,8,5,12,5,4,0,4,RIGHT,RIGHT,True,False,9,9,0,0.0,False,False,True,0,ADEQUATE
branch,4,9,5,5,5,-4,0,4,UP,RIGHT,True,True,8,9,1,0.125,True,False,False,0,COLLISION
branch,4,9,5,6,4,-3,-1,4,UP,NONE,False,True,8,,,,False,False,False,0,INVALID_BELIEF
branch,4,9,5,6,6,-3,1,4,UP,NONE,False,True,8,,,,False,False,False,0,INVALID_BELIEF
branch,4,9,5,7,3,-2,-2,4,UP,UP,True,False,8,8,0,0.0,False,False,True,0,ADEQUATE
branch,4,9,5,7,7,-2,2,4,UP,NONE,False,True,8,,,,False,False,False,0,INVALID_BELIEF
branch,4,9,5,8,2,-1,-3,4,UP,NONE,False,True,8,,,,False,False,False,0,INVALID_BELIEF
branch,4,9,5,8,8,-1,3,4,UP,NONE,False,True,8,,,,False,False,False,0,INVALID_BELIEF
branch,4,9,5,9,1,0,-4,4,UP,RIGHT,True,True,8,9,1,0.125,True,False,False,0,COLLISION
branch,4,9,5,9,9,0,4,4,UP,NONE,False,True,8,,,,False,False,False,0,INVALID_BELIEF
branch,4,9,5,10,2,1,-3,4,UP,NONE,False,True,8,,,,False,False,False,0,INVALID_BELIEF
branch,4,9,5,10,8,1,3,4,UP,NONE,False,True,8,,,,False,False,False,0,INVALID_BELIEF
branch,4,9,5,11,3,2,-2,4,UP,RIGHT,True,True,8,9,1,0.125,True,False,False,0,COLLISION
branch,4,9,5,11,7,2,2,4,UP,NONE,False,True,8,,,,False,False,False,0,INVALID_BELIEF
branch,4,9,5,12,4,3,-1,4,UP,NONE,False,True,8,,,,False,False,False,0,INVALID_BELIEF
branch,4,9,5,12,6,3,1,4,UP,NONE,False,True,8,,,,False,False,False,0,INVALID_BELIEF
branch,4,9,5,13,5,4,0,4,UP,UP,True,False,8,8,0,0.0,False,False,True,0,ADEQUATE
branch,4,11,5,7,5,-4,0,4,RIGHT,UP,True,True,6,7,1,0.16666666666666666,True,False,False,0,COLLISION
branch,4,11,5,8,4,-3,-1,4,RIGHT,NONE,False,True,6,,,,False,False,False,0,INVALID_BELIEF
branch,4,11,5,8,6,-3,1,4,RIGHT,NONE,False,True,6,,,,False,False,False,0,INVALID_BELIEF
branch,4,11,5,9,3,-2,-2,4,RIGHT,RIGHT,True,False,6,6,0,0.0,False,False,True,0,ADEQUATE
branch,4,11,5,9,7,-2,2,4,RIGHT,NONE,False,True,6,,,,False,False,False,0,INVALID_BELIEF
branch,4,11,5,10,2,-1,-3,4,RIGHT,NONE,False,True,6,,,,False,False,False,0,INVALID_BELIEF
branch,4,11,5,10,8,-1,3,4,RIGHT,NONE,False,True,6,,,,False,False,False,0,INVALID_BELIEF
branch,4,11,5,11,1,0,-4,4,RIGHT,RIGHT,True,False,6,6,0,0.0,False,False,True,0,ADEQUATE
branch,4,11,5,11,9,0,4,4,RIGHT,NONE,False,True,6,,,,False,False,False,0,INVALID_BELIEF
branch,4,11,5,12,2,1,-3,4,RIGHT,NONE,False,True,6,,,,False,False,False,0,INVALID_BELIEF
branch,4,11,5,12,8,1,3,4,RIGHT,NONE,False,True,6,,,,False,False,False,0,INVALID_BELIEF
branch,4,11,5,13,3,2,-2,4,RIGHT,UP,True,True,6,7,1,0.16666666666666666,True,False,False,0,COLLISION
branch,4,11,5,13,7,2,2,4,RIGHT,NONE,False,True,6,,,,False,False,False,0,INVALID_BELIEF
branch,4,11,5,14,4,3,-1,4,RIGHT,NONE,False,True,6,,,,False,False,False,0,INVALID_BELIEF
branch,4,11,5,14,6,3,1,4,RIGHT,NONE,False,True,6,,,,False,False,False,0,INVALID_BELIEF
branch,4,11,5,15,5,4,0,4,RIGHT,NONE,False,True,6,,,,False,False,False,0,INVALID_BELIEF
branch,4,12,5,8,5,-4,0,4,RIGHT,RIGHT,True,False,5,5,0,0.0,False,False,True,0,ADEQUATE
branch,4,12,5,9,4,-3,-1,4,RIGHT,UP,True,True,5,6,1,0.2,True,False,False,0,COLLISION
branch,4,12,5,9,6,-3,1,4,RIGHT,NONE,False,True,5,,,,False,False,False,0,INVALID_BELIEF
branch,4,12,5,10,3,-2,-2,4,RIGHT,RIGHT,True,False,5,5,0,0.0,False,False,True,0,ADEQUATE
branch,4,12,5,10,7,-2,2,4,RIGHT,NONE,False,True,5,,,,False,False,False,0,INVALID_BELIEF
branch,4,12,5,11,2,-1,-3,4,RIGHT,NONE,False,True,5,,,,False,False,False,0,INVALID_BELIEF
branch,4,12,5,11,8,-1,3,4,RIGHT,NONE,False,True,5,,,,False,False,False,0,INVALID_BELIEF
branch,4,12,5,12,1,0,-4,4,RIGHT,RIGHT,True,False,5,5,0,0.0,False,False,True,0,ADEQUATE
branch,4,12,5,12,9,0,4,4,RIGHT,NONE,False,True,5,,,,False,False,False,0,INVALID_BELIEF
branch,4,12,5,13,2,1,-3,4,RIGHT,UP,True,True,5,6,1,0.2,True,False,False,0,COLLISION
branch,4,12,5,13,8,1,3,4,RIGHT,NONE,False,True,5,,,,False,False,False,0,INVALID_BELIEF
branch,4,12,5,14,3,2,-2,4,RIGHT,NONE,False,True,5,,,,False,False,False,0,INVALID_BELIEF
branch,4,12,5,14,7,2,2,4,RIGHT,NONE,False,True,5,,,,False,False,False,0,INVALID_BELIEF
branch,4,12,5,15,4,3,-1,4,RIGHT,NONE,False,True,5,,,,False,False,False,0,INVALID_BELIEF
branch,4,12,5,15,6,3,1,4,RIGHT,NONE,False,True,5,,,,False,False,False,0,INVALID_BELIEF
branch,4,12,5,16,5,4,0,4,RIGHT,NONE,False,True,5,,,,False,False,False,0,INVALID_BELIEF
branch,4,13,5,9,5,-4,0,4,UP,UP,True,False,4,4,0,0.0,False,False,True,0,ADEQUATE
branch,4,13,5,10,4,-3,-1,4,UP,NONE,False,True,4,,,,False,False,False,0,INVALID_BELIEF
branch,4,13,5,10,6,-3,1,4,UP,NONE,False,True,4,,,,False,False,False,0,INVALID_BELIEF
branch,4,13,5,11,3,-2,-2,4,UP,RIGHT,True,True,4,5,1,0.25,True,False,False,0,COLLISION
branch,4,13,5,11,7,-2,2,4,UP,NONE,False,True,4,,,,False,False,False,0,INVALID_BELIEF
branch,4,13,5,12,2,-1,-3,4,UP,NONE,False,True,4,,,,False,False,False,0,INVALID_BELIEF
branch,4,13,5,12,8,-1,3,4,UP,NONE,False,True,4,,,,False,False,False,0,INVALID_BELIEF
branch,4,13,5,13,1,0,-4,4,UP,NONE,True,True,4,,,,False,True,False,0,FALSE_TERMINAL
branch,4,13,5,13,9,0,4,4,UP,NONE,False,True,4,,,,False,False,False,0,INVALID_BELIEF
branch,4,13,5,14,2,1,-3,4,UP,NONE,False,True,4,,,,False,False,False,0,INVALID_BELIEF
branch,4,13,5,14,8,1,3,4,UP,NONE,False,True,4,,,,False,False,False,0,INVALID_BELIEF
branch,4,13,5,15,3,2,-2,4,UP,NONE,False,True,4,,,,False,False,False,0,INVALID_BELIEF
branch,4,13,5,15,7,2,2,4,UP,NONE,False,True,4,,,,False,False,False,0,INVALID_BELIEF
branch,4,13,5,16,4,3,-1,4,UP,NONE,False,True,4,,,,False,False,False,0,INVALID_BELIEF
branch,4,13,5,16,6,3,1,4,UP,NONE,False,True,4,,,,False,False,False,0,INVALID_BELIEF
branch,4,13,5,17,5,4,0,4,UP,NONE,False,True,4,,,,False,False,False,0,INVALID_BELIEF
detour,0,1,1,1,1,0,0,0,RIGHT,RIGHT,True,False,24,24,0,0.0,False,False,True,0,ADEQUATE
detour,0,2,1,2,1,0,0,0,RIGHT,RIGHT,True,False,23,23,0,0.0,False,False,True,0,ADEQUATE
detour,0,3,1,3,1,0,0,0,RIGHT,RIGHT,True,False,22,22,0,0.0,False,False,True,0,ADEQUATE
detour,0,4,1,4,1,0,0,0,RIGHT,RIGHT,True,False,21,21,0,0.0,False,False,True,0,ADEQUATE
detour,0,5,1,5,1,0,0,0,RIGHT,RIGHT,True,False,20,20,0,0.0,False,False,True,0,ADEQUATE
detour,0,6,1,6,1,0,0,0,RIGHT,RIGHT,True,False,19,19,0,0.0,False,False,True,0,ADEQUATE
detour,0,7,1,7,1,0,0,0,DOWN,DOWN,True,False,18,18,0,0.0,False,False,True,0,ADEQUATE
detour,0,9,1,9,1,0,0,0,RIGHT,RIGHT,True,False,4,4,0,0.0,False,False,True,0,ADEQUATE
detour,0,10,1,10,1,0,0,0,RIGHT,RIGHT,True,False,3,3,0,0.0,False,False,True,0,ADEQUATE
detour,0,11,1,11,1,0,0,0,RIGHT,RIGHT,True,False,2,2,0,0.0,False,False,True,0,ADEQUATE
detour,0,12,1,12,1,0,0,0,RIGHT,RIGHT,True,False,1,1,0,0.0,False,False,True,0,ADEQUATE
detour,0,1,2,1,2,0,0,0,DOWN,DOWN,True,False,23,23,0,0.0,False,False,True,0,ADEQUATE
detour,0,7,2,7,2,0,0,0,DOWN,DOWN,True,False,17,17,0,0.0,False,False,True,0,ADEQUATE
detour,0,9,2,9,2,0,0,0,UP,UP,True,False,5,5,0,0.0,False,False,True,0,ADEQUATE
detour,0,13,2,13,2,0,0,0,UP,UP,True,False,1,1,0,0.0,False,False,True,0,ADEQUATE
detour,0,1,3,1,3,0,0,0,RIGHT,RIGHT,True,False,22,22,0,0.0,False,False,True,0,ADEQUATE
detour,0,2,3,2,3,0,0,0,RIGHT,RIGHT,True,False,21,21,0,0.0,False,False,True,0,ADEQUATE
detour,0,3,3,3,3,0,0,0,RIGHT,RIGHT,True,False,20,20,0,0.0,False,False,True,0,ADEQUATE
detour,0,4,3,4,3,0,0,0,RIGHT,RIGHT,True,False,19,19,0,0.0,False,False,True,0,ADEQUATE
detour,0,5,3,5,3,0,0,0,DOWN,DOWN,True,False,18,18,0,0.0,False,False,True,0,ADEQUATE
detour,0,7,3,7,3,0,0,0,DOWN,DOWN,True,False,16,16,0,0.0,False,False,True,0,ADEQUATE
detour,0,9,3,9,3,0,0,0,UP,UP,True,False,6,6,0,0.0,False,False,True,0,ADEQUATE
detour,0,10,3,10,3,0,0,0,LEFT,LEFT,True,False,7,7,0,0.0,False,False,True,0,ADEQUATE
detour,0,11,3,11,3,0,0,0,LEFT,LEFT,True,False,8,8,0,0.0,False,False,True,0,ADEQUATE
detour,0,13,3,13,3,0,0,0,UP,UP,True,False,2,2,0,0.0,False,False,True,0,ADEQUATE
detour,0,3,4,3,4,0,0,0,UP,UP,True,False,21,21,0,0.0,False,False,True,0,ADEQUATE
detour,0,5,4,5,4,0,0,0,DOWN,DOWN,True,False,17,17,0,0.0,False,False,True,0,ADEQUATE
detour,0,7,4,7,4,0,0,0,DOWN,DOWN,True,False,15,15,0,0.0,False,False,True,0,ADEQUATE
detour,0,11,4,11,4,0,0,0,UP,UP,True,False,9,9,0,0.0,False,False,True,0,ADEQUATE
detour,0,13,4,13,4,0,0,0,UP,UP,True,False,3,3,0,0.0,False,False,True,0,ADEQUATE
detour,0,1,5,1,5,0,0,0,DOWN,DOWN,True,False,20,20,0,0.0,False,False,True,0,ADEQUATE
detour,0,2,5,2,5,0,0,0,LEFT,LEFT,True,False,21,21,0,0.0,False,False,True,0,ADEQUATE
detour,0,3,5,3,5,0,0,0,UP,UP,True,False,22,22,0,0.0,False,False,True,0,ADEQUATE
detour,0,5,5,5,5,0,0,0,DOWN,DOWN,True,False,16,16,0,0.0,False,False,True,0,ADEQUATE
detour,0,7,5,7,5,0,0,0,RIGHT,RIGHT,True,False,14,14,0,0.0,False,False,True,0,ADEQUATE
detour,0,8,5,8,5,0,0,0,RIGHT,RIGHT,True,False,13,13,0,0.0,False,False,True,0,ADEQUATE
detour,0,9,5,9,5,0,0,0,RIGHT,RIGHT,True,False,12,12,0,0.0,False,False,True,0,ADEQUATE
detour,0,10,5,10,5,0,0,0,RIGHT,RIGHT,True,False,11,11,0,0.0,False,False,True,0,ADEQUATE
detour,0,11,5,11,5,0,0,0,UP,UP,True,False,10,10,0,0.0,False,False,True,0,ADEQUATE
detour,0,13,5,13,5,0,0,0,UP,UP,True,False,4,4,0,0.0,False,False,True,0,ADEQUATE
detour,0,1,6,1,6,0,0,0,DOWN,DOWN,True,False,19,19,0,0.0,False,False,True,0,ADEQUATE
detour,0,5,6,5,6,0,0,0,DOWN,DOWN,True,False,15,15,0,0.0,False,False,True,0,ADEQUATE
detour,0,11,6,11,6,0,0,0,DOWN,DOWN,True,False,9,9,0,0.0,False,False,True,0,ADEQUATE
detour,0,13,6,13,6,0,0,0,UP,UP,True,False,5,5,0,0.0,False,False,True,0,ADEQUATE
detour,0,1,7,1,7,0,0,0,RIGHT,RIGHT,True,False,18,18,0,0.0,False,False,True,0,ADEQUATE
detour,0,2,7,2,7,0,0,0,RIGHT,RIGHT,True,False,17,17,0,0.0,False,False,True,0,ADEQUATE
detour,0,3,7,3,7,0,0,0,RIGHT,RIGHT,True,False,16,16,0,0.0,False,False,True,0,ADEQUATE
detour,0,4,7,4,7,0,0,0,RIGHT,RIGHT,True,False,15,15,0,0.0,False,False,True,0,ADEQUATE
detour,0,5,7,5,7,0,0,0,RIGHT,RIGHT,True,False,14,14,0,0.0,False,False,True,0,ADEQUATE
detour,0,6,7,6,7,0,0,0,RIGHT,RIGHT,True,False,13,13,0,0.0,False,False,True,0,ADEQUATE
detour,0,7,7,7,7,0,0,0,RIGHT,RIGHT,True,False,12,12,0,0.0,False,False,True,0,ADEQUATE
detour,0,8,7,8,7,0,0,0,RIGHT,RIGHT,True,False,11,11,0,0.0,False,False,True,0,ADEQUATE
detour,0,9,7,9,7,0,0,0,RIGHT,RIGHT,True,False,10,10,0,0.0,False,False,True,0,ADEQUATE
detour,0,10,7,10,7,0,0,0,RIGHT,RIGHT,True,False,9,9,0,0.0,False,False,True,0,ADEQUATE
detour,0,11,7,11,7,0,0,0,RIGHT,RIGHT,True,False,8,8,0,0.0,False,False,True,0,ADEQUATE
detour,0,12,7,12,7,0,0,0,RIGHT,RIGHT,True,False,7,7,0,0.0,False,False,True,0,ADEQUATE
detour,0,13,7,13,7,0,0,0,UP,UP,True,False,6,6,0,0.0,False,False,True,0,ADEQUATE
detour,1,1,1,0,1,-1,0,1,RIGHT,NONE,False,True,24,,,,False,False,False,0,INVALID_BELIEF
detour,1,1,1,1,0,0,-1,1,RIGHT,NONE,False,True,24,,,,False,False,False,0,INVALID_BELIEF
detour,1,1,1,1,2,0,1,1,RIGHT,DOWN,True,True,24,24,0,0.0,False,False,True,0,ADEQUATE
detour,1,1,1,2,1,1,0,1,RIGHT,RIGHT,True,False,24,24,0,0.0,False,False,True,0,ADEQUATE
detour,1,2,1,1,1,-1,0,1,RIGHT,RIGHT,True,False,23,23,0,0.0,False,False,True,0,ADEQUATE
detour,1,2,1,2,0,0,-1,1,RIGHT,NONE,False,True,23,,,,False,False,False,0,INVALID_BELIEF
detour,1,2,1,2,2,0,1,1,RIGHT,NONE,False,True,23,,,,False,False,False,0,INVALID_BELIEF
detour,1,2,1,3,1,1,0,1,RIGHT,RIGHT,True,False,23,23,0,0.0,False,False,True,0,ADEQUATE
detour,1,3,1,2,1,-1,0,1,RIGHT,RIGHT,True,False,22,22,0,0.0,False,False,True,0,ADEQUATE
detour,1,3,1,3,0,0,-1,1,RIGHT,NONE,False,True,22,,,,False,False,False,0,INVALID_BELIEF
detour,1,3,1,3,2,0,1,1,RIGHT,NONE,False,True,22,,,,False,False,False,0,INVALID_BELIEF
detour,1,3,1,4,1,1,0,1,RIGHT,RIGHT,True,False,22,22,0,0.0,False,False,True,0,ADEQUATE
detour,1,4,1,3,1,-1,0,1,RIGHT,RIGHT,True,False,21,21,0,0.0,False,False,True,0,ADEQUATE
detour,1,4,1,4,0,0,-1,1,RIGHT,NONE,False,True,21,,,,False,False,False,0,INVALID_BELIEF
detour,1,4,1,4,2,0,1,1,RIGHT,NONE,False,True,21,,,,False,False,False,0,INVALID_BELIEF
detour,1,4,1,5,1,1,0,1,RIGHT,RIGHT,True,False,21,21,0,0.0,False,False,True,0,ADEQUATE
detour,1,5,1,4,1,-1,0,1,RIGHT,RIGHT,True,False,20,20,0,0.0,False,False,True,0,ADEQUATE
detour,1,5,1,5,0,0,-1,1,RIGHT,NONE,False,True,20,,,,False,False,False,0,INVALID_BELIEF
detour,1,5,1,5,2,0,1,1,RIGHT,NONE,False,True,20,,,,False,False,False,0,INVALID_BELIEF
detour,1,5,1,6,1,1,0,1,RIGHT,RIGHT,True,False,20,20,0,0.0,False,False,True,0,ADEQUATE
detour,1,6,1,5,1,-1,0,1,RIGHT,RIGHT,True,False,19,19,0,0.0,False,False,True,0,ADEQUATE
detour,1,6,1,6,0,0,-1,1,RIGHT,NONE,False,True,19,,,,False,False,False,0,INVALID_BELIEF
detour,1,6,1,6,2,0,1,1,RIGHT,NONE,False,True,19,,,,False,False,False,0,INVALID_BELIEF
detour,1,6,1,7,1,1,0,1,RIGHT,DOWN,True,True,19,20,1,0.05263157894736842,True,False,False,0,COLLISION
detour,1,7,1,6,1,-1,0,1,DOWN,RIGHT,True,True,18,19,1,0.05555555555555555,True,False,False,0,COLLISION
detour,1,7,1,7,0,0,-1,1,DOWN,NONE,False,True,18,,,,False,False,False,0,INVALID_BELIEF
detour,1,7,1,7,2,0,1,1,DOWN,DOWN,True,False,18,18,0,0.0,False,False,True,0,ADEQUATE
detour,1,7,1,8,1,1,0,1,DOWN,NONE,False,True,18,,,,False,False,False,0,INVALID_BELIEF
detour,1,9,1,8,1,-1,0,1,RIGHT,NONE,False,True,4,,,,False,False,False,0,INVALID_BELIEF
detour,1,9,1,9,0,0,-1,1,RIGHT,NONE,False,True,4,,,,False,False,False,0,INVALID_BELIEF
detour,1,9,1,9,2,0,1,1,RIGHT,UP,True,True,4,5,1,0.25,True,False,False,0,COLLISION
detour,1,9,1,10,1,1,0,1,RIGHT,RIGHT,True,False,4,4,0,0.0,False,False,True,0,ADEQUATE
detour,1,10,1,9,1,-1,0,1,RIGHT,RIGHT,True,False,3,3,0,0.0,False,False,True,0,ADEQUATE
detour,1,10,1,10,0,0,-1,1,RIGHT,NONE,False,True,3,,,,False,False,False,0,INVALID_BELIEF
detour,1,10,1,10,2,0,1,1,RIGHT,NONE,False,True,3,,,,False,False,False,0,INVALID_BELIEF
detour,1,10,1,11,1,1,0,1,RIGHT,RIGHT,True,False,3,3,0,0.0,False,False,True,0,ADEQUATE
detour,1,11,1,10,1,-1,0,1,RIGHT,RIGHT,True,False,2,2,0,0.0,False,False,True,0,ADEQUATE
detour,1,11,1,11,0,0,-1,1,RIGHT,NONE,False,True,2,,,,False,False,False,0,INVALID_BELIEF
detour,1,11,1,11,2,0,1,1,RIGHT,NONE,False,True,2,,,,False,False,False,0,INVALID_BELIEF
detour,1,11,1,12,1,1,0,1,RIGHT,RIGHT,True,False,2,2,0,0.0,False,False,True,0,ADEQUATE
detour,1,12,1,11,1,-1,0,1,RIGHT,RIGHT,True,False,1,1,0,0.0,False,False,True,0,ADEQUATE
detour,1,12,1,12,0,0,-1,1,RIGHT,NONE,False,True,1,,,,False,False,False,0,INVALID_BELIEF
detour,1,12,1,12,2,0,1,1,RIGHT,NONE,False,True,1,,,,False,False,False,0,INVALID_BELIEF
detour,1,12,1,13,1,1,0,1,RIGHT,NONE,True,True,1,,,,False,True,False,0,FALSE_TERMINAL
detour,1,1,2,0,2,-1,0,1,DOWN,NONE,False,True,23,,,,False,False,False,0,INVALID_BELIEF
detour,1,1,2,1,1,0,-1,1,DOWN,RIGHT,True,True,23,24,1,0.043478260869565216,True,False,False,0,COLLISION
detour,1,1,2,1,3,0,1,1,DOWN,RIGHT,True,True,23,24,1,0.043478260869565216,True,False,False,0,COLLISION
detour,1,1,2,2,2,1,0,1,DOWN,NONE,False,True,23,,,,False,False,False,0,INVALID_BELIEF
detour,1,7,2,6,2,-1,0,1,DOWN,NONE,False,True,17,,,,False,False,False,0,INVALID_BELIEF
detour,1,7,2,7,1,0,-1,1,DOWN,DOWN,True,False,17,17,0,0.0,False,False,True,0,ADEQUATE
detour,1,7,2,7,3,0,1,1,DOWN,DOWN,True,False,17,17,0,0.0,False,False,True,0,ADEQUATE
detour,1,7,2,8,2,1,0,1,DOWN,NONE,False,True,17,,,,False,False,False,0,INVALID_BELIEF
detour,1,9,2,8,2,-1,0,1,UP,NONE,False,True,5,,,,False,False,False,0,INVALID_BELIEF
detour,1,9,2,9,1,0,-1,1,UP,RIGHT,True,True,5,6,1,0.2,True,False,False,0,COLLISION
detour,1,9,2,9,3,0,1,1,UP,UP,True,False,5,5,0,0.0,False,False,True,0,ADEQUATE
detour,1,9,2,10,2,1,0,1,UP,NONE,False,True,5,,,,False,False,False,0,INVALID_BELIEF
detour,1,13,2,12,2,-1,0,1,UP,NONE,False,True,1,,,,False,False,False,0,INVALID_BELIEF
detour,1,13,2,13,1,0,-1,1,UP,NONE,True,True,1,,,,False,True,False,0,FALSE_TERMINAL
detour,1,13,2,13,3,0,1,1,UP,UP,True,False,1,1,0,0.0,False,False,True,0,ADEQUATE
detour,1,13,2,14,2,1,0,1,UP,NONE,False,True,1,,,,False,False,False,0,INVALID_BELIEF
detour,1,1,3,0,3,-1,0,1,RIGHT,NONE,False,True,22,,,,False,False,False,0,INVALID_BELIEF
detour,1,1,3,1,2,0,-1,1,RIGHT,DOWN,True,True,22,23,1,0.045454545454545456,True,False,False,0,COLLISION
detour,1,1,3,1,4,0,1,1,RIGHT,NONE,False,True,22,,,,False,False,False,0,INVALID_BELIEF
detour,1,1,3,2,3,1,0,1,RIGHT,RIGHT,True,False,22,22,0,0.0,False,False,True,0,ADEQUATE
detour,1,2,3,1,3,-1,0,1,RIGHT,RIGHT,True,False,21,21,0,0.0,False,False,True,0,ADEQUATE
detour,1,2,3,2,2,0,-1,1,RIGHT,NONE,False,True,21,,,,False,False,False,0,INVALID_BELIEF
detour,1,2,3,2,4,0,1,1,RIGHT,NONE,False,True,21,,,,False,False,False,0,INVALID_BELIEF
detour,1,2,3,3,3,1,0,1,RIGHT,RIGHT,True,False,21,21,0,0.0,False,False,True,0,ADEQUATE
detour,1,3,3,2,3,-1,0,1,RIGHT,RIGHT,True,False,20,20,0,0.0,False,False,True,0,ADEQUATE
detour,1,3,3,3,2,0,-1,1,RIGHT,NONE,False,True,20,,,,False,False,False,0,INVALID_BELIEF
detour,1,3,3,3,4,0,1,1,RIGHT,UP,True,True,20,21,1,0.05,True,False,False,0,COLLISION
detour,1,3,3,4,3,1,0,1,RIGHT,RIGHT,True,False,20,20,0,0.0,False,False,True,0,ADEQUATE
detour,1,4,3,3,3,-1,0,1,RIGHT,RIGHT,True,False,19,19,0,0.0,False,False,True,0,ADEQUATE
detour,1,4,3,4,2,0,-1,1,RIGHT,NONE,False,True,19,,,,False,False,False,0,INVALID_BELIEF
detour,1,4,3,4,4,0,1,1,RIGHT,NONE,False,True,19,,,,False,False,False,0,INVALID_BELIEF
detour,1,4,3,5,3,1,0,1,RIGHT,DOWN,True,True,19,20,1,0.05263157894736842,True,False,False,0,COLLISION
detour,1,5,3,4,3,-1,0,1,DOWN,RIGHT,True,True,18,19,1,0.05555555555555555,True,False,False,0,COLLISION
detour,1,5,3,5,2,0,-1,1,DOWN,NONE,False,True,18,,,,False,False,False,0,INVALID_BELIEF
detour,1,5,3,5,4,0,1,1,DOWN,DOWN,True,False,18,18,0,0.0,False,False,True,0,ADEQUATE
detour,1,5,3,6,3,1,0,1,DOWN,NONE,False,True,18,,,,False,False,False,0,INVALID_BELIEF
detour,1,7,3,6,3,-1,0,1,DOWN,NONE,False,True,16,,,,False,False,False,0,INVALID_BELIEF
detour,1,7,3,7,2,0,-1,1,DOWN,DOWN,True,False,16,16,0,0.0,False,False,True,0,ADEQUATE
detour,1,7,3,7,4,0,1,1,DOWN,DOWN,True,False,16,16,0,0.0,False,False,True,0,ADEQUATE
detour,1,7,3,8,3,1,0,1,DOWN,NONE,False,True,16,,,,False,False,False,0,INVALID_BELIEF
detour,1,9,3,8,3,-1,0,1,UP,NONE,False,True,6,,,,False,False,False,0,INVALID_BELIEF
detour,1,9,3,9,2,0,-1,1,UP,UP,True,False,6,6,0,0.0,False,False,True,0,ADEQUATE
detour,1,9,3,9,4,0,1,1,UP,NONE,False,True,6,,,,False,False,False,0,INVALID_BELIEF
detour,1,9,3,10,3,1,0,1,UP,LEFT,True,True,6,7,1,0.16666666666666666,True,False,False,0,COLLISION
detour,1,10,3,9,3,-1,0,1,LEFT,UP,True,True,7,8,1,0.14285714285714285,True,False,False,0,COLLISION
detour,1,10,3,10,2,0,-1,1,LEFT,NONE,False,True,7,,,,False,False,False,0,INVALID_BELIEF
detour,1,10,3,10,4,0,1,1,LEFT,NONE,False,True,7,,,,False,False,False,0,INVALID_BELIEF
detour,1,10,3,11,3,1,0,1,LEFT,LEFT,True,False,7,7,0,0.0,False,False,True,0,ADEQUATE
detour,1,11,3,10,3,-1,0,1,LEFT,LEFT,True,False,8,8,0,0.0,False,False,True,0,ADEQUATE
detour,1,11,3,11,2,0,-1,1,LEFT,NONE,False,True,8,,,,False,False,False,0,INVALID_BELIEF
detour,1,11,3,11,4,0,1,1,LEFT,UP,True,True,8,9,1,0.125,True,False,False,0,COLLISION
detour,1,11,3,12,3,1,0,1,LEFT,NONE,False,True,8,,,,False,False,False,0,INVALID_BELIEF
detour,1,13,3,12,3,-1,0,1,UP,NONE,False,True,2,,,,False,False,False,0,INVALID_BELIEF
detour,1,13,3,13,2,0,-1,1,UP,UP,True,False,2,2,0,0.0,False,False,True,0,ADEQUATE
detour,1,13,3,13,4,0,1,1,UP,UP,True,False,2,2,0,0.0,False,False,True,0,ADEQUATE
detour,1,13,3,14,3,1,0,1,UP,NONE,False,True,2,,,,False,False,False,0,INVALID_BELIEF
detour,1,3,4,2,4,-1,0,1,UP,NONE,False,True,21,,,,False,False,False,0,INVALID_BELIEF
detour,1,3,4,3,3,0,-1,1,UP,RIGHT,True,True,21,22,1,0.047619047619047616,True,False,False,0,COLLISION
detour,1,3,4,3,5,0,1,1,UP,UP,True,False,21,21,0,0.0,False,False,True,0,ADEQUATE
detour,1,3,4,4,4,1,0,1,UP,NONE,False,True,21,,,,False,False,False,0,INVALID_BELIEF
detour,1,5,4,4,4,-1,0,1,DOWN,NONE,False,True,17,,,,False,False,False,0,INVALID_BELIEF
detour,1,5,4,5,3,0,-1,1,DOWN,DOWN,True,False,17,17,0,0.0,False,False,True,0,ADEQUATE
detour,1,5,4,5,5,0,1,1,DOWN,DOWN,True,False,17,17,0,0.0,False,False,True,0,ADEQUATE
detour,1,5,4,6,4,1,0,1,DOWN,NONE,False,True,17,,,,False,False,False,0,INVALID_BELIEF
detour,1,7,4,6,4,-1,0,1,DOWN,NONE,False,True,15,,,,False,False,False,0,INVALID_BELIEF
detour,1,7,4,7,3,0,-1,1,DOWN,DOWN,True,False,15,15,0,0.0,False,False,True,0,ADEQUATE
detour,1,7,4,7,5,0,1,1,DOWN,RIGHT,True,True,15,16,1,0.06666666666666667,True,False,False,0,COLLISION
detour,1,7,4,8,4,1,0,1,DOWN,NONE,False,True,15,,,,False,False,False,0,INVALID_BELIEF
detour,1,11,4,10,4,-1,0,1,UP,NONE,False,True,9,,,,False,False,False,0,INVALID_BELIEF
detour,1,11,4,11,3,0,-1,1,UP,LEFT,True,True,9,10,1,0.1111111111111111,True,False,False,0,COLLISION
detour,1,11,4,11,5,0,1,1,UP,UP,True,False,9,9,0,0.0,False,False,True,0,ADEQUATE
detour,1,11,4,12,4,1,0,1,UP,NONE,False,True,9,,,,False,False,False,0,INVALID_BELIEF
detour,1,13,4,12,4,-1,0,1,UP,NONE,False,True,3,,,,False,False,False,0,INVALID_BELIEF
detour,1,13,4,13,3,0,-1,1,UP,UP,True,False,3,3,0,0.0,False,False,True,0,ADEQUATE
detour,1,13,4,13,5,0,1,1,UP,UP,True,False,3,3,0,0.0,False,False,True,0,ADEQUATE
detour,1,13,4,14,4,1,0,1,UP,NONE,False,True,3,,,,False,False,False,0,INVALID_BELIEF
detour,1,1,5,0,5,-1,0,1,DOWN,NONE,False,True,20,,,,False,False,False,0,INVALID_BELIEF
detour,1,1,5,1,4,0,-1,1,DOWN,NONE,False,True,20,,,,False,False,False,0,INVALID_BELIEF
detour,1,1,5,1,6,0,1,1,DOWN,DOWN,True,False,20,20,0,0.0,False,False,True,0,ADEQUATE
detour,1,1,5,2,5,1,0,1,DOWN,LEFT,True,True,20,21,1,0.05,True,False,False,0,COLLISION
detour,1,2,5,1,5,-1,0,1,LEFT,DOWN,True,True,21,22,1,0.047619047619047616,True,False,False,0,COLLISION
detour,1,2,5,2,4,0,-1,1,LEFT,NONE,False,True,21,,,,False,False,False,0,INVALID_BELIEF
detour,1,2,5,2,6,0,1,1,LEFT,NONE,False,True,21,,,,False,False,False,0,INVALID_BELIEF
detour,1,2,5,3,5,1,0,1,LEFT,UP,True,True,21,22,1,0.047619047619047616,True,False,False,0,COLLISION
detour,1,3,5,2,5,-1,0,1,UP,LEFT,True,True,22,22,0,0.0,False,False,True,0,ADEQUATE
detour,1,3,5,3,4,0,-1,1,UP,UP,True,False,22,22,0,0.0,False,False,True,0,ADEQUATE
detour,1,3,5,3,6,0,1,1,UP,NONE,False,True,22,,,,False,False,False,0,INVALID_BELIEF
detour,1,3,5,4,5,1,0,1,UP,NONE,False,True,22,,,,False,False,False,0,INVALID_BELIEF
detour,1,5,5,4,5,-1,0,1,DOWN,NONE,False,True,16,,,,False,False,False,0,INVALID_BELIEF
detour,1,5,5,5,4,0,-1,1,DOWN,DOWN,True,False,16,16,0,0.0,False,False,True,0,ADEQUATE
detour,1,5,5,5,6,0,1,1,DOWN,DOWN,True,False,16,16,0,0.0,False,False,True,0,ADEQUATE
detour,1,5,5,6,5,1,0,1,DOWN,NONE,False,True,16,,,,False,False,False,0,INVALID_BELIEF
detour,1,7,5,6,5,-1,0,1,RIGHT,NONE,False,True,14,,,,False,False,False,0,INVALID_BELIEF
detour,1,7,5,7,4,0,-1,1,RIGHT,DOWN,True,True,14,15,1,0.07142857142857142,True,False,False,0,COLLISION
detour,1,7,5,7,6,0,1,1,RIGHT,NONE,False,True,14,,,,False,False,False,0,INVALID_BELIEF
detour,1,7,5,8,5,1,0,1,RIGHT,RIGHT,True,False,14,14,0,0.0,False,False,True,0,ADEQUATE
detour,1,8,5,7,5,-1,0,1,RIGHT,RIGHT,True,False,13,13,0,0.0,False,False,True,0,ADEQUATE
detour,1,8,5,8,4,0,-1,1,RIGHT,NONE,False,True,13,,,,False,False,False,0,INVALID_BELIEF
detour,1,8,5,8,6,0,1,1,RIGHT,NONE,False,True,13,,,,False,False,False,0,INVALID_BELIEF
detour,1,8,5,9,5,1,0,1,RIGHT,RIGHT,True,False,13,13,0,0.0,False,False,True,0,ADEQUATE
detour,1,9,5,8,5,-1,0,1,RIGHT,RIGHT,True,False,12,12,0,0.0,False,False,True,0,ADEQUATE
detour,1,9,5,9,4,0,-1,1,RIGHT,NONE,False,True,12,,,,False,False,False,0,INVALID_BELIEF
detour,1,9,5,9,6,0,1,1,RIGHT,NONE,False,True,12,,,,False,False,False,0,INVALID_BELIEF
detour,1,9,5,10,5,1,0,1,RIGHT,RIGHT,True,False,12,12,0,0.0,False,False,True,0,ADEQUATE
detour,1,10,5,9,5,-1,0,1,RIGHT,RIGHT,True,False,11,11,0,0.0,False,False,True,0,ADEQUATE
detour,1,10,5,10,4,0,-1,1,RIGHT,NONE,False,True,11,,,,False,False,False,0,INVALID_BELIEF
detour,1,10,5,10,6,0,1,1,RIGHT,NONE,False,True,11,,,,False,False,False,0,INVALID_BELIEF
detour,1,10,5,11,5,1,0,1,RIGHT,UP,True,True,11,12,1,0.09090909090909091,True,False,False,0,COLLISION
detour,1,11,5,10,5,-1,0,1,UP,RIGHT,True,True,10,11,1,0.1,True,False,False,0,COLLISION
detour,1,11,5,11,4,0,-1,1,UP,UP,True,False,10,10,0,0.0,False,False,True,0,ADEQUATE
detour,1,11,5,11,6,0,1,1,UP,DOWN,True,True,10,10,0,0.0,False,False,True,0,ADEQUATE
detour,1,11,5,12,5,1,0,1,UP,NONE,False,True,10,,,,False,False,False,0,INVALID_BELIEF
detour,1,13,5,12,5,-1,0,1,UP,NONE,False,True,4,,,,False,False,False,0,INVALID_BELIEF
detour,1,13,5,13,4,0,-1,1,UP,UP,True,False,4,4,0,0.0,False,False,True,0,ADEQUATE
detour,1,13,5,13,6,0,1,1,UP,UP,True,False,4,4,0,0.0,False,False,True,0,ADEQUATE
detour,1,13,5,14,5,1,0,1,UP,NONE,False,True,4,,,,False,False,False,0,INVALID_BELIEF
detour,1,1,6,0,6,-1,0,1,DOWN,NONE,False,True,19,,,,False,False,False,0,INVALID_BELIEF
detour,1,1,6,1,5,0,-1,1,DOWN,DOWN,True,False,19,19,0,0.0,False,False,True,0,ADEQUATE
detour,1,1,6,1,7,0,1,1,DOWN,RIGHT,True,True,19,20,1,0.05263157894736842,True,False,False,0,COLLISION
detour,1,1,6,2,6,1,0,1,DOWN,NONE,False,True,19,,,,False,False,False,0,INVALID_BELIEF
detour,1,5,6,4,6,-1,0,1,DOWN,NONE,False,True,15,,,,False,False,False,0,INVALID_BELIEF
detour,1,5,6,5,5,0,-1,1,DOWN,DOWN,True,False,15,15,0,0.0,False,False,True,0,ADEQUATE
detour,1,5,6,5,7,0,1,1,DOWN,RIGHT,True,True,15,16,1,0.06666666666666667,True,False,False,0,COLLISION
detour,1,5,6,6,6,1,0,1,DOWN,NONE,False,True,15,,,,False,False,False,0,INVALID_BELIEF
detour,1,11,6,10,6,-1,0,1,DOWN,NONE,False,True,9,,,,False,False,False,0,INVALID_BELIEF
detour,1,11,6,11,5,0,-1,1,DOWN,UP,True,True,9,11,2,0.2222222222222222,False,False,False,0,INADEQUATE
detour,1,11,6,11,7,0,1,1,DOWN,RIGHT,True,True,9,10,1,0.1111111111111111,True,False,False,0,COLLISION
detour,1,11,6,12,6,1,0,1,DOWN,NONE,False,True,9,,,,False,False,False,0,INVALID_BELIEF
detour,1,13,6,12,6,-1,0,1,UP,NONE,False,True,5,,,,False,False,False,0,INVALID_BELIEF
detour,1,13,6,13,5,0,-1,1,UP,UP,True,False,5,5,0,0.0,False,False,True,0,ADEQUATE
detour,1,13,6,13,7,0,1,1,UP,UP,True,False,5,5,0,0.0,False,False,True,0,ADEQUATE
detour,1,13,6,14,6,1,0,1,UP,NONE,False,True,5,,,,False,False,False,0,INVALID_BELIEF
detour,1,1,7,0,7,-1,0,1,RIGHT,NONE,False,True,18,,,,False,False,False,0,INVALID_BELIEF
detour,1,1,7,1,6,0,-1,1,RIGHT,DOWN,True,True,18,19,1,0.05555555555555555,True,False,False,0,COLLISION
detour,1,1,7,1,8,0,1,1,RIGHT,NONE,False,True,18,,,,False,False,False,0,INVALID_BELIEF
detour,1,1,7,2,7,1,0,1,RIGHT,RIGHT,True,False,18,18,0,0.0,False,False,True,0,ADEQUATE
detour,1,2,7,1,7,-1,0,1,RIGHT,RIGHT,True,False,17,17,0,0.0,False,False,True,0,ADEQUATE
detour,1,2,7,2,6,0,-1,1,RIGHT,NONE,False,True,17,,,,False,False,False,0,INVALID_BELIEF
detour,1,2,7,2,8,0,1,1,RIGHT,NONE,False,True,17,,,,False,False,False,0,INVALID_BELIEF
detour,1,2,7,3,7,1,0,1,RIGHT,RIGHT,True,False,17,17,0,0.0,False,False,True,0,ADEQUATE
detour,1,3,7,2,7,-1,0,1,RIGHT,RIGHT,True,False,16,16,0,0.0,False,False,True,0,ADEQUATE
detour,1,3,7,3,6,0,-1,1,RIGHT,NONE,False,True,16,,,,False,False,False,0,INVALID_BELIEF
detour,1,3,7,3,8,0,1,1,RIGHT,NONE,False,True,16,,,,False,False,False,0,INVALID_BELIEF
detour,1,3,7,4,7,1,0,1,RIGHT,RIGHT,True,False,16,16,0,0.0,False,False,True,0,ADEQUATE
detour,1,4,7,3,7,-1,0,1,RIGHT,RIGHT,True,False,15,15,0,0.0,False,False,True,0,ADEQUATE
detour,1,4,7,4,6,0,-1,1,RIGHT,NONE,False,True,15,,,,False,False,False,0,INVALID_BELIEF
detour,1,4,7,4,8,0,1,1,RIGHT,NONE,False,True,15,,,,False,False,False,0,INVALID_BELIEF
detour,1,4,7,5,7,1,0,1,RIGHT,RIGHT,True,False,15,15,0,0.0,False,False,True,0,ADEQUATE
detour,1,5,7,4,7,-1,0,1,RIGHT,RIGHT,True,False,14,14,0,0.0,False,False,True,0,ADEQUATE
detour,1,5,7,5,6,0,-1,1,RIGHT,DOWN,True,True,14,15,1,0.07142857142857142,True,False,False,0,COLLISION
detour,1,5,7,5,8,0,1,1,RIGHT,NONE,False,True,14,,,,False,False,False,0,INVALID_BELIEF
detour,1,5,7,6,7,1,0,1,RIGHT,RIGHT,True,False,14,14,0,0.0,False,False,True,0,ADEQUATE
detour,1,6,7,5,7,-1,0,1,RIGHT,RIGHT,True,False,13,13,0,0.0,False,False,True,0,ADEQUATE
detour,1,6,7,6,6,0,-1,1,RIGHT,NONE,False,True,13,,,,False,False,False,0,INVALID_BELIEF
detour,1,6,7,6,8,0,1,1,RIGHT,NONE,False,True,13,,,,False,False,False,0,INVALID_BELIEF
detour,1,6,7,7,7,1,0,1,RIGHT,RIGHT,True,False,13,13,0,0.0,False,False,True,0,ADEQUATE
detour,1,7,7,6,7,-1,0,1,RIGHT,RIGHT,True,False,12,12,0,0.0,False,False,True,0,ADEQUATE
detour,1,7,7,7,6,0,-1,1,RIGHT,NONE,False,True,12,,,,False,False,False,0,INVALID_BELIEF
detour,1,7,7,7,8,0,1,1,RIGHT,NONE,False,True,12,,,,False,False,False,0,INVALID_BELIEF
detour,1,7,7,8,7,1,0,1,RIGHT,RIGHT,True,False,12,12,0,0.0,False,False,True,0,ADEQUATE
detour,1,8,7,7,7,-1,0,1,RIGHT,RIGHT,True,False,11,11,0,0.0,False,False,True,0,ADEQUATE
detour,1,8,7,8,6,0,-1,1,RIGHT,NONE,False,True,11,,,,False,False,False,0,INVALID_BELIEF
detour,1,8,7,8,8,0,1,1,RIGHT,NONE,False,True,11,,,,False,False,False,0,INVALID_BELIEF
detour,1,8,7,9,7,1,0,1,RIGHT,RIGHT,True,False,11,11,0,0.0,False,False,True,0,ADEQUATE
detour,1,9,7,8,7,-1,0,1,RIGHT,RIGHT,True,False,10,10,0,0.0,False,False,True,0,ADEQUATE
detour,1,9,7,9,6,0,-1,1,RIGHT,NONE,False,True,10,,,,False,False,False,0,INVALID_BELIEF
detour,1,9,7,9,8,0,1,1,RIGHT,NONE,False,True,10,,,,False,False,False,0,INVALID_BELIEF
detour,1,9,7,10,7,1,0,1,RIGHT,RIGHT,True,False,10,10,0,0.0,False,False,True,0,ADEQUATE
detour,1,10,7,9,7,-1,0,1,RIGHT,RIGHT,True,False,9,9,0,0.0,False,False,True,0,ADEQUATE
detour,1,10,7,10,6,0,-1,1,RIGHT,NONE,False,True,9,,,,False,False,False,0,INVALID_BELIEF
detour,1,10,7,10,8,0,1,1,RIGHT,NONE,False,True,9,,,,False,False,False,0,INVALID_BELIEF
detour,1,10,7,11,7,1,0,1,RIGHT,RIGHT,True,False,9,9,0,0.0,False,False,True,0,ADEQUATE
detour,1,11,7,10,7,-1,0,1,RIGHT,RIGHT,True,False,8,8,0,0.0,False,False,True,0,ADEQUATE
detour,1,11,7,11,6,0,-1,1,RIGHT,DOWN,True,True,8,9,1,0.125,True,False,False,0,COLLISION
detour,1,11,7,11,8,0,1,1,RIGHT,NONE,False,True,8,,,,False,False,False,0,INVALID_BELIEF
detour,1,11,7,12,7,1,0,1,RIGHT,RIGHT,True,False,8,8,0,0.0,False,False,True,0,ADEQUATE
detour,1,12,7,11,7,-1,0,1,RIGHT,RIGHT,True,False,7,7,0,0.0,False,False,True,0,ADEQUATE
detour,1,12,7,12,6,0,-1,1,RIGHT,NONE,False,True,7,,,,False,False,False,0,INVALID_BELIEF
detour,1,12,7,12,8,0,1,1,RIGHT,NONE,False,True,7,,,,False,False,False,0,INVALID_BELIEF
detour,1,12,7,13,7,1,0,1,RIGHT,UP,True,True,7,8,1,0.14285714285714285,True,False,False,0,COLLISION
detour,1,13,7,12,7,-1,0,1,UP,RIGHT,True,True,6,7,1,0.16666666666666666,True,False,False,0,COLLISION
detour,1,13,7,13,6,0,-1,1,UP,UP,True,False,6,6,0,0.0,False,False,True,0,ADEQUATE
detour,1,13,7,13,8,0,1,1,UP,NONE,False,True,6,,,,False,False,False,0,INVALID_BELIEF
detour,1,13,7,14,7,1,0,1,UP,NONE,False,True,6,,,,False,False,False,0,INVALID_BELIEF
detour,2,1,1,-1,1,-2,0,2,RIGHT,NONE,False,True,24,,,,False,False,False,0,INVALID_BELIEF
detour,2,1,1,0,0,-1,-1,2,RIGHT,NONE,False,True,24,,,,False,False,False,0,INVALID_BELIEF
detour,2,1,1,0,2,-1,1,2,RIGHT,NONE,False,True,24,,,,False,False,False,0,INVALID_BELIEF
detour,2,1,1,1,-1,0,-2,2,RIGHT,NONE,False,True,24,,,,False,False,False,0,INVALID_BELIEF
detour,2,1,1,1,3,0,2,2,RIGHT,RIGHT,True,False,24,24,0,0.0,False,False,True,0,ADEQUATE
detour,2,1,1,2,0,1,-1,2,RIGHT,NONE,False,True,24,,,,False,False,False,0,INVALID_BELIEF
detour,2,1,1,2,2,1,1,2,RIGHT,NONE,False,True,24,,,,False,False,False,0,INVALID_BELIEF
detour,2,1,1,3,1,2,0,2,RIGHT,RIGHT,True,False,24,24,0,0.0,False,False,True,0,ADEQUATE
detour,2,2,1,0,1,-2,0,2,RIGHT,NONE,False,True,23,,,,False,False,False,0,INVALID_BELIEF
detour,2,2,1,1,0,-1,-1,2,RIGHT,NONE,False,True,23,,,,False,False,False,0,INVALID_BELIEF
detour,2,2,1,1,2,-1,1,2,RIGHT,DOWN,True,True,23,24,1,0.043478260869565216,True,False,False,0,COLLISION
detour,2,2,1,2,-1,0,-2,2,RIGHT,NONE,False,True,23,,,,False,False,False,0,INVALID_BELIEF
detour,2,2,1,2,3,0,2,2,RIGHT,RIGHT,True,False,23,23,0,0.0,False,False,True,0,ADEQUATE
detour,2,2,1,3,0,1,-1,2,RIGHT,NONE,False,True,23,,,,False,False,False,0,INVALID_BELIEF
detour,2,2,1,3,2,1,1,2,RIGHT,NONE,False,True,23,,,,False,False,False,0,INVALID_BELIEF
detour,2,2,1,4,1,2,0,2,RIGHT,RIGHT,True,False,23,23,0,0.0,False,False,True,0,ADEQUATE
detour,2,3,1,1,1,-2,0,2,RIGHT,RIGHT,True,False,22,22,0,0.0,False,False,True,0,ADEQUATE
detour,2,3,1,2,0,-1,-1,2,RIGHT,NONE,False,True,22,,,,False,False,False,0,INVALID_BELIEF
detour,2,3,1,2,2,-1,1,2,RIGHT,NONE,False,True,22,,,,False,False,False,0,INVALID_BELIEF
detour,2,3,1,3,-1,0,-2,2,RIGHT,NONE,False,True,22,,,,False,False,False,0,INVALID_BELIEF
detour,2,3,1,3,3,0,2,2,RIGHT,RIGHT,True,False,22,22,0,0.0,False,False,True,0,ADEQUATE
detour,2,3,1,4,0,1,-1,2,RIGHT,NONE,False,True,22,,,,False,False,False,0,INVALID_BELIEF
detour,2,3,1,4,2,1,1,2,RIGHT,NONE,False,True,22,,,,False,False,False,0,INVALID_BELIEF
detour,2,3,1,5,1,2,0,2,RIGHT,RIGHT,True,False,22,22,0,0.0,False,False,True,0,ADEQUATE
detour,2,4,1,2,1,-2,0,2,RIGHT,RIGHT,True,False,21,21,0,0.0,False,False,True,0,ADEQUATE
detour,2,4,1,3,0,-1,-1,2,RIGHT,NONE,False,True,21,,,,False,False,False,0,INVALID_BELIEF
detour,2,4,1,3,2,-1,1,2,RIGHT,NONE,False,True,21,,,,False,False,False,0,INVALID_BELIEF
detour,2,4,1,4,-1,0,-2,2,RIGHT,NONE,False,True,21,,,,False,False,False,0,INVALID_BELIEF
detour,2,4,1,4,3,0,2,2,RIGHT,RIGHT,True,False,21,21,0,0.0,False,False,True,0,ADEQUATE
detour,2,4,1,5,0,1,-1,2,RIGHT,NONE,False,True,21,,,,False,False,False,0,INVALID_BELIEF
detour,2,4,1,5,2,1,1,2,RIGHT,NONE,False,True,21,,,,False,False,False,0,INVALID_BELIEF
detour,2,4,1,6,1,2,0,2,RIGHT,RIGHT,True,False,21,21,0,0.0,False,False,True,0,ADEQUATE
detour,2,5,1,3,1,-2,0,2,RIGHT,RIGHT,True,False,20,20,0,0.0,False,False,True,0,ADEQUATE
detour,2,5,1,4,0,-1,-1,2,RIGHT,NONE,False,True,20,,,,False,False,False,0,INVALID_BELIEF
detour,2,5,1,4,2,-1,1,2,RIGHT,NONE,False,True,20,,,,False,False,False,0,INVALID_BELIEF
detour,2,5,1,5,-1,0,-2,2,RIGHT,NONE,False,True,20,,,,False,False,False,0,INVALID_BELIEF
detour,2,5,1,5,3,0,2,2,RIGHT,DOWN,True,True,20,21,1,0.05,True,False,False,0,COLLISION
detour,2,5,1,6,0,1,-1,2,RIGHT,NONE,False,True,20,,,,False,False,False,0,INVALID_BELIEF
detour,2,5,1,6,2,1,1,2,RIGHT,NONE,False,True,20,,,,False,False,False,0,INVALID_BELIEF
detour,2,5,1,7,1,2,0,2,RIGHT,DOWN,True,True,20,21,1,0.05,True,False,False,0,COLLISION
detour,2,6,1,4,1,-2,0,2,RIGHT,RIGHT,True,False,19,19,0,0.0,False,False,True,0,ADEQUATE
detour,2,6,1,5,0,-1,-1,2,RIGHT,NONE,False,True,19,,,,False,False,False,0,INVALID_BELIEF
detour,2,6,1,5,2,-1,1,2,RIGHT,NONE,False,True,19,,,,False,False,False,0,INVALID_BELIEF
detour,2,6,1,6,-1,0,-2,2,RIGHT,NONE,False,True,19,,,,False,False,False,0,INVALID_BELIEF
detour,2,6,1,6,3,0,2,2,RIGHT,NONE,False,True,19,,,,False,False,False,0,INVALID_BELIEF
detour,2,6,1,7,0,1,-1,2,RIGHT,NONE,False,True,19,,,,False,False,False,0,INVALID_BELIEF
detour,2,6,1,7,2,1,1,2,RIGHT,DOWN,True,True,19,20,1,0.05263157894736842,True,False,False,0,COLLISION
detour,2,6,1,8,1,2,0,2,RIGHT,NONE,False,True,19,,,,False,False,False,0,INVALID_BELIEF
detour,2,7,1,5,1,-2,0,2,DOWN,RIGHT,True,True,18,19,1,0.05555555555555555,True,False,False,0,COLLISION
detour,2,7,1,6,0,-1,-1,2,DOWN,NONE,False,True,18,,,,False,False,False,0,INVALID_BELIEF
detour,2,7,1,6,2,-1,1,2,DOWN,NONE,False,True,18,,,,False,False,False,0,INVALID_BELIEF
detour,2,7,1,7,-1,0,-2,2,DOWN,NONE,False,True,18,,,,False,False,False,0,INVALID_BELIEF
detour,2,7,1,7,3,0,2,2,DOWN,DOWN,True,False,18,18,0,0.0,False,False,True,0,ADEQUATE
detour,2,7,1,8,0,1,-1,2,DOWN,NONE,False,True,18,,,,False,False,False,0,INVALID_BELIEF
detour,2,7,1,8,2,1,1,2,DOWN,NONE,False,True,18,,,,False,False,False,0,INVALID_BELIEF
detour,2,7,1,9,1,2,0,2,DOWN,RIGHT,True,True,18,19,1,0.05555555555555555,True,False,False,0,COLLISION
detour,2,9,1,7,1,-2,0,2,RIGHT,DOWN,True,True,4,6,2,0.5,False,False,False,0,INADEQUATE
detour,2,9,1,8,0,-1,-1,2,RIGHT,NONE,False,True,4,,,,False,False,False,0,INVALID_BELIEF
detour,2,9,1,8,2,-1,1,2,RIGHT,NONE,False,True,4,,,,False,False,False,0,INVALID_BELIEF
detour,2,9,1,9,-1,0,-2,2,RIGHT,NONE,False,True,4,,,,False,False,False,0,INVALID_BELIEF
detour,2,9,1,9,3,0,2,2,RIGHT,UP,True,True,4,5,1,0.25,True,False,False,0,COLLISION
detour,2,9,1,10,0,1,-1,2,RIGHT,NONE,False,True,4,,,,False,False,False,0,INVALID_BELIEF
detour,2,9,1,10,2,1,1,2,RIGHT,NONE,False,True,4,,,,False,False,False,0,INVALID_BELIEF
detour,2,9,1,11,1,2,0,2,RIGHT,RIGHT,True,False,4,4,0,0.0,False,False,True,0,ADEQUATE
detour,2,10,1,8,1,-2,0,2,RIGHT,NONE,False,True,3,,,,False,False,False,0,INVALID_BELIEF
detour,2,10,1,9,0,-1,-1,2,RIGHT,NONE,False,True,3,,,,False,False,False,0,INVALID_BELIEF
detour,2,10,1,9,2,-1,1,2,RIGHT,UP,True,True,3,4,1,0.3333333333333333,True,False,False,0,COLLISION
detour,2,10,1,10,-1,0,-2,2,RIGHT,NONE,False,True,3,,,,False,False,False,0,INVALID_BELIEF
detour,2,10,1,10,3,0,2,2,RIGHT,LEFT,True,True,3,5,2,0.6666666666666666,False,False,False,0,INADEQUATE
detour,2,10,1,11,0,1,-1,2,RIGHT,NONE,False,True,3,,,,False,False,False,0,INVALID_BELIEF
detour,2,10,1,11,2,1,1,2,RIGHT,NONE,False,True,3,,,,False,False,False,0,INVALID_BELIEF
detour,2,10,1,12,1,2,0,2,RIGHT,RIGHT,True,False,3,3,0,0.0,False,False,True,0,ADEQUATE
detour,2,11,1,9,1,-2,0,2,RIGHT,RIGHT,True,False,2,2,0,0.0,False,False,True,0,ADEQUATE
detour,2,11,1,10,0,-1,-1,2,RIGHT,NONE,False,True,2,,,,False,False,False,0,INVALID_BELIEF
detour,2,11,1,10,2,-1,1,2,RIGHT,NONE,False,True,2,,,,False,False,False,0,INVALID_BELIEF
detour,2,11,1,11,-1,0,-2,2,RIGHT,NONE,False,True,2,,,,False,False,False,0,INVALID_BELIEF
detour,2,11,1,11,3,0,2,2,RIGHT,LEFT,True,True,2,4,2,1.0,False,False,False,0,INADEQUATE
detour,2,11,1,12,0,1,-1,2,RIGHT,NONE,False,True,2,,,,False,False,False,0,INVALID_BELIEF
detour,2,11,1,12,2,1,1,2,RIGHT,NONE,False,True,2,,,,False,False,False,0,INVALID_BELIEF
detour,2,11,1,13,1,2,0,2,RIGHT,NONE,True,True,2,,,,False,True,False,0,FALSE_TERMINAL
detour,2,12,1,10,1,-2,0,2,RIGHT,RIGHT,True,False,1,1,0,0.0,False,False,True,0,ADEQUATE
detour,2,12,1,11,0,-1,-1,2,RIGHT,NONE,False,True,1,,,,False,False,False,0,INVALID_BELIEF
detour,2,12,1,11,2,-1,1,2,RIGHT,NONE,False,True,1,,,,False,False,False,0,INVALID_BELIEF
detour,2,12,1,12,-1,0,-2,2,RIGHT,NONE,False,True,1,,,,False,False,False,0,INVALID_BELIEF
detour,2,12,1,12,3,0,2,2,RIGHT,NONE,False,True,1,,,,False,False,False,0,INVALID_BELIEF
detour,2,12,1,13,0,1,-1,2,RIGHT,NONE,False,True,1,,,,False,False,False,0,INVALID_BELIEF
detour,2,12,1,13,2,1,1,2,RIGHT,UP,True,True,1,2,1,1.0,True,False,False,0,COLLISION
detour,2,12,1,14,1,2,0,2,RIGHT,NONE,False,True,1,,,,False,False,False,0,INVALID_BELIEF
detour,2,1,2,-1,2,-2,0,2,DOWN,NONE,False,True,23,,,,False,False,False,0,INVALID_BELIEF
detour,2,1,2,0,1,-1,-1,2,DOWN,NONE,False,True,23,,,,False,False,False,0,INVALID_BELIEF
detour,2,1,2,0,3,-1,1,2,DOWN,NONE,False,True,23,,,,False,False,False,0,INVALID_BELIEF
detour,2,1,2,1,0,0,-2,2,DOWN,NONE,False,True,23,,,,False,False,False,0,INVALID_BELIEF
detour,2,1,2,1,4,0,2,2,DOWN,NONE,False,True,23,,,,False,False,False,0,INVALID_BELIEF
detour,2,1,2,2,1,1,-1,2,DOWN,RIGHT,True,True,23,24,1,0.043478260869565216,True,False,False,0,COLLISION
detour,2,1,2,2,3,1,1,2,DOWN,RIGHT,True,True,23,24,1,0.043478260869565216,True,False,False,0,COLLISION
detour,2,1,2,3,2,2,0,2,DOWN,NONE,False,True,23,,,,False,False,False,0,INVALID_BELIEF
detour,2,7,2,5,2,-2,0,2,DOWN,NONE,False,True,17,,,,False,False,False,0,INVALID_BELIEF
detour,2,7,2,6,1,-1,-1,2,DOWN,RIGHT,True,True,17,18,1,0.058823529411764705,True,False,False,0,COLLISION
detour,2,7,2,6,3,-1,1,2,DOWN,NONE,False,True,17,,,,False,False,False,0,INVALID_BELIEF
detour,2,7,2,7,0,0,-2,2,DOWN,NONE,False,True,17,,,,False,False,False,0,INVALID_BELIEF
detour,2,7,2,7,4,0,2,2,DOWN,DOWN,True,False,17,17,0,0.0,False,False,True,0,ADEQUATE
detour,2,7,2,8,1,1,-1,2,DOWN,NONE,False,True,17,,,,False,False,False,0,INVALID_BELIEF
detour,2,7,2,8,3,1,1,2,DOWN,NONE,False,True,17,,,,False,False,False,0,INVALID_BELIEF
detour,2,7,2,9,2,2,0,2,DOWN,UP,True,True,17,19,2,0.11764705882352941,False,False,False,0,INADEQUATE
detour,2,9,2,7,2,-2,0,2,UP,DOWN,True,True,5,7,2,0.4,False,False,False,0,INADEQUATE
detour,2,9,2,8,1,-1,-1,2,UP,NONE,False,True,5,,,,False,False,False,0,INVALID_BELIEF
detour,2,9,2,8,3,-1,1,2,UP,NONE,False,True,5,,,,False,False,False,0,INVALID_BELIEF
detour,2,9,2,9,0,0,-2,2,UP,NONE,False,True,5,,,,False,False,False,0,INVALID_BELIEF
detour,2,9,2,9,4,0,2,2,UP,NONE,False,True,5,,,,False,False,False,0,INVALID_BELIEF
detour,2,9,2,10,1,1,-1,2,UP,RIGHT,True,True,5,6,1,0.2,True,False,False,0,COLLISION
detour,2,9,2,10,3,1,1,2,UP,LEFT,True,True,5,6,1,0.2,True,False,False,0,COLLISION
detour,2,9,2,11,2,2,0,2,UP,NONE,False,True,5,,,,False,False,False,0,INVALID_BELIEF
detour,2,13,2,11,2,-2,0,2,UP,NONE,False,True,1,,,,False,False,False,0,INVALID_BELIEF
detour,2,13,2,12,1,-1,-1,2,UP,RIGHT,True,True,1,2,1,1.0,True,False,False,0,COLLISION
detour,2,13,2,12,3,-1,1,2,UP,NONE,False,True,1,,,,False,False,False,0,INVALID_BELIEF
detour,2,13,2,13,0,0,-2,2,UP,NONE,False,True,1,,,,False,False,False,0,INVALID_BELIEF
detour,2,13,2,13,4,0,2,2,UP,UP,True,False,1,1,0,0.0,False,False,True,0,ADEQUATE
detour,2,13,2,14,1,1,-1,2,UP,NONE,False,True,1,,,,False,False,False,0,INVALID_BELIEF
detour,2,13,2,14,3,1,1,2,UP,NONE,False,True,1,,,,False,False,False,0,INVALID_BELIEF
detour,2,13,2,15,2,2,0,2,UP,NONE,False,True,1,,,,False,False,False,0,INVALID_BELIEF
detour,2,1,3,-1,3,-2,0,2,RIGHT,NONE,False,True,22,,,,False,False,False,0,INVALID_BELIEF
detour,2,1,3,0,2,-1,-1,2,RIGHT,NONE,False,True,22,,,,False,False,False,0,INVALID_BELIEF
detour,2,1,3,0,4,-1,1,2,RIGHT,NONE,False,True,22,,,,False,False,False,0,INVALID_BELIEF
detour,2,1,3,1,1,0,-2,2,RIGHT,RIGHT,True,False,22,22,0,0.0,False,False,True,0,ADEQUATE
detour,2,1,3,1,5,0,2,2,RIGHT,DOWN,True,True,22,23,1,0.045454545454545456,True,False,False,0,COLLISION
detour,2,1,3,2,2,1,-1,2,RIGHT,NONE,False,True,22,,,,False,False,False,0,INVALID_BELIEF
detour,2,1,3,2,4,1,1,2,RIGHT,NONE,False,True,22,,,,False,False,False,0,INVALID_BELIEF
detour,2,1,3,3,3,2,0,2,RIGHT,RIGHT,True,False,22,22,0,0.0,False,False,True,0,ADEQUATE
detour,2,2,3,0,3,-2,0,2,RIGHT,NONE,False,True,21,,,,False,False,False,0,INVALID_BELIEF
detour,2,2,3,1,2,-1,-1,2,RIGHT,DOWN,True,True,21,22,1,0.047619047619047616,True,False,False,0,COLLISION
detour,2,2,3,1,4,-1,1,2,RIGHT,NONE,False,True,21,,,,False,False,False,0,INVALID_BELIEF
detour,2,2,3,2,1,0,-2,2,RIGHT,RIGHT,True,False,21,21,0,0.0,False,False,True,0,ADEQUATE
detour,2,2,3,2,5,0,2,2,RIGHT,LEFT,True,True,21,23,2,0.09523809523809523,False,False,False,0,INADEQUATE
detour,2,2,3,3,2,1,-1,2,RIGHT,NONE,False,True,21,,,,False,False,False,0,INVALID_BELIEF
detour,2,2,3,3,4,1,1,2,RIGHT,UP,True,True,21,22,1,0.047619047619047616,True,False,False,0,COLLISION
detour,2,2,3,4,3,2,0,2,RIGHT,RIGHT,True,False,21,21,0,0.0,False,False,True,0,ADEQUATE
detour,2,3,3,1,3,-2,0,2,RIGHT,RIGHT,True,False,20,20,0,0.0,False,False,True,0,ADEQUATE
detour,2,3,3,2,2,-1,-1,2,RIGHT,NONE,False,True,20,,,,False,False,False,0,INVALID_BELIEF
detour,2,3,3,2,4,-1,1,2,RIGHT,NONE,False,True,20,,,,False,False,False,0,INVALID_BELIEF
detour,2,3,3,3,1,0,-2,2,RIGHT,RIGHT,True,False,20,20,0,0.0,False,False,True,0,ADEQUATE
detour,2,3,3,3,5,0,2,2,RIGHT,UP,True,True,20,21,1,0.05,True,False,False,0,COLLISION
detour,2,3,3,4,2,1,-1,2,RIGHT,NONE,False,True,20,,,,False,False,False,0,INVALID_BELIEF
detour,2,3,3,4,4,1,1,2,RIGHT,NONE,False,True,20,,,,False,False,False,0,INVALID_BELIEF
detour,2,3,3,5,3,2,0,2,RIGHT,DOWN,True,True,20,22,2,0.1,False,False,False,0,INADEQUATE
detour,2,4,3,2,3,-2,0,2,RIGHT,RIGHT,True,False,19,19,0,0.0,False,False,True,0,ADEQUATE
detour,2,4,3,3,2,-1,-1,2,RIGHT,NONE,False,True,19,,,,False,False,False,0,INVALID_BELIEF
detour,2,4,3,3,4,-1,1,2,RIGHT,UP,True,True,19,20,1,0.05263157894736842,True,False,False,0,COLLISION
detour,2,4,3,4,1,0,-2,2,RIGHT,RIGHT,True,False,19,19,0,0.0,False,False,True,0,ADEQUATE
detour,2,4,3,4,5,0,2,2,RIGHT,NONE,False,True,19,,,,False,False,False,0,INVALID_BELIEF
detour,2,4,3,5,2,1,-1,2,RIGHT,NONE,False,True,19,,,,False,False,False,0,INVALID_BELIEF
detour,2,4,3,5,4,1,1,2,RIGHT,DOWN,True,True,19,20,1,0.05263157894736842,True,False,False,0,COLLISION
detour,2,4,3,6,3,2,0,2,RIGHT,NONE,False,True,19,,,,False,False,False,0,INVALID_BELIEF
detour,2,5,3,3,3,-2,0,2,DOWN,RIGHT,True,True,18,19,1,0.05555555555555555,True,False,False,0,COLLISION
detour,2,5,3,4,2,-1,-1,2,DOWN,NONE,False,True,18,,,,False,False,False,0,INVALID_BELIEF
detour,2,5,3,4,4,-1,1,2,DOWN,NONE,False,True,18,,,,False,False,False,0,INVALID_BELIEF
detour,2,5,3,5,1,0,-2,2,DOWN,RIGHT,True,True,18,19,1,0.05555555555555555,True,False,False,0,COLLISION
detour,2,5,3,5,5,0,2,2,DOWN,DOWN,True,False,18,18,0,0.0,False,False,True,0,ADEQUATE
detour,2,5,3,6,2,1,-1,2,DOWN,NONE,False,True,18,,,,False,False,False,0,INVALID_BELIEF
detour,2,5,3,6,4,1,1,2,DOWN,NONE,False,True,18,,,,False,False,False,0,INVALID_BELIEF
detour,2,5,3,7,3,2,0,2,DOWN,DOWN,True,False,18,18,0,0.0,False,False,True,0,ADEQUATE
detour,2,7,3,5,3,-2,0,2,DOWN,DOWN,True,False,16,16,0,0.0,False,False,True,0,ADEQUATE
detour,2,7,3,6,2,-1,-1,2,DOWN,NONE,False,True,16,,,,False,False,False,0,INVALID_BELIEF
detour,2,7,3,6,4,-1,1,2,DOWN,NONE,False,True,16,,,,False,False,False,0,INVALID_BELIEF
detour,2,7,3,7,1,0,-2,2,DOWN,DOWN,True,False,16,16,0,0.0,False,False,True,0,ADEQUATE
detour,2,7,3,7,5,0,2,2,DOWN,RIGHT,True,True,16,17,1,0.0625,True,False,False,0,COLLISION
detour,2,7,3,8,2,1,-1,2,DOWN,NONE,False,True,16,,,,False,False,False,0,INVALID_BELIEF
detour,2,7,3,8,4,1,1,2,DOWN,NONE,False,True,16,,,,False,False,False,0,INVALID_BELIEF
detour,2,7,3,9,3,2,0,2,DOWN,UP,True,True,16,18,2,0.125,False,False,False,0,INADEQUATE
detour,2,9,3,7,3,-2,0,2,UP,DOWN,True,True,6,7,1,0.16666666666666666,True,False,False,0,COLLISION
detour,2,9,3,8,2,-1,-1,2,UP,NONE,False,True,6,,,,False,False,False,0,INVALID_BELIEF
detour,2,9,3,8,4,-1,1,2,UP,NONE,False,True,6,,,,False,False,False,0,INVALID_BELIEF
detour,2,9,3,9,1,0,-2,2,UP,RIGHT,True,True,6,8,2,0.3333333333333333,False,False,False,0,INADEQUATE
detour,2,9,3,9,5,0,2,2,UP,RIGHT,True,True,6,8,2,0.3333333333333333,False,False,False,0,INADEQUATE
detour,2,9,3,10,2,1,-1,2,UP,NONE,False,True,6,,,,False,False,False,0,INVALID_BELIEF
detour,2,9,3,10,4,1,1,2,UP,NONE,False,True,6,,,,False,False,False,0,INVALID_BELIEF
detour,2,9,3,11,3,2,0,2,UP,LEFT,True,True,6,7,1,0.16666666666666666,True,False,False,0,COLLISION
detour,2,10,3,8,3,-2,0,2,LEFT,NONE,False,True,7,,,,False,False,False,0,INVALID_BELIEF
detour,2,10,3,9,2,-1,-1,2,LEFT,UP,True,True,7,8,1,0.14285714285714285,True,False,False,0,COLLISION
detour,2,10,3,9,4,-1,1,2,LEFT,NONE,False,True,7,,,,False,False,False,0,INVALID_BELIEF
detour,2,10,3,10,1,0,-2,2,LEFT,RIGHT,True,True,7,9,2,0.2857142857142857,False,False,False,0,INADEQUATE
detour,2,10,3,10,5,0,2,2,LEFT,RIGHT,True,True,7,9,2,0.2857142857142857,False,False,False,0,INADEQUATE
detour,2,10,3,11,2,1,-1,2,LEFT,NONE,False,True,7,,,,False,False,False,0,INVALID_BELIEF
detour,2,10,3,11,4,1,1,2,LEFT,UP,True,True,7,8,1,0.14285714285714285,True,False,False,0,COLLISION
detour,2,10,3,12,3,2,0,2,LEFT,NONE,False,True,7,,,,False,False,False,0,INVALID_BELIEF
detour,2,11,3,9,3,-2,0,2,LEFT,UP,True,True,8,9,1,0.125,True,False,False,0,COLLISION
detour,2,11,3,10,2,-1,-1,2,LEFT,NONE,False,True,8,,,,False,False,False,0,INVALID_BELIEF
detour,2,11,3,10,4,-1,1,2,LEFT,NONE,False,True,8,,,,False,False,False,0,INVALID_BELIEF
detour,2,11,3,11,1,0,-2,2,LEFT,RIGHT,True,True,8,9,1,0.125,True,False,False,0,COLLISION
detour,2,11,3,11,5,0,2,2,LEFT,UP,True,True,8,9,1,0.125,True,False,False,0,COLLISION
detour,2,11,3,12,2,1,-1,2,LEFT,NONE,False,True,8,,,,False,False,False,0,INVALID_BELIEF
detour,2,11,3,12,4,1,1,2,LEFT,NONE,False,True,8,,,,False,False,False,0,INVALID_BELIEF
detour,2,11,3,13,3,2,0,2,LEFT,UP,True,True,8,9,1,0.125,True,False,False,0,COLLISION
detour,2,13,3,11,3,-2,0,2,UP,LEFT,True,True,2,3,1,0.5,True,False,False,0,COLLISION
detour,2,13,3,12,2,-1,-1,2,UP,NONE,False,True,2,,,,False,False,False,0,INVALID_BELIEF
detour,2,13,3,12,4,-1,1,2,UP,NONE,False,True,2,,,,False,False,False,0,INVALID_BELIEF
detour,2,13,3,13,1,0,-2,2,UP,NONE,True,True,2,,,,False,True,False,0,FALSE_TERMINAL
detour,2,13,3,13,5,0,2,2,UP,UP,True,False,2,2,0,0.0,False,False,True,0,ADEQUATE
detour,2,13,3,14,2,1,-1,2,UP,NONE,False,True,2,,,,False,False,False,0,INVALID_BELIEF
detour,2,13,3,14,4,1,1,2,UP,NONE,False,True,2,,,,False,False,False,0,INVALID_BELIEF
detour,2,13,3,15,3,2,0,2,UP,NONE,False,True,2,,,,False,False,False,0,INVALID_BELIEF
detour,2,3,4,1,4,-2,0,2,UP,NONE,False,True,21,,,,False,False,False,0,INVALID_BELIEF
detour,2,3,4,2,3,-1,-1,2,UP,RIGHT,True,True,21,22,1,0.047619047619047616,True,False,False,0,COLLISION
detour,2,3,4,2,5,-1,1,2,UP,LEFT,True,True,21,22,1,0.047619047619047616,True,False,False,0,COLLISION
detour,2,3,4,3,2,0,-2,2,UP,NONE,False,True,21,,,,False,False,False,0,INVALID_BELIEF
detour,2,3,4,3,6,0,2,2,UP,NONE,False,True,21,,,,False,False,False,0,INVALID_BELIEF
detour,2,3,4,4,3,1,-1,2,UP,RIGHT,True,True,21,22,1,0.047619047619047616,True,False,False,0,COLLISION
detour,2,3,4,4,5,1,1,2,UP,NONE,False,True,21,,,,False,False,False,0,INVALID_BELIEF
detour,2,3,4,5,4,2,0,2,UP,DOWN,True,True,21,23,2,0.09523809523809523,False,False,False,0,INADEQUATE
detour,2,5,4,3,4,-2,0,2,DOWN,UP,True,True,17,19,2,0.11764705882352941,False,False,False,0,INADEQUATE
detour,2,5,4,4,3,-1,-1,2,DOWN,RIGHT,True,True,17,18,1,0.058823529411764705,True,False,False,0,COLLISION
detour,2,5,4,4,5,-1,1,2,DOWN,NONE,False,True,17,,,,False,False,False,0,INVALID_BELIEF
detour,2,5,4,5,2,0,-2,2,DOWN,NONE,False,True,17,,,,False,False,False,0,INVALID_BELIEF
detour,2,5,4,5,6,0,2,2,DOWN,DOWN,True,False,17,17,0,0.0,False,False,True,0,ADEQUATE
detour,2,5,4,6,3,1,-1,2,DOWN,NONE,False,True,17,,,,False,False,False,0,INVALID_BELIEF
detour,2,5,4,6,5,1,1,2,DOWN,NONE,False,True,17,,,,False,False,False,0,INVALID_BELIEF
detour,2,5,4,7,4,2,0,2,DOWN,DOWN,True,False,17,17,0,0.0,False,False,True,0,ADEQUATE
detour,2,7,4,5,4,-2,0,2,DOWN,DOWN,True,False,15,15,0,0.0,False,False,True,0,ADEQUATE
detour,2,7,4,6,3,-1,-1,2,DOWN,NONE,False,True,15,,,,False,False,False,0,INVALID_BELIEF
detour,2,7,4,6,5,-1,1,2,DOWN,NONE,False,True,15,,,,False,False,False,0,INVALID_BELIEF
detour,2,7,4,7,2,0,-2,2,DOWN,DOWN,True,False,15,15,0,0.0,False,False,True,0,ADEQUATE
detour,2,7,4,7,6,0,2,2,DOWN,NONE,False,True,15,,,,False,False,False,0,INVALID_BELIEF
detour,2,7,4,8,3,1,-1,2,DOWN,NONE,False,True,15,,,,False,False,False,0,INVALID_BELIEF
detour,2,7,4,8,5,1,1,2,DOWN,RIGHT,True,True,15,16,1,0.06666666666666667,True,False,False,0,COLLISION
detour,2,7,4,9,4,2,0,2,DOWN,NONE,False,True,15,,,,False,False,False,0,INVALID_BELIEF
detour,2,11,4,9,4,-2,0,2,UP,NONE,False,True,9,,,,False,False,False,0,INVALID_BELIEF
detour,2,11,4,10,3,-1,-1,2,UP,LEFT,True,True,9,10,1,0.1111111111111111,True,False,False,0,COLLISION
detour,2,11,4,10,5,-1,1,2,UP,RIGHT,True,True,9,10,1,0.1111111111111111,True,False,False,0,COLLISION
detour,2,11,4,11,2,0,-2,2,UP,NONE,False,True,9,,,,False,False,False,0,INVALID_BELIEF
detour,2,11,4,11,6,0,2,2,UP,DOWN,True,True,9,11,2,0.2222222222222222,False,False,False,0,INADEQUATE
detour,2,11,4,12,3,1,-1,2,UP,NONE,False,True,9,,,,False,False,False,0,INVALID_BELIEF
detour,2,11,4,12,5,1,1,2,UP,NONE,False,True,9,,,,False,False,False,0,INVALID_BELIEF
detour,2,11,4,13,4,2,0,2,UP,UP,True,False,9,9,0,0.0,False,False,True,0,ADEQUATE
detour,2,13,4,11,4,-2,0,2,UP,UP,True,False,3,3,0,0.0,False,False,True,0,ADEQUATE
detour,2,13,4,12,3,-1,-1,2,UP,NONE,False,True,3,,,,False,False,False,0,INVALID_BELIEF
detour,2,13,4,12,5,-1,1,2,UP,NONE,False,True,3,,,,False,False,False,0,INVALID_BELIEF
detour,2,13,4,13,2,0,-2,2,UP,UP,True,False,3,3,0,0.0,False,False,True,0,ADEQUATE
detour,2,13,4,13,6,0,2,2,UP,UP,True,False,3,3,0,0.0,False,False,True,0,ADEQUATE
detour,2,13,4,14,3,1,-1,2,UP,NONE,False,True,3,,,,False,False,False,0,INVALID_BELIEF
detour,2,13,4,14,5,1,1,2,UP,NONE,False,True,3,,,,False,False,False,0,INVALID_BELIEF
detour,2,13,4,15,4,2,0,2,UP,NONE,False,True,3,,,,False,False,False,0,INVALID_BELIEF
detour,2,1,5,-1,5,-2,0,2,DOWN,NONE,False,True,20,,,,False,False,False,0,INVALID_BELIEF
detour,2,1,5,0,4,-1,-1,2,DOWN,NONE,False,True,20,,,,False,False,False,0,INVALID_BELIEF
detour,2,1,5,0,6,-1,1,2,DOWN,NONE,False,True,20,,,,False,False,False,0,INVALID_BELIEF
detour,2,1,5,1,3,0,-2,2,DOWN,RIGHT,True,True,20,22,2,0.1,False,False,False,0,INADEQUATE
detour,2,1,5,1,7,0,2,2,DOWN,RIGHT,True,True,20,22,2,0.1,False,False,False,0,INADEQUATE
detour,2,1,5,2,4,1,-1,2,DOWN,NONE,False,True,20,,,,False,False,False,0,INVALID_BELIEF
detour,2,1,5,2,6,1,1,2,DOWN,NONE,False,True,20,,,,False,False,False,0,INVALID_BELIEF
detour,2,1,5,3,5,2,0,2,DOWN,UP,True,True,20,21,1,0.05,True,False,False,0,COLLISION
detour,2,2,5,0,5,-2,0,2,LEFT,NONE,False,True,21,,,,False,False,False,0,INVALID_BELIEF
detour,2,2,5,1,4,-1,-1,2,LEFT,NONE,False,True,21,,,,False,False,False,0,INVALID_BELIEF
detour,2,2,5,1,6,-1,1,2,LEFT,DOWN,True,True,21,22,1,0.047619047619047616,True,False,False,0,COLLISION
detour,2,2,5,2,3,0,-2,2,LEFT,RIGHT,True,True,21,23,2,0.09523809523809523,False,False,False,0,INADEQUATE
detour,2,2,5,2,7,0,2,2,LEFT,RIGHT,True,True,21,23,2,0.09523809523809523,False,False,False,0,INADEQUATE
detour,2,2,5,3,4,1,-1,2,LEFT,UP,True,True,21,22,1,0.047619047619047616,True,False,False,0,COLLISION
detour,2,2,5,3,6,1,1,2,LEFT,NONE,False,True,21,,,,False,False,False,0,INVALID_BELIEF
detour,2,2,5,4,5,2,0,2,LEFT,NONE,False,True,21,,,,False,False,False,0,INVALID_BELIEF
detour,2,3,5,1,5,-2,0,2,UP,DOWN,True,True,22,23,1,0.045454545454545456,True,False,False,0,COLLISION
detour,2,3,5,2,4,-1,-1,2,UP,NONE,False,True,22,,,,False,False,False,0,INVALID_BELIEF
detour,2,3,5,2,6,-1,1,2,UP,NONE,False,True,22,,,,False,False,False,0,INVALID_BELIEF
detour,2,3,5,3,3,0,-2,2,UP,RIGHT,True,True,22,23,1,0.045454545454545456,True,False,False,0,COLLISION
detour,2,3,5,3,7,0,2,2,UP,RIGHT,True,True,22,23,1,0.045454545454545456,True,False,False,0,COLLISION
detour,2,3,5,4,4,1,-1,2,UP,NONE,False,True,22,,,,False,False,False,0,INVALID_BELIEF
detour,2,3,5,4,6,1,1,2,UP,NONE,False,True,22,,,,False,False,False,0,INVALID_BELIEF
detour,2,3,5,5,5,2,0,2,UP,DOWN,True,True,22,23,1,0.045454545454545456,True,False,False,0,COLLISION
detour,2,5,5,3,5,-2,0,2,DOWN,UP,True,True,16,18,2,0.125,False,False,False,0,INADEQUATE
detour,2,5,5,4,4,-1,-1,2,DOWN,NONE,False,True,16,,,,False,False,False,0,INVALID_BELIEF
detour,2,5,5,4,6,-1,1,2,DOWN,NONE,False,True,16,,,,False,False,False,0,INVALID_BELIEF
detour,2,5,5,5,3,0,-2,2,DOWN,DOWN,True,False,16,16,0,0.0,False,False,True,0,ADEQUATE
detour,2,5,5,5,7,0,2,2,DOWN,RIGHT,True,True,16,17,1,0.0625,True,False,False,0,COLLISION
detour,2,5,5,6,4,1,-1,2,DOWN,NONE,False,True,16,,,,False,False,False,0,INVALID_BELIEF
detour,2,5,5,6,6,1,1,2,DOWN,NONE,False,True,16,,,,False,False,False,0,INVALID_BELIEF
detour,2,5,5,7,5,2,0,2,DOWN,RIGHT,True,True,16,17,1,0.0625,True,False,False,0,COLLISION
detour,2,7,5,5,5,-2,0,2,RIGHT,DOWN,True,True,14,15,1,0.07142857142857142,True,False,False,0,COLLISION
detour,2,7,5,6,4,-1,-1,2,RIGHT,NONE,False,True,14,,,,False,False,False,0,INVALID_BELIEF
detour,2,7,5,6,6,-1,1,2,RIGHT,NONE,False,True,14,,,,False,False,False,0,INVALID_BELIEF
detour,2,7,5,7,3,0,-2,2,RIGHT,DOWN,True,True,14,15,1,0.07142857142857142,True,False,False,0,COLLISION
detour,2,7,5,7,7,0,2,2,RIGHT,RIGHT,True,False,14,14,0,0.0,False,False,True,0,ADEQUATE
detour,2,7,5,8,4,1,-1,2,RIGHT,NONE,False,True,14,,,,False,False,False,0,INVALID_BELIEF
detour,2,7,5,8,6,1,1,2,RIGHT,NONE,False,True,14,,,,False,False,False,0,INVALID_BELIEF
detour,2,7,5,9,5,2,0,2,RIGHT,RIGHT,True,False,14,14,0,0.0,False,False,True,0,ADEQUATE
detour,2,8,5,6,5,-2,0,2,RIGHT,NONE,False,True,13,,,,False,False,False,0,INVALID_BELIEF
detour,2,8,5,7,4,-1,-1,2,RIGHT,DOWN,True,True,13,14,1,0.07692307692307693,True,False,False,0,COLLISION
detour,2,8,5,7,6,-1,1,2,RIGHT,NONE,False,True,13,,,,False,False,False,0,INVALID_BELIEF
detour,2,8,5,8,3,0,-2,2,RIGHT,NONE,False,True,13,,,,False,False,False,0,INVALID_BELIEF
detour,2,8,5,8,7,0,2,2,RIGHT,RIGHT,True,False,13,13,0,0.0,False,False,True,0,ADEQUATE
detour,2,8,5,9,4,1,-1,2,RIGHT,NONE,False,True,13,,,,False,False,False,0,INVALID_BELIEF
detour,2,8,5,9,6,1,1,2,RIGHT,NONE,False,True,13,,,,False,False,False,0,INVALID_BELIEF
detour,2,8,5,10,5,2,0,2,RIGHT,RIGHT,True,False,13,13,0,0.0,False,False,True,0,ADEQUATE
detour,2,9,5,7,5,-2,0,2,RIGHT,RIGHT,True,False,12,12,0,0.0,False,False,True,0,ADEQUATE
detour,2,9,5,8,4,-1,-1,2,RIGHT,NONE,False,True,12,,,,False,False,False,0,INVALID_BELIEF
detour,2,9,5,8,6,-1,1,2,RIGHT,NONE,False,True,12,,,,False,False,False,0,INVALID_BELIEF
detour,2,9,5,9,3,0,-2,2,RIGHT,UP,True,True,12,13,1,0.08333333333333333,True,False,False,0,COLLISION
detour,2,9,5,9,7,0,2,2,RIGHT,RIGHT,True,False,12,12,0,0.0,False,False,True,0,ADEQUATE
detour,2,9,5,10,4,1,-1,2,RIGHT,NONE,False,True,12,,,,False,False,False,0,INVALID_BELIEF
detour,2,9,5,10,6,1,1,2,RIGHT,NONE,False,True,12,,,,False,False,False,0,INVALID_BELIEF
detour,2,9,5,11,5,2,0,2,RIGHT,UP,True,True,12,13,1,0.08333333333333333,True,False,False,0,COLLISION
detour,2,10,5,8,5,-2,0,2,RIGHT,RIGHT,True,False,11,11,0,0.0,False,False,True,0,ADEQUATE
detour,2,10,5,9,4,-1,-1,2,RIGHT,NONE,False,True,11,,,,False,False,False,0,INVALID_BELIEF
detour,2,10,5,9,6,-1,1,2,RIGHT,NONE,False,True,11,,,,False,False,False,0,INVALID_BELIEF
detour,2,10,5,10,3,0,-2,2,RIGHT,LEFT,True,True,11,13,2,0.18181818181818182,False,False,False,0,INADEQUATE
detour,2,10,5,10,7,0,2,2,RIGHT,RIGHT,True,False,11,11,0,0.0,False,False,True,0,ADEQUATE
detour,2,10,5,11,4,1,-1,2,RIGHT,UP,True,True,11,12,1,0.09090909090909091,True,False,False,0,COLLISION
detour,2,10,5,11,6,1,1,2,RIGHT,DOWN,True,True,11,12,1,0.09090909090909091,True,False,False,0,COLLISION
detour,2,10,5,12,5,2,0,2,RIGHT,NONE,False,True,11,,,,False,False,False,0,INVALID_BELIEF
detour,2,11,5,9,5,-2,0,2,UP,RIGHT,True,True,10,11,1,0.1,True,False,False,0,COLLISION
detour,2,11,5,10,4,-1,-1,2,UP,NONE,False,True,10,,,,False,False,False,0,INVALID_BELIEF
detour,2,11,5,10,6,-1,1,2,UP,NONE,False,True,10,,,,False,False,False,0,INVALID_BELIEF
detour,2,11,5,11,3,0,-2,2,UP,LEFT,True,True,10,12,2,0.2,False,False,False,0,INADEQUATE
detour,2,11,5,11,7,0,2,2,UP,RIGHT,True,True,10,11,1,0.1,True,False,False,0,COLLISION
detour,2,11,5,12,4,1,-1,2,UP,NONE,False,True,10,,,,False,False,False,0,INVALID_BELIEF
detour,2,11,5,12,6,1,1,2,UP,NONE,False,True,10,,,,False,False,False,0,INVALID_BELIEF
detour,2,11,5,13,5,2,0,2,UP,UP,True,False,10,10,0,0.0,False,False,True,0,ADEQUATE
detour,2,13,5,11,5,-2,0,2,UP,UP,True,False,4,4,0,0.0,False,False,True,0,ADEQUATE
detour,2,13,5,12,4,-1,-1,2,UP,NONE,False,True,4,,,,False,False,False,0,INVALID_BELIEF
detour,2,13,5,12,6,-1,1,2,UP,NONE,False,True,4,,,,False,False,False,0,INVALID_BELIEF
detour,2,13,5,13,3,0,-2,2,UP,UP,True,False,4,4,0,0.0,False,False,True,0,ADEQUATE
detour,2,13,5,13,7,0,2,2,UP,UP,True,False,4,4,0,0.0,False,False,True,0,ADEQUATE
detour,2,13,5,14,4,1,-1,2,UP,NONE,False,True,4,,,,False,False,False,0,INVALID_BELIEF
detour,2,13,5,14,6,1,1,2,UP,NONE,False,True,4,,,,False,False,False,0,INVALID_BELIEF
detour,2,13,5,15,5,2,0,2,UP,NONE,False,True,4,,,,False,False,False,0,INVALID_BELIEF
detour,2,1,6,-1,6,-2,0,2,DOWN,NONE,False,True,19,,,,False,False,False,0,INVALID_BELIEF
detour,2,1,6,0,5,-1,-1,2,DOWN,NONE,False,True,19,,,,False,False,False,0,INVALID_BELIEF
detour,2,1,6,0,7,-1,1,2,DOWN,NONE,False,True,19,,,,False,False,False,0,INVALID_BELIEF
detour,2,1,6,1,4,0,-2,2,DOWN,NONE,False,True,19,,,,False,False,False,0,INVALID_BELIEF
detour,2,1,6,1,8,0,2,2,DOWN,NONE,False,True,19,,,,False,False,False,0,INVALID_BELIEF
detour,2,1,6,2,5,1,-1,2,DOWN,LEFT,True,True,19,20,1,0.05263157894736842,True,False,False,0,COLLISION
detour,2,1,6,2,7,1,1,2,DOWN,RIGHT,True,True,19,20,1,0.05263157894736842,True,False,False,0,COLLISION
detour,2,1,6,3,6,2,0,2,DOWN,NONE,False,True,19,,,,False,False,False,0,INVALID_BELIEF
detour,2,5,6,3,6,-2,0,2,DOWN,NONE,False,True,15,,,,False,False,False,0,INVALID_BELIEF
detour,2,5,6,4,5,-1,-1,2,DOWN,NONE,False,True,15,,,,False,False,False,0,INVALID_BELIEF
detour,2,5,6,4,7,-1,1,2,DOWN,RIGHT,True,True,15,16,1,0.06666666666666667,True,False,False,0,COLLISION
detour,2,5,6,5,4,0,-2,2,DOWN,DOWN,True,False,15,15,0,0.0,False,False,True,0,ADEQUATE
detour,2,5,6,5,8,0,2,2,DOWN,NONE,False,True,15,,,,False,False,False,0,INVALID_BELIEF
detour,2,5,6,6,5,1,-1,2,DOWN,NONE,False,True,15,,,,False,False,False,0,INVALID_BELIEF
detour,2,5,6,6,7,1,1,2,DOWN,RIGHT,True,True,15,16,1,0.06666666666666667,True,False,False,0,COLLISION
detour,2,5,6,7,6,2,0,2,DOWN,NONE,False,True,15,,,,False,False,False,0,INVALID_BELIEF
detour,2,11,6,9,6,-2,0,2,DOWN,NONE,False,True,9,,,,False,False,False,0,INVALID_BELIEF
detour,2,11,6,10,5,-1,-1,2,DOWN,RIGHT,True,True,9,10,1,0.1111111111111111,True,False,False,0,COLLISION
detour,2,11,6,10,7,-1,1,2,DOWN,RIGHT,True,True,9,10,1,0.1111111111111111,True,False,False,0,COLLISION
detour,2,11,6,11,4,0,-2,2,DOWN,UP,True,True,9,11,2,0.2222222222222222,False,False,False,0,INADEQUATE
detour,2,11,6,11,8,0,2,2,DOWN,NONE,False,True,9,,,,False,False,False,0,INVALID_BELIEF
detour,2,11,6,12,5,1,-1,2,DOWN,NONE,False,True,9,,,,False,False,False,0,INVALID_BELIEF
detour,2,11,6,12,7,1,1,2,DOWN,RIGHT,True,True,9,10,1,0.1111111111111111,True,False,False,0,COLLISION
detour,2,11,6,13,6,2,0,2,DOWN,UP,True,True,9,11,2,0.2222222222222222,False,False,False,0,INADEQUATE
detour,2,13,6,11,6,-2,0,2,UP,DOWN,True,True,5,7,2,0.4,False,False,False,0,INADEQUATE
detour,2,13,6,12,5,-1,-1,2,UP,NONE,False,True,5,,,,False,False,False,0,INVALID_BELIEF
detour,2,13,6,12,7,-1,1,2,UP,RIGHT,True,True,5,6,1,0.2,True,False,False,0,COLLISION
detour,2,13,6,13,4,0,-2,2,UP,UP,True,False,5,5,0,0.0,False,False,True,0,ADEQUATE
detour,2,13,6,13,8,0,2,2,UP,NONE,False,True,5,,,,False,False,False,0,INVALID_BELIEF
detour,2,13,6,14,5,1,-1,2,UP,NONE,False,True,5,,,,False,False,False,0,INVALID_BELIEF
detour,2,13,6,14,7,1,1,2,UP,NONE,False,True,5,,,,False,False,False,0,INVALID_BELIEF
detour,2,13,6,15,6,2,0,2,UP,NONE,False,True,5,,,,False,False,False,0,INVALID_BELIEF
detour,2,1,7,-1,7,-2,0,2,RIGHT,NONE,False,True,18,,,,False,False,False,0,INVALID_BELIEF
detour,2,1,7,0,6,-1,-1,2,RIGHT,NONE,False,True,18,,,,False,False,False,0,INVALID_BELIEF
detour,2,1,7,0,8,-1,1,2,RIGHT,NONE,False,True,18,,,,False,False,False,0,INVALID_BELIEF
detour,2,1,7,1,5,0,-2,2,RIGHT,DOWN,True,True,18,19,1,0.05555555555555555,True,False,False,0,COLLISION
detour,2,1,7,1,9,0,2,2,RIGHT,NONE,False,True,18,,,,False,False,False,0,INVALID_BELIEF
detour,2,1,7,2,6,1,-1,2,RIGHT,NONE,False,True,18,,,,False,False,False,0,INVALID_BELIEF
detour,2,1,7,2,8,1,1,2,RIGHT,NONE,False,True,18,,,,False,False,False,0,INVALID_BELIEF
detour,2,1,7,3,7,2,0,2,RIGHT,RIGHT,True,False,18,18,0,0.0,False,False,True,0,ADEQUATE
detour,2,2,7,0,7,-2,0,2,RIGHT,NONE,False,True,17,,,,False,False,False,0,INVALID_BELIEF
detour,2,2,7,1,6,-1,-1,2,RIGHT,DOWN,True,True,17,18,1,0.058823529411764705,True,False,False,0,COLLISION
detour,2,2,7,1,8,-1,1,2,RIGHT,NONE,False,True,17,,,,False,False,False,0,INVALID_BELIEF
detour,2,2,7,2,5,0,-2,2,RIGHT,LEFT,True,True,17,19,2,0.11764705882352941,False,False,False,0,INADEQUATE
detour,2,2,7,2,9,0,2,2,RIGHT,NONE,False,True,17,,,,False,False,False,0,INVALID_BELIEF
detour,2,2,7,3,6,1,-1,2,RIGHT,NONE,False,True,17,,,,False,False,False,0,INVALID_BELIEF
detour,2,2,7,3,8,1,1,2,RIGHT,NONE,False,True,17,,,,False,False,False,0,INVALID_BELIEF
detour,2,2,7,4,7,2,0,2,RIGHT,RIGHT,True,False,17,17,0,0.0,False,False,True,0,ADEQUATE
detour,2,3,7,1,7,-2,0,2,RIGHT,RIGHT,True,False,16,16,0,0.0,False,False,True,0,ADEQUATE
detour,2,3,7,2,6,-1,-1,2,RIGHT,NONE,False,True,16,,,,False,False,False,0,INVALID_BELIEF
detour,2,3,7,2,8,-1,1,2,RIGHT,NONE,False,True,16,,,,False,False,False,0,INVALID_BELIEF
detour,2,3,7,3,5,0,-2,2,RIGHT,UP,True,True,16,17,1,0.0625,True,False,False,0,COLLISION
detour,2,3,7,3,9,0,2,2,RIGHT,NONE,False,True,16,,,,False,False,False,0,INVALID_BELIEF
detour,2,3,7,4,6,1,-1,2,RIGHT,NONE,False,True,16,,,,False,False,False,0,INVALID_BELIEF
detour,2,3,7,4,8,1,1,2,RIGHT,NONE,False,True,16,,,,False,False,False,0,INVALID_BELIEF
detour,2,3,7,5,7,2,0,2,RIGHT,RIGHT,True,False,16,16,0,0.0,False,False,True,0,ADEQUATE
detour,2,4,7,2,7,-2,0,2,RIGHT,RIGHT,True,False,15,15,0,0.0,False,False,True,0,ADEQUATE
detour,2,4,7,3,6,-1,-1,2,RIGHT,NONE,False,True,15,,,,False,False,False,0,INVALID_BELIEF
detour,2,4,7,3,8,-1,1,2,RIGHT,NONE,False,True,15,,,,False,False,False,0,INVALID_BELIEF
detour,2,4,7,4,5,0,-2,2,RIGHT,NONE,False,True,15,,,,False,False,False,0,INVALID_BELIEF
detour,2,4,7,4,9,0,2,2,RIGHT,NONE,False,True,15,,,,False,False,False,0,INVALID_BELIEF
detour,2,4,7,5,6,1,-1,2,RIGHT,DOWN,True,True,15,16,1,0.06666666666666667,True,False,False,0,COLLISION
detour,2,4,7,5,8,1,1,2,RIGHT,NONE,False,True,15,,,,False,False,False,0,INVALID_BELIEF
detour,2,4,7,6,7,2,0,2,RIGHT,RIGHT,True,False,15,15,0,0.0,False,False,True,0,ADEQUATE
detour,2,5,7,3,7,-2,0,2,RIGHT,RIGHT,True,False,14,14,0,0.0,False,False,True,0,ADEQUATE
detour,2,5,7,4,6,-1,-1,2,RIGHT,NONE,False,True,14,,,,False,False,False,0,INVALID_BELIEF
detour,2,5,7,4,8,-1,1,2,RIGHT,NONE,False,True,14,,,,False,False,False,0,INVALID_BELIEF
detour,2,5,7,5,5,0,-2,2,RIGHT,DOWN,True,True,14,15,1,0.07142857142857142,True,False,False,0,COLLISION
detour,2,5,7,5,9,0,2,2,RIGHT,NONE,False,True,14,,,,False,False,False,0,INVALID_BELIEF
detour,2,5,7,6,6,1,-1,2,RIGHT,NONE,False,True,14,,,,False,False,False,0,INVALID_BELIEF
detour,2,5,7,6,8,1,1,2,RIGHT,NONE,False,True,14,,,,False,False,False,0,INVALID_BELIEF
detour,2,5,7,7,7,2,0,2,RIGHT,RIGHT,True,False,14,14,0,0.0,False,False,True,0,ADEQUATE
detour,2,6,7,4,7,-2,0,2,RIGHT,RIGHT,True,False,13,13,0,0.0,False,False,True,0,ADEQUATE
detour,2,6,7,5,6,-1,-1,2,RIGHT,DOWN,True,True,13,14,1,0.07692307692307693,True,False,False,0,COLLISION
detour,2,6,7,5,8,-1,1,2,RIGHT,NONE,False,True,13,,,,False,False,False,0,INVALID_BELIEF
detour,2,6,7,6,5,0,-2,2,RIGHT,NONE,False,True,13,,,,False,False,False,0,INVALID_BELIEF
detour,2,6,7,6,9,0,2,2,RIGHT,NONE,False,True,13,,,,False,False,False,0,INVALID_BELIEF
detour,2,6,7,7,6,1,-1,2,RIGHT,NONE,False,True,13,,,,False,False,False,0,INVALID_BELIEF
detour,2,6,7,7,8,1,1,2,RIGHT,NONE,False,True,13,,,,False,False,False,0,INVALID_BELIEF
detour,2,6,7,8,7,2,0,2,RIGHT,RIGHT,True,False,13,13,0,0.0,False,False,True,0,ADEQUATE
detour,2,7,7,5,7,-2,0,2,RIGHT,RIGHT,True,False,12,12,0,0.0,False,False,True,0,ADEQUATE
detour,2,7,7,6,6,-1,-1,2,RIGHT,NONE,False,True,12,,,,False,False,False,0,INVALID_BELIEF
detour,2,7,7,6,8,-1,1,2,RIGHT,NONE,False,True,12,,,,False,False,False,0,INVALID_BELIEF
detour,2,7,7,7,5,0,-2,2,RIGHT,RIGHT,True,False,12,12,0,0.0,False,False,True,0,ADEQUATE
detour,2,7,7,7,9,0,2,2,RIGHT,NONE,False,True,12,,,,False,False,False,0,INVALID_BELIEF
detour,2,7,7,8,6,1,-1,2,RIGHT,NONE,False,True,12,,,,False,False,False,0,INVALID_BELIEF
detour,2,7,7,8,8,1,1,2,RIGHT,NONE,False,True,12,,,,False,False,False,0,INVALID_BELIEF
detour,2,7,7,9,7,2,0,2,RIGHT,RIGHT,True,False,12,12,0,0.0,False,False,True,0,ADEQUATE
detour,2,8,7,6,7,-2,0,2,RIGHT,RIGHT,True,False,11,11,0,0.0,False,False,True,0,ADEQUATE
detour,2,8,7,7,6,-1,-1,2,RIGHT,NONE,False,True,11,,,,False,False,False,0,INVALID_BELIEF
detour,2,8,7,7,8,-1,1,2,RIGHT,NONE,False,True,11,,,,False,False,False,0,INVALID_BELIEF
detour,2,8,7,8,5,0,-2,2,RIGHT,RIGHT,True,False,11,11,0,0.0,False,False,True,0,ADEQUATE
detour,2,8,7,8,9,0,2,2,RIGHT,NONE,False,True,11,,,,False,False,False,0,INVALID_BELIEF
detour,2,8,7,9,6,1,-1,2,RIGHT,NONE,False,True,11,,,,False,False,False,0,INVALID_BELIEF
detour,2,8,7,9,8,1,1,2,RIGHT,NONE,False,True,11,,,,False,False,False,0,INVALID_BELIEF
detour,2,8,7,10,7,2,0,2,RIGHT,RIGHT,True,False,11,11,0,0.0,False,False,True,0,ADEQUATE
detour,2,9,7,7,7,-2,0,2,RIGHT,RIGHT,True,False,10,10,0,0.0,False,False,True,0,ADEQUATE
detour,2,9,7,8,6,-1,-1,2,RIGHT,NONE,False,True,10,,,,False,False,False,0,INVALID_BELIEF
detour,2,9,7,8,8,-1,1,2,RIGHT,NONE,False,True,10,,,,False,False,False,0,INVALID_BELIEF
detour,2,9,7,9,5,0,-2,2,RIGHT,RIGHT,True,False,10,10,0,0.0,False,False,True,0,ADEQUATE
detour,2,9,7,9,9,0,2,2,RIGHT,NONE,False,True,10,,,,False,False,False,0,INVALID_BELIEF
detour,2,9,7,10,6,1,-1,2,RIGHT,NONE,False,True,10,,,,False,False,False,0,INVALID_BELIEF
detour,2,9,7,10,8,1,1,2,RIGHT,NONE,False,True,10,,,,False,False,False,0,INVALID_BELIEF
detour,2,9,7,11,7,2,0,2,RIGHT,RIGHT,True,False,10,10,0,0.0,False,False,True,0,ADEQUATE
detour,2,10,7,8,7,-2,0,2,RIGHT,RIGHT,True,False,9,9,0,0.0,False,False,True,0,ADEQUATE
detour,2,10,7,9,6,-1,-1,2,RIGHT,NONE,False,True,9,,,,False,False,False,0,INVALID_BELIEF
detour,2,10,7,9,8,-1,1,2,RIGHT,NONE,False,True,9,,,,False,False,False,0,INVALID_BELIEF
detour,2,10,7,10,5,0,-2,2,RIGHT,RIGHT,True,False,9,9,0,0.0,False,False,True,0,ADEQUATE
detour,2,10,7,10,9,0,2,2,RIGHT,NONE,False,True,9,,,,False,False,False,0,INVALID_BELIEF
detour,2,10,7,11,6,1,-1,2,RIGHT,DOWN,True,True,9,10,1,0.1111111111111111,True,False,False,0,COLLISION
detour,2,10,7,11,8,1,1,2,RIGHT,NONE,False,True,9,,,,False,False,False,0,INVALID_BELIEF
detour,2,10,7,12,7,2,0,2,RIGHT,RIGHT,True,False,9,9,0,0.0,False,False,True,0,ADEQUATE
detour,2,11,7,9,7,-2,0,2,RIGHT,RIGHT,True,False,8,8,0,0.0,False,False,True,0,ADEQUATE
detour,2,11,7,10,6,-1,-1,2,RIGHT,NONE,False,True,8,,,,False,False,False,0,INVALID_BELIEF
detour,2,11,7,10,8,-1,1,2,RIGHT,NONE,False,True,8,,,,False,False,False,0,INVALID_BELIEF
detour,2,11,7,11,5,0,-2,2,RIGHT,UP,True,True,8,10,2,0.25,False,False,False,0,INADEQUATE
detour,2,11,7,11,9,0,2,2,RIGHT,NONE,False,True,8,,,,False,False,False,0,INVALID_BELIEF
detour,2,11,7,12,6,1,-1,2,RIGHT,NONE,False,True,8,,,,False,False,False,0,INVALID_BELIEF
detour,2,11,7,12,8,1,1,2,RIGHT,NONE,False,True,8,,,,False,False,False,0,INVALID_BELIEF
detour,2,11,7,13,7,2,0,2,RIGHT,UP,True,True,8,10,2,0.25,False,False,False,0,INADEQUATE
detour,2,12,7,10,7,-2,0,2,RIGHT,RIGHT,True,False,7,7,0,0.0,False,False,True,0,ADEQUATE
detour,2,12,7,11,6,-1,-1,2,RIGHT,DOWN,True,True,7,8,1,0.14285714285714285,True,False,False,0,COLLISION
detour,2,12,7,11,8,-1,1,2,RIGHT,NONE,False,True,7,,,,False,False,False,0,INVALID_BELIEF
detour,2,12,7,12,5,0,-2,2,RIGHT,NONE,False,True,7,,,,False,False,False,0,INVALID_BELIEF
detour,2,12,7,12,9,0,2,2,RIGHT,NONE,False,True,7,,,,False,False,False,0,INVALID_BELIEF
detour,2,12,7,13,6,1,-1,2,RIGHT,UP,True,True,7,8,1,0.14285714285714285,True,False,False,0,COLLISION
detour,2,12,7,13,8,1,1,2,RIGHT,NONE,False,True,7,,,,False,False,False,0,INVALID_BELIEF
detour,2,12,7,14,7,2,0,2,RIGHT,NONE,False,True,7,,,,False,False,False,0,INVALID_BELIEF
detour,2,13,7,11,7,-2,0,2,UP,RIGHT,True,True,6,7,1,0.16666666666666666,True,False,False,0,COLLISION
detour,2,13,7,12,6,-1,-1,2,UP,NONE,False,True,6,,,,False,False,False,0,INVALID_BELIEF
detour,2,13,7,12,8,-1,1,2,UP,NONE,False,True,6,,,,False,False,False,0,INVALID_BELIEF
detour,2,13,7,13,5,0,-2,2,UP,UP,True,False,6,6,0,0.0,False,False,True,0,ADEQUATE
detour,2,13,7,13,9,0,2,2,UP,NONE,False,True,6,,,,False,False,False,0,INVALID_BELIEF
detour,2,13,7,14,6,1,-1,2,UP,NONE,False,True,6,,,,False,False,False,0,INVALID_BELIEF
detour,2,13,7,14,8,1,1,2,UP,NONE,False,True,6,,,,False,False,False,0,INVALID_BELIEF
detour,2,13,7,15,7,2,0,2,UP,NONE,False,True,6,,,,False,False,False,0,INVALID_BELIEF
detour,3,1,1,-2,1,-3,0,3,RIGHT,NONE,False,True,24,,,,False,False,False,0,INVALID_BELIEF
detour,3,1,1,-1,0,-2,-1,3,RIGHT,NONE,False,True,24,,,,False,False,False,0,INVALID_BELIEF
detour,3,1,1,-1,2,-2,1,3,RIGHT,NONE,False,True,24,,,,False,False,False,0,INVALID_BELIEF
detour,3,1,1,0,-1,-1,-2,3,RIGHT,NONE,False,True,24,,,,False,False,False,0,INVALID_BELIEF
detour,3,1,1,0,3,-1,2,3,RIGHT,NONE,False,True,24,,,,False,False,False,0,INVALID_BELIEF
detour,3,1,1,1,-2,0,-3,3,RIGHT,NONE,False,True,24,,,,False,False,False,0,INVALID_BELIEF
detour,3,1,1,1,4,0,3,3,RIGHT,NONE,False,True,24,,,,False,False,False,0,INVALID_BELIEF
detour,3,1,1,2,-1,1,-2,3,RIGHT,NONE,False,True,24,,,,False,False,False,0,INVALID_BELIEF
detour,3,1,1,2,3,1,2,3,RIGHT,RIGHT,True,False,24,24,0,0.0,False,False,True,0,ADEQUATE
detour,3,1,1,3,0,2,-1,3,RIGHT,NONE,False,True,24,,,,False,False,False,0,INVALID_BELIEF
detour,3,1,1,3,2,2,1,3,RIGHT,NONE,False,True,24,,,,False,False,False,0,INVALID_BELIEF
detour,3,1,1,4,1,3,0,3,RIGHT,RIGHT,True,False,24,24,0,0.0,False,False,True,0,ADEQUATE
detour,3,2,1,-1,1,-3,0,3,RIGHT,NONE,False,True,23,,,,False,False,False,0,INVALID_BELIEF
detour,3,2,1,0,0,-2,-1,3,RIGHT,NONE,False,True,23,,,,False,False,False,0,INVALID_BELIEF
detour,3,2,1,0,2,-2,1,3,RIGHT,NONE,False,True,23,,,,False,False,False,0,INVALID_BELIEF
detour,3,2,1,1,-1,-1,-2,3,RIGHT,NONE,False,True,23,,,,False,False,False,0,INVALID_BELIEF
detour,3,2,1,1,3,-1,2,3,RIGHT,RIGHT,True,False,23,23,0,0.0,False,False,True,0,ADEQUATE
detour,3,2,1,2,-2,0,-3,3,RIGHT,NONE,False,True,23,,,,False,False,False,0,INVALID_BELIEF
detour,3,2,1,2,4,0,3,3,RIGHT,NONE,False,True,23,,,,False,False,False,0,INVALID_BELIEF
detour,3,2,1,3,-1,1,-2,3,RIGHT,NONE,False,True,23,,,,False,False,False,0,INVALID_BELIEF
detour,3,2,1,3,3,1,2,3,RIGHT,RIGHT,True,False,23,23,0,0.0,False,False,True,0,ADEQUATE
detour,3,2,1,4,0,2,-1,3,RIGHT,NONE,False,True,23,,,,False,False,False,0,INVALID_BELIEF
detour,3,2,1,4,2,2,1,3,RIGHT,NONE,False,True,23,,,,False,False,False,0,INVALID_BELIEF
detour,3,2,1,5,1,3,0,3,RIGHT,RIGHT,True,False,23,23,0,0.0,False,False,True,0,ADEQUATE
detour,3,3,1,0,1,-3,0,3,RIGHT,NONE,False,True,22,,,,False,False,False,0,INVALID_BELIEF
detour,3,3,1,1,0,-2,-1,3,RIGHT,NONE,False,True,22,,,,False,False,False,0,INVALID_BELIEF
detour,3,3,1,1,2,-2,1,3,RIGHT,DOWN,True,True,22,23,1,0.045454545454545456,True,False,False,0,COLLISION
detour,3,3,1,2,-1,-1,-2,3,RIGHT,NONE,False,True,22,,,,False,False,False,0,INVALID_BELIEF
detour,3,3,1,2,3,-1,2,3,RIGHT,RIGHT,True,False,22,22,0,0.0,False,False,True,0,ADEQUATE
detour,3,3,1,3,-2,0,-3,3,RIGHT,NONE,False,True,22,,,,False,False,False,0,INVALID_BELIEF
detour,3,3,1,3,4,0,3,3,RIGHT,UP,True,True,22,23,1,0.045454545454545456,True,False,False,0,COLLISION
detour,3,3,1,4,-1,1,-2,3,RIGHT,NONE,False,True,22,,,,False,False,False,0,INVALID_BELIEF
detour,3,3,1,4,3,1,2,3,RIGHT,RIGHT,True,False,22,22,0,0.0,False,False,True,0,ADEQUATE
detour,3,3,1,5,0,2,-1,3,RIGHT,NONE,False,True,22,,,,False,False,False,0,INVALID_BELIEF
detour,3,3,1,5,2,2,1,3,RIGHT,NONE,False,True,22,,,,False,False,False,0,INVALID_BELIEF
detour,3,3,1,6,1,3,0,3,RIGHT,RIGHT,True,False,22,22,0,0.0,False,False,True,0,ADEQUATE
detour,3,4,1,1,1,-3,0,3,RIGHT,RIGHT,True,False,21,21,0,0.0,False,False,True,0,ADEQUATE
detour,3,4,1,2,0,-2,-1,3,RIGHT,NONE,False,True,21,,,,False,False,False,0,INVALID_BELIEF
detour,3,4,1,2,2,-2,1,3,RIGHT,NONE,False,True,21,,,,False,False,False,0,INVALID_BELIEF
detour,3,4,1,3,-1,-1,-2,3,RIGHT,NONE,False,True,21,,,,False,False,False,0,INVALID_BELIEF
detour,3,4,1,3,3,-1,2,3,RIGHT,RIGHT,True,False,21,21,0,0.0,False,False,True,0,ADEQUATE
detour,3,4,1,4,-2,0,-3,3,RIGHT,NONE,False,True,21,,,,False,False,False,0,INVALID_BELIEF
detour,3,4,1,4,4,0,3,3,RIGHT,NONE,False,True,21,,,,False,False,False,0,INVALID_BELIEF
detour,3,4,1,5,-1,1,-2,3,RIGHT,NONE,False,True,21,,,,False,False,False,0,INVALID_BELIEF
detour,3,4,1,5,3,1,2,3,RIGHT,DOWN,True,True,21,22,1,0.047619047619047616,True,False,False,0,COLLISION
detour,3,4,1,6,0,2,-1,3,RIGHT,NONE,False,True,21,,,,False,False,False,0,INVALID_BELIEF
detour,3,4,1,6,2,2,1,3,RIGHT,NONE,False,True,21,,,,False,False,False,0,INVALID_BELIEF
detour,3,4,1,7,1,3,0,3,RIGHT,DOWN,True,True,21,22,1,0.047619047619047616,True,False,False,0,COLLISION
detour,3,5,1,2,1,-3,0,3,RIGHT,RIGHT,True,False,20,20,0,0.0,False,False,True,0,ADEQUATE
detour,3,5,1,3,0,-2,-1,3,RIGHT,NONE,False,True,20,,,,False,False,False,0,INVALID_BELIEF
detour,3,5,1,3,2,-2,1,3,RIGHT,NONE,False,True,20,,,,False,False,False,0,INVALID_BELIEF
detour,3,5,1,4,-1,-1,-2,3,RIGHT,NONE,False,True,20,,,,False,False,False,0,INVALID_BELIEF
detour,3,5,1,4,3,-1,2,3,RIGHT,RIGHT,True,False,20,20,0,0.0,False,False,True,0,ADEQUATE
detour,3,5,1,5,-2,0,-3,3,RIGHT,NONE,False,True,20,,,,False,False,False,0,INVALID_BELIEF
detour,3,5,1,5,4,0,3,3,RIGHT,DOWN,True,True,20,21,1,0.05,True,False,False,0,COLLISION
detour,3,5,1,6,-1,1,-2,3,RIGHT,NONE,False,True,20,,,,False,False,False,0,INVALID_BELIEF
detour,3,5,1,6,3,1,2,3,RIGHT,NONE,False,True,20,,,,False,False,False,0,INVALID_BELIEF
detour,3,5,1,7,0,2,-1,3,RIGHT,NONE,False,True,20,,,,False,False,False,0,INVALID_BELIEF
detour,3,5,1,7,2,2,1,3,RIGHT,DOWN,True,True,20,21,1,0.05,True,False,False,0,COLLISION
detour,3,5,1,8,1,3,0,3,RIGHT,NONE,False,True,20,,,,False,False,False,0,INVALID_BELIEF
detour,3,6,1,3,1,-3,0,3,RIGHT,RIGHT,True,False,19,19,0,0.0,False,False,True,0,ADEQUATE
detour,3,6,1,4,0,-2,-1,3,RIGHT,NONE,False,True,19,,,,False,False,False,0,INVALID_BELIEF
detour,3,6,1,4,2,-2,1,3,RIGHT,NONE,False,True,19,,,,False,False,False,0,INVALID_BELIEF
detour,3,6,1,5,-1,-1,-2,3,RIGHT,NONE,False,True,19,,,,False,False,False,0,INVALID_BELIEF
detour,3,6,1,5,3,-1,2,3,RIGHT,DOWN,True,True,19,20,1,0.05263157894736842,True,False,False,0,COLLISION
detour,3,6,1,6,-2,0,-3,3,RIGHT,NONE,False,True,19,,,,False,False,False,0,INVALID_BELIEF
detour,3,6,1,6,4,0,3,3,RIGHT,NONE,False,True,19,,,,False,False,False,0,INVALID_BELIEF
detour,3,6,1,7,-1,1,-2,3,RIGHT,NONE,False,True,19,,,,False,False,False,0,INVALID_BELIEF
detour,3,6,1,7,3,1,2,3,RIGHT,DOWN,True,True,19,20,1,0.05263157894736842,True,False,False,0,COLLISION
detour,3,6,1,8,0,2,-1,3,RIGHT,NONE,False,True,19,,,,False,False,False,0,INVALID_BELIEF
detour,3,6,1,8,2,2,1,3,RIGHT,NONE,False,True,19,,,,False,False,False,0,INVALID_BELIEF
detour,3,6,1,9,1,3,0,3,RIGHT,RIGHT,True,False,19,19,0,0.0,False,False,True,0,ADEQUATE
detour,3,7,1,4,1,-3,0,3,DOWN,RIGHT,True,True,18,19,1,0.05555555555555555,True,False,False,0,COLLISION
detour,3,7,1,5,0,-2,-1,3,DOWN,NONE,False,True,18,,,,False,False,False,0,INVALID_BELIEF
detour,3,7,1,5,2,-2,1,3,DOWN,NONE,False,True,18,,,,False,False,False,0,INVALID_BELIEF
detour,3,7,1,6,-1,-1,-2,3,DOWN,NONE,False,True,18,,,,False,False,False,0,INVALID_BELIEF
detour,3,7,1,6,3,-1,2,3,DOWN,NONE,False,True,18,,,,False,False,False,0,INVALID_BELIEF
detour,3,7,1,7,-2,0,-3,3,DOWN,NONE,False,True,18,,,,False,False,False,0,INVALID_BELIEF
detour,3,7,1,7,4,0,3,3,DOWN,DOWN,True,False,18,18,0,0.0,False,False,True,0,ADEQUATE
detour,3,7,1,8,-1,1,-2,3,DOWN,NONE,False,True,18,,,,False,False,False,0,INVALID_BELIEF
detour,3,7,1,8,3,1,2,3,DOWN,NONE,False,True,18,,,,False,False,False,0,INVALID_BELIEF
detour,3,7,1,9,0,2,-1,3,DOWN,NONE,False,True,18,,,,False,False,False,0,INVALID_BELIEF
detour,3,7,1,9,2,2,1,3,DOWN,UP,True,True,18,19,1,0.05555555555555555,True,False,False,0,COLLISION
detour,3,7,1,10,1,3,0,3,DOWN,RIGHT,True,True,18,19,1,0.05555555555555555,True,False,False,0,COLLISION
detour,3,9,1,6,1,-3,0,3,RIGHT,RIGHT,True,False,4,4,0,0.0,False,False,True,0,ADEQUATE
detour,3,9,1,7,0,-2,-1,3,RIGHT,NONE,False,True,4,,,,False,False,False,0,INVALID_BELIEF
detour,3,9,1,7,2,-2,1,3,RIGHT,DOWN,True,True,4,6,2,0.5,False,False,False,0,INADEQUATE
detour,3,9,1,8,-1,-1,-2,3,RIGHT,NONE,False,True,4,,,,False,False,False,0,INVALID_BELIEF
detour,3,9,1,8,3,-1,2,3,RIGHT,NONE,False,True,4,,,,False,False,False,0,INVALID_BELIEF
detour,3,9,1,9,-2,0,-3,3,RIGHT,NONE,False,True,4,,,,False,False,False,0,INVALID_BELIEF
detour,3,9,1,9,4,0,3,3,RIGHT,NONE,False,True,4,,,,False,False,False,0,INVALID_BELIEF
detour,3,9,1,10,-1,1,-2,3,RIGHT,NONE,False,True,4,,,,False,False,False,0,INVALID_BELIEF
detour,3,9,1,10,3,1,2,3,RIGHT,LEFT,True,True,4,5,1,0.25,True,False,False,0,COLLISION
detour,3,9,1,11,0,2,-1,3,RIGHT,NONE,False,True,4,,,,False,False,False,0,INVALID_BELIEF
detour,3,9,1,11,2,2,1,3,RIGHT,NONE,False,True,4,,,,False,False,False,0,INVALID_BELIEF
detour,3,9,1,12,1,3,0,3,RIGHT,RIGHT,True,False,4,4,0,0.0,False,False,True,0,ADEQUATE
detour,3,10,1,7,1,-3,0,3,RIGHT,DOWN,True,True,3,4,1,0.3333333333333333,True,False,False,0,COLLISION
detour,3,10,1,8,0,-2,-1,3,RIGHT,NONE,False,True,3,,,,False,False,False,0,INVALID_BELIEF
detour,3,10,1,8,2,-2,1,3,RIGHT,NONE,False,True,3,,,,False,False,False,0,INVALID_BELIEF
detour,3,10,1,9,-1,-1,-2,3,RIGHT,NONE,False,True,3,,,,False,False,False,0,INVALID_BELIEF
detour,3,10,1,9,3,-1,2,3,RIGHT,UP,True,True,3,4,1,0.3333333333333333,True,False,False,0,COLLISION
detour,3,10,1,10,-2,0,-3,3,RIGHT,NONE,False,True,3,,,,False,False,False,0,INVALID_BELIEF
detour,3,10,1,10,4,0,3,3,RIGHT,NONE,False,True,3,,,,False,False,False,0,INVALID_BELIEF
detour,3,10,1,11,-1,1,-2,3,RIGHT,NONE,False,True,3,,,,False,False,False,0,INVALID_BELIEF
detour,3,10,1,11,3,1,2,3,RIGHT,LEFT,True,True,3,5,2,0.6666666666666666,False,False,False,0,INADEQUATE
detour,3,10,1,12,0,2,-1,3,RIGHT,NONE,False,True,3,,,,False,False,False,0,INVALID_BELIEF
detour,3,10,1,12,2,2,1,3,RIGHT,NONE,False,True,3,,,,False,False,False,0,INVALID_BELIEF
detour,3,10,1,13,1,3,0,3,RIGHT,NONE,True,True,3,,,,False,True,False,0,FALSE_TERMINAL
detour,3,11,1,8,1,-3,0,3,RIGHT,NONE,False,True,2,,,,False,False,False,0,INVALID_BELIEF
detour,3,11,1,9,0,-2,-1,3,RIGHT,NONE,False,True,2,,,,False,False,False,0,INVALID_BELIEF
detour,3,11,1,9,2,-2,1,3,RIGHT,UP,True,True,2,3,1,0.5,True,False,False,0,COLLISION
detour,3,11,1,10,-1,-1,-2,3,RIGHT,NONE,False,True,2,,,,False,False,False,0,INVALID_BELIEF
detour,3,11,1,10,3,-1,2,3,RIGHT,LEFT,True,True,2,4,2,1.0,False,False,False,0,INADEQUATE
detour,3,11,1,11,-2,0,-3,3,RIGHT,NONE,False,True,2,,,,False,False,False,0,INVALID_BELIEF
detour,3,11,1,11,4,0,3,3,RIGHT,UP,True,True,2,3,1,0.5,True,False,False,0,COLLISION
detour,3,11,1,12,-1,1,-2,3,RIGHT,NONE,False,True,2,,,,False,False,False,0,INVALID_BELIEF
detour,3,11,1,12,3,1,2,3,RIGHT,NONE,False,True,2,,,,False,False,False,0,INVALID_BELIEF
detour,3,11,1,13,0,2,-1,3,RIGHT,NONE,False,True,2,,,,False,False,False,0,INVALID_BELIEF
detour,3,11,1,13,2,2,1,3,RIGHT,UP,True,True,2,3,1,0.5,True,False,False,0,COLLISION
detour,3,11,1,14,1,3,0,3,RIGHT,NONE,False,True,2,,,,False,False,False,0,INVALID_BELIEF
detour,3,12,1,9,1,-3,0,3,RIGHT,RIGHT,True,False,1,1,0,0.0,False,False,True,0,ADEQUATE
detour,3,12,1,10,0,-2,-1,3,RIGHT,NONE,False,True,1,,,,False,False,False,0,INVALID_BELIEF
detour,3,12,1,10,2,-2,1,3,RIGHT,NONE,False,True,1,,,,False,False,False,0,INVALID_BELIEF
detour,3,12,1,11,-1,-1,-2,3,RIGHT,NONE,False,True,1,,,,False,False,False,0,INVALID_BELIEF
detour,3,12,1,11,3,-1,2,3,RIGHT,LEFT,True,True,1,3,2,2.0,False,False,False,0,INADEQUATE
detour,3,12,1,12,-2,0,-3,3,RIGHT,NONE,False,True,1,,,,False,False,False,0,INVALID_BELIEF
detour,3,12,1,12,4,0,3,3,RIGHT,NONE,False,True,1,,,,False,False,False,0,INVALID_BELIEF
detour,3,12,1,13,-1,1,-2,3,RIGHT,NONE,False,True,1,,,,False,False,False,0,INVALID_BELIEF
detour,3,12,1,13,3,1,2,3,RIGHT,UP,True,True,1,2,1,1.0,True,False,False,0,COLLISION
detour,3,12,1,14,0,2,-1,3,RIGHT,NONE,False,True,1,,,,False,False,False,0,INVALID_BELIEF
detour,3,12,1,14,2,2,1,3,RIGHT,NONE,False,True,1,,,,False,False,False,0,INVALID_BELIEF
detour,3,12,1,15,1,3,0,3,RIGHT,NONE,False,True,1,,,,False,False,False,0,INVALID_BELIEF
detour,3,1,2,-2,2,-3,0,3,DOWN,NONE,False,True,23,,,,False,False,False,0,INVALID_BELIEF
detour,3,1,2,-1,1,-2,-1,3,DOWN,NONE,False,True,23,,,,False,False,False,0,INVALID_BELIEF
detour,3,1,2,-1,3,-2,1,3,DOWN,NONE,False,True,23,,,,False,False,False,0,INVALID_BELIEF
detour,3,1,2,0,0,-1,-2,3,DOWN,NONE,False,True,23,,,,False,False,False,0,INVALID_BELIEF
detour,3,1,2,0,4,-1,2,3,DOWN,NONE,False,True,23,,,,False,False,False,0,INVALID_BELIEF
detour,3,1,2,1,-1,0,-3,3,DOWN,NONE,False,True,23,,,,False,False,False,0,INVALID_BELIEF
detour,3,1,2,1,5,0,3,3,DOWN,DOWN,True,False,23,23,0,0.0,False,False,True,0,ADEQUATE
detour,3,1,2,2,0,1,-2,3,DOWN,NONE,False,True,23,,,,False,False,False,0,INVALID_BELIEF
detour,3,1,2,2,4,1,2,3,DOWN,NONE,False,True,23,,,,False,False,False,0,INVALID_BELIEF
detour,3,1,2,3,1,2,-1,3,DOWN,RIGHT,True,True,23,24,1,0.043478260869565216,True,False,False,0,COLLISION
detour,3,1,2,3,3,2,1,3,DOWN,RIGHT,True,True,23,24,1,0.043478260869565216,True,False,False,0,COLLISION
detour,3,1,2,4,2,3,0,3,DOWN,NONE,False,True,23,,,,False,False,False,0,INVALID_BELIEF
detour,3,7,2,4,2,-3,0,3,DOWN,NONE,False,True,17,,,,False,False,False,0,INVALID_BELIEF
detour,3,7,2,5,1,-2,-1,3,DOWN,RIGHT,True,True,17,18,1,0.058823529411764705,True,False,False,0,COLLISION
detour,3,7,2,5,3,-2,1,3,DOWN,DOWN,True,False,17,17,0,0.0,False,False,True,0,ADEQUATE
detour,3,7,2,6,0,-1,-2,3,DOWN,NONE,False,True,17,,,,False,False,False,0,INVALID_BELIEF
detour,3,7,2,6,4,-1,2,3,DOWN,NONE,False,True,17,,,,False,False,False,0,INVALID_BELIEF
detour,3,7,2,7,-1,0,-3,3,DOWN,NONE,False,True,17,,,,False,False,False,0,INVALID_BELIEF
detour,3,7,2,7,5,0,3,3,DOWN,RIGHT,True,True,17,18,1,0.058823529411764705,True,False,False,0,COLLISION
detour,3,7,2,8,0,1,-2,3,DOWN,NONE,False,True,17,,,,False,False,False,0,INVALID_BELIEF
detour,3,7,2,8,4,1,2,3,DOWN,NONE,False,True,17,,,,False,False,False,0,INVALID_BELIEF
detour,3,7,2,9,1,2,-1,3,DOWN,RIGHT,True,True,17,18,1,0.058823529411764705,True,False,False,0,COLLISION
detour,3,7,2,9,3,2,1,3,DOWN,UP,True,True,17,19,2,0.11764705882352941,False,False,False,0,INADEQUATE
detour,3,7,2,10,2,3,0,3,DOWN,NONE,False,True,17,,,,False,False,False,0,INVALID_BELIEF
detour,3,9,2,6,2,-3,0,3,UP,NONE,False,True,5,,,,False,False,False,0,INVALID_BELIEF
detour,3,9,2,7,1,-2,-1,3,UP,DOWN,True,True,5,7,2,0.4,False,False,False,0,INADEQUATE
detour,3,9,2,7,3,-2,1,3,UP,DOWN,True,True,5,7,2,0.4,False,False,False,0,INADEQUATE
detour,3,9,2,8,0,-1,-2,3,UP,NONE,False,True,5,,,,False,False,False,0,INVALID_BELIEF
detour,3,9,2,8,4,-1,2,3,UP,NONE,False,True,5,,,,False,False,False,0,INVALID_BELIEF
detour,3,9,2,9,-1,0,-3,3,UP,NONE,False,True,5,,,,False,False,False,0,INVALID_BELIEF
detour,3,9,2,9,5,0,3,3,UP,RIGHT,True,True,5,6,1,0.2,True,False,False,0,COLLISION
detour,3,9,2,10,0,1,-2,3,UP,NONE,False,True,5,,,,False,False,False,0,INVALID_BELIEF
detour,3,9,2,10,4,1,2,3,UP,NONE,False,True,5,,,,False,False,False,0,INVALID_BELIEF
detour,3,9,2,11,1,2,-1,3,UP,RIGHT,True,True,5,6,1,0.2,True,False,False,0,COLLISION
detour,3,9,2,11,3,2,1,3,UP,LEFT,True,True,5,6,1,0.2,True,False,False,0,COLLISION
detour,3,9,2,12,2,3,0,3,UP,NONE,False,True,5,,,,False,False,False,0,INVALID_BELIEF
detour,3,13,2,10,2,-3,0,3,UP,NONE,False,True,1,,,,False,False,False,0,INVALID_BELIEF
detour,3,13,2,11,1,-2,-1,3,UP,RIGHT,True,True,1,2,1,1.0,True,False,False,0,COLLISION
detour,3,13,2,11,3,-2,1,3,UP,LEFT,True,True,1,2,1,1.0,True,False,False,0,COLLISION
detour,3,13,2,12,0,-1,-2,3,UP,NONE,False,True,1,,,,False,False,False,0,INVALID_BELIEF
detour,3,13,2,12,4,-1,2,3,UP,NONE,False,True,1,,,,False,False,False,0,INVALID_BELIEF
detour,3,13,2,13,-1,0,-3,3,UP,NONE,False,True,1,,,,False,False,False,0,INVALID_BELIEF
detour,3,13,2,13,5,0,3,3,UP,UP,True,False,1,1,0,0.0,False,False,True,0,ADEQUATE
detour,3,13,2,14,0,1,-2,3,UP,NONE,False,True,1,,,,False,False,False,0,INVALID_BELIEF
detour,3,13,2,14,4,1,2,3,UP,NONE,False,True,1,,,,False,False,False,0,INVALID_BELIEF
detour,3,13,2,15,1,2,-1,3,UP,NONE,False,True,1,,,,False,False,False,0,INVALID_BELIEF
detour,3,13,2,15,3,2,1,3,UP,NONE,False,True,1,,,,False,False,False,0,INVALID_BELIEF
detour,3,13,2,16,2,3,0,3,UP,NONE,False,True,1,,,,False,False,False,0,INVALID_BELIEF
detour,3,1,3,-2,3,-3,0,3,RIGHT,NONE,False,True,22,,,,False,False,False,0,INVALID_BELIEF
detour,3,1,3,-1,2,-2,-1,3,RIGHT,NONE,False,True,22,,,,False,False,False,0,INVALID_BELIEF
detour,3,1,3,-1,4,-2,1,3,RIGHT,NONE,False,True,22,,,,False,False,False,0,INVALID_BELIEF
detour,3,1,3,0,1,-1,-2,3,RIGHT,NONE,False,True,22,,,,False,False,False,0,INVALID_BELIEF
detour,3,1,3,0,5,-1,2,3,RIGHT,NONE,False,True,22,,,,False,False,False,0,INVALID_BELIEF
detour,3,1,3,1,0,0,-3,3,RIGHT,NONE,False,True,22,,,,False,False,False,0,INVALID_BELIEF
detour,3,1,3,1,6,0,3,3,RIGHT,DOWN,True,True,22,23,1,0.045454545454545456,True,False,False,0,COLLISION
detour,3,1,3,2,1,1,-2,3,RIGHT,RIGHT,True,False,22,22,0,0.0,False,False,True,0,ADEQUATE
detour,3,1,3,2,5,1,2,3,RIGHT,LEFT,True,True,22,23,1,0.045454545454545456,True,False,False,0,COLLISION
detour,3,1,3,3,2,2,-1,3,RIGHT,NONE,False,True,22,,,,False,False,False,0,INVALID_BELIEF
detour,3,1,3,3,4,2,1,3,RIGHT,UP,True,True,22,24,2,0.09090909090909091,False,False,False,0,INADEQUATE
detour,3,1,3,4,3,3,0,3,RIGHT,RIGHT,True,False,22,22,0,0.0,False,False,True,0,ADEQUATE
detour,3,2,3,-1,3,-3,0,3,RIGHT,NONE,False,True,21,,,,False,False,False,0,INVALID_BELIEF
detour,3,2,3,0,2,-2,-1,3,RIGHT,NONE,False,True,21,,,,False,False,False,0,INVALID_BELIEF
detour,3,2,3,0,4,-2,1,3,RIGHT,NONE,False,True,21,,,,False,False,False,0,INVALID_BELIEF
detour,3,2,3,1,1,-1,-2,3,RIGHT,RIGHT,True,False,21,21,0,0.0,False,False,True,0,ADEQUATE
detour,3,2,3,1,5,-1,2,3,RIGHT,DOWN,True,True,21,22,1,0.047619047619047616,True,False,False,0,COLLISION
detour,3,2,3,2,0,0,-3,3,RIGHT,NONE,False,True,21,,,,False,False,False,0,INVALID_BELIEF
detour,3,2,3,2,6,0,3,3,RIGHT,NONE,False,True,21,,,,False,False,False,0,INVALID_BELIEF
detour,3,2,3,3,1,1,-2,3,RIGHT,RIGHT,True,False,21,21,0,0.0,False,False,True,0,ADEQUATE
detour,3,2,3,3,5,1,2,3,RIGHT,UP,True,True,21,22,1,0.047619047619047616,True,False,False,0,COLLISION
detour,3,2,3,4,2,2,-1,3,RIGHT,NONE,False,True,21,,,,False,False,False,0,INVALID_BELIEF
detour,3,2,3,4,4,2,1,3,RIGHT,NONE,False,True,21,,,,False,False,False,0,INVALID_BELIEF
detour,3,2,3,5,3,3,0,3,RIGHT,DOWN,True,True,21,22,1,0.047619047619047616,True,False,False,0,COLLISION
detour,3,3,3,0,3,-3,0,3,RIGHT,NONE,False,True,20,,,,False,False,False,0,INVALID_BELIEF
detour,3,3,3,1,2,-2,-1,3,RIGHT,DOWN,True,True,20,22,2,0.1,False,False,False,0,INADEQUATE
detour,3,3,3,1,4,-2,1,3,RIGHT,NONE,False,True,20,,,,False,False,False,0,INVALID_BELIEF
detour,3,3,3,2,1,-1,-2,3,RIGHT,RIGHT,True,False,20,20,0,0.0,False,False,True,0,ADEQUATE
detour,3,3,3,2,5,-1,2,3,RIGHT,LEFT,True,True,20,22,2,0.1,False,False,False,0,INADEQUATE
detour,3,3,3,3,0,0,-3,3,RIGHT,NONE,False,True,20,,,,False,False,False,0,INVALID_BELIEF
detour,3,3,3,3,6,0,3,3,RIGHT,NONE,False,True,20,,,,False,False,False,0,INVALID_BELIEF
detour,3,3,3,4,1,1,-2,3,RIGHT,RIGHT,True,False,20,20,0,0.0,False,False,True,0,ADEQUATE
detour,3,3,3,4,5,1,2,3,RIGHT,NONE,False,True,20,,,,False,False,False,0,INVALID_BELIEF
detour,3,3,3,5,2,2,-1,3,RIGHT,NONE,False,True,20,,,,False,False,False,0,INVALID_BELIEF
detour,3,3,3,5,4,2,1,3,RIGHT,DOWN,True,True,20,22,2,0.1,False,False,False,0,INADEQUATE
detour,3,3,3,6,3,3,0,3,RIGHT,NONE,False,True,20,,,,False,False,False,0,INVALID_BELIEF
detour,3,4,3,1,3,-3,0,3,RIGHT,RIGHT,True,False,19,19,0,0.0,False,False,True,0,ADEQUATE
detour,3,4,3,2,2,-2,-1,3,RIGHT,NONE,False,True,19,,,,False,False,False,0,INVALID_BELIEF
detour,3,4,3,2,4,-2,1,3,RIGHT,NONE,False,True,19,,,,False,False,False,0,INVALID_BELIEF
detour,3,4,3,3,1,-1,-2,3,RIGHT,RIGHT,True,False,19,19,0,0.0,False,False,True,0,ADEQUATE
detour,3,4,3,3,5,-1,2,3,RIGHT,UP,True,True,19,20,1,0.05263157894736842,True,False,False,0,COLLISION
detour,3,4,3,4,0,0,-3,3,RIGHT,NONE,False,True,19,,,,False,False,False,0,INVALID_BELIEF
detour,3,4,3,4,6,0,3,3,RIGHT,NONE,False,True,19,,,,False,False,False,0,INVALID_BELIEF
detour,3,4,3,5,1,1,-2,3,RIGHT,RIGHT,True,False,19,19,0,0.0,False,False,True,0,ADEQUATE
detour,3,4,3,5,5,1,2,3,RIGHT,DOWN,True,True,19,20,1,0.05263157894736842,True,False,False,0,COLLISION
detour,3,4,3,6,2,2,-1,3,RIGHT,NONE,False,True,19,,,,False,False,False,0,INVALID_BELIEF
detour,3,4,3,6,4,2,1,3,RIGHT,NONE,False,True,19,,,,False,False,False,0,INVALID_BELIEF
detour,3,4,3,7,3,3,0,3,RIGHT,DOWN,True,True,19,20,1,0.05263157894736842,True,False,False,0,COLLISION
detour,3,5,3,2,3,-3,0,3,DOWN,RIGHT,True,True,18,19,1,0.05555555555555555,True,False,False,0,COLLISION
detour,3,5,3,3,2,-2,-1,3,DOWN,NONE,False,True,18,,,,False,False,False,0,INVALID_BELIEF
detour,3,5,3,3,4,-2,1,3,DOWN,UP,True,True,18,19,1,0.05555555555555555,True,False,False,0,COLLISION
detour,3,5,3,4,1,-1,-2,3,DOWN,RIGHT,True,True,18,19,1,0.05555555555555555,True,False,False,0,COLLISION
detour,3,5,3,4,5,-1,2,3,DOWN,NONE,False,True,18,,,,False,False,False,0,INVALID_BELIEF
detour,3,5,3,5,0,0,-3,3,DOWN,NONE,False,True,18,,,,False,False,False,0,INVALID_BELIEF
detour,3,5,3,5,6,0,3,3,DOWN,DOWN,True,False,18,18,0,0.0,False,False,True,0,ADEQUATE
detour,3,5,3,6,1,1,-2,3,DOWN,RIGHT,True,True,18,19,1,0.05555555555555555,True,False,False,0,COLLISION
detour,3,5,3,6,5,1,2,3,DOWN,NONE,False,True,18,,,,False,False,False,0,INVALID_BELIEF
detour,3,5,3,7,2,2,-1,3,DOWN,DOWN,True,False,18,18,0,0.0,False,False,True,0,ADEQUATE
detour,3,5,3,7,4,2,1,3,DOWN,DOWN,True,False,18,18,0,0.0,False,False,True,0,ADEQUATE
detour,3,5,3,8,3,3,0,3,DOWN,NONE,False,True,18,,,,False,False,False,0,INVALID_BELIEF
detour,3,7,3,4,3,-3,0,3,DOWN,RIGHT,True,True,16,17,1,0.0625,True,False,False,0,COLLISION
detour,3,7,3,5,2,-2,-1,3,DOWN,NONE,False,True,16,,,,False,False,False,0,INVALID_BELIEF
detour,3,7,3,5,4,-2,1,3,DOWN,DOWN,True,False,16,16,0,0.0,False,False,True,0,ADEQUATE
detour,3,7,3,6,1,-1,-2,3,DOWN,RIGHT,True,True,16,17,1,0.0625,True,False,False,0,COLLISION
detour,3,7,3,6,5,-1,2,3,DOWN,NONE,False,True,16,,,,False,False,False,0,INVALID_BELIEF
detour,3,7,3,7,0,0,-3,3,DOWN,NONE,False,True,16,,,,False,False,False,0,INVALID_BELIEF
detour,3,7,3,7,6,0,3,3,DOWN,NONE,False,True,16,,,,False,False,False,0,INVALID_BELIEF
detour,3,7,3,8,1,1,-2,3,DOWN,NONE,False,True,16,,,,False,False,False,0,INVALID_BELIEF
detour,3,7,3,8,5,1,2,3,DOWN,RIGHT,True,True,16,17,1,0.0625,True,False,False,0,COLLISION
detour,3,7,3,9,2,2,-1,3,DOWN,UP,True,True,16,18,2,0.125,False,False,False,0,INADEQUATE
detour,3,7,3,9,4,2,1,3,DOWN,NONE,False,True,16,,,,False,False,False,0,INVALID_BELIEF
detour,3,7,3,10,3,3,0,3,DOWN,LEFT,True,True,16,17,1,0.0625,True,False,False,0,COLLISION
detour,3,9,3,6,3,-3,0,3,UP,NONE,False,True,6,,,,False,False,False,0,INVALID_BELIEF
detour,3,9,3,7,2,-2,-1,3,UP,DOWN,True,True,6,7,1,0.16666666666666666,True,False,False,0,COLLISION
detour,3,9,3,7,4,-2,1,3,UP,DOWN,True,True,6,7,1,0.16666666666666666,True,False,False,0,COLLISION
detour,3,9,3,8,1,-1,-2,3,UP,NONE,False,True,6,,,,False,False,False,0,INVALID_BELIEF
detour,3,9,3,8,5,-1,2,3,UP,RIGHT,True,True,6,8,2,0.3333333333333333,False,False,False,0,INADEQUATE
detour,3,9,3,9,0,0,-3,3,UP,NONE,False,True,6,,,,False,False,False,0,INVALID_BELIEF
detour,3,9,3,9,6,0,3,3,UP,NONE,False,True,6,,,,False,False,False,0,INVALID_BELIEF
detour,3,9,3,10,1,1,-2,3,UP,RIGHT,True,True,6,8,2,0.3333333333333333,False,False,False,0,INADEQUATE
detour,3,9,3,10,5,1,2,3,UP,RIGHT,True,True,6,8,2,0.3333333333333333,False,False,False,0,INADEQUATE
detour,3,9,3,11,2,2,-1,3,UP,NONE,False,True,6,,,,False,False,False,0,INVALID_BELIEF
detour,3,9,3,11,4,2,1,3,UP,UP,True,False,6,6,0,0.0,False,False,True,0,ADEQUATE
detour,3,9,3,12,3,3,0,3,UP,NONE,False,True,6,,,,False,False,False,0,INVALID_BELIEF
detour,3,10,3,7,3,-3,0,3,LEFT,DOWN,True,True,7,8,1,0.14285714285714285,True,False,False,0,COLLISION
detour,3,10,3,8,2,-2,-1,3,LEFT,NONE,False,True,7,,,,False,False,False,0,INVALID_BELIEF
detour,3,10,3,8,4,-2,1,3,LEFT,NONE,False,True,7,,,,False,False,False,0,INVALID_BELIEF
detour,3,10,3,9,1,-1,-2,3,LEFT,RIGHT,True,True,7,9,2,0.2857142857142857,False,False,False,0,INADEQUATE
detour,3,10,3,9,5,-1,2,3,LEFT,RIGHT,True,True,7,9,2,0.2857142857142857,False,False,False,0,INADEQUATE
detour,3,10,3,10,0,0,-3,3,LEFT,NONE,False,True,7,,,,False,False,False,0,INVALID_BELIEF
detour,3,10,3,10,6,0,3,3,LEFT,NONE,False,True,7,,,,False,False,False,0,INVALID_BELIEF
detour,3,10,3,11,1,1,-2,3,LEFT,RIGHT,True,True,7,9,2,0.2857142857142857,False,False,False,0,INADEQUATE
detour,3,10,3,11,5,1,2,3,LEFT,UP,True,True,7,8,1,0.14285714285714285,True,False,False,0,COLLISION
detour,3,10,3,12,2,2,-1,3,LEFT,NONE,False,True,7,,,,False,False,False,0,INVALID_BELIEF
detour,3,10,3,12,4,2,1,3,LEFT,NONE,False,True,7,,,,False,False,False,0,INVALID_BELIEF
detour,3,10,3,13,3,3,0,3,LEFT,UP,True,True,7,8,1,0.14285714285714285,True,False,False,0,COLLISION
detour,3,11,3,8,3,-3,0,3,LEFT,NONE,False,True,8,,,,False,False,False,0,INVALID_BELIEF
detour,3,11,3,9,2,-2,-1,3,LEFT,UP,True,True,8,9,1,0.125,True,False,False,0,COLLISION
detour,3,11,3,9,4,-2,1,3,LEFT,NONE,False,True,8,,,,False,False,False,0,INVALID_BELIEF
detour,3,11,3,10,1,-1,-2,3,LEFT,RIGHT,True,True,8,9,1,0.125,True,False,False,0,COLLISION
detour,3,11,3,10,5,-1,2,3,LEFT,RIGHT,True,True,8,9,1,0.125,True,False,False,0,COLLISION
detour,3,11,3,11,0,0,-3,3,LEFT,NONE,False,True,8,,,,False,False,False,0,INVALID_BELIEF
detour,3,11,3,11,6,0,3,3,LEFT,DOWN,True,True,8,10,2,0.25,False,False,False,0,INADEQUATE
detour,3,11,3,12,1,1,-2,3,LEFT,RIGHT,True,True,8,9,1,0.125,True,False,False,0,COLLISION
detour,3,11,3,12,5,1,2,3,LEFT,NONE,False,True,8,,,,False,False,False,0,INVALID_BELIEF
detour,3,11,3,13,2,2,-1,3,LEFT,UP,True,True,8,9,1,0.125,True,False,False,0,COLLISION
detour,3,11,3,13,4,2,1,3,LEFT,UP,True,True,8,9,1,0.125,True,False,False,0,COLLISION
detour,3,11,3,14,3,3,0,3,LEFT,NONE,False,True,8,,,,False,False,False,0,INVALID_BELIEF
detour,3,13,3,10,3,-3,0,3,UP,LEFT,True,True,2,3,1,0.5,True,False,False,0,COLLISION
detour,3,13,3,11,2,-2,-1,3,UP,NONE,False,True,2,,,,False,False,False,0,INVALID_BELIEF
detour,3,13,3,11,4,-2,1,3,UP,UP,True,False,2,2,0,0.0,False,False,True,0,ADEQUATE
detour,3,13,3,12,1,-1,-2,3,UP,RIGHT,True,True,2,3,1,0.5,True,False,False,0,COLLISION
detour,3,13,3,12,5,-1,2,3,UP,NONE,False,True,2,,,,False,False,False,0,INVALID_BELIEF
detour,3,13,3,13,0,0,-3,3,UP,NONE,False,True,2,,,,False,False,False,0,INVALID_BELIEF
detour,3,13,3,13,6,0,3,3,UP,UP,True,False,2,2,0,0.0,False,False,True,0,ADEQUATE
detour,3,13,3,14,1,1,-2,3,UP,NONE,False,True,2,,,,False,False,False,0,INVALID_BELIEF
detour,3,13,3,14,5,1,2,3,UP,NONE,False,True,2,,,,False,False,False,0,INVALID_BELIEF
detour,3,13,3,15,2,2,-1,3,UP,NONE,False,True,2,,,,False,False,False,0,INVALID_BELIEF
detour,3,13,3,15,4,2,1,3,UP,NONE,False,True,2,,,,False,False,False,0,INVALID_BELIEF
detour,3,13,3,16,3,3,0,3,UP,NONE,False,True,2,,,,False,False,False,0,INVALID_BELIEF
detour,3,3,4,0,4,-3,0,3,UP,NONE,False,True,21,,,,False,False,False,0,INVALID_BELIEF
detour,3,3,4,1,3,-2,-1,3,UP,RIGHT,True,True,21,22,1,0.047619047619047616,True,False,False,0,COLLISION
detour,3,3,4,1,5,-2,1,3,UP,DOWN,True,True,21,23,2,0.09523809523809523,False,False,False,0,INADEQUATE
detour,3,3,4,2,2,-1,-2,3,UP,NONE,False,True,21,,,,False,False,False,0,INVALID_BELIEF
detour,3,3,4,2,6,-1,2,3,UP,NONE,False,True,21,,,,False,False,False,0,INVALID_BELIEF
detour,3,3,4,3,1,0,-3,3,UP,RIGHT,True,True,21,22,1,0.047619047619047616,True,False,False,0,COLLISION
detour,3,3,4,3,7,0,3,3,UP,RIGHT,True,True,21,22,1,0.047619047619047616,True,False,False,0,COLLISION
detour,3,3,4,4,2,1,-2,3,UP,NONE,False,True,21,,,,False,False,False,0,INVALID_BELIEF
detour,3,3,4,4,6,1,2,3,UP,NONE,False,True,21,,,,False,False,False,0,INVALID_BELIEF
detour,3,3,4,5,3,2,-1,3,UP,DOWN,True,True,21,23,2,0.09523809523809523,False,False,False,0,INADEQUATE
detour,3,3,4,5,5,2,1,3,UP,DOWN,True,True,21,23,2,0.09523809523809523,False,False,False,0,INADEQUATE
detour,3,3,4,6,4,3,0,3,UP,NONE,False,True,21,,,,False,False,False,0,INVALID_BELIEF
detour,3,5,4,2,4,-3,0,3,DOWN,NONE,False,True,17,,,,False,False,False,0,INVALID_BELIEF
detour,3,5,4,3,3,-2,-1,3,DOWN,RIGHT,True,True,17,18,1,0.058823529411764705,True,False,False,0,COLLISION
detour,3,5,4,3,5,-2,1,3,DOWN,UP,True,True,17,19,2,0.11764705882352941,False,False,False,0,INADEQUATE
detour,3,5,4,4,2,-1,-2,3,DOWN,NONE,False,True,17,,,,False,False,False,0,INVALID_BELIEF
detour,3,5,4,4,6,-1,2,3,DOWN,NONE,False,True,17,,,,False,False,False,0,INVALID_BELIEF
detour,3,5,4,5,1,0,-3,3,DOWN,RIGHT,True,True,17,18,1,0.058823529411764705,True,False,False,0,COLLISION
detour,3,5,4,5,7,0,3,3,DOWN,RIGHT,True,True,17,18,1,0.058823529411764705,True,False,False,0,COLLISION
detour,3,5,4,6,2,1,-2,3,DOWN,NONE,False,True,17,,,,False,False,False,0,INVALID_BELIEF
detour,3,5,4,6,6,1,2,3,DOWN,NONE,False,True,17,,,,False,False,False,0,INVALID_BELIEF
detour,3,5,4,7,3,2,-1,3,DOWN,DOWN,True,False,17,17,0,0.0,False,False,True,0,ADEQUATE
detour,3,5,4,7,5,2,1,3,DOWN,RIGHT,True,True,17,18,1,0.058823529411764705,True,False,False,0,COLLISION
detour,3,5,4,8,4,3,0,3,DOWN,NONE,False,True,17,,,,False,False,False,0,INVALID_BELIEF
detour,3,7,4,4,4,-3,0,3,DOWN,NONE,False,True,15,,,,False,False,False,0,INVALID_BELIEF
detour,3,7,4,5,3,-2,-1,3,DOWN,DOWN,True,False,15,15,0,0.0,False,False,True,0,ADEQUATE
detour,3,7,4,5,5,-2,1,3,DOWN,DOWN,True,False,15,15,0,0.0,False,False,True,0,ADEQUATE
detour,3,7,4,6,2,-1,-2,3,DOWN,NONE,False,True,15,,,,False,False,False,0,INVALID_BELIEF
detour,3,7,4,6,6,-1,2,3,DOWN,NONE,False,True,15,,,,False,False,False,0,INVALID_BELIEF
detour,3,7,4,7,1,0,-3,3,DOWN,DOWN,True,False,15,15,0,0.0,False,False,True,0,ADEQUATE
detour,3,7,4,7,7,0,3,3,DOWN,RIGHT,True,True,15,16,1,0.06666666666666667,True,False,False,0,COLLISION
detour,3,7,4,8,2,1,-2,3,DOWN,NONE,False,True,15,,,,False,False,False,0,INVALID_BELIEF
detour,3,7,4,8,6,1,2,3,DOWN,NONE,False,True,15,,,,False,False,False,0,INVALID_BELIEF
detour,3,7,4,9,3,2,-1,3,DOWN,UP,True,True,15,17,2,0.13333333333333333,False,False,False,0,INADEQUATE
detour,3,7,4,9,5,2,1,3,DOWN,RIGHT,True,True,15,16,1,0.06666666666666667,True,False,False,0,COLLISION
detour,3,7,4,10,4,3,0,3,DOWN,NONE,False,True,15,,,,False,False,False,0,INVALID_BELIEF
detour,3,11,4,8,4,-3,0,3,UP,NONE,False,True,9,,,,False,False,False,0,INVALID_BELIEF
detour,3,11,4,9,3,-2,-1,3,UP,UP,True,False,9,9,0,0.0,False,False,True,0,ADEQUATE
detour,3,11,4,9,5,-2,1,3,UP,RIGHT,True,True,9,10,1,0.1111111111111111,True,False,False,0,COLLISION
detour,3,11,4,10,2,-1,-2,3,UP,NONE,False,True,9,,,,False,False,False,0,INVALID_BELIEF
detour,3,11,4,10,6,-1,2,3,UP,NONE,False,True,9,,,,False,False,False,0,INVALID_BELIEF
detour,3,11,4,11,1,0,-3,3,UP,RIGHT,True,True,9,10,1,0.1111111111111111,True,False,False,0,COLLISION
detour,3,11,4,11,7,0,3,3,UP,RIGHT,True,True,9,10,1,0.1111111111111111,True,False,False,0,COLLISION
detour,3,11,4,12,2,1,-2,3,UP,NONE,False,True,9,,,,False,False,False,0,INVALID_BELIEF
detour,3,11,4,12,6,1,2,3,UP,NONE,False,True,9,,,,False,False,False,0,INVALID_BELIEF
detour,3,11,4,13,3,2,-1,3,UP,UP,True,False,9,9,0,0.0,False,False,True,0,ADEQUATE
detour,3,11,4,13,5,2,1,3,UP,UP,True,False,9,9,0,0.0,False,False,True,0,ADEQUATE
detour,3,11,4,14,4,3,0,3,UP,NONE,False,True,9,,,,False,False,False,0,INVALID_BELIEF
detour,3,13,4,10,4,-3,0,3,UP,NONE,False,True,3,,,,False,False,False,0,INVALID_BELIEF
detour,3,13,4,11,3,-2,-1,3,UP,LEFT,True,True,3,4,1,0.3333333333333333,True,False,False,0,COLLISION
detour,3,13,4,11,5,-2,1,3,UP,UP,True,False,3,3,0,0.0,False,False,True,0,ADEQUATE
detour,3,13,4,12,2,-1,-2,3,UP,NONE,False,True,3,,,,False,False,False,0,INVALID_BELIEF
detour,3,13,4,12,6,-1,2,3,UP,NONE,False,True,3,,,,False,False,False,0,INVALID_BELIEF
detour,3,13,4,13,1,0,-3,3,UP,NONE,True,True,3,,,,False,True,False,0,FALSE_TERMINAL
detour,3,13,4,13,7,0,3,3,UP,UP,True,False,3,3,0,0.0,False,False,True,0,ADEQUATE
detour,3,13,4,14,2,1,-2,3,UP,NONE,False,True,3,,,,False,False,False,0,INVALID_BELIEF
detour,3,13,4,14,6,1,2,3,UP,NONE,False,True,3,,,,False,False,False,0,INVALID_BELIEF
detour,3,13,4,15,3,2,-1,3,UP,NONE,False,True,3,,,,False,False,False,0,INVALID_BELIEF
detour,3,13,4,15,5,2,1,3,UP,NONE,False,True,3,,,,False,False,False,0,INVALID_BELIEF
detour,3,13,4,16,4,3,0,3,UP,NONE,False,True,3,,,,False,False,False,0,INVALID_BELIEF
detour,3,1,5,-2,5,-3,0,3,DOWN,NONE,False,True,20,,,,False,False,False,0,INVALID_BELIEF
detour,3,1,5,-1,4,-2,-1,3,DOWN,NONE,False,True,20,,,,False,False,False,0,INVALID_BELIEF
detour,3,1,5,-1,6,-2,1,3,DOWN,NONE,False,True,20,,,,False,False,False,0,INVALID_BELIEF
detour,3,1,5,0,3,-1,-2,3,DOWN,NONE,False,True,20,,,,False,False,False,0,INVALID_BELIEF
detour,3,1,5,0,7,-1,2,3,DOWN,NONE,False,True,20,,,,False,False,False,0,INVALID_BELIEF
detour,3,1,5,1,2,0,-3,3,DOWN,DOWN,True,False,20,20,0,0.0,False,False,True,0,ADEQUATE
detour,3,1,5,1,8,0,3,3,DOWN,NONE,False,True,20,,,,False,False,False,0,INVALID_BELIEF
detour,3,1,5,2,3,1,-2,3,DOWN,RIGHT,True,True,20,22,2,0.1,False,False,False,0,INADEQUATE
detour,3,1,5,2,7,1,2,3,DOWN,RIGHT,True,True,20,22,2,0.1,False,False,False,0,INADEQUATE
detour,3,1,5,3,4,2,-1,3,DOWN,UP,True,True,20,21,1,0.05,True,False,False,0,COLLISION
detour,3,1,5,3,6,2,1,3,DOWN,NONE,False,True,20,,,,False,False,False,0,INVALID_BELIEF
detour,3,1,5,4,5,3,0,3,DOWN,NONE,False,True,20,,,,False,False,False,0,INVALID_BELIEF
detour,3,2,5,-1,5,-3,0,3,LEFT,NONE,False,True,21,,,,False,False,False,0,INVALID_BELIEF
detour,3,2,5,0,4,-2,-1,3,LEFT,NONE,False,True,21,,,,False,False,False,0,INVALID_BELIEF
detour,3,2,5,0,6,-2,1,3,LEFT,NONE,False,True,21,,,,False,False,False,0,INVALID_BELIEF
detour,3,2,5,1,3,-1,-2,3,LEFT,RIGHT,True,True,21,23,2,0.09523809523809523,False,False,False,0,INADEQUATE
detour,3,2,5,1,7,-1,2,3,LEFT,RIGHT,True,True,21,23,2,0.09523809523809523,False,False,False,0,INADEQUATE
detour,3,2,5,2,2,0,-3,3,LEFT,NONE,False,True,21,,,,False,False,False,0,INVALID_BELIEF
detour,3,2,5,2,8,0,3,3,LEFT,NONE,False,True,21,,,,False,False,False,0,INVALID_BELIEF
detour,3,2,5,3,3,1,-2,3,LEFT,RIGHT,True,True,21,23,2,0.09523809523809523,False,False,False,0,INADEQUATE
detour,3,2,5,3,7,1,2,3,LEFT,RIGHT,True,True,21,23,2,0.09523809523809523,False,False,False,0,INADEQUATE
detour,3,2,5,4,4,2,-1,3,LEFT,NONE,False,True,21,,,,False,False,False,0,INVALID_BELIEF
detour,3,2,5,4,6,2,1,3,LEFT,NONE,False,True,21,,,,False,False,False,0,INVALID_BELIEF
detour,3,2,5,5,5,3,0,3,LEFT,DOWN,True,True,21,22,1,0.047619047619047616,True,False,False,0,COLLISION
detour,3,3,5,0,5,-3,0,3,UP,NONE,False,True,22,,,,False,False,False,0,INVALID_BELIEF
detour,3,3,5,1,4,-2,-1,3,UP,NONE,False,True,22,,,,False,False,False,0,INVALID_BELIEF
detour,3,3,5,1,6,-2,1,3,UP,DOWN,True,True,22,23,1,0.045454545454545456,True,False,False,0,COLLISION
detour,3,3,5,2,3,-1,-2,3,UP,RIGHT,True,True,22,23,1,0.045454545454545456,True,False,False,0,COLLISION
detour,3,3,5,2,7,-1,2,3,UP,RIGHT,True,True,22,23,1,0.045454545454545456,True,False,False,0,COLLISION
detour,3,3,5,3,2,0,-3,3,UP,NONE,False,True,22,,,,False,False,False,0,INVALID_BELIEF
detour,3,3,5,3,8,0,3,3,UP,NONE,False,True,22,,,,False,False,False,0,INVALID_BELIEF
detour,3,3,5,4,3,1,-2,3,UP,RIGHT,True,True,22,23,1,0.045454545454545456,True,False,False,0,COLLISION
detour,3,3,5,4,7,1,2,3,UP,RIGHT,True,True,22,23,1,0.045454545454545456,True,False,False,0,COLLISION
detour,3,3,5,5,4,2,-1,3,UP,DOWN,True,True,22,23,1,0.045454545454545456,True,False,False,0,COLLISION
detour,3,3,5,5,6,2,1,3,UP,DOWN,True,True,22,23,1,0.045454545454545456,True,False,False,0,COLLISION
detour,3,3,5,6,5,3,0,3,UP,NONE,False,True,22,,,,False,False,False,0,INVALID_BELIEF
detour,3,5,5,2,5,-3,0,3,DOWN,LEFT,True,True,16,17,1,0.0625,True,False,False,0,COLLISION
detour,3,5,5,3,4,-2,-1,3,DOWN,UP,True,True,16,18,2,0.125,False,False,False,0,INADEQUATE
detour,3,5,5,3,6,-2,1,3,DOWN,NONE,False,True,16,,,,False,False,False,0,INVALID_BELIEF
detour,3,5,5,4,3,-1,-2,3,DOWN,RIGHT,True,True,16,17,1,0.0625,True,False,False,0,COLLISION
detour,3,5,5,4,7,-1,2,3,DOWN,RIGHT,True,True,16,17,1,0.0625,True,False,False,0,COLLISION
detour,3,5,5,5,2,0,-3,3,DOWN,NONE,False,True,16,,,,False,False,False,0,INVALID_BELIEF
detour,3,5,5,5,8,0,3,3,DOWN,NONE,False,True,16,,,,False,False,False,0,INVALID_BELIEF
detour,3,5,5,6,3,1,-2,3,DOWN,NONE,False,True,16,,,,False,False,False,0,INVALID_BELIEF
detour,3,5,5,6,7,1,2,3,DOWN,RIGHT,True,True,16,17,1,0.0625,True,False,False,0,COLLISION
detour,3,5,5,7,4,2,-1,3,DOWN,DOWN,True,False,16,16,0,0.0,False,False,True,0,ADEQUATE
detour,3,5,5,7,6,2,1,3,DOWN,NONE,False,True,16,,,,False,False,False,0,INVALID_BELIEF
detour,3,5,5,8,5,3,0,3,DOWN,RIGHT,True,True,16,17,1,0.0625,True,False,False,0,COLLISION
detour,3,7,5,4,5,-3,0,3,RIGHT,NONE,False,True,14,,,,False,False,False,0,INVALID_BELIEF
detour,3,7,5,5,4,-2,-1,3,RIGHT,DOWN,True,True,14,15,1,0.07142857142857142,True,False,False,0,COLLISION
detour,3,7,5,5,6,-2,1,3,RIGHT,DOWN,True,True,14,15,1,0.07142857142857142,True,False,False,0,COLLISION
detour,3,7,5,6,3,-1,-2,3,RIGHT,NONE,False,True,14,,,,False,False,False,0,INVALID_BELIEF
detour,3,7,5,6,7,-1,2,3,RIGHT,RIGHT,True,False,14,14,0,0.0,False,False,True,0,ADEQUATE
detour,3,7,5,7,2,0,-3,3,RIGHT,DOWN,True,True,14,15,1,0.07142857142857142,True,False,False,0,COLLISION
detour,3,7,5,7,8,0,3,3,RIGHT,NONE,False,True,14,,,,False,False,False,0,INVALID_BELIEF
detour,3,7,5,8,3,1,-2,3,RIGHT,NONE,False,True,14,,,,False,False,False,0,INVALID_BELIEF
detour,3,7,5,8,7,1,2,3,RIGHT,RIGHT,True,False,14,14,0,0.0,False,False,True,0,ADEQUATE
detour,3,7,5,9,4,2,-1,3,RIGHT,NONE,False,True,14,,,,False,False,False,0,INVALID_BELIEF
detour,3,7,5,9,6,2,1,3,RIGHT,NONE,False,True,14,,,,False,False,False,0,INVALID_BELIEF
detour,3,7,5,10,5,3,0,3,RIGHT,RIGHT,True,False,14,14,0,0.0,False,False,True,0,ADEQUATE
detour,3,8,5,5,5,-3,0,3,RIGHT,DOWN,True,True,13,14,1,0.07692307692307693,True,False,False,0,COLLISION
detour,3,8,5,6,4,-2,-1,3,RIGHT,NONE,False,True,13,,,,False,False,False,0,INVALID_BELIEF
detour,3,8,5,6,6,-2,1,3,RIGHT,NONE,False,True,13,,,,False,False,False,0,INVALID_BELIEF
detour,3,8,5,7,3,-1,-2,3,RIGHT,DOWN,True,True,13,14,1,0.07692307692307693,True,False,False,0,COLLISION
detour,3,8,5,7,7,-1,2,3,RIGHT,RIGHT,True,False,13,13,0,0.0,False,False,True,0,ADEQUATE
detour,3,8,5,8,2,0,-3,3,RIGHT,NONE,False,True,13,,,,False,False,False,0,INVALID_BELIEF
detour,3,8,5,8,8,0,3,3,RIGHT,NONE,False,True,13,,,,False,False,False,0,INVALID_BELIEF
detour,3,8,5,9,3,1,-2,3,RIGHT,UP,True,True,13,14,1,0.07692307692307693,True,False,False,0,COLLISION
detour,3,8,5,9,7,1,2,3,RIGHT,RIGHT,True,False,13,13,0,0.0,False,False,True,0,ADEQUATE
detour,3,8,5,10,4,2,-1,3,RIGHT,NONE,False,True,13,,,,False,False,False,0,INVALID_BELIEF
detour,3,8,5,10,6,2,1,3,RIGHT,NONE,False,True,13,,,,False,False,False,0,INVALID_BELIEF
detour,3,8,5,11,5,3,0,3,RIGHT,UP,True,True,13,14,1,0.07692307692307693,True,False,False,0,COLLISION
detour,3,9,5,6,5,-3,0,3,RIGHT,NONE,False,True,12,,,,False,False,False,0,INVALID_BELIEF
detour,3,9,5,7,4,-2,-1,3,RIGHT,DOWN,True,True,12,13,1,0.08333333333333333,True,False,False,0,COLLISION
detour,3,9,5,7,6,-2,1,3,RIGHT,NONE,False,True,12,,,,False,False,False,0,INVALID_BELIEF
detour,3,9,5,8,3,-1,-2,3,RIGHT,NONE,False,True,12,,,,False,False,False,0,INVALID_BELIEF
detour,3,9,5,8,7,-1,2,3,RIGHT,RIGHT,True,False,12,12,0,0.0,False,False,True,0,ADEQUATE
detour,3,9,5,9,2,0,-3,3,RIGHT,UP,True,True,12,13,1,0.08333333333333333,True,False,False,0,COLLISION
detour,3,9,5,9,8,0,3,3,RIGHT,NONE,False,True,12,,,,False,False,False,0,INVALID_BELIEF
detour,3,9,5,10,3,1,-2,3,RIGHT,LEFT,True,True,12,14,2,0.16666666666666666,False,False,False,0,INADEQUATE
detour,3,9,5,10,7,1,2,3,RIGHT,RIGHT,True,False,12,12,0,0.0,False,False,True,0,ADEQUATE
detour,3,9,5,11,4,2,-1,3,RIGHT,UP,True,True,12,13,1,0.08333333333333333,True,False,False,0,COLLISION
detour,3,9,5,11,6,2,1,3,RIGHT,DOWN,True,True,12,13,1,0.08333333333333333,True,False,False,0,COLLISION
detour,3,9,5,12,5,3,0,3,RIGHT,NONE,False,True,12,,,,False,False,False,0,INVALID_BELIEF
detour,3,10,5,7,5,-3,0,3,RIGHT,RIGHT,True,False,11,11,0,0.0,False,False,True,0,ADEQUATE
detour,3,10,5,8,4,-2,-1,3,RIGHT,NONE,False,True,11,,,,False,False,False,0,INVALID_BELIEF
detour,3,10,5,8,6,-2,1,3,RIGHT,NONE,False,True,11,,,,False,False,False,0,INVALID_BELIEF
detour,3,10,5,9,3,-1,-2,3,RIGHT,UP,True,True,11,12,1,0.09090909090909091,True,False,False,0,COLLISION
detour,3,10,5,9,7,-1,2,3,RIGHT,RIGHT,True,False,11,11,0,0.0,False,False,True,0,ADEQUATE
detour,3,10,5,10,2,0,-3,3,RIGHT,NONE,False,True,11,,,,False,False,False,0,INVALID_BELIEF
detour,3,10,5,10,8,0,3,3,RIGHT,NONE,False,True,11,,,,False,False,False,0,INVALID_BELIEF
detour,3,10,5,11,3,1,-2,3,RIGHT,LEFT,True,True,11,13,2,0.18181818181818182,False,False,False,0,INADEQUATE
detour,3,10,5,11,7,1,2,3,RIGHT,RIGHT,True,False,11,11,0,0.0,False,False,True,0,ADEQUATE
detour,3,10,5,12,4,2,-1,3,RIGHT,NONE,False,True,11,,,,False,False,False,0,INVALID_BELIEF
detour,3,10,5,12,6,2,1,3,RIGHT,NONE,False,True,11,,,,False,False,False,0,INVALID_BELIEF
detour,3,10,5,13,5,3,0,3,RIGHT,UP,True,True,11,12,1,0.09090909090909091,True,False,False,0,COLLISION
detour,3,11,5,8,5,-3,0,3,UP,RIGHT,True,True,10,11,1,0.1,True,False,False,0,COLLISION
detour,3,11,5,9,4,-2,-1,3,UP,NONE,False,True,10,,,,False,False,False,0,INVALID_BELIEF
detour,3,11,5,9,6,-2,1,3,UP,NONE,False,True,10,,,,False,False,False,0,INVALID_BELIEF
detour,3,11,5,10,3,-1,-2,3,UP,LEFT,True,True,10,12,2,0.2,False,False,False,0,INADEQUATE
detour,3,11,5,10,7,-1,2,3,UP,RIGHT,True,True,10,11,1,0.1,True,False,False,0,COLLISION
detour,3,11,5,11,2,0,-3,3,UP,NONE,False,True,10,,,,False,False,False,0,INVALID_BELIEF
detour,3,11,5,11,8,0,3,3,UP,NONE,False,True,10,,,,False,False,False,0,INVALID_BELIEF
detour,3,11,5,12,3,1,-2,3,UP,NONE,False,True,10,,,,False,False,False,0,INVALID_BELIEF
detour,3,11,5,12,7,1,2,3,UP,RIGHT,True,True,10,11,1,0.1,True,False,False,0,COLLISION
detour,3,11,5,13,4,2,-1,3,UP,UP,True,False,10,10,0,0.0,False,False,True,0,ADEQUATE
detour,3,11,5,13,6,2,1,3,UP,UP,True,False,10,10,0,0.0,False,False,True,0,ADEQUATE
detour,3,11,5,14,5,3,0,3,UP,NONE,False,True,10,,,,False,False,False,0,INVALID_BELIEF
detour,3,13,5,10,5,-3,0,3,UP,RIGHT,True,True,4,5,1,0.25,True,False,False,0,COLLISION
detour,3,13,5,11,4,-2,-1,3,UP,UP,True,False,4,4,0,0.0,False,False,True,0,ADEQUATE
detour,3,13,5,11,6,-2,1,3,UP,DOWN,True,True,4,6,2,0.5,False,False,False,0,INADEQUATE
detour,3,13,5,12,3,-1,-2,3,UP,NONE,False,True,4,,,,False,False,False,0,INVALID_BELIEF
detour,3,13,5,12,7,-1,2,3,UP,RIGHT,True,True,4,5,1,0.25,True,False,False,0,COLLISION
detour,3,13,5,13,2,0,-3,3,UP,UP,True,False,4,4,0,0.0,False,False,True,0,ADEQUATE
detour,3,13,5,13,8,0,3,3,UP,NONE,False,True,4,,,,False,False,False,0,INVALID_BELIEF
detour,3,13,5,14,3,1,-2,3,UP,NONE,False,True,4,,,,False,False,False,0,INVALID_BELIEF
detour,3,13,5,14,7,1,2,3,UP,NONE,False,True,4,,,,False,False,False,0,INVALID_BELIEF
detour,3,13,5,15,4,2,-1,3,UP,NONE,False,True,4,,,,False,False,False,0,INVALID_BELIEF
detour,3,13,5,15,6,2,1,3,UP,NONE,False,True,4,,,,False,False,False,0,INVALID_BELIEF
detour,3,13,5,16,5,3,0,3,UP,NONE,False,True,4,,,,False,False,False,0,INVALID_BELIEF
detour,3,1,6,-2,6,-3,0,3,DOWN,NONE,False,True,19,,,,False,False,False,0,INVALID_BELIEF
detour,3,1,6,-1,5,-2,-1,3,DOWN,NONE,False,True,19,,,,False,False,False,0,INVALID_BELIEF
detour,3,1,6,-1,7,-2,1,3,DOWN,NONE,False,True,19,,,,False,False,False,0,INVALID_BELIEF
detour,3,1,6,0,4,-1,-2,3,DOWN,NONE,False,True,19,,,,False,False,False,0,INVALID_BELIEF
detour,3,1,6,0,8,-1,2,3,DOWN,NONE,False,True,19,,,,False,False,False,0,INVALID_BELIEF
detour,3,1,6,1,3,0,-3,3,DOWN,RIGHT,True,True,19,20,1,0.05263157894736842,True,False,False,0,COLLISION
detour,3,1,6,1,9,0,3,3,DOWN,NONE,False,True,19,,,,False,False,False,0,INVALID_BELIEF
detour,3,1,6,2,4,1,-2,3,DOWN,NONE,False,True,19,,,,False,False,False,0,INVALID_BELIEF
detour,3,1,6,2,8,1,2,3,DOWN,NONE,False,True,19,,,,False,False,False,0,INVALID_BELIEF
detour,3,1,6,3,5,2,-1,3,DOWN,UP,True,True,19,21,2,0.10526315789473684,False,False,False,0,INADEQUATE
detour,3,1,6,3,7,2,1,3,DOWN,RIGHT,True,True,19,20,1,0.05263157894736842,True,False,False,0,COLLISION
detour,3,1,6,4,6,3,0,3,DOWN,NONE,False,True,19,,,,False,False,False,0,INVALID_BELIEF
detour,3,5,6,2,6,-3,0,3,DOWN,NONE,False,True,15,,,,False,False,False,0,INVALID_BELIEF
detour,3,5,6,3,5,-2,-1,3,DOWN,UP,True,True,15,17,2,0.13333333333333333,False,False,False,0,INADEQUATE
detour,3,5,6,3,7,-2,1,3,DOWN,RIGHT,True,True,15,16,1,0.06666666666666667,True,False,False,0,COLLISION
detour,3,5,6,4,4,-1,-2,3,DOWN,NONE,False,True,15,,,,False,False,False,0,INVALID_BELIEF
detour,3,5,6,4,8,-1,2,3,DOWN,NONE,False,True,15,,,,False,False,False,0,INVALID_BELIEF
detour,3,5,6,5,3,0,-3,3,DOWN,DOWN,True,False,15,15,0,0.0,False,False,True,0,ADEQUATE
detour,3,5,6,5,9,0,3,3,DOWN,NONE,False,True,15,,,,False,False,False,0,INVALID_BELIEF
detour,3,5,6,6,4,1,-2,3,DOWN,NONE,False,True,15,,,,False,False,False,0,INVALID_BELIEF
detour,3,5,6,6,8,1,2,3,DOWN,NONE,False,True,15,,,,False,False,False,0,INVALID_BELIEF
detour,3,5,6,7,5,2,-1,3,DOWN,RIGHT,True,True,15,16,1,0.06666666666666667,True,False,False,0,COLLISION
detour,3,5,6,7,7,2,1,3,DOWN,RIGHT,True,True,15,16,1,0.06666666666666667,True,False,False,0,COLLISION
detour,3,5,6,8,6,3,0,3,DOWN,NONE,False,True,15,,,,False,False,False,0,INVALID_BELIEF
detour,3,11,6,8,6,-3,0,3,DOWN,NONE,False,True,9,,,,False,False,False,0,INVALID_BELIEF
detour,3,11,6,9,5,-2,-1,3,DOWN,RIGHT,True,True,9,10,1,0.1111111111111111,True,False,False,0,COLLISION
detour,3,11,6,9,7,-2,1,3,DOWN,RIGHT,True,True,9,10,1,0.1111111111111111,True,False,False,0,COLLISION
detour,3,11,6,10,4,-1,-2,3,DOWN,NONE,False,True,9,,,,False,False,False,0,INVALID_BELIEF
detour,3,11,6,10,8,-1,2,3,DOWN,NONE,False,True,9,,,,False,False,False,0,INVALID_BELIEF
detour,3,11,6,11,3,0,-3,3,DOWN,LEFT,True,True,9,10,1,0.1111111111111111,True,False,False,0,COLLISION
detour,3,11,6,11,9,0,3,3,DOWN,NONE,False,True,9,,,,False,False,False,0,INVALID_BELIEF
detour,3,11,6,12,4,1,-2,3,DOWN,NONE,False,True,9,,,,False,False,False,0,INVALID_BELIEF
detour,3,11,6,12,8,1,2,3,DOWN,NONE,False,True,9,,,,False,False,False,0,INVALID_BELIEF
detour,3,11,6,13,5,2,-1,3,DOWN,UP,True,True,9,11,2,0.2222222222222222,False,False,False,0,INADEQUATE
detour,3,11,6,13,7,2,1,3,DOWN,UP,True,True,9,11,2,0.2222222222222222,False,False,False,0,INADEQUATE
detour,3,11,6,14,6,3,0,3,DOWN,NONE,False,True,9,,,,False,False,False,0,INVALID_BELIEF
detour,3,13,6,10,6,-3,0,3,UP,NONE,False,True,5,,,,False,False,False,0,INVALID_BELIEF
detour,3,13,6,11,5,-2,-1,3,UP,UP,True,False,5,5,0,0.0,False,False,True,0,ADEQUATE
detour,3,13,6,11,7,-2,1,3,UP,RIGHT,True,True,5,6,1,0.2,True,False,False,0,COLLISION
detour,3,13,6,12,4,-1,-2,3,UP,NONE,False,True,5,,,,False,False,False,0,INVALID_BELIEF
detour,3,13,6,12,8,-1,2,3,UP,NONE,False,True,5,,,,False,False,False,0,INVALID_BELIEF
detour,3,13,6,13,3,0,-3,3,UP,UP,True,False,5,5,0,0.0,False,False,True,0,ADEQUATE
detour,3,13,6,13,9,0,3,3,UP,NONE,False,True,5,,,,False,False,False,0,INVALID_BELIEF
detour,3,13,6,14,4,1,-2,3,UP,NONE,False,True,5,,,,False,False,False,0,INVALID_BELIEF
detour,3,13,6,14,8,1,2,3,UP,NONE,False,True,5,,,,False,False,False,0,INVALID_BELIEF
detour,3,13,6,15,5,2,-1,3,UP,NONE,False,True,5,,,,False,False,False,0,INVALID_BELIEF
detour,3,13,6,15,7,2,1,3,UP,NONE,False,True,5,,,,False,False,False,0,INVALID_BELIEF
detour,3,13,6,16,6,3,0,3,UP,NONE,False,True,5,,,,False,False,False,0,INVALID_BELIEF
detour,3,1,7,-2,7,-3,0,3,RIGHT,NONE,False,True,18,,,,False,False,False,0,INVALID_BELIEF
detour,3,1,7,-1,6,-2,-1,3,RIGHT,NONE,False,True,18,,,,False,False,False,0,INVALID_BELIEF
detour,3,1,7,-1,8,-2,1,3,RIGHT,NONE,False,True,18,,,,False,False,False,0,INVALID_BELIEF
detour,3,1,7,0,5,-1,-2,3,RIGHT,NONE,False,True,18,,,,False,False,False,0,INVALID_BELIEF
detour,3,1,7,0,9,-1,2,3,RIGHT,NONE,False,True,18,,,,False,False,False,0,INVALID_BELIEF
detour,3,1,7,1,4,0,-3,3,RIGHT,NONE,False,True,18,,,,False,False,False,0,INVALID_BELIEF
detour,3,1,7,1,10,0,3,3,RIGHT,NONE,False,True,18,,,,False,False,False,0,INVALID_BELIEF
detour,3,1,7,2,5,1,-2,3,RIGHT,LEFT,True,True,18,19,1,0.05555555555555555,True,False,False,0,COLLISION
detour,3,1,7,2,9,1,2,3,RIGHT,NONE,False,True,18,,,,False,False,False,0,INVALID_BELIEF
detour,3,1,7,3,6,2,-1,3,RIGHT,NONE,False,True,18,,,,False,False,False,0,INVALID_BELIEF
detour,3,1,7,3,8,2,1,3,RIGHT,NONE,False,True,18,,,,False,False,False,0,INVALID_BELIEF
detour,3,1,7,4,7,3,0,3,RIGHT,RIGHT,True,False,18,18,0,0.0,False,False,True,0,ADEQUATE
detour,3,2,7,-1,7,-3,0,3,RIGHT,NONE,False,True,17,,,,False,False,False,0,INVALID_BELIEF
detour,3,2,7,0,6,-2,-1,3,RIGHT,NONE,False,True,17,,,,False,False,False,0,INVALID_BELIEF
detour,3,2,7,0,8,-2,1,3,RIGHT,NONE,False,True,17,,,,False,False,False,0,INVALID_BELIEF
detour,3,2,7,1,5,-1,-2,3,RIGHT,DOWN,True,True,17,18,1,0.058823529411764705,True,False,False,0,COLLISION
detour,3,2,7,1,9,-1,2,3,RIGHT,NONE,False,True,17,,,,False,False,False,0,INVALID_BELIEF
detour,3,2,7,2,4,0,-3,3,RIGHT,NONE,False,True,17,,,,False,False,False,0,INVALID_BELIEF
detour,3,2,7,2,10,0,3,3,RIGHT,NONE,False,True,17,,,,False,False,False,0,INVALID_BELIEF
detour,3,2,7,3,5,1,-2,3,RIGHT,UP,True,True,17,18,1,0.058823529411764705,True,False,False,0,COLLISION
detour,3,2,7,3,9,1,2,3,RIGHT,NONE,False,True,17,,,,False,False,False,0,INVALID_BELIEF
detour,3,2,7,4,6,2,-1,3,RIGHT,NONE,False,True,17,,,,False,False,False,0,INVALID_BELIEF
detour,3,2,7,4,8,2,1,3,RIGHT,NONE,False,True,17,,,,False,False,False,0,INVALID_BELIEF
detour,3,2,7,5,7,3,0,3,RIGHT,RIGHT,True,False,17,17,0,0.0,False,False,True,0,ADEQUATE
detour,3,3,7,0,7,-3,0,3,RIGHT,NONE,False,True,16,,,,False,False,False,0,INVALID_BELIEF
detour,3,3,7,1,6,-2,-1,3,RIGHT,DOWN,True,True,16,17,1,0.0625,True,False,False,0,COLLISION
detour,3,3,7,1,8,-2,1,3,RIGHT,NONE,False,True,16,,,,False,False,False,0,INVALID_BELIEF
detour,3,3,7,2,5,-1,-2,3,RIGHT,LEFT,True,True,16,18,2,0.125,False,False,False,0,INADEQUATE
detour,3,3,7,2,9,-1,2,3,RIGHT,NONE,False,True,16,,,,False,False,False,0,INVALID_BELIEF
detour,3,3,7,3,4,0,-3,3,RIGHT,UP,True,True,16,17,1,0.0625,True,False,False,0,COLLISION
detour,3,3,7,3,10,0,3,3,RIGHT,NONE,False,True,16,,,,False,False,False,0,INVALID_BELIEF
detour,3,3,7,4,5,1,-2,3,RIGHT,NONE,False,True,16,,,,False,False,False,0,INVALID_BELIEF
detour,3,3,7,4,9,1,2,3,RIGHT,NONE,False,True,16,,,,False,False,False,0,INVALID_BELIEF
detour,3,3,7,5,6,2,-1,3,RIGHT,DOWN,True,True,16,17,1,0.0625,True,False,False,0,COLLISION
detour,3,3,7,5,8,2,1,3,RIGHT,NONE,False,True,16,,,,False,False,False,0,INVALID_BELIEF
detour,3,3,7,6,7,3,0,3,RIGHT,RIGHT,True,False,16,16,0,0.0,False,False,True,0,ADEQUATE
detour,3,4,7,1,7,-3,0,3,RIGHT,RIGHT,True,False,15,15,0,0.0,False,False,True,0,ADEQUATE
detour,3,4,7,2,6,-2,-1,3,RIGHT,NONE,False,True,15,,,,False,False,False,0,INVALID_BELIEF
detour,3,4,7,2,8,-2,1,3,RIGHT,NONE,False,True,15,,,,False,False,False,0,INVALID_BELIEF
detour,3,4,7,3,5,-1,-2,3,RIGHT,UP,True,True,15,16,1,0.06666666666666667,True,False,False,0,COLLISION
detour,3,4,7,3,9,-1,2,3,RIGHT,NONE,False,True,15,,,,False,False,False,0,INVALID_BELIEF
detour,3,4,7,4,4,0,-3,3,RIGHT,NONE,False,True,15,,,,False,False,False,0,INVALID_BELIEF
detour,3,4,7,4,10,0,3,3,RIGHT,NONE,False,True,15,,,,False,False,False,0,INVALID_BELIEF
detour,3,4,7,5,5,1,-2,3,RIGHT,DOWN,True,True,15,16,1,0.06666666666666667,True,False,False,0,COLLISION
detour,3,4,7,5,9,1,2,3,RIGHT,NONE,False,True,15,,,,False,False,False,0,INVALID_BELIEF
detour,3,4,7,6,6,2,-1,3,RIGHT,NONE,False,True,15,,,,False,False,False,0,INVALID_BELIEF
detour,3,4,7,6,8,2,1,3,RIGHT,NONE,False,True,15,,,,False,False,False,0,INVALID_BELIEF
detour,3,4,7,7,7,3,0,3,RIGHT,RIGHT,True,False,15,15,0,0.0,False,False,True,0,ADEQUATE
detour,3,5,7,2,7,-3,0,3,RIGHT,RIGHT,True,False,14,14,0,0.0,False,False,True,0,ADEQUATE
detour,3,5,7,3,6,-2,-1,3,RIGHT,NONE,False,True,14,,,,False,False,False,0,INVALID_BELIEF
detour,3,5,7,3,8,-2,1,3,RIGHT,NONE,False,True,14,,,,False,False,False,0,INVALID_BELIEF
detour,3,5,7,4,5,-1,-2,3,RIGHT,NONE,False,True,14,,,,False,False,False,0,INVALID_BELIEF
detour,3,5,7,4,9,-1,2,3,RIGHT,NONE,False,True,14,,,,False,False,False,0,INVALID_BELIEF
detour,3,5,7,5,4,0,-3,3,RIGHT,DOWN,True,True,14,15,1,0.07142857142857142,True,False,False,0,COLLISION
detour,3,5,7,5,10,0,3,3,RIGHT,NONE,False,True,14,,,,False,False,False,0,INVALID_BELIEF
detour,3,5,7,6,5,1,-2,3,RIGHT,NONE,False,True,14,,,,False,False,False,0,INVALID_BELIEF
detour,3,5,7,6,9,1,2,3,RIGHT,NONE,False,True,14,,,,False,False,False,0,INVALID_BELIEF
detour,3,5,7,7,6,2,-1,3,RIGHT,NONE,False,True,14,,,,False,False,False,0,INVALID_BELIEF
detour,3,5,7,7,8,2,1,3,RIGHT,NONE,False,True,14,,,,False,False,False,0,INVALID_BELIEF
detour,3,5,7,8,7,3,0,3,RIGHT,RIGHT,True,False,14,14,0,0.0,False,False,True,0,ADEQUATE
detour,3,6,7,3,7,-3,0,3,RIGHT,RIGHT,True,False,13,13,0,0.0,False,False,True,0,ADEQUATE
detour,3,6,7,4,6,-2,-1,3,RIGHT,NONE,False,True,13,,,,False,False,False,0,INVALID_BELIEF
detour,3,6,7,4,8,-2,1,3,RIGHT,NONE,False,True,13,,,,False,False,False,0,INVALID_BELIEF
detour,3,6,7,5,5,-1,-2,3,RIGHT,DOWN,True,True,13,14,1,0.07692307692307693,True,False,False,0,COLLISION
detour,3,6,7,5,9,-1,2,3,RIGHT,NONE,False,True,13,,,,False,False,False,0,INVALID_BELIEF
detour,3,6,7,6,4,0,-3,3,RIGHT,NONE,False,True,13,,,,False,False,False,0,INVALID_BELIEF
detour,3,6,7,6,10,0,3,3,RIGHT,NONE,False,True,13,,,,False,False,False,0,INVALID_BELIEF
detour,3,6,7,7,5,1,-2,3,RIGHT,RIGHT,True,False,13,13,0,0.0,False,False,True,0,ADEQUATE
detour,3,6,7,7,9,1,2,3,RIGHT,NONE,False,True,13,,,,False,False,False,0,INVALID_BELIEF
detour,3,6,7,8,6,2,-1,3,RIGHT,NONE,False,True,13,,,,False,False,False,0,INVALID_BELIEF
detour,3,6,7,8,8,2,1,3,RIGHT,NONE,False,True,13,,,,False,False,False,0,INVALID_BELIEF
detour,3,6,7,9,7,3,0,3,RIGHT,RIGHT,True,False,13,13,0,0.0,False,False,True,0,ADEQUATE
detour,3,7,7,4,7,-3,0,3,RIGHT,RIGHT,True,False,12,12,0,0.0,False,False,True,0,ADEQUATE
detour,3,7,7,5,6,-2,-1,3,RIGHT,DOWN,True,True,12,13,1,0.08333333333333333,True,False,False,0,COLLISION
detour,3,7,7,5,8,-2,1,3,RIGHT,NONE,False,True,12,,,,False,False,False,0,INVALID_BELIEF
detour,3,7,7,6,5,-1,-2,3,RIGHT,NONE,False,True,12,,,,False,False,False,0,INVALID_BELIEF
detour,3,7,7,6,9,-1,2,3,RIGHT,NONE,False,True,12,,,,False,False,False,0,INVALID_BELIEF
detour,3,7,7,7,4,0,-3,3,RIGHT,DOWN,True,True,12,13,1,0.08333333333333333,True,False,False,0,COLLISION
detour,3,7,7,7,10,0,3,3,RIGHT,NONE,False,True,12,,,,False,False,False,0,INVALID_BELIEF
detour,3,7,7,8,5,1,-2,3,RIGHT,RIGHT,True,False,12,12,0,0.0,False,False,True,0,ADEQUATE
detour,3,7,7,8,9,1,2,3,RIGHT,NONE,False,True,12,,,,False,False,False,0,INVALID_BELIEF
detour,3,7,7,9,6,2,-1,3,RIGHT,NONE,False,True,12,,,,False,False,False,0,INVALID_BELIEF
detour,3,7,7,9,8,2,1,3,RIGHT,NONE,False,True,12,,,,False,False,False,0,INVALID_BELIEF
detour,3,7,7,10,7,3,0,3,RIGHT,RIGHT,True,False,12,12,0,0.0,False,False,True,0,ADEQUATE
detour,3,8,7,5,7,-3,0,3,RIGHT,RIGHT,True,False,11,11,0,0.0,False,False,True,0,ADEQUATE
detour,3,8,7,6,6,-2,-1,3,RIGHT,NONE,False,True,11,,,,False,False,False,0,INVALID_BELIEF
detour,3,8,7,6,8,-2,1,3,RIGHT,NONE,False,True,11,,,,False,False,False,0,INVALID_BELIEF
detour,3,8,7,7,5,-1,-2,3,RIGHT,RIGHT,True,False,11,11,0,0.0,False,False,True,0,ADEQUATE
detour,3,8,7,7,9,-1,2,3,RIGHT,NONE,False,True,11,,,,False,False,False,0,INVALID_BELIEF
detour,3,8,7,8,4,0,-3,3,RIGHT,NONE,False,True,11,,,,False,False,False,0,INVALID_BELIEF
detour,3,8,7,8,10,0,3,3,RIGHT,NONE,False,True,11,,,,False,False,False,0,INVALID_BELIEF
detour,3,8,7,9,5,1,-2,3,RIGHT,RIGHT,True,False,11,11,0,0.0,False,False,True,0,ADEQUATE
detour,3,8,7,9,9,1,2,3,RIGHT,NONE,False,True,11,,,,False,False,False,0,INVALID_BELIEF
detour,3,8,7,10,6,2,-1,3,RIGHT,NONE,False,True,11,,,,False,False,False,0,INVALID_BELIEF
detour,3,8,7,10,8,2,1,3,RIGHT,NONE,False,True,11,,,,False,False,False,0,INVALID_BELIEF
detour,3,8,7,11,7,3,0,3,RIGHT,RIGHT,True,False,11,11,0,0.0,False,False,True,0,ADEQUATE
detour,3,9,7,6,7,-3,0,3,RIGHT,RIGHT,True,False,10,10,0,0.0,False,False,True,0,ADEQUATE
detour,3,9,7,7,6,-2,-1,3,RIGHT,NONE,False,True,10,,,,False,False,False,0,INVALID_BELIEF
detour,3,9,7,7,8,-2,1,3,RIGHT,NONE,False,True,10,,,,False,False,False,0,INVALID_BELIEF
detour,3,9,7,8,5,-1,-2,3,RIGHT,RIGHT,True,False,10,10,0,0.0,False,False,True,0,ADEQUATE
detour,3,9,7,8,9,-1,2,3,RIGHT,NONE,False,True,10,,,,False,False,False,0,INVALID_BELIEF
detour,3,9,7,9,4,0,-3,3,RIGHT,NONE,False,True,10,,,,False,False,False,0,INVALID_BELIEF
detour,3,9,7,9,10,0,3,3,RIGHT,NONE,False,True,10,,,,False,False,False,0,INVALID_BELIEF
detour,3,9,7,10,5,1,-2,3,RIGHT,RIGHT,True,False,10,10,0,0.0,False,False,True,0,ADEQUATE
detour,3,9,7,10,9,1,2,3,RIGHT,NONE,False,True,10,,,,False,False,False,0,INVALID_BELIEF
detour,3,9,7,11,6,2,-1,3,RIGHT,DOWN,True,True,10,11,1,0.1,True,False,False,0,COLLISION
detour,3,9,7,11,8,2,1,3,RIGHT,NONE,False,True,10,,,,False,False,False,0,INVALID_BELIEF
detour,3,9,7,12,7,3,0,3,RIGHT,RIGHT,True,False,10,10,0,0.0,False,False,True,0,ADEQUATE
detour,3,10,7,7,7,-3,0,3,RIGHT,RIGHT,True,False,9,9,0,0.0,False,False,True,0,ADEQUATE
detour,3,10,7,8,6,-2,-1,3,RIGHT,NONE,False,True,9,,,,False,False,False,0,INVALID_BELIEF
detour,3,10,7,8,8,-2,1,3,RIGHT,NONE,False,True,9,,,,False,False,False,0,INVALID_BELIEF
detour,3,10,7,9,5,-1,-2,3,RIGHT,RIGHT,True,False,9,9,0,0.0,False,False,True,0,ADEQUATE
detour,3,10,7,9,9,-1,2,3,RIGHT,NONE,False,True,9,,,,False,False,False,0,INVALID_BELIEF
detour,3,10,7,10,4,0,-3,3,RIGHT,NONE,False,True,9,,,,False,False,False,0,INVALID_BELIEF
detour,3,10,7,10,10,0,3,3,RIGHT,NONE,False,True,9,,,,False,False,False,0,INVALID_BELIEF
detour,3,10,7,11,5,1,-2,3,RIGHT,UP,True,True,9,10,1,0.1111111111111111,True,False,False,0,COLLISION
detour,3,10,7,11,9,1,2,3,RIGHT,NONE,False,True,9,,,,False,False,False,0,INVALID_BELIEF
detour,3,10,7,12,6,2,-1,3,RIGHT,NONE,False,True,9,,,,False,False,False,0,INVALID_BELIEF
detour,3,10,7,12,8,2,1,3,RIGHT,NONE,False,True,9,,,,False,False,False,0,INVALID_BELIEF
detour,3,10,7,13,7,3,0,3,RIGHT,UP,True,True,9,10,1,0.1111111111111111,True,False,False,0,COLLISION
detour,3,11,7,8,7,-3,0,3,RIGHT,RIGHT,True,False,8,8,0,0.0,False,False,True,0,ADEQUATE
detour,3,11,7,9,6,-2,-1,3,RIGHT,NONE,False,True,8,,,,False,False,False,0,INVALID_BELIEF
detour,3,11,7,9,8,-2,1,3,RIGHT,NONE,False,True,8,,,,False,False,False,0,INVALID_BELIEF
detour,3,11,7,10,5,-1,-2,3,RIGHT,RIGHT,True,False,8,8,0,0.0,False,False,True,0,ADEQUATE
detour,3,11,7,10,9,-1,2,3,RIGHT,NONE,False,True,8,,,,False,False,False,0,INVALID_BELIEF
detour,3,11,7,11,4,0,-3,3,RIGHT,UP,True,True,8,10,2,0.25,False,False,False,0,INADEQUATE
detour,3,11,7,11,10,0,3,3,RIGHT,NONE,False,True,8,,,,False,False,False,0,INVALID_BELIEF
detour,3,11,7,12,5,1,-2,3,RIGHT,NONE,False,True,8,,,,False,False,False,0,INVALID_BELIEF
detour,3,11,7,12,9,1,2,3,RIGHT,NONE,False,True,8,,,,False,False,False,0,INVALID_BELIEF
detour,3,11,7,13,6,2,-1,3,RIGHT,UP,True,True,8,10,2,0.25,False,False,False,0,INADEQUATE
detour,3,11,7,13,8,2,1,3,RIGHT,NONE,False,True,8,,,,False,False,False,0,INVALID_BELIEF
detour,3,11,7,14,7,3,0,3,RIGHT,NONE,False,True,8,,,,False,False,False,0,INVALID_BELIEF
detour,3,12,7,9,7,-3,0,3,RIGHT,RIGHT,True,False,7,7,0,0.0,False,False,True,0,ADEQUATE
detour,3,12,7,10,6,-2,-1,3,RIGHT,NONE,False,True,7,,,,False,False,False,0,INVALID_BELIEF
detour,3,12,7,10,8,-2,1,3,RIGHT,NONE,False,True,7,,,,False,False,False,0,INVALID_BELIEF
detour,3,12,7,11,5,-1,-2,3,RIGHT,UP,True,True,7,8,1,0.14285714285714285,True,False,False,0,COLLISION
detour,3,12,7,11,9,-1,2,3,RIGHT,NONE,False,True,7,,,,False,False,False,0,INVALID_BELIEF
detour,3,12,7,12,4,0,-3,3,RIGHT,NONE,False,True,7,,,,False,False,False,0,INVALID_BELIEF
detour,3,12,7,12,10,0,3,3,RIGHT,NONE,False,True,7,,,,False,False,False,0,INVALID_BELIEF
detour,3,12,7,13,5,1,-2,3,RIGHT,UP,True,True,7,8,1,0.14285714285714285,True,False,False,0,COLLISION
detour,3,12,7,13,9,1,2,3,RIGHT,NONE,False,True,7,,,,False,False,False,0,INVALID_BELIEF
detour,3,12,7,14,6,2,-1,3,RIGHT,NONE,False,True,7,,,,False,False,False,0,INVALID_BELIEF
detour,3,12,7,14,8,2,1,3,RIGHT,NONE,False,True,7,,,,False,False,False,0,INVALID_BELIEF
detour,3,12,7,15,7,3,0,3,RIGHT,NONE,False,True,7,,,,False,False,False,0,INVALID_BELIEF
detour,3,13,7,10,7,-3,0,3,UP,RIGHT,True,True,6,7,1,0.16666666666666666,True,False,False,0,COLLISION
detour,3,13,7,11,6,-2,-1,3,UP,DOWN,True,True,6,7,1,0.16666666666666666,True,False,False,0,COLLISION
detour,3,13,7,11,8,-2,1,3,UP,NONE,False,True,6,,,,False,False,False,0,INVALID_BELIEF
detour,3,13,7,12,5,-1,-2,3,UP,NONE,False,True,6,,,,False,False,False,0,INVALID_BELIEF
detour,3,13,7,12,9,-1,2,3,UP,NONE,False,True,6,,,,False,False,False,0,INVALID_BELIEF
detour,3,13,7,13,4,0,-3,3,UP,UP,True,False,6,6,0,0.0,False,False,True,0,ADEQUATE
detour,3,13,7,13,10,0,3,3,UP,NONE,False,True,6,,,,False,False,False,0,INVALID_BELIEF
detour,3,13,7,14,5,1,-2,3,UP,NONE,False,True,6,,,,False,False,False,0,INVALID_BELIEF
detour,3,13,7,14,9,1,2,3,UP,NONE,False,True,6,,,,False,False,False,0,INVALID_BELIEF
detour,3,13,7,15,6,2,-1,3,UP,NONE,False,True,6,,,,False,False,False,0,INVALID_BELIEF
detour,3,13,7,15,8,2,1,3,UP,NONE,False,True,6,,,,False,False,False,0,INVALID_BELIEF
detour,3,13,7,16,7,3,0,3,UP,NONE,False,True,6,,,,False,False,False,0,INVALID_BELIEF
detour,4,1,1,-3,1,-4,0,4,RIGHT,NONE,False,True,24,,,,False,False,False,0,INVALID_BELIEF
detour,4,1,1,-2,0,-3,-1,4,RIGHT,NONE,False,True,24,,,,False,False,False,0,INVALID_BELIEF
detour,4,1,1,-2,2,-3,1,4,RIGHT,NONE,False,True,24,,,,False,False,False,0,INVALID_BELIEF
detour,4,1,1,-1,-1,-2,-2,4,RIGHT,NONE,False,True,24,,,,False,False,False,0,INVALID_BELIEF
detour,4,1,1,-1,3,-2,2,4,RIGHT,NONE,False,True,24,,,,False,False,False,0,INVALID_BELIEF
detour,4,1,1,0,-2,-1,-3,4,RIGHT,NONE,False,True,24,,,,False,False,False,0,INVALID_BELIEF
detour,4,1,1,0,4,-1,3,4,RIGHT,NONE,False,True,24,,,,False,False,False,0,INVALID_BELIEF
detour,4,1,1,1,-3,0,-4,4,RIGHT,NONE,False,True,24,,,,False,False,False,0,INVALID_BELIEF
detour,4,1,1,1,5,0,4,4,RIGHT,DOWN,True,True,24,24,0,0.0,False,False,True,0,ADEQUATE
detour,4,1,1,2,-2,1,-3,4,RIGHT,NONE,False,True,24,,,,False,False,False,0,INVALID_BELIEF
detour,4,1,1,2,4,1,3,4,RIGHT,NONE,False,True,24,,,,False,False,False,0,INVALID_BELIEF
detour,4,1,1,3,-1,2,-2,4,RIGHT,NONE,False,True,24,,,,False,False,False,0,INVALID_BELIEF
detour,4,1,1,3,3,2,2,4,RIGHT,RIGHT,True,False,24,24,0,0.0,False,False,True,0,ADEQUATE
detour,4,1,1,4,0,3,-1,4,RIGHT,NONE,False,True,24,,,,False,False,False,0,INVALID_BELIEF
detour,4,1,1,4,2,3,1,4,RIGHT,NONE,False,True,24,,,,False,False,False,0,INVALID_BELIEF
detour,4,1,1,5,1,4,0,4,RIGHT,RIGHT,True,False,24,24,0,0.0,False,False,True,0,ADEQUATE
detour,4,2,1,-2,1,-4,0,4,RIGHT,NONE,False,True,23,,,,False,False,False,0,INVALID_BELIEF
detour,4,2,1,-1,0,-3,-1,4,RIGHT,NONE,False,True,23,,,,False,False,False,0,INVALID_BELIEF
detour,4,2,1,-1,2,-3,1,4,RIGHT,NONE,False,True,23,,,,False,False,False,0,INVALID_BELIEF
detour,4,2,1,0,-1,-2,-2,4,RIGHT,NONE,False,True,23,,,,False,False,False,0,INVALID_BELIEF
detour,4,2,1,0,3,-2,2,4,RIGHT,NONE,False,True,23,,,,False,False,False,0,INVALID_BELIEF
detour,4,2,1,1,-2,-1,-3,4,RIGHT,NONE,False,True,23,,,,False,False,False,0,INVALID_BELIEF
detour,4,2,1,1,4,-1,3,4,RIGHT,NONE,False,True,23,,,,False,False,False,0,INVALID_BELIEF
detour,4,2,1,2,-3,0,-4,4,RIGHT,NONE,False,True,23,,,,False,False,False,0,INVALID_BELIEF
detour,4,2,1,2,5,0,4,4,RIGHT,LEFT,True,True,23,25,2,0.08695652173913043,False,False,False,0,INADEQUATE
detour,4,2,1,3,-2,1,-3,4,RIGHT,NONE,False,True,23,,,,False,False,False,0,INVALID_BELIEF
detour,4,2,1,3,4,1,3,4,RIGHT,UP,True,True,23,24,1,0.043478260869565216,True,False,False,0,COLLISION
detour,4,2,1,4,-1,2,-2,4,RIGHT,NONE,False,True,23,,,,False,False,False,0,INVALID_BELIEF
detour,4,2,1,4,3,2,2,4,RIGHT,RIGHT,True,False,23,23,0,0.0,False,False,True,0,ADEQUATE
detour,4,2,1,5,0,3,-1,4,RIGHT,NONE,False,True,23,,,,False,False,False,0,INVALID_BELIEF
detour,4,2,1,5,2,3,1,4,RIGHT,NONE,False,True,23,,,,False,False,False,0,INVALID_BELIEF
detour,4,2,1,6,1,4,0,4,RIGHT,RIGHT,True,False,23,23,0,0.0,False,False,True,0,ADEQUATE
detour,4,3,1,-1,1,-4,0,4,RIGHT,NONE,False,True,22,,,,False,False,False,0,INVALID_BELIEF
detour,4,3,1,0,0,-3,-1,4,RIGHT,NONE,False,True,22,,,,False,False,False,0,INVALID_BELIEF
detour,4,3,1,0,2,-3,1,4,RIGHT,NONE,False,True,22,,,,False,False,False,0,INVALID_BELIEF
detour,4,3,1,1,-1,-2,-2,4,RIGHT,NONE,False,True,22,,,,False,False,False,0,INVALID_BELIEF
detour,4,3,1,1,3,-2,2,4,RIGHT,RIGHT,True,False,22,22,0,0.0,False,False,True,0,ADEQUATE
detour,4,3,1,2,-2,-1,-3,4,RIGHT,NONE,False,True,22,,,,False,False,False,0,INVALID_BELIEF
detour,4,3,1,2,4,-1,3,4,RIGHT,NONE,False,True,22,,,,False,False,False,0,INVALID_BELIEF
detour,4,3,1,3,-3,0,-4,4,RIGHT,NONE,False,True,22,,,,False,False,False,0,INVALID_BELIEF
detour,4,3,1,3,5,0,4,4,RIGHT,UP,True,True,22,23,1,0.045454545454545456,True,False,False,0,COLLISION
detour,4,3,1,4,-2,1,-3,4,RIGHT,NONE,False,True,22,,,,False,False,False,0,INVALID_BELIEF
detour,4,3,1,4,4,1,3,4,RIGHT,NONE,False,True,22,,,,False,False,False,0,INVALID_BELIEF
detour,4,3,1,5,-1,2,-2,4,RIGHT,NONE,False,True,22,,,,False,False,False,0,INVALID_BELIEF
detour,4,3,1,5,3,2,2,4,RIGHT,DOWN,True,True,22,23,1,0.045454545454545456,True,False,False,0,COLLISION
detour,4,3,1,6,0,3,-1,4,RIGHT,NONE,False,True,22,,,,False,False,False,0,INVALID_BELIEF
detour,4,3,1,6,2,3,1,4,RIGHT,NONE,False,True,22,,,,False,False,False,0,INVALID_BELIEF
detour,4,3,1,7,1,4,0,4,RIGHT,DOWN,True,True,22,23,1,0.045454545454545456,True,False,False,0,COLLISION
detour,4,4,1,0,1,-4,0,4,RIGHT,NONE,False,True,21,,,,False,False,False,0,INVALID_BELIEF
detour,4,4,1,1,0,-3,-1,4,RIGHT,NONE,False,True,21,,,,False,False,False,0,INVALID_BELIEF
detour,4,4,1,1,2,-3,1,4,RIGHT,DOWN,True,True,21,22,1,0.047619047619047616,True,False,False,0,COLLISION
detour,4,4,1,2,-1,-2,-2,4,RIGHT,NONE,False,True,21,,,,False,False,False,0,INVALID_BELIEF
detour,4,4,1,2,3,-2,2,4,RIGHT,RIGHT,True,False,21,21,0,0.0,False,False,True,0,ADEQUATE
detour,4,4,1,3,-2,-1,-3,4,RIGHT,NONE,False,True,21,,,,False,False,False,0,INVALID_BELIEF
detour,4,4,1,3,4,-1,3,4,RIGHT,UP,True,True,21,22,1,0.047619047619047616,True,False,False,0,COLLISION
detour,4,4,1,4,-3,0,-4,4,RIGHT,NONE,False,True,21,,,,False,False,False,0,INVALID_BELIEF
detour,4,4,1,4,5,0,4,4,RIGHT,NONE,False,True,21,,,,False,False,False,0,INVALID_BELIEF
detour,4,4,1,5,-2,1,-3,4,RIGHT,NONE,False,True,21,,,,False,False,False,0,INVALID_BELIEF
detour,4,4,1,5,4,1,3,4,RIGHT,DOWN,True,True,21,22,1,0.047619047619047616,True,False,False,0,COLLISION
detour,4,4,1,6,-1,2,-2,4,RIGHT,NONE,False,True,21,,,,False,False,False,0,INVALID_BELIEF
detour,4,4,1,6,3,2,2,4,RIGHT,NONE,False,True,21,,,,False,False,False,0,INVALID_BELIEF
detour,4,4,1,7,0,3,-1,4,RIGHT,NONE,False,True,21,,,,False,False,False,0,INVALID_BELIEF
detour,4,4,1,7,2,3,1,4,RIGHT,DOWN,True,True,21,22,1,0.047619047619047616,True,False,False,0,COLLISION
detour,4,4,1,8,1,4,0,4,RIGHT,NONE,False,True,21,,,,False,False,False,0,INVALID_BELIEF
detour,4,5,1,1,1,-4,0,4,RIGHT,RIGHT,True,False,20,20,0,0.0,False,False,True,0,ADEQUATE
detour,4,5,1,2,0,-3,-1,4,RIGHT,NONE,False,True,20,,,,False,False,False,0,INVALID_BELIEF
detour,4,5,1,2,2,-3,1,4,RIGHT,NONE,False,True,20,,,,False,False,False,0,INVALID_BELIEF
detour,4,5,1,3,-1,-2,-2,4,RIGHT,NONE,False,True,20,,,,False,False,False,0,INVALID_BELIEF
detour,4,5,1,3,3,-2,2,4,RIGHT,RIGHT,True,False,20,20,0,0.0,False,False,True,0,ADEQUATE
detour,4,5,1,4,-2,-1,-3,4,RIGHT,NONE,False,True,20,,,,False,False,False,0,INVALID_BELIEF
detour,4,5,1,4,4,-1,3,4,RIGHT,NONE,False,True,20,,,,False,False,False,0,INVALID_BELIEF
detour,4,5,1,5,-3,0,-4,4,RIGHT,NONE,False,True,20,,,,False,False,False,0,INVALID_BELIEF
detour,4,5,1,5,5,0,4,4,RIGHT,DOWN,True,True,20,21,1,0.05,True,False,False,0,COLLISION
detour,4,5,1,6,-2,1,-3,4,RIGHT,NONE,False,True,20,,,,False,False,False,0,INVALID_BELIEF
detour,4,5,1,6,4,1,3,4,RIGHT,NONE,False,True,20,,,,False,False,False,0,INVALID_BELIEF
detour,4,5,1,7,-1,2,-2,4,RIGHT,NONE,False,True,20,,,,False,False,False,0,INVALID_BELIEF
detour,4,5,1,7,3,2,2,4,RIGHT,DOWN,True,True,20,21,1,0.05,True,False,False,0,COLLISION
detour,4,5,1,8,0,3,-1,4,RIGHT,NONE,False,True,20,,,,False,False,False,0,INVALID_BELIEF
detour,4,5,1,8,2,3,1,4,RIGHT,NONE,False,True,20,,,,False,False,False,0,INVALID_BELIEF
detour,4,5,1,9,1,4,0,4,RIGHT,RIGHT,True,False,20,20,0,0.0,False,False,True,0,ADEQUATE
detour,4,6,1,2,1,-4,0,4,RIGHT,RIGHT,True,False,19,19,0,0.0,False,False,True,0,ADEQUATE
detour,4,6,1,3,0,-3,-1,4,RIGHT,NONE,False,True,19,,,,False,False,False,0,INVALID_BELIEF
detour,4,6,1,3,2,-3,1,4,RIGHT,NONE,False,True,19,,,,False,False,False,0,INVALID_BELIEF
detour,4,6,1,4,-1,-2,-2,4,RIGHT,NONE,False,True,19,,,,False,False,False,0,INVALID_BELIEF
detour,4,6,1,4,3,-2,2,4,RIGHT,RIGHT,True,False,19,19,0,0.0,False,False,True,0,ADEQUATE
detour,4,6,1,5,-2,-1,-3,4,RIGHT,NONE,False,True,19,,,,False,False,False,0,INVALID_BELIEF
detour,4,6,1,5,4,-1,3,4,RIGHT,DOWN,True,True,19,20,1,0.05263157894736842,True,False,False,0,COLLISION
detour,4,6,1,6,-3,0,-4,4,RIGHT,NONE,False,True,19,,,,False,False,False,0,INVALID_BELIEF
detour,4,6,1,6,5,0,4,4,RIGHT,NONE,False,True,19,,,,False,False,False,0,INVALID_BELIEF
detour,4,6,1,7,-2,1,-3,4,RIGHT,NONE,False,True,19,,,,False,False,False,0,INVALID_BELIEF
detour,4,6,1,7,4,1,3,4,RIGHT,DOWN,True,True,19,20,1,0.05263157894736842,True,False,False,0,COLLISION
detour,4,6,1,8,-1,2,-2,4,RIGHT,NONE,False,True,19,,,,False,False,False,0,INVALID_BELIEF
detour,4,6,1,8,3,2,2,4,RIGHT,NONE,False,True,19,,,,False,False,False,0,INVALID_BELIEF
detour,4,6,1,9,0,3,-1,4,RIGHT,NONE,False,True,19,,,,False,False,False,0,INVALID_BELIEF
detour,4,6,1,9,2,3,1,4,RIGHT,UP,True,True,19,20,1,0.05263157894736842,True,False,False,0,COLLISION
detour,4,6,1,10,1,4,0,4,RIGHT,RIGHT,True,False,19,19,0,0.0,False,False,True,0,ADEQUATE
detour,4,7,1,3,1,-4,0,4,DOWN,RIGHT,True,True,18,19,1,0.05555555555555555,True,False,False,0,COLLISION
detour,4,7,1,4,0,-3,-1,4,DOWN,NONE,False,True,18,,,,False,False,False,0,INVALID_BELIEF
detour,4,7,1,4,2,-3,1,4,DOWN,NONE,False,True,18,,,,False,False,False,0,INVALID_BELIEF
detour,4,7,1,5,-1,-2,-2,4,DOWN,NONE,False,True,18,,,,False,False,False,0,INVALID_BELIEF
detour,4,7,1,5,3,-2,2,4,DOWN,DOWN,True,False,18,18,0,0.0,False,False,True,0,ADEQUATE
detour,4,7,1,6,-2,-1,-3,4,DOWN,NONE,False,True,18,,,,False,False,False,0,INVALID_BELIEF
detour,4,7,1,6,4,-1,3,4,DOWN,NONE,False,True,18,,,,False,False,False,0,INVALID_BELIEF
detour,4,7,1,7,-3,0,-4,4,DOWN,NONE,False,True,18,,,,False,False,False,0,INVALID_BELIEF
detour,4,7,1,7,5,0,4,4,DOWN,RIGHT,True,True,18,19,1,0.05555555555555555,True,False,False,0,COLLISION
detour,4,7,1,8,-2,1,-3,4,DOWN,NONE,False,True,18,,,,False,False,False,0,INVALID_BELIEF
detour,4,7,1,8,4,1,3,4,DOWN,NONE,False,True,18,,,,False,False,False,0,INVALID_BELIEF
detour,4,7,1,9,-1,2,-2,4,DOWN,NONE,False,True,18,,,,False,False,False,0,INVALID_BELIEF
detour,4,7,1,9,3,2,2,4,DOWN,UP,True,True,18,19,1,0.05555555555555555,True,False,False,0,COLLISION
detour,4,7,1,10,0,3,-1,4,DOWN,NONE,False,True,18,,,,False,False,False,0,INVALID_BELIEF
detour,4,7,1,10,2,3,1,4,DOWN,NONE,False,True,18,,,,False,False,False,0,INVALID_BELIEF
detour,4,7,1,11,1,4,0,4,DOWN,RIGHT,True,True,18,19,1,0.05555555555555555,True,False,False,0,COLLISION
detour,4,9,1,5,1,-4,0,4,RIGHT,RIGHT,True,False,4,4,0,0.0,False,False,True,0,ADEQUATE
detour,4,9,1,6,0,-3,-1,4,RIGHT,NONE,False,True,4,,,,False,False,False,0,INVALID_BELIEF
detour,4,9,1,6,2,-3,1,4,RIGHT,NONE,False,True,4,,,,False,False,False,0,INVALID_BELIEF
detour,4,9,1,7,-1,-2,-2,4,RIGHT,NONE,False,True,4,,,,False,False,False,0,INVALID_BELIEF
detour,4,9,1,7,3,-2,2,4,RIGHT,DOWN,True,True,4,6,2,0.5,False,False,False,0,INADEQUATE
detour,4,9,1,8,-2,-1,-3,4,RIGHT,NONE,False,True,4,,,,False,False,False,0,INVALID_BELIEF
detour,4,9,1,8,4,-1,3,4,RIGHT,NONE,False,True,4,,,,False,False,False,0,INVALID_BELIEF
detour,4,9,1,9,-3,0,-4,4,RIGHT,NONE,False,True,4,,,,False,False,False,0,INVALID_BELIEF
detour,4,9,1,9,5,0,4,4,RIGHT,RIGHT,True,False,4,4,0,0.0,False,False,True,0,ADEQUATE
detour,4,9,1,10,-2,1,-3,4,RIGHT,NONE,False,True,4,,,,False,False,False,0,INVALID_BELIEF
detour,4,9,1,10,4,1,3,4,RIGHT,NONE,False,True,4,,,,False,False,False,0,INVALID_BELIEF
detour,4,9,1,11,-1,2,-2,4,RIGHT,NONE,False,True,4,,,,False,False,False,0,INVALID_BELIEF
detour,4,9,1,11,3,2,2,4,RIGHT,LEFT,True,True,4,5,1,0.25,True,False,False,0,COLLISION
detour,4,9,1,12,0,3,-1,4,RIGHT,NONE,False,True,4,,,,False,False,False,0,INVALID_BELIEF
detour,4,9,1,12,2,3,1,4,RIGHT,NONE,False,True,4,,,,False,False,False,0,INVALID_BELIEF
detour,4,9,1,13,1,4,0,4,RIGHT,NONE,True,True,4,,,,False,True,False,0,FALSE_TERMINAL
detour,4,10,1,6,1,-4,0,4,RIGHT,RIGHT,True,False,3,3,0,0.0,False,False,True,0,ADEQUATE
detour,4,10,1,7,0,-3,-1,4,RIGHT,NONE,False,True,3,,,,False,False,False,0,INVALID_BELIEF
detour,4,10,1,7,2,-3,1,4,RIGHT,DOWN,True,True,3,4,1,0.3333333333333333,True,False,False,0,COLLISION
detour,4,10,1,8,-1,-2,-2,4,RIGHT,NONE,False,True,3,,,,False,False,False,0,INVALID_BELIEF
detour,4,10,1,8,3,-2,2,4,RIGHT,NONE,False,True,3,,,,False,False,False,0,INVALID_BELIEF
detour,4,10,1,9,-2,-1,-3,4,RIGHT,NONE,False,True,3,,,,False,False,False,0,INVALID_BELIEF
detour,4,10,1,9,4,-1,3,4,RIGHT,NONE,False,True,3,,,,False,False,False,0,INVALID_BELIEF
detour,4,10,1,10,-3,0,-4,4,RIGHT,NONE,False,True,3,,,,False,False,False,0,INVALID_BELIEF
detour,4,10,1,10,5,0,4,4,RIGHT,RIGHT,True,False,3,3,0,0.0,False,False,True,0,ADEQUATE
detour,4,10,1,11,-2,1,-3,4,RIGHT,NONE,False,True,3,,,,False,False,False,0,INVALID_BELIEF
detour,4,10,1,11,4,1,3,4,RIGHT,UP,True,True,3,4,1,0.3333333333333333,True,False,False,0,COLLISION
detour,4,10,1,12,-1,2,-2,4,RIGHT,NONE,False,True,3,,,,False,False,False,0,INVALID_BELIEF
detour,4,10,1,12,3,2,2,4,RIGHT,NONE,False,True,3,,,,False,False,False,0,INVALID_BELIEF
detour,4,10,1,13,0,3,-1,4,RIGHT,NONE,False,True,3,,,,False,False,False,0,INVALID_BELIEF
detour,4,10,1,13,2,3,1,4,RIGHT,UP,True,True,3,4,1,0.3333333333333333,True,False,False,0,COLLISION
detour,4,10,1,14,1,4,0,4,RIGHT,NONE,False,True,3,,,,False,False,False,0,INVALID_BELIEF
detour,4,11,1,7,1,-4,0,4,RIGHT,DOWN,True,True,2,3,1,0.5,True,False,False,0,COLLISION
detour,4,11,1,8,0,-3,-1,4,RIGHT,NONE,False,True,2,,,,False,False,False,0,INVALID_BELIEF
detour,4,11,1,8,2,-3,1,4,RIGHT,NONE,False,True,2,,,,False,False,False,0,INVALID_BELIEF
detour,4,11,1,9,-1,-2,-2,4,RIGHT,NONE,False,True,2,,,,False,False,False,0,INVALID_BELIEF
detour,4,11,1,9,3,-2,2,4,RIGHT,UP,True,True,2,3,1,0.5,True,False,False,0,COLLISION
detour,4,11,1,10,-2,-1,-3,4,RIGHT,NONE,False,True,2,,,,False,False,False,0,INVALID_BELIEF
detour,4,11,1,10,4,-1,3,4,RIGHT,NONE,False,True,2,,,,False,False,False,0,INVALID_BELIEF
detour,4,11,1,11,-3,0,-4,4,RIGHT,NONE,False,True,2,,,,False,False,False,0,INVALID_BELIEF
detour,4,11,1,11,5,0,4,4,RIGHT,UP,True,True,2,3,1,0.5,True,False,False,0,COLLISION
detour,4,11,1,12,-2,1,-3,4,RIGHT,NONE,False,True,2,,,,False,False,False,0,INVALID_BELIEF
detour,4,11,1,12,4,1,3,4,RIGHT,NONE,False,True,2,,,,False,False,False,0,INVALID_BELIEF
detour,4,11,1,13,-1,2,-2,4,RIGHT,NONE,False,True,2,,,,False,False,False,0,INVALID_BELIEF
detour,4,11,1,13,3,2,2,4,RIGHT,UP,True,True,2,3,1,0.5,True,False,False,0,COLLISION
detour,4,11,1,14,0,3,-1,4,RIGHT,NONE,False,True,2,,,,False,False,False,0,INVALID_BELIEF
detour,4,11,1,14,2,3,1,4,RIGHT,NONE,False,True,2,,,,False,False,False,0,INVALID_BELIEF
detour,4,11,1,15,1,4,0,4,RIGHT,NONE,False,True,2,,,,False,False,False,0,INVALID_BELIEF
detour,4,12,1,8,1,-4,0,4,RIGHT,NONE,False,True,1,,,,False,False,False,0,INVALID_BELIEF
detour,4,12,1,9,0,-3,-1,4,RIGHT,NONE,False,True,1,,,,False,False,False,0,INVALID_BELIEF
detour,4,12,1,9,2,-3,1,4,RIGHT,UP,True,True,1,2,1,1.0,True,False,False,0,COLLISION
detour,4,12,1,10,-1,-2,-2,4,RIGHT,NONE,False,True,1,,,,False,False,False,0,INVALID_BELIEF
detour,4,12,1,10,3,-2,2,4,RIGHT,LEFT,True,True,1,3,2,2.0,False,False,False,0,INADEQUATE
detour,4,12,1,11,-2,-1,-3,4,RIGHT,NONE,False,True,1,,,,False,False,False,0,INVALID_BELIEF
detour,4,12,1,11,4,-1,3,4,RIGHT,UP,True,True,1,2,1,1.0,True,False,False,0,COLLISION
detour,4,12,1,12,-3,0,-4,4,RIGHT,NONE,False,True,1,,,,False,False,False,0,INVALID_BELIEF
detour,4,12,1,12,5,0,4,4,RIGHT,NONE,False,True,1,,,,False,False,False,0,INVALID_BELIEF
detour,4,12,1,13,-2,1,-3,4,RIGHT,NONE,False,True,1,,,,False,False,False,0,INVALID_BELIEF
detour,4,12,1,13,4,1,3,4,RIGHT,UP,True,True,1,2,1,1.0,True,False,False,0,COLLISION
detour,4,12,1,14,-1,2,-2,4,RIGHT,NONE,False,True,1,,,,False,False,False,0,INVALID_BELIEF
detour,4,12,1,14,3,2,2,4,RIGHT,NONE,False,True,1,,,,False,False,False,0,INVALID_BELIEF
detour,4,12,1,15,0,3,-1,4,RIGHT,NONE,False,True,1,,,,False,False,False,0,INVALID_BELIEF
detour,4,12,1,15,2,3,1,4,RIGHT,NONE,False,True,1,,,,False,False,False,0,INVALID_BELIEF
detour,4,12,1,16,1,4,0,4,RIGHT,NONE,False,True,1,,,,False,False,False,0,INVALID_BELIEF
detour,4,1,2,-3,2,-4,0,4,DOWN,NONE,False,True,23,,,,False,False,False,0,INVALID_BELIEF
detour,4,1,2,-2,1,-3,-1,4,DOWN,NONE,False,True,23,,,,False,False,False,0,INVALID_BELIEF
detour,4,1,2,-2,3,-3,1,4,DOWN,NONE,False,True,23,,,,False,False,False,0,INVALID_BELIEF
detour,4,1,2,-1,0,-2,-2,4,DOWN,NONE,False,True,23,,,,False,False,False,0,INVALID_BELIEF
detour,4,1,2,-1,4,-2,2,4,DOWN,NONE,False,True,23,,,,False,False,False,0,INVALID_BELIEF
detour,4,1,2,0,-1,-1,-3,4,DOWN,NONE,False,True,23,,,,False,False,False,0,INVALID_BELIEF
detour,4,1,2,0,5,-1,3,4,DOWN,NONE,False,True,23,,,,False,False,False,0,INVALID_BELIEF
detour,4,1,2,1,-2,0,-4,4,DOWN,NONE,False,True,23,,,,False,False,False,0,INVALID_BELIEF
detour,4,1,2,1,6,0,4,4,DOWN,DOWN,True,False,23,23,0,0.0,False,False,True,0,ADEQUATE
detour,4,1,2,2,-1,1,-3,4,DOWN,NONE,False,True,23,,,,False,False,False,0,INVALID_BELIEF
detour,4,1,2,2,5,1,3,4,DOWN,LEFT,True,True,23,24,1,0.043478260869565216,True,False,False,0,COLLISION
detour,4,1,2,3,0,2,-2,4,DOWN,NONE,False,True,23,,,,False,False,False,0,INVALID_BELIEF
detour,4,1,2,3,4,2,2,4,DOWN,UP,True,True,23,25,2,0.08695652173913043,False,False,False,0,INADEQUATE
detour,4,1,2,4,1,3,-1,4,DOWN,RIGHT,True,True,23,24,1,0.043478260869565216,True,False,False,0,COLLISION
detour,4,1,2,4,3,3,1,4,DOWN,RIGHT,True,True,23,24,1,0.043478260869565216,True,False,False,0,COLLISION
detour,4,1,2,5,2,4,0,4,DOWN,NONE,False,True,23,,,,False,False,False,0,INVALID_BELIEF
detour,4,7,2,3,2,-4,0,4,DOWN,NONE,False,True,17,,,,False,False,False,0,INVALID_BELIEF
detour,4,7,2,4,1,-3,-1,4,DOWN,RIGHT,True,True,17,18,1,0.058823529411764705,True,False,False,0,COLLISION
detour,4,7,2,4,3,-3,1,4,DOWN,RIGHT,True,True,17,18,1,0.058823529411764705,True,False,False,0,COLLISION
detour,4,7,2,5,0,-2,-2,4,DOWN,NONE,False,True,17,,,,False,False,False,0,INVALID_BELIEF
detour,4,7,2,5,4,-2,2,4,DOWN,DOWN,True,False,17,17,0,0.0,False,False,True,0,ADEQUATE
detour,4,7,2,6,-1,-1,-3,4,DOWN,NONE,False,True,17,,,,False,False,False,0,INVALID_BELIEF
detour,4,7,2,6,5,-1,3,4,DOWN,NONE,False,True,17,,,,False,False,False,0,INVALID_BELIEF
detour,4,7,2,7,-2,0,-4,4,DOWN,NONE,False,True,17,,,,False,False,False,0,INVALID_BELIEF
detour,4,7,2,7,6,0,4,4,DOWN,NONE,False,True,17,,,,False,False,False,0,INVALID_BELIEF
detour,4,7,2,8,-1,1,-3,4,DOWN,NONE,False,True,17,,,,False,False,False,0,INVALID_BELIEF
detour,4,7,2,8,5,1,3,4,DOWN,RIGHT,True,True,17,18,1,0.058823529411764705,True,False,False,0,COLLISION
detour,4,7,2,9,0,2,-2,4,DOWN,NONE,False,True,17,,,,False,False,False,0,INVALID_BELIEF
detour,4,7,2,9,4,2,2,4,DOWN,NONE,False,True,17,,,,False,False,False,0,INVALID_BELIEF
detour,4,7,2,10,1,3,-1,4,DOWN,RIGHT,True,True,17,18,1,0.058823529411764705,True,False,False,0,COLLISION
detour,4,7,2,10,3,3,1,4,DOWN,LEFT,True,True,17,18,1,0.058823529411764705,True,False,False,0,COLLISION
detour,4,7,2,11,2,4,0,4,DOWN,NONE,False,True,17,,,,False,False,False,0,INVALID_BELIEF
detour,4,9,2,5,2,-4,0,4,UP,NONE,False,True,5,,,,False,False,False,0,INVALID_BELIEF
detour,4,9,2,6,1,-3,-1,4,UP,RIGHT,True,True,5,6,1,0.2,True,False,False,0,COLLISION
detour,4,9,2,6,3,-3,1,4,UP,NONE,False,True,5,,,,False,False,False,0,INVALID_BELIEF
detour,4,9,2,7,0,-2,-2,4,UP,NONE,False,True,5,,,,False,False,False,0,INVALID_BELIEF
detour,4,9,2,7,4,-2,2,4,UP,DOWN,True,True,5,7,2,0.4,False,False,False,0,INADEQUATE
detour,4,9,2,8,-1,-1,-3,4,UP,NONE,False,True,5,,,,False,False,False,0,INVALID_BELIEF
detour,4,9,2,8,5,-1,3,4,UP,RIGHT,True,True,5,6,1,0.2,True,False,False,0,COLLISION
detour,4,9,2,9,-2,0,-4,4,UP,NONE,False,True,5,,,,False,False,False,0,INVALID_BELIEF
detour,4,9,2,9,6,0,4,4,UP,NONE,False,True,5,,,,False,False,False,0,INVALID_BELIEF
detour,4,9,2,10,-1,1,-3,4,UP,NONE,False,True,5,,,,False,False,False,0,INVALID_BELIEF
detour,4,9,2,10,5,1,3,4,UP,RIGHT,True,True,5,6,1,0.2,True,False,False,0,COLLISION
detour,4,9,2,11,0,2,-2,4,UP,NONE,False,True,5,,,,False,False,False,0,INVALID_BELIEF
detour,4,9,2,11,4,2,2,4,UP,UP,True,False,5,5,0,0.0,False,False,True,0,ADEQUATE
detour,4,9,2,12,1,3,-1,4,UP,RIGHT,True,True,5,6,1,0.2,True,False,False,0,COLLISION
detour,4,9,2,12,3,3,1,4,UP,NONE,False,True,5,,,,False,False,False,0,INVALID_BELIEF
detour,4,9,2,13,2,4,0,4,UP,UP,True,False,5,5,0,0.0,False,False,True,0,ADEQUATE
detour,4,13,2,9,2,-4,0,4,UP,UP,True,False,1,1,0,0.0,False,False,True,0,ADEQUATE
detour,4,13,2,10,1,-3,-1,4,UP,RIGHT,True,True,1,2,1,1.0,True,False,False,0,COLLISION
detour,4,13,2,10,3,-3,1,4,UP,LEFT,True,True,1,2,1,1.0,True,False,False,0,COLLISION
detour,4,13,2,11,0,-2,-2,4,UP,NONE,False,True,1,,,,False,False,False,0,INVALID_BELIEF
detour,4,13,2,11,4,-2,2,4,UP,UP,True,False,1,1,0,0.0,False,False,True,0,ADEQUATE
detour,4,13,2,12,-1,-1,-3,4,UP,NONE,False,True,1,,,,False,False,False,0,INVALID_BELIEF
detour,4,13,2,12,5,-1,3,4,UP,NONE,False,True,1,,,,False,False,False,0,INVALID_BELIEF
detour,4,13,2,13,-2,0,-4,4,UP,NONE,False,True,1,,,,False,False,False,0,INVALID_BELIEF
detour,4,13,2,13,6,0,4,4,UP,UP,True,False,1,1,0,0.0,False,False,True,0,ADEQUATE
detour,4,13,2,14,-1,1,-3,4,UP,NONE,False,True,1,,,,False,False,False,0,INVALID_BELIEF
detour,4,13,2,14,5,1,3,4,UP,NONE,False,True,1,,,,False,False,False,0,INVALID_BELIEF
detour,4,13,2,15,0,2,-2,4,UP,NONE,False,True,1,,,,False,False,False,0,INVALID_BELIEF
detour,4,13,2,15,4,2,2,4,UP,NONE,False,True,1,,,,False,False,False,0,INVALID_BELIEF
detour,4,13,2,16,1,3,-1,4,UP,NONE,False,True,1,,,,False,False,False,0,INVALID_BELIEF
detour,4,13,2,16,3,3,1,4,UP,NONE,False,True,1,,,,False,False,False,0,INVALID_BELIEF
detour,4,13,2,17,2,4,0,4,UP,NONE,False,True,1,,,,False,False,False,0,INVALID_BELIEF
detour,4,1,3,-3,3,-4,0,4,RIGHT,NONE,False,True,22,,,,False,False,False,0,INVALID_BELIEF
detour,4,1,3,-2,2,-3,-1,4,RIGHT,NONE,False,True,22,,,,False,False,False,0,INVALID_BELIEF
detour,4,1,3,-2,4,-3,1,4,RIGHT,NONE,False,True,22,,,,False,False,False,0,INVALID_BELIEF
detour,4,1,3,-1,1,-2,-2,4,RIGHT,NONE,False,True,22,,,,False,False,False,0,INVALID_BELIEF
detour,4,1,3,-1,5,-2,2,4,RIGHT,NONE,False,True,22,,,,False,False,False,0,INVALID_BELIEF
detour,4,1,3,0,0,-1,-3,4,RIGHT,NONE,False,True,22,,,,False,False,False,0,INVALID_BELIEF
detour,4,1,3,0,6,-1,3,4,RIGHT,NONE,False,True,22,,,,False,False,False,0,INVALID_BELIEF
detour,4,1,3,1,-1,0,-4,4,RIGHT,NONE,False,True,22,,,,False,False,False,0,INVALID_BELIEF
detour,4,1,3,1,7,0,4,4,RIGHT,RIGHT,True,False,22,22,0,0.0,False,False,True,0,ADEQUATE
detour,4,1,3,2,0,1,-3,4,RIGHT,NONE,False,True,22,,,,False,False,False,0,INVALID_BELIEF
detour,4,1,3,2,6,1,3,4,RIGHT,NONE,False,True,22,,,,False,False,False,0,INVALID_BELIEF
detour,4,1,3,3,1,2,-2,4,RIGHT,RIGHT,True,False,22,22,0,0.0,False,False,True,0,ADEQUATE
detour,4,1,3,3,5,2,2,4,RIGHT,UP,True,True,22,24,2,0.09090909090909091,False,False,False,0,INADEQUATE
detour,4,1,3,4,2,3,-1,4,RIGHT,NONE,False,True,22,,,,False,False,False,0,INVALID_BELIEF
detour,4,1,3,4,4,3,1,4,RIGHT,NONE,False,True,22,,,,False,False,False,0,INVALID_BELIEF
detour,4,1,3,5,3,4,0,4,RIGHT,DOWN,True,True,22,23,1,0.045454545454545456,True,False,False,0,COLLISION
detour,4,2,3,-2,3,-4,0,4,RIGHT,NONE,False,True,21,,,,False,False,False,0,INVALID_BELIEF
detour,4,2,3,-1,2,-3,-1,4,RIGHT,NONE,False,True,21,,,,False,False,False,0,INVALID_BELIEF
detour,4,2,3,-1,4,-3,1,4,RIGHT,NONE,False,True,21,,,,False,False,False,0,INVALID_BELIEF
detour,4,2,3,0,1,-2,-2,4,RIGHT,NONE,False,True,21,,,,False,False,False,0,INVALID_BELIEF
detour,4,2,3,0,5,-2,2,4,RIGHT,NONE,False,True,21,,,,False,False,False,0,INVALID_BELIEF
detour,4,2,3,1,0,-1,-3,4,RIGHT,NONE,False,True,21,,,,False,False,False,0,INVALID_BELIEF
detour,4,2,3,1,6,-1,3,4,RIGHT,DOWN,True,True,21,22,1,0.047619047619047616,True,False,False,0,COLLISION
detour,4,2,3,2,-1,0,-4,4,RIGHT,NONE,False,True,21,,,,False,False,False,0,INVALID_BELIEF
detour,4,2,3,2,7,0,4,4,RIGHT,RIGHT,True,False,21,21,0,0.0,False,False,True,0,ADEQUATE
detour,4,2,3,3,0,1,-3,4,RIGHT,NONE,False,True,21,,,,False,False,False,0,INVALID_BELIEF
detour,4,2,3,3,6,1,3,4,RIGHT,NONE,False,True,21,,,,False,False,False,0,INVALID_BELIEF
detour,4,2,3,4,1,2,-2,4,RIGHT,RIGHT,True,False,21,21,0,0.0,False,False,True,0,ADEQUATE
detour,4,2,3,4,5,2,2,4,RIGHT,NONE,False,True,21,,,,False,False,False,0,INVALID_BELIEF
detour,4,2,3,5,2,3,-1,4,RIGHT,NONE,False,True,21,,,,False,False,False,0,INVALID_BELIEF
detour,4,2,3,5,4,3,1,4,RIGHT,DOWN,True,True,21,22,1,0.047619047619047616,True,False,False,0,COLLISION
detour,4,2,3,6,3,4,0,4,RIGHT,NONE,False,True,21,,,,False,False,False,0,INVALID_BELIEF
detour,4,3,3,-1,3,-4,0,4,RIGHT,NONE,False,True,20,,,,False,False,False,0,INVALID_BELIEF
detour,4,3,3,0,2,-3,-1,4,RIGHT,NONE,False,True,20,,,,False,False,False,0,INVALID_BELIEF
detour,4,3,3,0,4,-3,1,4,RIGHT,NONE,False,True,20,,,,False,False,False,0,INVALID_BELIEF
detour,4,3,3,1,1,-2,-2,4,RIGHT,RIGHT,True,False,20,20,0,0.0,False,False,True,0,ADEQUATE
detour,4,3,3,1,5,-2,2,4,RIGHT,DOWN,True,True,20,22,2,0.1,False,False,False,0,INADEQUATE
detour,4,3,3,2,0,-1,-3,4,RIGHT,NONE,False,True,20,,,,False,False,False,0,INVALID_BELIEF
detour,4,3,3,2,6,-1,3,4,RIGHT,NONE,False,True,20,,,,False,False,False,0,INVALID_BELIEF
detour,4,3,3,3,-1,0,-4,4,RIGHT,NONE,False,True,20,,,,False,False,False,0,INVALID_BELIEF
detour,4,3,3,3,7,0,4,4,RIGHT,RIGHT,True,False,20,20,0,0.0,False,False,True,0,ADEQUATE
detour,4,3,3,4,0,1,-3,4,RIGHT,NONE,False,True,20,,,,False,False,False,0,INVALID_BELIEF
detour,4,3,3,4,6,1,3,4,RIGHT,NONE,False,True,20,,,,False,False,False,0,INVALID_BELIEF
detour,4,3,3,5,1,2,-2,4,RIGHT,RIGHT,True,False,20,20,0,0.0,False,False,True,0,ADEQUATE
detour,4,3,3,5,5,2,2,4,RIGHT,DOWN,True,True,20,22,2,0.1,False,False,False,0,INADEQUATE
detour,4,3,3,6,2,3,-1,4,RIGHT,NONE,False,True,20,,,,False,False,False,0,INVALID_BELIEF
detour,4,3,3,6,4,3,1,4,RIGHT,NONE,False,True,20,,,,False,False,False,0,INVALID_BELIEF
detour,4,3,3,7,3,4,0,4,RIGHT,DOWN,True,True,20,22,2,0.1,False,False,False,0,INADEQUATE
detour,4,4,3,0,3,-4,0,4,RIGHT,NONE,False,True,19,,,,False,False,False,0,INVALID_BELIEF
detour,4,4,3,1,2,-3,-1,4,RIGHT,DOWN,True,True,19,20,1,0.05263157894736842,True,False,False,0,COLLISION
detour,4,4,3,1,4,-3,1,4,RIGHT,NONE,False,True,19,,,,False,False,False,0,INVALID_BELIEF
detour,4,4,3,2,1,-2,-2,4,RIGHT,RIGHT,True,False,19,19,0,0.0,False,False,True,0,ADEQUATE
detour,4,4,3,2,5,-2,2,4,RIGHT,LEFT,True,True,19,21,2,0.10526315789473684,False,False,False,0,INADEQUATE
detour,4,4,3,3,0,-1,-3,4,RIGHT,NONE,False,True,19,,,,False,False,False,0,INVALID_BELIEF
detour,4,4,3,3,6,-1,3,4,RIGHT,NONE,False,True,19,,,,False,False,False,0,INVALID_BELIEF
detour,4,4,3,4,-1,0,-4,4,RIGHT,NONE,False,True,19,,,,False,False,False,0,INVALID_BELIEF
detour,4,4,3,4,7,0,4,4,RIGHT,RIGHT,True,False,19,19,0,0.0,False,False,True,0,ADEQUATE
detour,4,4,3,5,0,1,-3,4,RIGHT,NONE,False,True,19,,,,False,False,False,0,INVALID_BELIEF
detour,4,4,3,5,6,1,3,4,RIGHT,DOWN,True,True,19,20,1,0.05263157894736842,True,False,False,0,COLLISION
detour,4,4,3,6,1,2,-2,4,RIGHT,RIGHT,True,False,19,19,0,0.0,False,False,True,0,ADEQUATE
detour,4,4,3,6,5,2,2,4,RIGHT,NONE,False,True,19,,,,False,False,False,0,INVALID_BELIEF
detour,4,4,3,7,2,3,-1,4,RIGHT,DOWN,True,True,19,20,1,0.05263157894736842,True,False,False,0,COLLISION
detour,4,4,3,7,4,3,1,4,RIGHT,DOWN,True,True,19,20,1,0.05263157894736842,True,False,False,0,COLLISION
detour,4,4,3,8,3,4,0,4,RIGHT,NONE,False,True,19,,,,False,False,False,0,INVALID_BELIEF
detour,4,5,3,1,3,-4,0,4,DOWN,RIGHT,True,True,18,19,1,0.05555555555555555,True,False,False,0,COLLISION
detour,4,5,3,2,2,-3,-1,4,DOWN,NONE,False,True,18,,,,False,False,False,0,INVALID_BELIEF
detour,4,5,3,2,4,-3,1,4,DOWN,NONE,False,True,18,,,,False,False,False,0,INVALID_BELIEF
detour,4,5,3,3,1,-2,-2,4,DOWN,RIGHT,True,True,18,19,1,0.05555555555555555,True,False,False,0,COLLISION
detour,4,5,3,3,5,-2,2,4,DOWN,UP,True,True,18,19,1,0.05555555555555555,True,False,False,0,COLLISION
detour,4,5,3,4,0,-1,-3,4,DOWN,NONE,False,True,18,,,,False,False,False,0,INVALID_BELIEF
detour,4,5,3,4,6,-1,3,4,DOWN,NONE,False,True,18,,,,False,False,False,0,INVALID_BELIEF
detour,4,5,3,5,-1,0,-4,4,DOWN,NONE,False,True,18,,,,False,False,False,0,INVALID_BELIEF
detour,4,5,3,5,7,0,4,4,DOWN,RIGHT,True,True,18,19,1,0.05555555555555555,True,False,False,0,COLLISION
detour,4,5,3,6,0,1,-3,4,DOWN,NONE,False,True,18,,,,False,False,False,0,INVALID_BELIEF
detour,4,5,3,6,6,1,3,4,DOWN,NONE,False,True,18,,,,False,False,False,0,INVALID_BELIEF
detour,4,5,3,7,1,2,-2,4,DOWN,DOWN,True,False,18,18,0,0.0,False,False,True,0,ADEQUATE
detour,4,5,3,7,5,2,2,4,DOWN,RIGHT,True,True,18,19,1,0.05555555555555555,True,False,False,0,COLLISION
detour,4,5,3,8,2,3,-1,4,DOWN,NONE,False,True,18,,,,False,False,False,0,INVALID_BELIEF
detour,4,5,3,8,4,3,1,4,DOWN,NONE,False,True,18,,,,False,False,False,0,INVALID_BELIEF
detour,4,5,3,9,3,4,0,4,DOWN,UP,True,True,18,19,1,0.05555555555555555,True,False,False,0,COLLISION
detour,4,7,3,3,3,-4,0,4,DOWN,RIGHT,True,True,16,17,1,0.0625,True,False,False,0,COLLISION
detour,4,7,3,4,2,-3,-1,4,DOWN,NONE,False,True,16,,,,False,False,False,0,INVALID_BELIEF
detour,4,7,3,4,4,-3,1,4,DOWN,NONE,False,True,16,,,,False,False,False,0,INVALID_BELIEF
detour,4,7,3,5,1,-2,-2,4,DOWN,RIGHT,True,True,16,17,1,0.0625,True,False,False,0,COLLISION
detour,4,7,3,5,5,-2,2,4,DOWN,DOWN,True,False,16,16,0,0.0,False,False,True,0,ADEQUATE
detour,4,7,3,6,0,-1,-3,4,DOWN,NONE,False,True,16,,,,False,False,False,0,INVALID_BELIEF
detour,4,7,3,6,6,-1,3,4,DOWN,NONE,False,True,16,,,,False,False,False,0,INVALID_BELIEF
detour,4,7,3,7,-1,0,-4,4,DOWN,NONE,False,True,16,,,,False,False,False,0,INVALID_BELIEF
detour,4,7,3,7,7,0,4,4,DOWN,RIGHT,True,True,16,17,1,0.0625,True,False,False,0,COLLISION
detour,4,7,3,8,0,1,-3,4,DOWN,NONE,False,True,16,,,,False,False,False,0,INVALID_BELIEF
detour,4,7,3,8,6,1,3,4,DOWN,NONE,False,True,16,,,,False,False,False,0,INVALID_BELIEF
detour,4,7,3,9,1,2,-2,4,DOWN,RIGHT,True,True,16,17,1,0.0625,True,False,False,0,COLLISION
detour,4,7,3,9,5,2,2,4,DOWN,RIGHT,True,True,16,17,1,0.0625,True,False,False,0,COLLISION
detour,4,7,3,10,2,3,-1,4,DOWN,NONE,False,True,16,,,,False,False,False,0,INVALID_BELIEF
detour,4,7,3,10,4,3,1,4,DOWN,NONE,False,True,16,,,,False,False,False,0,INVALID_BELIEF
detour,4,7,3,11,3,4,0,4,DOWN,LEFT,True,True,16,17,1,0.0625,True,False,False,0,COLLISION
detour,4,9,3,5,3,-4,0,4,UP,DOWN,True,True,6,7,1,0.16666666666666666,True,False,False,0,COLLISION
detour,4,9,3,6,2,-3,-1,4,UP,NONE,False,True,6,,,,False,False,False,0,INVALID_BELIEF
detour,4,9,3,6,4,-3,1,4,UP,NONE,False,True,6,,,,False,False,False,0,INVALID_BELIEF
detour,4,9,3,7,1,-2,-2,4,UP,DOWN,True,True,6,7,1,0.16666666666666666,True,False,False,0,COLLISION
detour,4,9,3,7,5,-2,2,4,UP,RIGHT,True,True,6,8,2,0.3333333333333333,False,False,False,0,INADEQUATE
detour,4,9,3,8,0,-1,-3,4,UP,NONE,False,True,6,,,,False,False,False,0,INVALID_BELIEF
detour,4,9,3,8,6,-1,3,4,UP,NONE,False,True,6,,,,False,False,False,0,INVALID_BELIEF
detour,4,9,3,9,-1,0,-4,4,UP,NONE,False,True,6,,,,False,False,False,0,INVALID_BELIEF
detour,4,9,3,9,7,0,4,4,UP,RIGHT,True,True,6,8,2,0.3333333333333333,False,False,False,0,INADEQUATE
detour,4,9,3,10,0,1,-3,4,UP,NONE,False,True,6,,,,False,False,False,0,INVALID_BELIEF
detour,4,9,3,10,6,1,3,4,UP,NONE,False,True,6,,,,False,False,False,0,INVALID_BELIEF
detour,4,9,3,11,1,2,-2,4,UP,RIGHT,True,True,6,8,2,0.3333333333333333,False,False,False,0,INADEQUATE
detour,4,9,3,11,5,2,2,4,UP,UP,True,False,6,6,0,0.0,False,False,True,0,ADEQUATE
detour,4,9,3,12,2,3,-1,4,UP,NONE,False,True,6,,,,False,False,False,0,INVALID_BELIEF
detour,4,9,3,12,4,3,1,4,UP,NONE,False,True,6,,,,False,False,False,0,INVALID_BELIEF
detour,4,9,3,13,3,4,0,4,UP,UP,True,False,6,6,0,0.0,False,False,True,0,ADEQUATE
detour,4,10,3,6,3,-4,0,4,LEFT,NONE,False,True,7,,,,False,False,False,0,INVALID_BELIEF
detour,4,10,3,7,2,-3,-1,4,LEFT,DOWN,True,True,7,8,1,0.14285714285714285,True,False,False,0,COLLISION
detour,4,10,3,7,4,-3,1,4,LEFT,DOWN,True,True,7,8,1,0.14285714285714285,True,False,False,0,COLLISION
detour,4,10,3,8,1,-2,-2,4,LEFT,NONE,False,True,7,,,,False,False,False,0,INVALID_BELIEF
detour,4,10,3,8,5,-2,2,4,LEFT,RIGHT,True,True,7,9,2,0.2857142857142857,False,False,False,0,INADEQUATE
detour,4,10,3,9,0,-1,-3,4,LEFT,NONE,False,True,7,,,,False,False,False,0,INVALID_BELIEF
detour,4,10,3,9,6,-1,3,4,LEFT,NONE,False,True,7,,,,False,False,False,0,INVALID_BELIEF
detour,4,10,3,10,-1,0,-4,4,LEFT,NONE,False,True,7,,,,False,False,False,0,INVALID_BELIEF
detour,4,10,3,10,7,0,4,4,LEFT,RIGHT,True,True,7,9,2,0.2857142857142857,False,False,False,0,INADEQUATE
detour,4,10,3,11,0,1,-3,4,LEFT,NONE,False,True,7,,,,False,False,False,0,INVALID_BELIEF
detour,4,10,3,11,6,1,3,4,LEFT,DOWN,True,True,7,8,1,0.14285714285714285,True,False,False,0,COLLISION
detour,4,10,3,12,1,2,-2,4,LEFT,RIGHT,True,True,7,9,2,0.2857142857142857,False,False,False,0,INADEQUATE
detour,4,10,3,12,5,2,2,4,LEFT,NONE,False,True,7,,,,False,False,False,0,INVALID_BELIEF
detour,4,10,3,13,2,3,-1,4,LEFT,UP,True,True,7,8,1,0.14285714285714285,True,False,False,0,COLLISION
detour,4,10,3,13,4,3,1,4,LEFT,UP,True,True,7,8,1,0.14285714285714285,True,False,False,0,COLLISION
detour,4,10,3,14,3,4,0,4,LEFT,NONE,False,True,7,,,,False,False,False,0,INVALID_BELIEF
detour,4,11,3,7,3,-4,0,4,LEFT,DOWN,True,True,8,10,2,0.25,False,False,False,0,INADEQUATE
detour,4,11,3,8,2,-3,-1,4,LEFT,NONE,False,True,8,,,,False,False,False,0,INVALID_BELIEF
detour,4,11,3,8,4,-3,1,4,LEFT,NONE,False,True,8,,,,False,False,False,0,INVALID_BELIEF
detour,4,11,3,9,1,-2,-2,4,LEFT,RIGHT,True,True,8,9,1,0.125,True,False,False,0,COLLISION
detour,4,11,3,9,5,-2,2,4,LEFT,RIGHT,True,True,8,9,1,0.125,True,False,False,0,COLLISION
detour,4,11,3,10,0,-1,-3,4,LEFT,NONE,False,True,8,,,,False,False,False,0,INVALID_BELIEF
detour,4,11,3,10,6,-1,3,4,LEFT,NONE,False,True,8,,,,False,False,False,0,INVALID_BELIEF
detour,4,11,3,11,-1,0,-4,4,LEFT,NONE,False,True,8,,,,False,False,False,0,INVALID_BELIEF
detour,4,11,3,11,7,0,4,4,LEFT,RIGHT,True,True,8,9,1,0.125,True,False,False,0,COLLISION
detour,4,11,3,12,0,1,-3,4,LEFT,NONE,False,True,8,,,,False,False,False,0,INVALID_BELIEF
detour,4,11,3,12,6,1,3,4,LEFT,NONE,False,True,8,,,,False,False,False,0,INVALID_BELIEF
detour,4,11,3,13,1,2,-2,4,LEFT,NONE,True,True,8,,,,False,True,False,0,FALSE_TERMINAL
detour,4,11,3,13,5,2,2,4,LEFT,UP,True,True,8,9,1,0.125,True,False,False,0,COLLISION
detour,4,11,3,14,2,3,-1,4,LEFT,NONE,False,True,8,,,,False,False,False,0,INVALID_BELIEF
detour,4,11,3,14,4,3,1,4,LEFT,NONE,False,True,8,,,,False,False,False,0,INVALID_BELIEF
detour,4,11,3,15,3,4,0,4,LEFT,NONE,False,True,8,,,,False,False,False,0,INVALID_BELIEF
detour,4,13,3,9,3,-4,0,4,UP,UP,True,False,2,2,0,0.0,False,False,True,0,ADEQUATE
detour,4,13,3,10,2,-3,-1,4,UP,NONE,False,True,2,,,,False,False,False,0,INVALID_BELIEF
detour,4,13,3,10,4,-3,1,4,UP,NONE,False,True,2,,,,False,False,False,0,INVALID_BELIEF
detour,4,13,3,11,1,-2,-2,4,UP,RIGHT,True,True,2,3,1,0.5,True,False,False,0,COLLISION
detour,4,13,3,11,5,-2,2,4,UP,UP,True,False,2,2,0,0.0,False,False,True,0,ADEQUATE
detour,4,13,3,12,0,-1,-3,4,UP,NONE,False,True,2,,,,False,False,False,0,INVALID_BELIEF
detour,4,13,3,12,6,-1,3,4,UP,NONE,False,True,2,,,,False,False,False,0,INVALID_BELIEF
detour,4,13,3,13,-1,0,-4,4,UP,NONE,False,True,2,,,,False,False,False,0,INVALID_BELIEF
detour,4,13,3,13,7,0,4,4,UP,UP,True,False,2,2,0,0.0,False,False,True,0,ADEQUATE
detour,4,13,3,14,0,1,-3,4,UP,NONE,False,True,2,,,,False,False,False,0,INVALID_BELIEF
detour,4,13,3,14,6,1,3,4,UP,NONE,False,True,2,,,,False,False,False,0,INVALID_BELIEF
detour,4,13,3,15,1,2,-2,4,UP,NONE,False,True,2,,,,False,False,False,0,INVALID_BELIEF
detour,4,13,3,15,5,2,2,4,UP,NONE,False,True,2,,,,False,False,False,0,INVALID_BELIEF
detour,4,13,3,16,2,3,-1,4,UP,NONE,False,True,2,,,,False,False,False,0,INVALID_BELIEF
detour,4,13,3,16,4,3,1,4,UP,NONE,False,True,2,,,,False,False,False,0,INVALID_BELIEF
detour,4,13,3,17,3,4,0,4,UP,NONE,False,True,2,,,,False,False,False,0,INVALID_BELIEF
detour,4,3,4,-1,4,-4,0,4,UP,NONE,False,True,21,,,,False,False,False,0,INVALID_BELIEF
detour,4,3,4,0,3,-3,-1,4,UP,NONE,False,True,21,,,,False,False,False,0,INVALID_BELIEF
detour,4,3,4,0,5,-3,1,4,UP,NONE,False,True,21,,,,False,False,False,0,INVALID_BELIEF
detour,4,3,4,1,2,-2,-2,4,UP,DOWN,True,True,21,23,2,0.09523809523809523,False,False,False,0,INADEQUATE
detour,4,3,4,1,6,-2,2,4,UP,DOWN,True,True,21,23,2,0.09523809523809523,False,False,False,0,INADEQUATE
detour,4,3,4,2,1,-1,-3,4,UP,RIGHT,True,True,21,22,1,0.047619047619047616,True,False,False,0,COLLISION
detour,4,3,4,2,7,-1,3,4,UP,RIGHT,True,True,21,22,1,0.047619047619047616,True,False,False,0,COLLISION
detour,4,3,4,3,0,0,-4,4,UP,NONE,False,True,21,,,,False,False,False,0,INVALID_BELIEF
detour,4,3,4,3,8,0,4,4,UP,NONE,False,True,21,,,,False,False,False,0,INVALID_BELIEF
detour,4,3,4,4,1,1,-3,4,UP,RIGHT,True,True,21,22,1,0.047619047619047616,True,False,False,0,COLLISION
detour,4,3,4,4,7,1,3,4,UP,RIGHT,True,True,21,22,1,0.047619047619047616,True,False,False,0,COLLISION
detour,4,3,4,5,2,2,-2,4,UP,NONE,False,True,21,,,,False,False,False,0,INVALID_BELIEF
detour,4,3,4,5,6,2,2,4,UP,DOWN,True,True,21,23,2,0.09523809523809523,False,False,False,0,INADEQUATE
detour,4,3,4,6,3,3,-1,4,UP,NONE,False,True,21,,,,False,False,False,0,INVALID_BELIEF
detour,4,3,4,6,5,3,1,4,UP,NONE,False,True,21,,,,False,False,False,0,INVALID_BELIEF
detour,4,3,4,7,4,4,0,4,UP,DOWN,True,True,21,23,2,0.09523809523809523,False,False,False,0,INADEQUATE
detour,4,5,4,1,4,-4,0,4,DOWN,NONE,False,True,17,,,,False,False,False,0,INVALID_BELIEF
detour,4,5,4,2,3,-3,-1,4,DOWN,RIGHT,True,True,17,18,1,0.058823529411764705,True,False,False,0,COLLISION
detour,4,5,4,2,5,-3,1,4,DOWN,LEFT,True,True,17,18,1,0.058823529411764705,True,False,False,0,COLLISION
detour,4,5,4,3,2,-2,-2,4,DOWN,NONE,False,True,17,,,,False,False,False,0,INVALID_BELIEF
detour,4,5,4,3,6,-2,2,4,DOWN,NONE,False,True,17,,,,False,False,False,0,INVALID_BELIEF
detour,4,5,4,4,1,-1,-3,4,DOWN,RIGHT,True,True,17,18,1,0.058823529411764705,True,False,False,0,COLLISION
detour,4,5,4,4,7,-1,3,4,DOWN,RIGHT,True,True,17,18,1,0.058823529411764705,True,False,False,0,COLLISION
detour,4,5,4,5,0,0,-4,4,DOWN,NONE,False,True,17,,,,False,False,False,0,INVALID_BELIEF
detour,4,5,4,5,8,0,4,4,DOWN,NONE,False,True,17,,,,False,False,False,0,INVALID_BELIEF
detour,4,5,4,6,1,1,-3,4,DOWN,RIGHT,True,True,17,18,1,0.058823529411764705,True,False,False,0,COLLISION
detour,4,5,4,6,7,1,3,4,DOWN,RIGHT,True,True,17,18,1,0.058823529411764705,True,False,False,0,COLLISION
detour,4,5,4,7,2,2,-2,4,DOWN,DOWN,True,False,17,17,0,0.0,False,False,True,0,ADEQUATE
detour,4,5,4,7,6,2,2,4,DOWN,NONE,False,True,17,,,,False,False,False,0,INVALID_BELIEF
detour,4,5,4,8,3,3,-1,4,DOWN,NONE,False,True,17,,,,False,False,False,0,INVALID_BELIEF
detour,4,5,4,8,5,3,1,4,DOWN,RIGHT,True,True,17,18,1,0.058823529411764705,True,False,False,0,COLLISION
detour,4,5,4,9,4,4,0,4,DOWN,NONE,False,True,17,,,,False,False,False,0,INVALID_BELIEF
detour,4,7,4,3,4,-4,0,4,DOWN,UP,True,True,15,17,2,0.13333333333333333,False,False,False,0,INADEQUATE
detour,4,7,4,4,3,-3,-1,4,DOWN,RIGHT,True,True,15,16,1,0.06666666666666667,True,False,False,0,COLLISION
detour,4,7,4,4,5,-3,1,4,DOWN,NONE,False,True,15,,,,False,False,False,0,INVALID_BELIEF
detour,4,7,4,5,2,-2,-2,4,DOWN,NONE,False,True,15,,,,False,False,False,0,INVALID_BELIEF
detour,4,7,4,5,6,-2,2,4,DOWN,DOWN,True,False,15,15,0,0.0,False,False,True,0,ADEQUATE
detour,4,7,4,6,1,-1,-3,4,DOWN,RIGHT,True,True,15,16,1,0.06666666666666667,True,False,False,0,COLLISION
detour,4,7,4,6,7,-1,3,4,DOWN,RIGHT,True,True,15,16,1,0.06666666666666667,True,False,False,0,COLLISION
detour,4,7,4,7,0,0,-4,4,DOWN,NONE,False,True,15,,,,False,False,False,0,INVALID_BELIEF
detour,4,7,4,7,8,0,4,4,DOWN,NONE,False,True,15,,,,False,False,False,0,INVALID_BELIEF
detour,4,7,4,8,1,1,-3,4,DOWN,NONE,False,True,15,,,,False,False,False,0,INVALID_BELIEF
detour,4,7,4,8,7,1,3,4,DOWN,RIGHT,True,True,15,16,1,0.06666666666666667,True,False,False,0,COLLISION
detour,4,7,4,9,2,2,-2,4,DOWN,UP,True,True,15,17,2,0.13333333333333333,False,False,False,0,INADEQUATE
detour,4,7,4,9,6,2,2,4,DOWN,NONE,False,True,15,,,,False,False,False,0,INVALID_BELIEF
detour,4,7,4,10,3,3,-1,4,DOWN,LEFT,True,True,15,16,1,0.06666666666666667,True,False,False,0,COLLISION
detour,4,7,4,10,5,3,1,4,DOWN,RIGHT,True,True,15,16,1,0.06666666666666667,True,False,False,0,COLLISION
detour,4,7,4,11,4,4,0,4,DOWN,UP,True,True,15,17,2,0.13333333333333333,False,False,False,0,INADEQUATE
detour,4,11,4,7,4,-4,0,4,UP,DOWN,True,True,9,11,2,0.2222222222222222,False,False,False,0,INADEQUATE
detour,4,11,4,8,3,-3,-1,4,UP,NONE,False,True,9,,,,False,False,False,0,INVALID_BELIEF
detour,4,11,4,8,5,-3,1,4,UP,RIGHT,True,True,9,10,1,0.1111111111111111,True,False,False,0,COLLISION
detour,4,11,4,9,2,-2,-2,4,UP,UP,True,False,9,9,0,0.0,False,False,True,0,ADEQUATE
detour,4,11,4,9,6,-2,2,4,UP,NONE,False,True,9,,,,False,False,False,0,INVALID_BELIEF
detour,4,11,4,10,1,-1,-3,4,UP,RIGHT,True,True,9,10,1,0.1111111111111111,True,False,False,0,COLLISION
detour,4,11,4,10,7,-1,3,4,UP,RIGHT,True,True,9,10,1,0.1111111111111111,True,False,False,0,COLLISION
detour,4,11,4,11,0,0,-4,4,UP,NONE,False,True,9,,,,False,False,False,0,INVALID_BELIEF
detour,4,11,4,11,8,0,4,4,UP,NONE,False,True,9,,,,False,False,False,0,INVALID_BELIEF
detour,4,11,4,12,1,1,-3,4,UP,RIGHT,True,True,9,10,1,0.1111111111111111,True,False,False,0,COLLISION
detour,4,11,4,12,7,1,3,4,UP,RIGHT,True,True,9,10,1,0.1111111111111111,True,False,False,0,COLLISION
detour,4,11,4,13,2,2,-2,4,UP,UP,True,False,9,9,0,0.0,False,False,True,0,ADEQUATE
detour,4,11,4,13,6,2,2,4,UP,UP,True,False,9,9,0,0.0,False,False,True,0,ADEQUATE
detour,4,11,4,14,3,3,-1,4,UP,NONE,False,True,9,,,,False,False,False,0,INVALID_BELIEF
detour,4,11,4,14,5,3,1,4,UP,NONE,False,True,9,,,,False,False,False,0,INVALID_BELIEF
detour,4,11,4,15,4,4,0,4,UP,NONE,False,True,9,,,,False,False,False,0,INVALID_BELIEF
detour,4,13,4,9,4,-4,0,4,UP,NONE,False,True,3,,,,False,False,False,0,INVALID_BELIEF
detour,4,13,4,10,3,-3,-1,4,UP,LEFT,True,True,3,4,1,0.3333333333333333,True,False,False,0,COLLISION
detour,4,13,4,10,5,-3,1,4,UP,RIGHT,True,True,3,4,1,0.3333333333333333,True,False,False,0,COLLISION
detour,4,13,4,11,2,-2,-2,4,UP,NONE,False,True,3,,,,False,False,False,0,INVALID_BELIEF
detour,4,13,4,11,6,-2,2,4,UP,DOWN,True,True,3,5,2,0.6666666666666666,False,False,False,0,INADEQUATE
detour,4,13,4,12,1,-1,-3,4,UP,RIGHT,True,True,3,4,1,0.3333333333333333,True,False,False,0,COLLISION
detour,4,13,4,12,7,-1,3,4,UP,RIGHT,True,True,3,4,1,0.3333333333333333,True,False,False,0,COLLISION
detour,4,13,4,13,0,0,-4,4,UP,NONE,False,True,3,,,,False,False,False,0,INVALID_BELIEF
detour,4,13,4,13,8,0,4,4,UP,NONE,False,True,3,,,,False,False,False,0,INVALID_BELIEF
detour,4,13,4,14,1,1,-3,4,UP,NONE,False,True,3,,,,False,False,False,0,INVALID_BELIEF
detour,4,13,4,14,7,1,3,4,UP,NONE,False,True,3,,,,False,False,False,0,INVALID_BELIEF
detour,4,13,4,15,2,2,-2,4,UP,NONE,False,True,3,,,,False,False,False,0,INVALID_BELIEF
detour,4,13,4,15,6,2,2,4,UP,NONE,False,True,3,,,,False,False,False,0,INVALID_BELIEF
detour,4,13,4,16,3,3,-1,4,UP,NONE,False,True,3,,,,False,False,False,0,INVALID_BELIEF
detour,4,13,4,16,5,3,1,4,UP,NONE,False,True,3,,,,False,False,False,0,INVALID_BELIEF
detour,4,13,4,17,4,4,0,4,UP,NONE,False,True,3,,,,False,False,False,0,INVALID_BELIEF
detour,4,1,5,-3,5,-4,0,4,DOWN,NONE,False,True,20,,,,False,False,False,0,INVALID_BELIEF
detour,4,1,5,-2,4,-3,-1,4,DOWN,NONE,False,True,20,,,,False,False,False,0,INVALID_BELIEF
detour,4,1,5,-2,6,-3,1,4,DOWN,NONE,False,True,20,,,,False,False,False,0,INVALID_BELIEF
detour,4,1,5,-1,3,-2,-2,4,DOWN,NONE,False,True,20,,,,False,False,False,0,INVALID_BELIEF
detour,4,1,5,-1,7,-2,2,4,DOWN,NONE,False,True,20,,,,False,False,False,0,INVALID_BELIEF
detour,4,1,5,0,2,-1,-3,4,DOWN,NONE,False,True,20,,,,False,False,False,0,INVALID_BELIEF
detour,4,1,5,0,8,-1,3,4,DOWN,NONE,False,True,20,,,,False,False,False,0,INVALID_BELIEF
detour,4,1,5,1,1,0,-4,4,DOWN,RIGHT,True,True,20,22,2,0.1,False,False,False,0,INADEQUATE
detour,4,1,5,1,9,0,4,4,DOWN,NONE,False,True,20,,,,False,False,False,0,INVALID_BELIEF
detour,4,1,5,2,2,1,-3,4,DOWN,NONE,False,True,20,,,,False,False,False,0,INVALID_BELIEF
detour,4,1,5,2,8,1,3,4,DOWN,NONE,False,True,20,,,,False,False,False,0,INVALID_BELIEF
detour,4,1,5,3,3,2,-2,4,DOWN,RIGHT,True,True,20,22,2,0.1,False,False,False,0,INADEQUATE
detour,4,1,5,3,7,2,2,4,DOWN,RIGHT,True,True,20,22,2,0.1,False,False,False,0,INADEQUATE
detour,4,1,5,4,4,3,-1,4,DOWN,NONE,False,True,20,,,,False,False,False,0,INVALID_BELIEF
detour,4,1,5,4,6,3,1,4,DOWN,NONE,False,True,20,,,,False,False,False,0,INVALID_BELIEF
detour,4,1,5,5,5,4,0,4,DOWN,DOWN,True,False,20,20,0,0.0,False,False,True,0,ADEQUATE
detour,4,2,5,-2,5,-4,0,4,LEFT,NONE,False,True,21,,,,False,False,False,0,INVALID_BELIEF
detour,4,2,5,-1,4,-3,-1,4,LEFT,NONE,False,True,21,,,,False,False,False,0,INVALID_BELIEF
detour,4,2,5,-1,6,-3,1,4,LEFT,NONE,False,True,21,,,,False,False,False,0,INVALID_BELIEF
detour,4,2,5,0,3,-2,-2,4,LEFT,NONE,False,True,21,,,,False,False,False,0,INVALID_BELIEF
detour,4,2,5,0,7,-2,2,4,LEFT,NONE,False,True,21,,,,False,False,False,0,INVALID_BELIEF
detour,4,2,5,1,2,-1,-3,4,LEFT,DOWN,True,True,21,22,1,0.047619047619047616,True,False,False,0,COLLISION
detour,4,2,5,1,8,-1,3,4,LEFT,NONE,False,True,21,,,,False,False,False,0,INVALID_BELIEF
detour,4,2,5,2,1,0,-4,4,LEFT,RIGHT,True,True,21,23,2,0.09523809523809523,False,False,False,0,INADEQUATE
detour,4,2,5,2,9,0,4,4,LEFT,NONE,False,True,21,,,,False,False,False,0,INVALID_BELIEF
detour,4,2,5,3,2,1,-3,4,LEFT,NONE,False,True,21,,,,False,False,False,0,INVALID_BELIEF
detour,4,2,5,3,8,1,3,4,LEFT,NONE,False,True,21,,,,False,False,False,0,INVALID_BELIEF
detour,4,2,5,4,3,2,-2,4,LEFT,RIGHT,True,True,21,23,2,0.09523809523809523,False,False,False,0,INADEQUATE
detour,4,2,5,4,7,2,2,4,LEFT,RIGHT,True,True,21,23,2,0.09523809523809523,False,False,False,0,INADEQUATE
detour,4,2,5,5,4,3,-1,4,LEFT,DOWN,True,True,21,22,1,0.047619047619047616,True,False,False,0,COLLISION
detour,4,2,5,5,6,3,1,4,LEFT,DOWN,True,True,21,22,1,0.047619047619047616,True,False,False,0,COLLISION
detour,4,2,5,6,5,4,0,4,LEFT,NONE,False,True,21,,,,False,False,False,0,INVALID_BELIEF
detour,4,3,5,-1,5,-4,0,4,UP,NONE,False,True,22,,,,False,False,False,0,INVALID_BELIEF
detour,4,3,5,0,4,-3,-1,4,UP,NONE,False,True,22,,,,False,False,False,0,INVALID_BELIEF
detour,4,3,5,0,6,-3,1,4,UP,NONE,False,True,22,,,,False,False,False,0,INVALID_BELIEF
detour,4,3,5,1,3,-2,-2,4,UP,RIGHT,True,True,22,23,1,0.045454545454545456,True,False,False,0,COLLISION
detour,4,3,5,1,7,-2,2,4,UP,RIGHT,True,True,22,23,1,0.045454545454545456,True,False,False,0,COLLISION
detour,4,3,5,2,2,-1,-3,4,UP,NONE,False,True,22,,,,False,False,False,0,INVALID_BELIEF
detour,4,3,5,2,8,-1,3,4,UP,NONE,False,True,22,,,,False,False,False,0,INVALID_BELIEF
detour,4,3,5,3,1,0,-4,4,UP,RIGHT,True,True,22,23,1,0.045454545454545456,True,False,False,0,COLLISION
detour,4,3,5,3,9,0,4,4,UP,NONE,False,True,22,,,,False,False,False,0,INVALID_BELIEF
detour,4,3,5,4,2,1,-3,4,UP,NONE,False,True,22,,,,False,False,False,0,INVALID_BELIEF
detour,4,3,5,4,8,1,3,4,UP,NONE,False,True,22,,,,False,False,False,0,INVALID_BELIEF
detour,4,3,5,5,3,2,-2,4,UP,DOWN,True,True,22,23,1,0.045454545454545456,True,False,False,0,COLLISION
detour,4,3,5,5,7,2,2,4,UP,RIGHT,True,True,22,23,1,0.045454545454545456,True,False,False,0,COLLISION
detour,4,3,5,6,4,3,-1,4,UP,NONE,False,True,22,,,,False,False,False,0,INVALID_BELIEF
detour,4,3,5,6,6,3,1,4,UP,NONE,False,True,22,,,,False,False,False,0,INVALID_BELIEF
detour,4,3,5,7,5,4,0,4,UP,RIGHT,True,True,22,23,1,0.045454545454545456,True,False,False,0,COLLISION
detour,4,5,5,1,5,-4,0,4,DOWN,DOWN,True,False,16,16,0,0.0,False,False,True,0,ADEQUATE
detour,4,5,5,2,4,-3,-1,4,DOWN,NONE,False,True,16,,,,False,False,False,0,INVALID_BELIEF
detour,4,5,5,2,6,-3,1,4,DOWN,NONE,False,True,16,,,,False,False,False,0,INVALID_BELIEF
detour,4,5,5,3,3,-2,-2,4,DOWN,RIGHT,True,True,16,17,1,0.0625,True,False,False,0,COLLISION
detour,4,5,5,3,7,-2,2,4,DOWN,RIGHT,True,True,16,17,1,0.0625,True,False,False,0,COLLISION
detour,4,5,5,4,2,-1,-3,4,DOWN,NONE,False,True,16,,,,False,False,False,0,INVALID_BELIEF
detour,4,5,5,4,8,-1,3,4,DOWN,NONE,False,True,16,,,,False,False,False,0,INVALID_BELIEF
detour,4,5,5,5,1,0,-4,4,DOWN,RIGHT,True,True,16,17,1,0.0625,True,False,False,0,COLLISION
detour,4,5,5,5,9,0,4,4,DOWN,NONE,False,True,16,,,,False,False,False,0,INVALID_BELIEF
detour,4,5,5,6,2,1,-3,4,DOWN,NONE,False,True,16,,,,False,False,False,0,INVALID_BELIEF
detour,4,5,5,6,8,1,3,4,DOWN,NONE,False,True,16,,,,False,False,False,0,INVALID_BELIEF
detour,4,5,5,7,3,2,-2,4,DOWN,DOWN,True,False,16,16,0,0.0,False,False,True,0,ADEQUATE
detour,4,5,5,7,7,2,2,4,DOWN,RIGHT,True,True,16,17,1,0.0625,True,False,False,0,COLLISION
detour,4,5,5,8,4,3,-1,4,DOWN,NONE,False,True,16,,,,False,False,False,0,INVALID_BELIEF
detour,4,5,5,8,6,3,1,4,DOWN,NONE,False,True,16,,,,False,False,False,0,INVALID_BELIEF
detour,4,5,5,9,5,4,0,4,DOWN,RIGHT,True,True,16,17,1,0.0625,True,False,False,0,COLLISION
detour,4,7,5,3,5,-4,0,4,RIGHT,UP,True,True,14,16,2,0.14285714285714285,False,False,False,0,INADEQUATE
detour,4,7,5,4,4,-3,-1,4,RIGHT,NONE,False,True,14,,,,False,False,False,0,INVALID_BELIEF
detour,4,7,5,4,6,-3,1,4,RIGHT,NONE,False,True,14,,,,False,False,False,0,INVALID_BELIEF
detour,4,7,5,5,3,-2,-2,4,RIGHT,DOWN,True,True,14,15,1,0.07142857142857142,True,False,False,0,COLLISION
detour,4,7,5,5,7,-2,2,4,RIGHT,RIGHT,True,False,14,14,0,0.0,False,False,True,0,ADEQUATE
detour,4,7,5,6,2,-1,-3,4,RIGHT,NONE,False,True,14,,,,False,False,False,0,INVALID_BELIEF
detour,4,7,5,6,8,-1,3,4,RIGHT,NONE,False,True,14,,,,False,False,False,0,INVALID_BELIEF
detour,4,7,5,7,1,0,-4,4,RIGHT,DOWN,True,True,14,15,1,0.07142857142857142,True,False,False,0,COLLISION
detour,4,7,5,7,9,0,4,4,RIGHT,NONE,False,True,14,,,,False,False,False,0,INVALID_BELIEF
detour,4,7,5,8,2,1,-3,4,RIGHT,NONE,False,True,14,,,,False,False,False,0,INVALID_BELIEF
detour,4,7,5,8,8,1,3,4,RIGHT,NONE,False,True,14,,,,False,False,False,0,INVALID_BELIEF
detour,4,7,5,9,3,2,-2,4,RIGHT,UP,True,True,14,16,2,0.14285714285714285,False,False,False,0,INADEQUATE
detour,4,7,5,9,7,2,2,4,RIGHT,RIGHT,True,False,14,14,0,0.0,False,False,True,0,ADEQUATE
detour,4,7,5,10,4,3,-1,4,RIGHT,NONE,False,True,14,,,,False,False,False,0,INVALID_BELIEF
detour,4,7,5,10,6,3,1,4,RIGHT,NONE,False,True,14,,,,False,False,False,0,INVALID_BELIEF
detour,4,7,5,11,5,4,0,4,RIGHT,UP,True,True,14,16,2,0.14285714285714285,False,False,False,0,INADEQUATE
detour,4,8,5,4,5,-4,0,4,RIGHT,NONE,False,True,13,,,,False,False,False,0,INVALID_BELIEF
detour,4,8,5,5,4,-3,-1,4,RIGHT,DOWN,True,True,13,14,1,0.07692307692307693,True,False,False,0,COLLISION
detour,4,8,5,5,6,-3,1,4,RIGHT,DOWN,True,True,13,14,1,0.07692307692307693,True,False,False,0,COLLISION
detour,4,8,5,6,3,-2,-2,4,RIGHT,NONE,False,True,13,,,,False,False,False,0,INVALID_BELIEF
detour,4,8,5,6,7,-2,2,4,RIGHT,RIGHT,True,False,13,13,0,0.0,False,False,True,0,ADEQUATE
detour,4,8,5,7,2,-1,-3,4,RIGHT,DOWN,True,True,13,14,1,0.07692307692307693,True,False,False,0,COLLISION
detour,4,8,5,7,8,-1,3,4,RIGHT,NONE,False,True,13,,,,False,False,False,0,INVALID_BELIEF
detour,4,8,5,8,1,0,-4,4,RIGHT,NONE,False,True,13,,,,False,False,False,0,INVALID_BELIEF
detour,4,8,5,8,9,0,4,4,RIGHT,NONE,False,True,13,,,,False,False,False,0,INVALID_BELIEF
detour,4,8,5,9,2,1,-3,4,RIGHT,UP,True,True,13,14,1,0.07692307692307693,True,False,False,0,COLLISION
detour,4,8,5,9,8,1,3,4,RIGHT,NONE,False,True,13,,,,False,False,False,0,INVALID_BELIEF
detour,4,8,5,10,3,2,-2,4,RIGHT,LEFT,True,True,13,15,2,0.15384615384615385,False,False,False,0,INADEQUATE
detour,4,8,5,10,7,2,2,4,RIGHT,RIGHT,True,False,13,13,0,0.0,False,False,True,0,ADEQUATE
detour,4,8,5,11,4,3,-1,4,RIGHT,UP,True,True,13,14,1,0.07692307692307693,True,False,False,0,COLLISION
detour,4,8,5,11,6,3,1,4,RIGHT,DOWN,True,True,13,14,1,0.07692307692307693,True,False,False,0,COLLISION
detour,4,8,5,12,5,4,0,4,RIGHT,NONE,False,True,13,,,,False,False,False,0,INVALID_BELIEF
detour,4,9,5,5,5,-4,0,4,RIGHT,DOWN,True,True,12,13,1,0.08333333333333333,True,False,False,0,COLLISION
detour,4,9,5,6,4,-3,-1,4,RIGHT,NONE,False,True,12,,,,False,False,False,0,INVALID_BELIEF
detour,4,9,5,6,6,-3,1,4,RIGHT,NONE,False,True,12,,,,False,False,False,0,INVALID_BELIEF
detour,4,9,5,7,3,-2,-2,4,RIGHT,DOWN,True,True,12,13,1,0.08333333333333333,True,False,False,0,COLLISION
detour,4,9,5,7,7,-2,2,4,RIGHT,RIGHT,True,False,12,12,0,0.0,False,False,True,0,ADEQUATE
detour,4,9,5,8,2,-1,-3,4,RIGHT,NONE,False,True,12,,,,False,False,False,0,INVALID_BELIEF
detour,4,9,5,8,8,-1,3,4,RIGHT,NONE,False,True,12,,,,False,False,False,0,INVALID_BELIEF
detour,4,9,5,9,1,0,-4,4,RIGHT,RIGHT,True,False,12,12,0,0.0,False,False,True,0,ADEQUATE
detour,4,9,5,9,9,0,4,4,RIGHT,NONE,False,True,12,,,,False,False,False,0,INVALID_BELIEF
detour,4,9,5,10,2,1,-3,4,RIGHT,NONE,False,True,12,,,,False,False,False,0,INVALID_BELIEF
detour,4,9,5,10,8,1,3,4,RIGHT,NONE,False,True,12,,,,False,False,False,0,INVALID_BELIEF
detour,4,9,5,11,3,2,-2,4,RIGHT,LEFT,True,True,12,14,2,0.16666666666666666,False,False,False,0,INADEQUATE
detour,4,9,5,11,7,2,2,4,RIGHT,RIGHT,True,False,12,12,0,0.0,False,False,True,0,ADEQUATE
detour,4,9,5,12,4,3,-1,4,RIGHT,NONE,False,True,12,,,,False,False,False,0,INVALID_BELIEF
detour,4,9,5,12,6,3,1,4,RIGHT,NONE,False,True,12,,,,False,False,False,0,INVALID_BELIEF
detour,4,9,5,13,5,4,0,4,RIGHT,UP,True,True,12,13,1,0.08333333333333333,True,False,False,0,COLLISION
detour,4,10,5,6,5,-4,0,4,RIGHT,NONE,False,True,11,,,,False,False,False,0,INVALID_BELIEF
detour,4,10,5,7,4,-3,-1,4,RIGHT,DOWN,True,True,11,12,1,0.09090909090909091,True,False,False,0,COLLISION
detour,4,10,5,7,6,-3,1,4,RIGHT,NONE,False,True,11,,,,False,False,False,0,INVALID_BELIEF
detour,4,10,5,8,3,-2,-2,4,RIGHT,NONE,False,True,11,,,,False,False,False,0,INVALID_BELIEF
detour,4,10,5,8,7,-2,2,4,RIGHT,RIGHT,True,False,11,11,0,0.0,False,False,True,0,ADEQUATE
detour,4,10,5,9,2,-1,-3,4,RIGHT,UP,True,True,11,12,1,0.09090909090909091,True,False,False,0,COLLISION
detour,4,10,5,9,8,-1,3,4,RIGHT,NONE,False,True,11,,,,False,False,False,0,INVALID_BELIEF
detour,4,10,5,10,1,0,-4,4,RIGHT,RIGHT,True,False,11,11,0,0.0,False,False,True,0,ADEQUATE
detour,4,10,5,10,9,0,4,4,RIGHT,NONE,False,True,11,,,,False,False,False,0,INVALID_BELIEF
detour,4,10,5,11,2,1,-3,4,RIGHT,NONE,False,True,11,,,,False,False,False,0,INVALID_BELIEF
detour,4,10,5,11,8,1,3,4,RIGHT,NONE,False,True,11,,,,False,False,False,0,INVALID_BELIEF
detour,4,10,5,12,3,2,-2,4,RIGHT,NONE,False,True,11,,,,False,False,False,0,INVALID_BELIEF
detour,4,10,5,12,7,2,2,4,RIGHT,RIGHT,True,False,11,11,0,0.0,False,False,True,0,ADEQUATE
detour,4,10,5,13,4,3,-1,4,RIGHT,UP,True,True,11,12,1,0.09090909090909091,True,False,False,0,COLLISION
detour,4,10,5,13,6,3,1,4,RIGHT,UP,True,True,11,12,1,0.09090909090909091,True,False,False,0,COLLISION
detour,4,10,5,14,5,4,0,4,RIGHT,NONE,False,True,11,,,,False,False,False,0,INVALID_BELIEF
detour,4,11,5,7,5,-4,0,4,UP,RIGHT,True,True,10,11,1,0.1,True,False,False,0,COLLISION
detour,4,11,5,8,4,-3,-1,4,UP,NONE,False,True,10,,,,False,False,False,0,INVALID_BELIEF
detour,4,11,5,8,6,-3,1,4,UP,NONE,False,True,10,,,,False,False,False,0,INVALID_BELIEF
detour,4,11,5,9,3,-2,-2,4,UP,UP,True,False,10,10,0,0.0,False,False,True,0,ADEQUATE
detour,4,11,5,9,7,-2,2,4,UP,RIGHT,True,True,10,11,1,0.1,True,False,False,0,COLLISION
detour,4,11,5,10,2,-1,-3,4,UP,NONE,False,True,10,,,,False,False,False,0,INVALID_BELIEF
detour,4,11,5,10,8,-1,3,4,UP,NONE,False,True,10,,,,False,False,False,0,INVALID_BELIEF
detour,4,11,5,11,1,0,-4,4,UP,RIGHT,True,True,10,11,1,0.1,True,False,False,0,COLLISION
detour,4,11,5,11,9,0,4,4,UP,NONE,False,True,10,,,,False,False,False,0,INVALID_BELIEF
detour,4,11,5,12,2,1,-3,4,UP,NONE,False,True,10,,,,False,False,False,0,INVALID_BELIEF
detour,4,11,5,12,8,1,3,4,UP,NONE,False,True,10,,,,False,False,False,0,INVALID_BELIEF
detour,4,11,5,13,3,2,-2,4,UP,UP,True,False,10,10,0,0.0,False,False,True,0,ADEQUATE
detour,4,11,5,13,7,2,2,4,UP,UP,True,False,10,10,0,0.0,False,False,True,0,ADEQUATE
detour,4,11,5,14,4,3,-1,4,UP,NONE,False,True,10,,,,False,False,False,0,INVALID_BELIEF
detour,4,11,5,14,6,3,1,4,UP,NONE,False,True,10,,,,False,False,False,0,INVALID_BELIEF
detour,4,11,5,15,5,4,0,4,UP,NONE,False,True,10,,,,False,False,False,0,INVALID_BELIEF
detour,4,13,5,9,5,-4,0,4,UP,RIGHT,True,True,4,5,1,0.25,True,False,False,0,COLLISION
detour,4,13,5,10,4,-3,-1,4,UP,NONE,False,True,4,,,,False,False,False,0,INVALID_BELIEF
detour,4,13,5,10,6,-3,1,4,UP,NONE,False,True,4,,,,False,False,False,0,INVALID_BELIEF
detour,4,13,5,11,3,-2,-2,4,UP,LEFT,True,True,4,5,1,0.25,True,False,False,0,COLLISION
detour,4,13,5,11,7,-2,2,4,UP,RIGHT,True,True,4,5,1,0.25,True,False,False,0,COLLISION
detour,4,13,5,12,2,-1,-3,4,UP,NONE,False,True,4,,,,False,False,False,0,INVALID_BELIEF
detour,4,13,5,12,8,-1,3,4,UP,NONE,False,True,4,,,,False,False,False,0,INVALID_BELIEF
detour,4,13,5,13,1,0,-4,4,UP,NONE,True,True,4,,,,False,True,False,0,FALSE_TERMINAL
detour,4,13,5,13,9,0,4,4,UP,NONE,False,True,4,,,,False,False,False,0,INVALID_BELIEF
detour,4,13,5,14,2,1,-3,4,UP,NONE,False,True,4,,,,False,False,False,0,INVALID_BELIEF
detour,4,13,5,14,8,1,3,4,UP,NONE,False,True,4,,,,False,False,False,0,INVALID_BELIEF
detour,4,13,5,15,3,2,-2,4,UP,NONE,False,True,4,,,,False,False,False,0,INVALID_BELIEF
detour,4,13,5,15,7,2,2,4,UP,NONE,False,True,4,,,,False,False,False,0,INVALID_BELIEF
detour,4,13,5,16,4,3,-1,4,UP,NONE,False,True,4,,,,False,False,False,0,INVALID_BELIEF
detour,4,13,5,16,6,3,1,4,UP,NONE,False,True,4,,,,False,False,False,0,INVALID_BELIEF
detour,4,13,5,17,5,4,0,4,UP,NONE,False,True,4,,,,False,False,False,0,INVALID_BELIEF
detour,4,1,6,-3,6,-4,0,4,DOWN,NONE,False,True,19,,,,False,False,False,0,INVALID_BELIEF
detour,4,1,6,-2,5,-3,-1,4,DOWN,NONE,False,True,19,,,,False,False,False,0,INVALID_BELIEF
detour,4,1,6,-2,7,-3,1,4,DOWN,NONE,False,True,19,,,,False,False,False,0,INVALID_BELIEF
detour,4,1,6,-1,4,-2,-2,4,DOWN,NONE,False,True,19,,,,False,False,False,0,INVALID_BELIEF
detour,4,1,6,-1,8,-2,2,4,DOWN,NONE,False,True,19,,,,False,False,False,0,INVALID_BELIEF
detour,4,1,6,0,3,-1,-3,4,DOWN,NONE,False,True,19,,,,False,False,False,0,INVALID_BELIEF
detour,4,1,6,0,9,-1,3,4,DOWN,NONE,False,True,19,,,,False,False,False,0,INVALID_BELIEF
detour,4,1,6,1,2,0,-4,4,DOWN,DOWN,True,False,19,19,0,0.0,False,False,True,0,ADEQUATE
detour,4,1,6,1,10,0,4,4,DOWN,NONE,False,True,19,,,,False,False,False,0,INVALID_BELIEF
detour,4,1,6,2,3,1,-3,4,DOWN,RIGHT,True,True,19,20,1,0.05263157894736842,True,False,False,0,COLLISION
detour,4,1,6,2,9,1,3,4,DOWN,NONE,False,True,19,,,,False,False,False,0,INVALID_BELIEF
detour,4,1,6,3,4,2,-2,4,DOWN,UP,True,True,19,21,2,0.10526315789473684,False,False,False,0,INADEQUATE
detour,4,1,6,3,8,2,2,4,DOWN,NONE,False,True,19,,,,False,False,False,0,INVALID_BELIEF
detour,4,1,6,4,5,3,-1,4,DOWN,NONE,False,True,19,,,,False,False,False,0,INVALID_BELIEF
detour,4,1,6,4,7,3,1,4,DOWN,RIGHT,True,True,19,20,1,0.05263157894736842,True,False,False,0,COLLISION
detour,4,1,6,5,6,4,0,4,DOWN,DOWN,True,False,19,19,0,0.0,False,False,True,0,ADEQUATE
detour,4,5,6,1,6,-4,0,4,DOWN,DOWN,True,False,15,15,0,0.0,False,False,True,0,ADEQUATE
detour,4,5,6,2,5,-3,-1,4,DOWN,LEFT,True,True,15,16,1,0.06666666666666667,True,False,False,0,COLLISION
detour,4,5,6,2,7,-3,1,4,DOWN,RIGHT,True,True,15,16,1,0.06666666666666667,True,False,False,0,COLLISION
detour,4,5,6,3,4,-2,-2,4,DOWN,UP,True,True,15,17,2,0.13333333333333333,False,False,False,0,INADEQUATE
detour,4,5,6,3,8,-2,2,4,DOWN,NONE,False,True,15,,,,False,False,False,0,INVALID_BELIEF
detour,4,5,6,4,3,-1,-3,4,DOWN,RIGHT,True,True,15,16,1,0.06666666666666667,True,False,False,0,COLLISION
detour,4,5,6,4,9,-1,3,4,DOWN,NONE,False,True,15,,,,False,False,False,0,INVALID_BELIEF
detour,4,5,6,5,2,0,-4,4,DOWN,NONE,False,True,15,,,,False,False,False,0,INVALID_BELIEF
detour,4,5,6,5,10,0,4,4,DOWN,NONE,False,True,15,,,,False,False,False,0,INVALID_BELIEF
detour,4,5,6,6,3,1,-3,4,DOWN,NONE,False,True,15,,,,False,False,False,0,INVALID_BELIEF
detour,4,5,6,6,9,1,3,4,DOWN,NONE,False,True,15,,,,False,False,False,0,INVALID_BELIEF
detour,4,5,6,7,4,2,-2,4,DOWN,DOWN,True,False,15,15,0,0.0,False,False,True,0,ADEQUATE
detour,4,5,6,7,8,2,2,4,DOWN,NONE,False,True,15,,,,False,False,False,0,INVALID_BELIEF
detour,4,5,6,8,5,3,-1,4,DOWN,RIGHT,True,True,15,16,1,0.06666666666666667,True,False,False,0,COLLISION
detour,4,5,6,8,7,3,1,4,DOWN,RIGHT,True,True,15,16,1,0.06666666666666667,True,False,False,0,COLLISION
detour,4,5,6,9,6,4,0,4,DOWN,NONE,False,True,15,,,,False,False,False,0,INVALID_BELIEF
detour,4,11,6,7,6,-4,0,4,DOWN,NONE,False,True,9,,,,False,False,False,0,INVALID_BELIEF
detour,4,11,6,8,5,-3,-1,4,DOWN,RIGHT,True,True,9,10,1,0.1111111111111111,True,False,False,0,COLLISION
detour,4,11,6,8,7,-3,1,4,DOWN,RIGHT,True,True,9,10,1,0.1111111111111111,True,False,False,0,COLLISION
detour,4,11,6,9,4,-2,-2,4,DOWN,NONE,False,True,9,,,,False,False,False,0,INVALID_BELIEF
detour,4,11,6,9,8,-2,2,4,DOWN,NONE,False,True,9,,,,False,False,False,0,INVALID_BELIEF
detour,4,11,6,10,3,-1,-3,4,DOWN,LEFT,True,True,9,10,1,0.1111111111111111,True,False,False,0,COLLISION
detour,4,11,6,10,9,-1,3,4,DOWN,NONE,False,True,9,,,,False,False,False,0,INVALID_BELIEF
detour,4,11,6,11,2,0,-4,4,DOWN,NONE,False,True,9,,,,False,False,False,0,INVALID_BELIEF
detour,4,11,6,11,10,0,4,4,DOWN,NONE,False,True,9,,,,False,False,False,0,INVALID_BELIEF
detour,4,11,6,12,3,1,-3,4,DOWN,NONE,False,True,9,,,,False,False,False,0,INVALID_BELIEF
detour,4,11,6,12,9,1,3,4,DOWN,NONE,False,True,9,,,,False,False,False,0,INVALID_BELIEF
detour,4,11,6,13,4,2,-2,4,DOWN,UP,True,True,9,11,2,0.2222222222222222,False,False,False,0,INADEQUATE
detour,4,11,6,13,8,2,2,4,DOWN,NONE,False,True,9,,,,False,False,False,0,INVALID_BELIEF
detour,4,11,6,14,5,3,-1,4,DOWN,NONE,False,True,9,,,,False,False,False,0,INVALID_BELIEF
detour,4,11,6,14,7,3,1,4,DOWN,NONE,False,True,9,,,,False,False,False,0,INVALID_BELIEF
detour,4,11,6,15,6,4,0,4,DOWN,NONE,False,True,9,,,,False,False,False,0,INVALID_BELIEF
detour,4,13,6,9,6,-4,0,4,UP,NONE,False,True,5,,,,False,False,False,0,INVALID_BELIEF
detour,4,13,6,10,5,-3,-1,4,UP,RIGHT,True,True,5,6,1,0.2,True,False,False,0,COLLISION
detour,4,13,6,10,7,-3,1,4,UP,RIGHT,True,True,5,6,1,0.2,True,False,False,0,COLLISION
detour,4,13,6,11,4,-2,-2,4,UP,UP,True,False,5,5,0,0.0,False,False,True,0,ADEQUATE
detour,4,13,6,11,8,-2,2,4,UP,NONE,False,True,5,,,,False,False,False,0,INVALID_BELIEF
detour,4,13,6,12,3,-1,-3,4,UP,NONE,False,True,5,,,,False,False,False,0,INVALID_BELIEF
detour,4,13,6,12,9,-1,3,4,UP,NONE,False,True,5,,,,False,False,False,0,INVALID_BELIEF
detour,4,13,6,13,2,0,-4,4,UP,UP,True,False,5,5,0,0.0,False,False,True,0,ADEQUATE
detour,4,13,6,13,10,0,4,4,UP,NONE,False,True,5,,,,False,False,False,0,INVALID_BELIEF
detour,4,13,6,14,3,1,-3,4,UP,NONE,False,True,5,,,,False,False,False,0,INVALID_BELIEF
detour,4,13,6,14,9,1,3,4,UP,NONE,False,True,5,,,,False,False,False,0,INVALID_BELIEF
detour,4,13,6,15,4,2,-2,4,UP,NONE,False,True,5,,,,False,False,False,0,INVALID_BELIEF
detour,4,13,6,15,8,2,2,4,UP,NONE,False,True,5,,,,False,False,False,0,INVALID_BELIEF
detour,4,13,6,16,5,3,-1,4,UP,NONE,False,True,5,,,,False,False,False,0,INVALID_BELIEF
detour,4,13,6,16,7,3,1,4,UP,NONE,False,True,5,,,,False,False,False,0,INVALID_BELIEF
detour,4,13,6,17,6,4,0,4,UP,NONE,False,True,5,,,,False,False,False,0,INVALID_BELIEF
detour,4,1,7,-3,7,-4,0,4,RIGHT,NONE,False,True,18,,,,False,False,False,0,INVALID_BELIEF
detour,4,1,7,-2,6,-3,-1,4,RIGHT,NONE,False,True,18,,,,False,False,False,0,INVALID_BELIEF
detour,4,1,7,-2,8,-3,1,4,RIGHT,NONE,False,True,18,,,,False,False,False,0,INVALID_BELIEF
detour,4,1,7,-1,5,-2,-2,4,RIGHT,NONE,False,True,18,,,,False,False,False,0,INVALID_BELIEF
detour,4,1,7,-1,9,-2,2,4,RIGHT,NONE,False,True,18,,,,False,False,False,0,INVALID_BELIEF
detour,4,1,7,0,4,-1,-3,4,RIGHT,NONE,False,True,18,,,,False,False,False,0,INVALID_BELIEF
detour,4,1,7,0,10,-1,3,4,RIGHT,NONE,False,True,18,,,,False,False,False,0,INVALID_BELIEF
detour,4,1,7,1,3,0,-4,4,RIGHT,RIGHT,True,False,18,18,0,0.0,False,False,True,0,ADEQUATE
detour,4,1,7,1,11,0,4,4,RIGHT,NONE,False,True,18,,,,False,False,False,0,INVALID_BELIEF
detour,4,1,7,2,4,1,-3,4,RIGHT,NONE,False,True,18,,,,False,False,False,0,INVALID_BELIEF
detour,4,1,7,2,10,1,3,4,RIGHT,NONE,False,True,18,,,,False,False,False,0,INVALID_BELIEF
detour,4,1,7,3,5,2,-2,4,RIGHT,UP,True,True,18,20,2,0.1111111111111111,False,False,False,0,INADEQUATE
detour,4,1,7,3,9,2,2,4,RIGHT,NONE,False,True,18,,,,False,False,False,0,INVALID_BELIEF
detour,4,1,7,4,6,3,-1,4,RIGHT,NONE,False,True,18,,,,False,False,False,0,INVALID_BELIEF
detour,4,1,7,4,8,3,1,4,RIGHT,NONE,False,True,18,,,,False,False,False,0,INVALID_BELIEF
detour,4,1,7,5,7,4,0,4,RIGHT,RIGHT,True,False,18,18,0,0.0,False,False,True,0,ADEQUATE
detour,4,2,7,-2,7,-4,0,4,RIGHT,NONE,False,True,17,,,,False,False,False,0,INVALID_BELIEF
detour,4,2,7,-1,6,-3,-1,4,RIGHT,NONE,False,True,17,,,,False,False,False,0,INVALID_BELIEF
detour,4,2,7,-1,8,-3,1,4,RIGHT,NONE,False,True,17,,,,False,False,False,0,INVALID_BELIEF
detour,4,2,7,0,5,-2,-2,4,RIGHT,NONE,False,True,17,,,,False,False,False,0,INVALID_BELIEF
detour,4,2,7,0,9,-2,2,4,RIGHT,NONE,False,True,17,,,,False,False,False,0,INVALID_BELIEF
detour,4,2,7,1,4,-1,-3,4,RIGHT,NONE,False,True,17,,,,False,False,False,0,INVALID_BELIEF
detour,4,2,7,1,10,-1,3,4,RIGHT,NONE,False,True,17,,,,False,False,False,0,INVALID_BELIEF
detour,4,2,7,2,3,0,-4,4,RIGHT,RIGHT,True,False,17,17,0,0.0,False,False,True,0,ADEQUATE
detour,4,2,7,2,11,0,4,4,RIGHT,NONE,False,True,17,,,,False,False,False,0,INVALID_BELIEF
detour,4,2,7,3,4,1,-3,4,RIGHT,UP,True,True,17,18,1,0.058823529411764705,True,False,False,0,COLLISION
detour,4,2,7,3,10,1,3,4,RIGHT,NONE,False,True,17,,,,False,False,False,0,INVALID_BELIEF
detour,4,2,7,4,5,2,-2,4,RIGHT,NONE,False,True,17,,,,False,False,False,0,INVALID_BELIEF
detour,4,2,7,4,9,2,2,4,RIGHT,NONE,False,True,17,,,,False,False,False,0,INVALID_BELIEF
detour,4,2,7,5,6,3,-1,4,RIGHT,DOWN,True,True,17,18,1,0.058823529411764705,True,False,False,0,COLLISION
detour,4,2,7,5,8,3,1,4,RIGHT,NONE,False,True,17,,,,False,False,False,0,INVALID_BELIEF
detour,4,2,7,6,7,4,0,4,RIGHT,RIGHT,True,False,17,17,0,0.0,False,False,True,0,ADEQUATE
detour,4,3,7,-1,7,-4,0,4,RIGHT,NONE,False,True,16,,,,False,False,False,0,INVALID_BELIEF
detour,4,3,7,0,6,-3,-1,4,RIGHT,NONE,False,True,16,,,,False,False,False,0,INVALID_BELIEF
detour,4,3,7,0,8,-3,1,4,RIGHT,NONE,False,True,16,,,,False,False,False,0,INVALID_BELIEF
detour,4,3,7,1,5,-2,-2,4,RIGHT,DOWN,True,True,16,17,1,0.0625,True,False,False,0,COLLISION
detour,4,3,7,1,9,-2,2,4,RIGHT,NONE,False,True,16,,,,False,False,False,0,INVALID_BELIEF
detour,4,3,7,2,4,-1,-3,4,RIGHT,NONE,False,True,16,,,,False,False,False,0,INVALID_BELIEF
detour,4,3,7,2,10,-1,3,4,RIGHT,NONE,False,True,16,,,,False,False,False,0,INVALID_BELIEF
detour,4,3,7,3,3,0,-4,4,RIGHT,RIGHT,True,False,16,16,0,0.0,False,False,True,0,ADEQUATE
detour,4,3,7,3,11,0,4,4,RIGHT,NONE,False,True,16,,,,False,False,False,0,INVALID_BELIEF
detour,4,3,7,4,4,1,-3,4,RIGHT,NONE,False,True,16,,,,False,False,False,0,INVALID_BELIEF
detour,4,3,7,4,10,1,3,4,RIGHT,NONE,False,True,16,,,,False,False,False,0,INVALID_BELIEF
detour,4,3,7,5,5,2,-2,4,RIGHT,DOWN,True,True,16,17,1,0.0625,True,False,False,0,COLLISION
detour,4,3,7,5,9,2,2,4,RIGHT,NONE,False,True,16,,,,False,False,False,0,INVALID_BELIEF
detour,4,3,7,6,6,3,-1,4,RIGHT,NONE,False,True,16,,,,False,False,False,0,INVALID_BELIEF
detour,4,3,7,6,8,3,1,4,RIGHT,NONE,False,True,16,,,,False,False,False,0,INVALID_BELIEF
detour,4,3,7,7,7,4,0,4,RIGHT,RIGHT,True,False,16,16,0,0.0,False,False,True,0,ADEQUATE
detour,4,4,7,0,7,-4,0,4,RIGHT,NONE,False,True,15,,,,False,False,False,0,INVALID_BELIEF
detour,4,4,7,1,6,-3,-1,4,RIGHT,DOWN,True,True,15,16,1,0.06666666666666667,True,False,False,0,COLLISION
detour,4,4,7,1,8,-3,1,4,RIGHT,NONE,False,True,15,,,,False,False,False,0,INVALID_BELIEF
detour,4,4,7,2,5,-2,-2,4,RIGHT,LEFT,True,True,15,17,2,0.13333333333333333,False,False,False,0,INADEQUATE
detour,4,4,7,2,9,-2,2,4,RIGHT,NONE,False,True,15,,,,False,False,False,0,INVALID_BELIEF
detour,4,4,7,3,4,-1,-3,4,RIGHT,UP,True,True,15,16,1,0.06666666666666667,True,False,False,0,COLLISION
detour,4,4,7,3,10,-1,3,4,RIGHT,NONE,False,True,15,,,,False,False,False,0,INVALID_BELIEF
detour,4,4,7,4,3,0,-4,4,RIGHT,RIGHT,True,False,15,15,0,0.0,False,False,True,0,ADEQUATE
detour,4,4,7,4,11,0,4,4,RIGHT,NONE,False,True,15,,,,False,False,False,0,INVALID_BELIEF
detour,4,4,7,5,4,1,-3,4,RIGHT,DOWN,True,True,15,16,1,0.06666666666666667,True,False,False,0,COLLISION
detour,4,4,7,5,10,1,3,4,RIGHT,NONE,False,True,15,,,,False,False,False,0,INVALID_BELIEF
detour,4,4,7,6,5,2,-2,4,RIGHT,NONE,False,True,15,,,,False,False,False,0,INVALID_BELIEF
detour,4,4,7,6,9,2,2,4,RIGHT,NONE,False,True,15,,,,False,False,False,0,INVALID_BELIEF
detour,4,4,7,7,6,3,-1,4,RIGHT,NONE,False,True,15,,,,False,False,False,0,INVALID_BELIEF
detour,4,4,7,7,8,3,1,4,RIGHT,NONE,False,True,15,,,,False,False,False,0,INVALID_BELIEF
detour,4,4,7,8,7,4,0,4,RIGHT,RIGHT,True,False,15,15,0,0.0,False,False,True,0,ADEQUATE
detour,4,5,7,1,7,-4,0,4,RIGHT,RIGHT,True,False,14,14,0,0.0,False,False,True,0,ADEQUATE
detour,4,5,7,2,6,-3,-1,4,RIGHT,NONE,False,True,14,,,,False,False,False,0,INVALID_BELIEF
detour,4,5,7,2,8,-3,1,4,RIGHT,NONE,False,True,14,,,,False,False,False,0,INVALID_BELIEF
detour,4,5,7,3,5,-2,-2,4,RIGHT,UP,True,True,14,16,2,0.14285714285714285,False,False,False,0,INADEQUATE
detour,4,5,7,3,9,-2,2,4,RIGHT,NONE,False,True,14,,,,False,False,False,0,INVALID_BELIEF
detour,4,5,7,4,4,-1,-3,4,RIGHT,NONE,False,True,14,,,,False,False,False,0,INVALID_BELIEF
detour,4,5,7,4,10,-1,3,4,RIGHT,NONE,False,True,14,,,,False,False,False,0,INVALID_BELIEF
detour,4,5,7,5,3,0,-4,4,RIGHT,DOWN,True,True,14,15,1,0.07142857142857142,True,False,False,0,COLLISION
detour,4,5,7,5,11,0,4,4,RIGHT,NONE,False,True,14,,,,False,False,False,0,INVALID_BELIEF
detour,4,5,7,6,4,1,-3,4,RIGHT,NONE,False,True,14,,,,False,False,False,0,INVALID_BELIEF
detour,4,5,7,6,10,1,3,4,RIGHT,NONE,False,True,14,,,,False,False,False,0,INVALID_BELIEF
detour,4,5,7,7,5,2,-2,4,RIGHT,RIGHT,True,False,14,14,0,0.0,False,False,True,0,ADEQUATE
detour,4,5,7,7,9,2,2,4,RIGHT,NONE,False,True,14,,,,False,False,False,0,INVALID_BELIEF
detour,4,5,7,8,6,3,-1,4,RIGHT,NONE,False,True,14,,,,False,False,False,0,INVALID_BELIEF
detour,4,5,7,8,8,3,1,4,RIGHT,NONE,False,True,14,,,,False,False,False,0,INVALID_BELIEF
detour,4,5,7,9,7,4,0,4,RIGHT,RIGHT,True,False,14,14,0,0.0,False,False,True,0,ADEQUATE
detour,4,6,7,2,7,-4,0,4,RIGHT,RIGHT,True,False,13,13,0,0.0,False,False,True,0,ADEQUATE
detour,4,6,7,3,6,-3,-1,4,RIGHT,NONE,False,True,13,,,,False,False,False,0,INVALID_BELIEF
detour,4,6,7,3,8,-3,1,4,RIGHT,NONE,False,True,13,,,,False,False,False,0,INVALID_BELIEF
detour,4,6,7,4,5,-2,-2,4,RIGHT,NONE,False,True,13,,,,False,False,False,0,INVALID_BELIEF
detour,4,6,7,4,9,-2,2,4,RIGHT,NONE,False,True,13,,,,False,False,False,0,INVALID_BELIEF
detour,4,6,7,5,4,-1,-3,4,RIGHT,DOWN,True,True,13,14,1,0.07692307692307693,True,False,False,0,COLLISION
detour,4,6,7,5,10,-1,3,4,RIGHT,NONE,False,True,13,,,,False,False,False,0,INVALID_BELIEF
detour,4,6,7,6,3,0,-4,4,RIGHT,NONE,False,True,13,,,,False,False,False,0,INVALID_BELIEF
detour,4,6,7,6,11,0,4,4,RIGHT,NONE,False,True,13,,,,False,False,False,0,INVALID_BELIEF
detour,4,6,7,7,4,1,-3,4,RIGHT,DOWN,True,True,13,14,1,0.07692307692307693,True,False,False,0,COLLISION
detour,4,6,7,7,10,1,3,4,RIGHT,NONE,False,True,13,,,,False,False,False,0,INVALID_BELIEF
detour,4,6,7,8,5,2,-2,4,RIGHT,RIGHT,True,False,13,13,0,0.0,False,False,True,0,ADEQUATE
detour,4,6,7,8,9,2,2,4,RIGHT,NONE,False,True,13,,,,False,False,False,0,INVALID_BELIEF
detour,4,6,7,9,6,3,-1,4,RIGHT,NONE,False,True,13,,,,False,False,False,0,INVALID_BELIEF
detour,4,6,7,9,8,3,1,4,RIGHT,NONE,False,True,13,,,,False,False,False,0,INVALID_BELIEF
detour,4,6,7,10,7,4,0,4,RIGHT,RIGHT,True,False,13,13,0,0.0,False,False,True,0,ADEQUATE
detour,4,7,7,3,7,-4,0,4,RIGHT,RIGHT,True,False,12,12,0,0.0,False,False,True,0,ADEQUATE
detour,4,7,7,4,6,-3,-1,4,RIGHT,NONE,False,True,12,,,,False,False,False,0,INVALID_BELIEF
detour,4,7,7,4,8,-3,1,4,RIGHT,NONE,False,True,12,,,,False,False,False,0,INVALID_BELIEF
detour,4,7,7,5,5,-2,-2,4,RIGHT,DOWN,True,True,12,13,1,0.08333333333333333,True,False,False,0,COLLISION
detour,4,7,7,5,9,-2,2,4,RIGHT,NONE,False,True,12,,,,False,False,False,0,INVALID_BELIEF
detour,4,7,7,6,4,-1,-3,4,RIGHT,NONE,False,True,12,,,,False,False,False,0,INVALID_BELIEF
detour,4,7,7,6,10,-1,3,4,RIGHT,NONE,False,True,12,,,,False,False,False,0,INVALID_BELIEF
detour,4,7,7,7,3,0,-4,4,RIGHT,DOWN,True,True,12,13,1,0.08333333333333333,True,False,False,0,COLLISION
detour,4,7,7,7,11,0,4,4,RIGHT,NONE,False,True,12,,,,False,False,False,0,INVALID_BELIEF
detour,4,7,7,8,4,1,-3,4,RIGHT,NONE,False,True,12,,,,False,False,False,0,INVALID_BELIEF
detour,4,7,7,8,10,1,3,4,RIGHT,NONE,False,True,12,,,,False,False,False,0,INVALID_BELIEF
detour,4,7,7,9,5,2,-2,4,RIGHT,RIGHT,True,False,12,12,0,0.0,False,False,True,0,ADEQUATE
detour,4,7,7,9,9,2,2,4,RIGHT,NONE,False,True,12,,,,False,False,False,0,INVALID_BELIEF
detour,4,7,7,10,6,3,-1,4,RIGHT,NONE,False,True,12,,,,False,False,False,0,INVALID_BELIEF
detour,4,7,7,10,8,3,1,4,RIGHT,NONE,False,True,12,,,,False,False,False,0,INVALID_BELIEF
detour,4,7,7,11,7,4,0,4,RIGHT,RIGHT,True,False,12,12,0,0.0,False,False,True,0,ADEQUATE
detour,4,8,7,4,7,-4,0,4,RIGHT,RIGHT,True,False,11,11,0,0.0,False,False,True,0,ADEQUATE
detour,4,8,7,5,6,-3,-1,4,RIGHT,DOWN,True,True,11,12,1,0.09090909090909091,True,False,False,0,COLLISION
detour,4,8,7,5,8,-3,1,4,RIGHT,NONE,False,True,11,,,,False,False,False,0,INVALID_BELIEF
detour,4,8,7,6,5,-2,-2,4,RIGHT,NONE,False,True,11,,,,False,False,False,0,INVALID_BELIEF
detour,4,8,7,6,9,-2,2,4,RIGHT,NONE,False,True,11,,,,False,False,False,0,INVALID_BELIEF
detour,4,8,7,7,4,-1,-3,4,RIGHT,DOWN,True,True,11,12,1,0.09090909090909091,True,False,False,0,COLLISION
detour,4,8,7,7,10,-1,3,4,RIGHT,NONE,False,True,11,,,,False,False,False,0,INVALID_BELIEF
detour,4,8,7,8,3,0,-4,4,RIGHT,NONE,False,True,11,,,,False,False,False,0,INVALID_BELIEF
detour,4,8,7,8,11,0,4,4,RIGHT,NONE,False,True,11,,,,False,False,False,0,INVALID_BELIEF
detour,4,8,7,9,4,1,-3,4,RIGHT,NONE,False,True,11,,,,False,False,False,0,INVALID_BELIEF
detour,4,8,7,9,10,1,3,4,RIGHT,NONE,False,True,11,,,,False,False,False,0,INVALID_BELIEF
detour,4,8,7,10,5,2,-2,4,RIGHT,RIGHT,True,False,11,11,0,0.0,False,False,True,0,ADEQUATE
detour,4,8,7,10,9,2,2,4,RIGHT,NONE,False,True,11,,,,False,False,False,0,INVALID_BELIEF
detour,4,8,7,11,6,3,-1,4,RIGHT,DOWN,True,True,11,12,1,0.09090909090909091,True,False,False,0,COLLISION
detour,4,8,7,11,8,3,1,4,RIGHT,NONE,False,True,11,,,,False,False,False,0,INVALID_BELIEF
detour,4,8,7,12,7,4,0,4,RIGHT,RIGHT,True,False,11,11,0,0.0,False,False,True,0,ADEQUATE
detour,4,9,7,5,7,-4,0,4,RIGHT,RIGHT,True,False,10,10,0,0.0,False,False,True,0,ADEQUATE
detour,4,9,7,6,6,-3,-1,4,RIGHT,NONE,False,True,10,,,,False,False,False,0,INVALID_BELIEF
detour,4,9,7,6,8,-3,1,4,RIGHT,NONE,False,True,10,,,,False,False,False,0,INVALID_BELIEF
detour,4,9,7,7,5,-2,-2,4,RIGHT,RIGHT,True,False,10,10,0,0.0,False,False,True,0,ADEQUATE
detour,4,9,7,7,9,-2,2,4,RIGHT,NONE,False,True,10,,,,False,False,False,0,INVALID_BELIEF
detour,4,9,7,8,4,-1,-3,4,RIGHT,NONE,False,True,10,,,,False,False,False,0,INVALID_BELIEF
detour,4,9,7,8,10,-1,3,4,RIGHT,NONE,False,True,10,,,,False,False,False,0,INVALID_BELIEF
detour,4,9,7,9,3,0,-4,4,RIGHT,UP,True,True,10,11,1,0.1,True,False,False,0,COLLISION
detour,4,9,7,9,11,0,4,4,RIGHT,NONE,False,True,10,,,,False,False,False,0,INVALID_BELIEF
detour,4,9,7,10,4,1,-3,4,RIGHT,NONE,False,True,10,,,,False,False,False,0,INVALID_BELIEF
detour,4,9,7,10,10,1,3,4,RIGHT,NONE,False,True,10,,,,False,False,False,0,INVALID_BELIEF
detour,4,9,7,11,5,2,-2,4,RIGHT,UP,True,True,10,11,1,0.1,True,False,False,0,COLLISION
detour,4,9,7,11,9,2,2,4,RIGHT,NONE,False,True,10,,,,False,False,False,0,INVALID_BELIEF
detour,4,9,7,12,6,3,-1,4,RIGHT,NONE,False,True,10,,,,False,False,False,0,INVALID_BELIEF
detour,4,9,7,12,8,3,1,4,RIGHT,NONE,False,True,10,,,,False,False,False,0,INVALID_BELIEF
detour,4,9,7,13,7,4,0,4,RIGHT,UP,True,True,10,11,1,0.1,True,False,False,0,COLLISION
detour,4,10,7,6,7,-4,0,4,RIGHT,RIGHT,True,False,9,9,0,0.0,False,False,True,0,ADEQUATE
detour,4,10,7,7,6,-3,-1,4,RIGHT,NONE,False,True,9,,,,False,False,False,0,INVALID_BELIEF
detour,4,10,7,7,8,-3,1,4,RIGHT,NONE,False,True,9,,,,False,False,False,0,INVALID_BELIEF
detour,4,10,7,8,5,-2,-2,4,RIGHT,RIGHT,True,False,9,9,0,0.0,False,False,True,0,ADEQUATE
detour,4,10,7,8,9,-2,2,4,RIGHT,NONE,False,True,9,,,,False,False,False,0,INVALID_BELIEF
detour,4,10,7,9,4,-1,-3,4,RIGHT,NONE,False,True,9,,,,False,False,False,0,INVALID_BELIEF
detour,4,10,7,9,10,-1,3,4,RIGHT,NONE,False,True,9,,,,False,False,False,0,INVALID_BELIEF
detour,4,10,7,10,3,0,-4,4,RIGHT,LEFT,True,True,9,11,2,0.2222222222222222,False,False,False,0,INADEQUATE
detour,4,10,7,10,11,0,4,4,RIGHT,NONE,False,True,9,,,,False,False,False,0,INVALID_BELIEF
detour,4,10,7,11,4,1,-3,4,RIGHT,UP,True,True,9,10,1,0.1111111111111111,True,False,False,0,COLLISION
detour,4,10,7,11,10,1,3,4,RIGHT,NONE,False,True,9,,,,False,False,False,0,INVALID_BELIEF
detour,4,10,7,12,5,2,-2,4,RIGHT,NONE,False,True,9,,,,False,False,False,0,INVALID_BELIEF
detour,4,10,7,12,9,2,2,4,RIGHT,NONE,False,True,9,,,,False,False,False,0,INVALID_BELIEF
detour,4,10,7,13,6,3,-1,4,RIGHT,UP,True,True,9,10,1,0.1111111111111111,True,False,False,0,COLLISION
detour,4,10,7,13,8,3,1,4,RIGHT,NONE,False,True,9,,,,False,False,False,0,INVALID_BELIEF
detour,4,10,7,14,7,4,0,4,RIGHT,NONE,False,True,9,,,,False,False,False,0,INVALID_BELIEF
detour,4,11,7,7,7,-4,0,4,RIGHT,RIGHT,True,False,8,8,0,0.0,False,False,True,0,ADEQUATE
detour,4,11,7,8,6,-3,-1,4,RIGHT,NONE,False,True,8,,,,False,False,False,0,INVALID_BELIEF
detour,4,11,7,8,8,-3,1,4,RIGHT,NONE,False,True,8,,,,False,False,False,0,INVALID_BELIEF
detour,4,11,7,9,5,-2,-2,4,RIGHT,RIGHT,True,False,8,8,0,0.0,False,False,True,0,ADEQUATE
detour,4,11,7,9,9,-2,2,4,RIGHT,NONE,False,True,8,,,,False,False,False,0,INVALID_BELIEF
detour,4,11,7,10,4,-1,-3,4,RIGHT,NONE,False,True,8,,,,False,False,False,0,INVALID_BELIEF
detour,4,11,7,10,10,-1,3,4,RIGHT,NONE,False,True,8,,,,False,False,False,0,INVALID_BELIEF
detour,4,11,7,11,3,0,-4,4,RIGHT,LEFT,True,True,8,10,2,0.25,False,False,False,0,INADEQUATE
detour,4,11,7,11,11,0,4,4,RIGHT,NONE,False,True,8,,,,False,False,False,0,INVALID_BELIEF
detour,4,11,7,12,4,1,-3,4,RIGHT,NONE,False,True,8,,,,False,False,False,0,INVALID_BELIEF
detour,4,11,7,12,10,1,3,4,RIGHT,NONE,False,True,8,,,,False,False,False,0,INVALID_BELIEF
detour,4,11,7,13,5,2,-2,4,RIGHT,UP,True,True,8,10,2,0.25,False,False,False,0,INADEQUATE
detour,4,11,7,13,9,2,2,4,RIGHT,NONE,False,True,8,,,,False,False,False,0,INVALID_BELIEF
detour,4,11,7,14,6,3,-1,4,RIGHT,NONE,False,True,8,,,,False,False,False,0,INVALID_BELIEF
detour,4,11,7,14,8,3,1,4,RIGHT,NONE,False,True,8,,,,False,False,False,0,INVALID_BELIEF
detour,4,11,7,15,7,4,0,4,RIGHT,NONE,False,True,8,,,,False,False,False,0,INVALID_BELIEF
detour,4,12,7,8,7,-4,0,4,RIGHT,RIGHT,True,False,7,7,0,0.0,False,False,True,0,ADEQUATE
detour,4,12,7,9,6,-3,-1,4,RIGHT,NONE,False,True,7,,,,False,False,False,0,INVALID_BELIEF
detour,4,12,7,9,8,-3,1,4,RIGHT,NONE,False,True,7,,,,False,False,False,0,INVALID_BELIEF
detour,4,12,7,10,5,-2,-2,4,RIGHT,RIGHT,True,False,7,7,0,0.0,False,False,True,0,ADEQUATE
detour,4,12,7,10,9,-2,2,4,RIGHT,NONE,False,True,7,,,,False,False,False,0,INVALID_BELIEF
detour,4,12,7,11,4,-1,-3,4,RIGHT,UP,True,True,7,8,1,0.14285714285714285,True,False,False,0,COLLISION
detour,4,12,7,11,10,-1,3,4,RIGHT,NONE,False,True,7,,,,False,False,False,0,INVALID_BELIEF
detour,4,12,7,12,3,0,-4,4,RIGHT,NONE,False,True,7,,,,False,False,False,0,INVALID_BELIEF
detour,4,12,7,12,11,0,4,4,RIGHT,NONE,False,True,7,,,,False,False,False,0,INVALID_BELIEF
detour,4,12,7,13,4,1,-3,4,RIGHT,UP,True,True,7,8,1,0.14285714285714285,True,False,False,0,COLLISION
detour,4,12,7,13,10,1,3,4,RIGHT,NONE,False,True,7,,,,False,False,False,0,INVALID_BELIEF
detour,4,12,7,14,5,2,-2,4,RIGHT,NONE,False,True,7,,,,False,False,False,0,INVALID_BELIEF
detour,4,12,7,14,9,2,2,4,RIGHT,NONE,False,True,7,,,,False,False,False,0,INVALID_BELIEF
detour,4,12,7,15,6,3,-1,4,RIGHT,NONE,False,True,7,,,,False,False,False,0,INVALID_BELIEF
detour,4,12,7,15,8,3,1,4,RIGHT,NONE,False,True,7,,,,False,False,False,0,INVALID_BELIEF
detour,4,12,7,16,7,4,0,4,RIGHT,NONE,False,True,7,,,,False,False,False,0,INVALID_BELIEF
detour,4,13,7,9,7,-4,0,4,UP,RIGHT,True,True,6,7,1,0.16666666666666666,True,False,False,0,COLLISION
detour,4,13,7,10,6,-3,-1,4,UP,NONE,False,True,6,,,,False,False,False,0,INVALID_BELIEF
detour,4,13,7,10,8,-3,1,4,UP,NONE,False,True,6,,,,False,False,False,0,INVALID_BELIEF
detour,4,13,7,11,5,-2,-2,4,UP,UP,True,False,6,6,0,0.0,False,False,True,0,ADEQUATE
detour,4,13,7,11,9,-2,2,4,UP,NONE,False,True,6,,,,False,False,False,0,INVALID_BELIEF
detour,4,13,7,12,4,-1,-3,4,UP,NONE,False,True,6,,,,False,False,False,0,INVALID_BELIEF
detour,4,13,7,12,10,-1,3,4,UP,NONE,False,True,6,,,,False,False,False,0,INVALID_BELIEF
detour,4,13,7,13,3,0,-4,4,UP,UP,True,False,6,6,0,0.0,False,False,True,0,ADEQUATE
detour,4,13,7,13,11,0,4,4,UP,NONE,False,True,6,,,,False,False,False,0,INVALID_BELIEF
detour,4,13,7,14,4,1,-3,4,UP,NONE,False,True,6,,,,False,False,False,0,INVALID_BELIEF
detour,4,13,7,14,10,1,3,4,UP,NONE,False,True,6,,,,False,False,False,0,INVALID_BELIEF
detour,4,13,7,15,5,2,-2,4,UP,NONE,False,True,6,,,,False,False,False,0,INVALID_BELIEF
detour,4,13,7,15,9,2,2,4,UP,NONE,False,True,6,,,,False,False,False,0,INVALID_BELIEF
detour,4,13,7,16,6,3,-1,4,UP,NONE,False,True,6,,,,False,False,False,0,INVALID_BELIEF
detour,4,13,7,16,8,3,1,4,UP,NONE,False,True,6,,,,False,False,False,0,INVALID_BELIEF
detour,4,13,7,17,7,4,0,4,UP,NONE,False,True,6,,,,False,False,False,0,INVALID_BELIEF
dead_end,0,1,1,1,1,0,0,0,RIGHT,RIGHT,True,False,12,12,0,0.0,False,False,True,0,ADEQUATE
dead_end,0,2,1,2,1,0,0,0,RIGHT,RIGHT,True,False,11,11,0,0.0,False,False,True,0,ADEQUATE
dead_end,0,3,1,3,1,0,0,0,RIGHT,RIGHT,True,False,10,10,0,0.0,False,False,True,0,ADEQUATE
dead_end,0,4,1,4,1,0,0,0,RIGHT,RIGHT,True,False,9,9,0,0.0,False,False,True,0,ADEQUATE
dead_end,0,5,1,5,1,0,0,0,RIGHT,RIGHT,True,False,8,8,0,0.0,False,False,True,0,ADEQUATE
dead_end,0,6,1,6,1,0,0,0,RIGHT,RIGHT,True,False,7,7,0,0.0,False,False,True,0,ADEQUATE
dead_end,0,7,1,7,1,0,0,0,RIGHT,RIGHT,True,False,6,6,0,0.0,False,False,True,0,ADEQUATE
dead_end,0,8,1,8,1,0,0,0,RIGHT,RIGHT,True,False,5,5,0,0.0,False,False,True,0,ADEQUATE
dead_end,0,9,1,9,1,0,0,0,RIGHT,RIGHT,True,False,4,4,0,0.0,False,False,True,0,ADEQUATE
dead_end,0,10,1,10,1,0,0,0,RIGHT,RIGHT,True,False,3,3,0,0.0,False,False,True,0,ADEQUATE
dead_end,0,11,1,11,1,0,0,0,RIGHT,RIGHT,True,False,2,2,0,0.0,False,False,True,0,ADEQUATE
dead_end,0,12,1,12,1,0,0,0,RIGHT,RIGHT,True,False,1,1,0,0.0,False,False,True,0,ADEQUATE
dead_end,0,1,2,1,2,0,0,0,UP,UP,True,False,13,13,0,0.0,False,False,True,0,ADEQUATE
dead_end,0,7,2,7,2,0,0,0,UP,UP,True,False,7,7,0,0.0,False,False,True,0,ADEQUATE
dead_end,0,13,2,13,2,0,0,0,UP,UP,True,False,1,1,0,0.0,False,False,True,0,ADEQUATE
dead_end,0,1,3,1,3,0,0,0,UP,UP,True,False,14,14,0,0.0,False,False,True,0,ADEQUATE
dead_end,0,2,3,2,3,0,0,0,LEFT,LEFT,True,False,15,15,0,0.0,False,False,True,0,ADEQUATE
dead_end,0,3,3,3,3,0,0,0,LEFT,LEFT,True,False,16,16,0,0.0,False,False,True,0,ADEQUATE
dead_end,0,4,3,4,3,0,0,0,LEFT,LEFT,True,False,17,17,0,0.0,False,False,True,0,ADEQUATE
dead_end,0,5,3,5,3,0,0,0,LEFT,LEFT,True,False,18,18,0,0.0,False,False,True,0,ADEQUATE
dead_end,0,7,3,7,3,0,0,0,UP,UP,True,False,8,8,0,0.0,False,False,True,0,ADEQUATE
dead_end,0,9,3,9,3,0,0,0,RIGHT,RIGHT,True,False,6,6,0,0.0,False,False,True,0,ADEQUATE
dead_end,0,10,3,10,3,0,0,0,RIGHT,RIGHT,True,False,5,5,0,0.0,False,False,True,0,ADEQUATE
dead_end,0,11,3,11,3,0,0,0,RIGHT,RIGHT,True,False,4,4,0,0.0,False,False,True,0,ADEQUATE
dead_end,0,12,3,12,3,0,0,0,RIGHT,RIGHT,True,False,3,3,0,0.0,False,False,True,0,ADEQUATE
dead_end,0,13,3,13,3,0,0,0,UP,UP,True,False,2,2,0,0.0,False,False,True,0,ADEQUATE
dead_end,0,1,4,1,4,0,0,0,UP,UP,True,False,15,15,0,0.0,False,False,True,0,ADEQUATE
dead_end,0,5,4,5,4,0,0,0,UP,UP,True,False,19,19,0,0.0,False,False,True,0,ADEQUATE
dead_end,0,7,4,7,4,0,0,0,UP,UP,True,False,9,9,0,0.0,False,False,True,0,ADEQUATE
dead_end,0,9,4,9,4,0,0,0,UP,UP,True,False,7,7,0,0.0,False,False,True,0,ADEQUATE
dead_end,0,13,4,13,4,0,0,0,UP,UP,True,False,3,3,0,0.0,False,False,True,0,ADEQUATE
dead_end,0,1,5,1,5,0,0,0,UP,UP,True,False,16,16,0,0.0,False,False,True,0,ADEQUATE
dead_end,0,3,5,3,5,0,0,0,DOWN,DOWN,True,False,18,18,0,0.0,False,False,True,0,ADEQUATE
dead_end,0,4,5,4,5,0,0,0,LEFT,LEFT,True,False,19,19,0,0.0,False,False,True,0,ADEQUATE
dead_end,0,5,5,5,5,0,0,0,UP,UP,True,False,20,20,0,0.0,False,False,True,0,ADEQUATE
dead_end,0,7,5,7,5,0,0,0,UP,UP,True,False,10,10,0,0.0,False,False,True,0,ADEQUATE
dead_end,0,9,5,9,5,0,0,0,UP,UP,True,False,8,8,0,0.0,False,False,True,0,ADEQUATE
dead_end,0,10,5,10,5,0,0,0,LEFT,LEFT,True,False,9,9,0,0.0,False,False,True,0,ADEQUATE
dead_end,0,11,5,11,5,0,0,0,LEFT,LEFT,True,False,10,10,0,0.0,False,False,True,0,ADEQUATE
dead_end,0,13,5,13,5,0,0,0,UP,UP,True,False,4,4,0,0.0,False,False,True,0,ADEQUATE
dead_end,0,1,6,1,6,0,0,0,UP,UP,True,False,17,17,0,0.0,False,False,True,0,ADEQUATE
dead_end,0,3,6,3,6,0,0,0,DOWN,DOWN,True,False,17,17,0,0.0,False,False,True,0,ADEQUATE
dead_end,0,7,6,7,6,0,0,0,UP,UP,True,False,11,11,0,0.0,False,False,True,0,ADEQUATE
dead_end,0,11,6,11,6,0,0,0,DOWN,DOWN,True,False,9,9,0,0.0,False,False,True,0,ADEQUATE
dead_end,0,13,6,13,6,0,0,0,UP,UP,True,False,5,5,0,0.0,False,False,True,0,ADEQUATE
dead_end,0,1,7,1,7,0,0,0,UP,UP,True,False,18,18,0,0.0,False,False,True,0,ADEQUATE
dead_end,0,2,7,2,7,0,0,0,RIGHT,RIGHT,True,False,17,17,0,0.0,False,False,True,0,ADEQUATE
dead_end,0,3,7,3,7,0,0,0,RIGHT,RIGHT,True,False,16,16,0,0.0,False,False,True,0,ADEQUATE
dead_end,0,4,7,4,7,0,0,0,RIGHT,RIGHT,True,False,15,15,0,0.0,False,False,True,0,ADEQUATE
dead_end,0,5,7,5,7,0,0,0,RIGHT,RIGHT,True,False,14,14,0,0.0,False,False,True,0,ADEQUATE
dead_end,0,6,7,6,7,0,0,0,RIGHT,RIGHT,True,False,13,13,0,0.0,False,False,True,0,ADEQUATE
dead_end,0,7,7,7,7,0,0,0,UP,UP,True,False,12,12,0,0.0,False,False,True,0,ADEQUATE
dead_end,0,8,7,8,7,0,0,0,RIGHT,RIGHT,True,False,11,11,0,0.0,False,False,True,0,ADEQUATE
dead_end,0,9,7,9,7,0,0,0,RIGHT,RIGHT,True,False,10,10,0,0.0,False,False,True,0,ADEQUATE
dead_end,0,10,7,10,7,0,0,0,RIGHT,RIGHT,True,False,9,9,0,0.0,False,False,True,0,ADEQUATE
dead_end,0,11,7,11,7,0,0,0,RIGHT,RIGHT,True,False,8,8,0,0.0,False,False,True,0,ADEQUATE
dead_end,0,12,7,12,7,0,0,0,RIGHT,RIGHT,True,False,7,7,0,0.0,False,False,True,0,ADEQUATE
dead_end,0,13,7,13,7,0,0,0,UP,UP,True,False,6,6,0,0.0,False,False,True,0,ADEQUATE
dead_end,1,1,1,0,1,-1,0,1,RIGHT,NONE,False,True,12,,,,False,False,False,0,INVALID_BELIEF
dead_end,1,1,1,1,0,0,-1,1,RIGHT,NONE,False,True,12,,,,False,False,False,0,INVALID_BELIEF
dead_end,1,1,1,1,2,0,1,1,RIGHT,UP,True,True,12,13,1,0.08333333333333333,True,False,False,0,COLLISION
dead_end,1,1,1,2,1,1,0,1,RIGHT,RIGHT,True,False,12,12,0,0.0,False,False,True,0,ADEQUATE
dead_end,1,2,1,1,1,-1,0,1,RIGHT,RIGHT,True,False,11,11,0,0.0,False,False,True,0,ADEQUATE
dead_end,1,2,1,2,0,0,-1,1,RIGHT,NONE,False,True,11,,,,False,False,False,0,INVALID_BELIEF
dead_end,1,2,1,2,2,0,1,1,RIGHT,NONE,False,True,11,,,,False,False,False,0,INVALID_BELIEF
dead_end,1,2,1,3,1,1,0,1,RIGHT,RIGHT,True,False,11,11,0,0.0,False,False,True,0,ADEQUATE
dead_end,1,3,1,2,1,-1,0,1,RIGHT,RIGHT,True,False,10,10,0,0.0,False,False,True,0,ADEQUATE
dead_end,1,3,1,3,0,0,-1,1,RIGHT,NONE,False,True,10,,,,False,False,False,0,INVALID_BELIEF
dead_end,1,3,1,3,2,0,1,1,RIGHT,NONE,False,True,10,,,,False,False,False,0,INVALID_BELIEF
dead_end,1,3,1,4,1,1,0,1,RIGHT,RIGHT,True,False,10,10,0,0.0,False,False,True,0,ADEQUATE
dead_end,1,4,1,3,1,-1,0,1,RIGHT,RIGHT,True,False,9,9,0,0.0,False,False,True,0,ADEQUATE
dead_end,1,4,1,4,0,0,-1,1,RIGHT,NONE,False,True,9,,,,False,False,False,0,INVALID_BELIEF
dead_end,1,4,1,4,2,0,1,1,RIGHT,NONE,False,True,9,,,,False,False,False,0,INVALID_BELIEF
dead_end,1,4,1,5,1,1,0,1,RIGHT,RIGHT,True,False,9,9,0,0.0,False,False,True,0,ADEQUATE
dead_end,1,5,1,4,1,-1,0,1,RIGHT,RIGHT,True,False,8,8,0,0.0,False,False,True,0,ADEQUATE
dead_end,1,5,1,5,0,0,-1,1,RIGHT,NONE,False,True,8,,,,False,False,False,0,INVALID_BELIEF
dead_end,1,5,1,5,2,0,1,1,RIGHT,NONE,False,True,8,,,,False,False,False,0,INVALID_BELIEF
dead_end,1,5,1,6,1,1,0,1,RIGHT,RIGHT,True,False,8,8,0,0.0,False,False,True,0,ADEQUATE
dead_end,1,6,1,5,1,-1,0,1,RIGHT,RIGHT,True,False,7,7,0,0.0,False,False,True,0,ADEQUATE
dead_end,1,6,1,6,0,0,-1,1,RIGHT,NONE,False,True,7,,,,False,False,False,0,INVALID_BELIEF
dead_end,1,6,1,6,2,0,1,1,RIGHT,NONE,False,True,7,,,,False,False,False,0,INVALID_BELIEF
dead_end,1,6,1,7,1,1,0,1,RIGHT,RIGHT,True,False,7,7,0,0.0,False,False,True,0,ADEQUATE
dead_end,1,7,1,6,1,-1,0,1,RIGHT,RIGHT,True,False,6,6,0,0.0,False,False,True,0,ADEQUATE
dead_end,1,7,1,7,0,0,-1,1,RIGHT,NONE,False,True,6,,,,False,False,False,0,INVALID_BELIEF
dead_end,1,7,1,7,2,0,1,1,RIGHT,UP,True,True,6,7,1,0.16666666666666666,True,False,False,0,COLLISION
dead_end,1,7,1,8,1,1,0,1,RIGHT,RIGHT,True,False,6,6,0,0.0,False,False,True,0,ADEQUATE
dead_end,1,8,1,7,1,-1,0,1,RIGHT,RIGHT,True,False,5,5,0,0.0,False,False,True,0,ADEQUATE
dead_end,1,8,1,8,0,0,-1,1,RIGHT,NONE,False,True,5,,,,False,False,False,0,INVALID_BELIEF
dead_end,1,8,1,8,2,0,1,1,RIGHT,NONE,False,True,5,,,,False,False,False,0,INVALID_BELIEF
dead_end,1,8,1,9,1,1,0,1,RIGHT,RIGHT,True,False,5,5,0,0.0,False,False,True,0,ADEQUATE
dead_end,1,9,1,8,1,-1,0,1,RIGHT,RIGHT,True,False,4,4,0,0.0,False,False,True,0,ADEQUATE
dead_end,1,9,1,9,0,0,-1,1,RIGHT,NONE,False,True,4,,,,False,False,False,0,INVALID_BELIEF
dead_end,1,9,1,9,2,0,1,1,RIGHT,NONE,False,True,4,,,,False,False,False,0,INVALID_BELIEF
dead_end,1,9,1,10,1,1,0,1,RIGHT,RIGHT,True,False,4,4,0,0.0,False,False,True,0,ADEQUATE
dead_end,1,10,1,9,1,-1,0,1,RIGHT,RIGHT,True,False,3,3,0,0.0,False,False,True,0,ADEQUATE
dead_end,1,10,1,10,0,0,-1,1,RIGHT,NONE,False,True,3,,,,False,False,False,0,INVALID_BELIEF
dead_end,1,10,1,10,2,0,1,1,RIGHT,NONE,False,True,3,,,,False,False,False,0,INVALID_BELIEF
dead_end,1,10,1,11,1,1,0,1,RIGHT,RIGHT,True,False,3,3,0,0.0,False,False,True,0,ADEQUATE
dead_end,1,11,1,10,1,-1,0,1,RIGHT,RIGHT,True,False,2,2,0,0.0,False,False,True,0,ADEQUATE
dead_end,1,11,1,11,0,0,-1,1,RIGHT,NONE,False,True,2,,,,False,False,False,0,INVALID_BELIEF
dead_end,1,11,1,11,2,0,1,1,RIGHT,NONE,False,True,2,,,,False,False,False,0,INVALID_BELIEF
dead_end,1,11,1,12,1,1,0,1,RIGHT,RIGHT,True,False,2,2,0,0.0,False,False,True,0,ADEQUATE
dead_end,1,12,1,11,1,-1,0,1,RIGHT,RIGHT,True,False,1,1,0,0.0,False,False,True,0,ADEQUATE
dead_end,1,12,1,12,0,0,-1,1,RIGHT,NONE,False,True,1,,,,False,False,False,0,INVALID_BELIEF
dead_end,1,12,1,12,2,0,1,1,RIGHT,NONE,False,True,1,,,,False,False,False,0,INVALID_BELIEF
dead_end,1,12,1,13,1,1,0,1,RIGHT,NONE,True,True,1,,,,False,True,False,0,FALSE_TERMINAL
dead_end,1,1,2,0,2,-1,0,1,UP,NONE,False,True,13,,,,False,False,False,0,INVALID_BELIEF
dead_end,1,1,2,1,1,0,-1,1,UP,RIGHT,True,True,13,14,1,0.07692307692307693,True,False,False,0,COLLISION
dead_end,1,1,2,1,3,0,1,1,UP,UP,True,False,13,13,0,0.0,False,False,True,0,ADEQUATE
dead_end,1,1,2,2,2,1,0,1,UP,NONE,False,True,13,,,,False,False,False,0,INVALID_BELIEF
dead_end,1,7,2,6,2,-1,0,1,UP,NONE,False,True,7,,,,False,False,False,0,INVALID_BELIEF
dead_end,1,7,2,7,1,0,-1,1,UP,RIGHT,True,True,7,8,1,0.14285714285714285,True,False,False,0,COLLISION
dead_end,1,7,2,7,3,0,1,1,UP,UP,True,False,7,7,0,0.0,False,False,True,0,ADEQUATE
dead_end,1,7,2,8,2,1,0,1,UP,NONE,False,True,7,,,,False,False,False,0,INVALID_BELIEF
dead_end,1,13,2,12,2,-1,0,1,UP,NONE,False,True,1,,,,False,False,False,0,INVALID_BELIEF
dead_end,1,13,2,13,1,0,-1,1,UP,NONE,True,True,1,,,,False,True,False,0,FALSE_TERMINAL
dead_end,1,13,2,13,3,0,1,1,UP,UP,True,False,1,1,0,0.0,False,False,True,0,ADEQUATE
dead_end,1,13,2,14,2,1,0,1,UP,NONE,False,True,1,,,,False,False,False,0,INVALID_BELIEF
dead_end,1,1,3,0,3,-1,0,1,UP,NONE,False,True,14,,,,False,False,False,0,INVALID_BELIEF
dead_end,1,1,3,1,2,0,-1,1,UP,UP,True,False,14,14,0,0.0,False,False,True,0,ADEQUATE
dead_end,1,1,3,1,4,0,1,1,UP,UP,True,False,14,14,0,0.0,False,False,True,0,ADEQUATE
dead_end,1,1,3,2,3,1,0,1,UP,LEFT,True,True,14,15,1,0.07142857142857142,True,False,False,0,COLLISION
dead_end,1,2,3,1,3,-1,0,1,LEFT,UP,True,True,15,16,1,0.06666666666666667,True,False,False,0,COLLISION
dead_end,1,2,3,2,2,0,-1,1,LEFT,NONE,False,True,15,,,,False,False,False,0,INVALID_BELIEF
dead_end,1,2,3,2,4,0,1,1,LEFT,NONE,False,True,15,,,,False,False,False,0,INVALID_BELIEF
dead_end,1,2,3,3,3,1,0,1,LEFT,LEFT,True,False,15,15,0,0.0,False,False,True,0,ADEQUATE
dead_end,1,3,3,2,3,-1,0,1,LEFT,LEFT,True,False,16,16,0,0.0,False,False,True,0,ADEQUATE
dead_end,1,3,3,3,2,0,-1,1,LEFT,NONE,False,True,16,,,,False,False,False,0,INVALID_BELIEF
dead_end,1,3,3,3,4,0,1,1,LEFT,NONE,False,True,16,,,,False,False,False,0,INVALID_BELIEF
dead_end,1,3,3,4,3,1,0,1,LEFT,LEFT,True,False,16,16,0,0.0,False,False,True,0,ADEQUATE
dead_end,1,4,3,3,3,-1,0,1,LEFT,LEFT,True,False,17,17,0,0.0,False,False,True,0,ADEQUATE
dead_end,1,4,3,4,2,0,-1,1,LEFT,NONE,False,True,17,,,,False,False,False,0,INVALID_BELIEF
dead_end,1,4,3,4,4,0,1,1,LEFT,NONE,False,True,17,,,,False,False,False,0,INVALID_BELIEF
dead_end,1,4,3,5,3,1,0,1,LEFT,LEFT,True,False,17,17,0,0.0,False,False,True,0,ADEQUATE
dead_end,1,5,3,4,3,-1,0,1,LEFT,LEFT,True,False,18,18,0,0.0,False,False,True,0,ADEQUATE
dead_end,1,5,3,5,2,0,-1,1,LEFT,NONE,False,True,18,,,,False,False,False,0,INVALID_BELIEF
dead_end,1,5,3,5,4,0,1,1,LEFT,UP,True,True,18,19,1,0.05555555555555555,True,False,False,0,COLLISION
dead_end,1,5,3,6,3,1,0,1,LEFT,NONE,False,True,18,,,,False,False,False,0,INVALID_BELIEF
dead_end,1,7,3,6,3,-1,0,1,UP,NONE,False,True,8,,,,False,False,False,0,INVALID_BELIEF
dead_end,1,7,3,7,2,0,-1,1,UP,UP,True,False,8,8,0,0.0,False,False,True,0,ADEQUATE
dead_end,1,7,3,7,4,0,1,1,UP,UP,True,False,8,8,0,0.0,False,False,True,0,ADEQUATE
dead_end,1,7,3,8,3,1,0,1,UP,NONE,False,True,8,,,,False,False,False,0,INVALID_BELIEF
dead_end,1,9,3,8,3,-1,0,1,RIGHT,NONE,False,True,6,,,,False,False,False,0,INVALID_BELIEF
dead_end,1,9,3,9,2,0,-1,1,RIGHT,NONE,False,True,6,,,,False,False,False,0,INVALID_BELIEF
dead_end,1,9,3,9,4,0,1,1,RIGHT,UP,True,True,6,7,1,0.16666666666666666,True,False,False,0,COLLISION
dead_end,1,9,3,10,3,1,0,1,RIGHT,RIGHT,True,False,6,6,0,0.0,False,False,True,0,ADEQUATE
dead_end,1,10,3,9,3,-1,0,1,RIGHT,RIGHT,True,False,5,5,0,0.0,False,False,True,0,ADEQUATE
dead_end,1,10,3,10,2,0,-1,1,RIGHT,NONE,False,True,5,,,,False,False,False,0,INVALID_BELIEF
dead_end,1,10,3,10,4,0,1,1,RIGHT,NONE,False,True,5,,,,False,False,False,0,INVALID_BELIEF
dead_end,1,10,3,11,3,1,0,1,RIGHT,RIGHT,True,False,5,5,0,0.0,False,False,True,0,ADEQUATE
dead_end,1,11,3,10,3,-1,0,1,RIGHT,RIGHT,True,False,4,4,0,0.0,False,False,True,0,ADEQUATE
dead_end,1,11,3,11,2,0,-1,1,RIGHT,NONE,False,True,4,,,,False,False,False,0,INVALID_BELIEF
dead_end,1,11,3,11,4,0,1,1,RIGHT,NONE,False,True,4,,,,False,False,False,0,INVALID_BELIEF
dead_end,1,11,3,12,3,1,0,1,RIGHT,RIGHT,True,False,4,4,0,0.0,False,False,True,0,ADEQUATE
dead_end,1,12,3,11,3,-1,0,1,RIGHT,RIGHT,True,False,3,3,0,0.0,False,False,True,0,ADEQUATE
dead_end,1,12,3,12,2,0,-1,1,RIGHT,NONE,False,True,3,,,,False,False,False,0,INVALID_BELIEF
dead_end,1,12,3,12,4,0,1,1,RIGHT,NONE,False,True,3,,,,False,False,False,0,INVALID_BELIEF
dead_end,1,12,3,13,3,1,0,1,RIGHT,UP,True,True,3,4,1,0.3333333333333333,True,False,False,0,COLLISION
dead_end,1,13,3,12,3,-1,0,1,UP,RIGHT,True,True,2,3,1,0.5,True,False,False,0,COLLISION
dead_end,1,13,3,13,2,0,-1,1,UP,UP,True,False,2,2,0,0.0,False,False,True,0,ADEQUATE
dead_end,1,13,3,13,4,0,1,1,UP,UP,True,False,2,2,0,0.0,False,False,True,0,ADEQUATE
dead_end,1,13,3,14,3,1,0,1,UP,NONE,False,True,2,,,,False,False,False,0,INVALID_BELIEF
dead_end,1,1,4,0,4,-1,0,1,UP,NONE,False,True,15,,,,False,False,False,0,INVALID_BELIEF
dead_end,1,1,4,1,3,0,-1,1,UP,UP,True,False,15,15,0,0.0,False,False,True,0,ADEQUATE
dead_end,1,1,4,1,5,0,1,1,UP,UP,True,False,15,15,0,0.0,False,False,True,0,ADEQUATE
dead_end,1,1,4,2,4,1,0,1,UP,NONE,False,True,15,,,,False,False,False,0,INVALID_BELIEF
dead_end,1,5,4,4,4,-1,0,1,UP,NONE,False,True,19,,,,False,False,False,0,INVALID_BELIEF
dead_end,1,5,4,5,3,0,-1,1,UP,LEFT,True,True,19,20,1,0.05263157894736842,True,False,False,0,COLLISION
dead_end,1,5,4,5,5,0,1,1,UP,UP,True,False,19,19,0,0.0,False,False,True,0,ADEQUATE
dead_end,1,5,4,6,4,1,0,1,UP,NONE,False,True,19,,,,False,False,False,0,INVALID_BELIEF
dead_end,1,7,4,6,4,-1,0,1,UP,NONE,False,True,9,,,,False,False,False,0,INVALID_BELIEF
dead_end,1,7,4,7,3,0,-1,1,UP,UP,True,False,9,9,0,0.0,False,False,True,0,ADEQUATE
dead_end,1,7,4,7,5,0,1,1,UP,UP,True,False,9,9,0,0.0,False,False,True,0,ADEQUATE
dead_end,1,7,4,8,4,1,0,1,UP,NONE,False,True,9,,,,False,False,False,0,INVALID_BELIEF
dead_end,1,9,4,8,4,-1,0,1,UP,NONE,False,True,7,,,,False,False,False,0,INVALID_BELIEF
dead_end,1,9,4,9,3,0,-1,1,UP,RIGHT,True,True,7,8,1,0.14285714285714285,True,False,False,0,COLLISION
dead_end,1,9,4,9,5,0,1,1,UP,UP,True,False,7,7,0,0.0,False,False,True,0,ADEQUATE
dead_end,1,9,4,10,4,1,0,1,UP,NONE,False,True,7,,,,False,False,False,0,INVALID_BELIEF
dead_end,1,13,4,12,4,-1,0,1,UP,NONE,False,True,3,,,,False,False,False,0,INVALID_BELIEF
dead_end,1,13,4,13,3,0,-1,1,UP,UP,True,False,3,3,0,0.0,False,False,True,0,ADEQUATE
dead_end,1,13,4,13,5,0,1,1,UP,UP,True,False,3,3,0,0.0,False,False,True,0,ADEQUATE
dead_end,1,13,4,14,4,1,0,1,UP,NONE,False,True,3,,,,False,False,False,0,INVALID_BELIEF
dead_end,1,1,5,0,5,-1,0,1,UP,NONE,False,True,16,,,,False,False,False,0,INVALID_BELIEF
dead_end,1,1,5,1,4,0,-1,1,UP,UP,True,False,16,16,0,0.0,False,False,True,0,ADEQUATE
dead_end,1,1,5,1,6,0,1,1,UP,UP,True,False,16,16,0,0.0,False,False,True,0,ADEQUATE
dead_end,1,1,5,2,5,1,0,1,UP,NONE,False,True,16,,,,False,False,False,0,INVALID_BELIEF
dead_end,1,3,5,2,5,-1,0,1,DOWN,NONE,False,True,18,,,,False,False,False,0,INVALID_BELIEF
dead_end,1,3,5,3,4,0,-1,1,DOWN,NONE,False,True,18,,,,False,False,False,0,INVALID_BELIEF
dead_end,1,3,5,3,6,0,1,1,DOWN,DOWN,True,False,18,18,0,0.0,False,False,True,0,ADEQUATE
dead_end,1,3,5,4,5,1,0,1,DOWN,LEFT,True,True,18,19,1,0.05555555555555555,True,False,False,0,COLLISION
dead_end,1,4,5,3,5,-1,0,1,LEFT,DOWN,True,True,19,20,1,0.05263157894736842,True,False,False,0,COLLISION
dead_end,1,4,5,4,4,0,-1,1,LEFT,NONE,False,True,19,,,,False,False,False,0,INVALID_BELIEF
dead_end,1,4,5,4,6,0,1,1,LEFT,NONE,False,True,19,,,,False,False,False,0,INVALID_BELIEF
dead_end,1,4,5,5,5,1,0,1,LEFT,UP,True,True,19,20,1,0.05263157894736842,True,False,False,0,COLLISION
dead_end,1,5,5,4,5,-1,0,1,UP,LEFT,True,True,20,20,0,0.0,False,False,True,0,ADEQUATE
dead_end,1,5,5,5,4,0,-1,1,UP,UP,True,False,20,20,0,0.0,False,False,True,0,ADEQUATE
dead_end,1,5,5,5,6,0,1,1,UP,NONE,False,True,20,,,,False,False,False,0,INVALID_BELIEF
dead_end,1,5,5,6,5,1,0,1,UP,NONE,False,True,20,,,,False,False,False,0,INVALID_BELIEF
dead_end,1,7,5,6,5,-1,0,1,UP,NONE,False,True,10,,,,False,False,False,0,INVALID_BELIEF
dead_end,1,7,5,7,4,0,-1,1,UP,UP,True,False,10,10,0,0.0,False,False,True,0,ADEQUATE
dead_end,1,7,5,7,6,0,1,1,UP,UP,True,False,10,10,0,0.0,False,False,True,0,ADEQUATE
dead_end,1,7,5,8,5,1,0,1,UP,NONE,False,True,10,,,,False,False,False,0,INVALID_BELIEF
dead_end,1,9,5,8,5,-1,0,1,UP,NONE,False,True,8,,,,False,False,False,0,INVALID_BELIEF
dead_end,1,9,5,9,4,0,-1,1,UP,UP,True,False,8,8,0,0.0,False,False,True,0,ADEQUATE
dead_end,1,9,5,9,6,0,1,1,UP,NONE,False,True,8,,,,False,False,False,0,INVALID_BELIEF
dead_end,1,9,5,10,5,1,0,1,UP,LEFT,True,True,8,9,1,0.125,True,False,False,0,COLLISION
dead_end,1,10,5,9,5,-1,0,1,LEFT,UP,True,True,9,10,1,0.1111111111111111,True,False,False,0,COLLISION
dead_end,1,10,5,10,4,0,-1,1,LEFT,NONE,False,True,9,,,,False,False,False,0,INVALID_BELIEF
dead_end,1,10,5,10,6,0,1,1,LEFT,NONE,False,True,9,,,,False,False,False,0,INVALID_BELIEF
dead_end,1,10,5,11,5,1,0,1,LEFT,LEFT,True,False,9,9,0,0.0,False,False,True,0,ADEQUATE
dead_end,1,11,5,10,5,-1,0,1,LEFT,LEFT,True,False,10,10,0,0.0,False,False,True,0,ADEQUATE
dead_end,1,11,5,11,4,0,-1,1,LEFT,NONE,False,True,10,,,,False,False,False,0,INVALID_BELIEF
dead_end,1,11,5,11,6,0,1,1,LEFT,DOWN,True,True,10,10,0,0.0,False,False,True,0,ADEQUATE
dead_end,1,11,5,12,5,1,0,1,LEFT,NONE,False,True,10,,,,False,False,False,0,INVALID_BELIEF
dead_end,1,13,5,12,5,-1,0,1,UP,NONE,False,True,4,,,,False,False,False,0,INVALID_BELIEF
dead_end,1,13,5,13,4,0,-1,1,UP,UP,True,False,4,4,0,0.0,False,False,True,0,ADEQUATE
dead_end,1,13,5,13,6,0,1,1,UP,UP,True,False,4,4,0,0.0,False,False,True,0,ADEQUATE
dead_end,1,13,5,14,5,1,0,1,UP,NONE,False,True,4,,,,False,False,False,0,INVALID_BELIEF
dead_end,1,1,6,0,6,-1,0,1,UP,NONE,False,True,17,,,,False,False,False,0,INVALID_BELIEF
dead_end,1,1,6,1,5,0,-1,1,UP,UP,True,False,17,17,0,0.0,False,False,True,0,ADEQUATE
dead_end,1,1,6,1,7,0,1,1,UP,UP,True,False,17,17,0,0.0,False,False,True,0,ADEQUATE
dead_end,1,1,6,2,6,1,0,1,UP,NONE,False,True,17,,,,False,False,False,0,INVALID_BELIEF
dead_end,1,3,6,2,6,-1,0,1,DOWN,NONE,False,True,17,,,,False,False,False,0,INVALID_BELIEF
dead_end,1,3,6,3,5,0,-1,1,DOWN,DOWN,True,False,17,17,0,0.0,False,False,True,0,ADEQUATE
dead_end,1,3,6,3,7,0,1,1,DOWN,RIGHT,True,True,17,18,1,0.058823529411764705,True,False,False,0,COLLISION
dead_end,1,3,6,4,6,1,0,1,DOWN,NONE,False,True,17,,,,False,False,False,0,INVALID_BELIEF
dead_end,1,7,6,6,6,-1,0,1,UP,NONE,False,True,11,,,,False,False,False,0,INVALID_BELIEF
dead_end,1,7,6,7,5,0,-1,1,UP,UP,True,False,11,11,0,0.0,False,False,True,0,ADEQUATE
dead_end,1,7,6,7,7,0,1,1,UP,UP,True,False,11,11,0,0.0,False,False,True,0,ADEQUATE
dead_end,1,7,6,8,6,1,0,1,UP,NONE,False,True,11,,,,False,False,False,0,INVALID_BELIEF
dead_end,1,11,6,10,6,-1,0,1,DOWN,NONE,False,True,9,,,,False,False,False,0,INVALID_BELIEF
dead_end,1,11,6,11,5,0,-1,1,DOWN,LEFT,True,True,9,10,1,0.1111111111111111,True,False,False,0,COLLISION
dead_end,1,11,6,11,7,0,1,1,DOWN,RIGHT,True,True,9,10,1,0.1111111111111111,True,False,False,0,COLLISION
dead_end,1,11,6,12,6,1,0,1,DOWN,NONE,False,True,9,,,,False,False,False,0,INVALID_BELIEF
dead_end,1,13,6,12,6,-1,0,1,UP,NONE,False,True,5,,,,False,False,False,0,INVALID_BELIEF
dead_end,1,13,6,13,5,0,-1,1,UP,UP,True,False,5,5,0,0.0,False,False,True,0,ADEQUATE
dead_end,1,13,6,13,7,0,1,1,UP,UP,True,False,5,5,0,0.0,False,False,True,0,ADEQUATE
dead_end,1,13,6,14,6,1,0,1,UP,NONE,False,True,5,,,,False,False,False,0,INVALID_BELIEF
dead_end,1,1,7,0,7,-1,0,1,UP,NONE,False,True,18,,,,False,False,False,0,INVALID_BELIEF
dead_end,1,1,7,1,6,0,-1,1,UP,UP,True,False,18,18,0,0.0,False,False,True,0,ADEQUATE
dead_end,1,1,7,1,8,0,1,1,UP,NONE,False,True,18,,,,False,False,False,0,INVALID_BELIEF
dead_end,1,1,7,2,7,1,0,1,UP,RIGHT,True,True,18,18,0,0.0,False,False,True,0,ADEQUATE
dead_end,1,2,7,1,7,-1,0,1,RIGHT,UP,True,True,17,18,1,0.058823529411764705,True,False,False,0,COLLISION
dead_end,1,2,7,2,6,0,-1,1,RIGHT,NONE,False,True,17,,,,False,False,False,0,INVALID_BELIEF
dead_end,1,2,7,2,8,0,1,1,RIGHT,NONE,False,True,17,,,,False,False,False,0,INVALID_BELIEF
dead_end,1,2,7,3,7,1,0,1,RIGHT,RIGHT,True,False,17,17,0,0.0,False,False,True,0,ADEQUATE
dead_end,1,3,7,2,7,-1,0,1,RIGHT,RIGHT,True,False,16,16,0,0.0,False,False,True,0,ADEQUATE
dead_end,1,3,7,3,6,0,-1,1,RIGHT,DOWN,True,True,16,17,1,0.0625,True,False,False,0,COLLISION
dead_end,1,3,7,3,8,0,1,1,RIGHT,NONE,False,True,16,,,,False,False,False,0,INVALID_BELIEF
dead_end,1,3,7,4,7,1,0,1,RIGHT,RIGHT,True,False,16,16,0,0.0,False,False,True,0,ADEQUATE
dead_end,1,4,7,3,7,-1,0,1,RIGHT,RIGHT,True,False,15,15,0,0.0,False,False,True,0,ADEQUATE
dead_end,1,4,7,4,6,0,-1,1,RIGHT,NONE,False,True,15,,,,False,False,False,0,INVALID_BELIEF
dead_end,1,4,7,4,8,0,1,1,RIGHT,NONE,False,True,15,,,,False,False,False,0,INVALID_BELIEF
dead_end,1,4,7,5,7,1,0,1,RIGHT,RIGHT,True,False,15,15,0,0.0,False,False,True,0,ADEQUATE
dead_end,1,5,7,4,7,-1,0,1,RIGHT,RIGHT,True,False,14,14,0,0.0,False,False,True,0,ADEQUATE
dead_end,1,5,7,5,6,0,-1,1,RIGHT,NONE,False,True,14,,,,False,False,False,0,INVALID_BELIEF
dead_end,1,5,7,5,8,0,1,1,RIGHT,NONE,False,True,14,,,,False,False,False,0,INVALID_BELIEF
dead_end,1,5,7,6,7,1,0,1,RIGHT,RIGHT,True,False,14,14,0,0.0,False,False,True,0,ADEQUATE
dead_end,1,6,7,5,7,-1,0,1,RIGHT,RIGHT,True,False,13,13,0,0.0,False,False,True,0,ADEQUATE
dead_end,1,6,7,6,6,0,-1,1,RIGHT,NONE,False,True,13,,,,False,False,False,0,INVALID_BELIEF
dead_end,1,6,7,6,8,0,1,1,RIGHT,NONE,False,True,13,,,,False,False,False,0,INVALID_BELIEF
dead_end,1,6,7,7,7,1,0,1,RIGHT,UP,True,True,13,14,1,0.07692307692307693,True,False,False,0,COLLISION
dead_end,1,7,7,6,7,-1,0,1,UP,RIGHT,True,True,12,12,0,0.0,False,False,True,0,ADEQUATE
dead_end,1,7,7,7,6,0,-1,1,UP,UP,True,False,12,12,0,0.0,False,False,True,0,ADEQUATE
dead_end,1,7,7,7,8,0,1,1,UP,NONE,False,True,12,,,,False,False,False,0,INVALID_BELIEF
dead_end,1,7,7,8,7,1,0,1,UP,RIGHT,True,True,12,12,0,0.0,False,False,True,0,ADEQUATE
dead_end,1,8,7,7,7,-1,0,1,RIGHT,UP,True,True,11,12,1,0.09090909090909091,True,False,False,0,COLLISION
dead_end,1,8,7,8,6,0,-1,1,RIGHT,NONE,False,True,11,,,,False,False,False,0,INVALID_BELIEF
dead_end,1,8,7,8,8,0,1,1,RIGHT,NONE,False,True,11,,,,False,False,False,0,INVALID_BELIEF
dead_end,1,8,7,9,7,1,0,1,RIGHT,RIGHT,True,False,11,11,0,0.0,False,False,True,0,ADEQUATE
dead_end,1,9,7,8,7,-1,0,1,RIGHT,RIGHT,True,False,10,10,0,0.0,False,False,True,0,ADEQUATE
dead_end,1,9,7,9,6,0,-1,1,RIGHT,NONE,False,True,10,,,,False,False,False,0,INVALID_BELIEF
dead_end,1,9,7,9,8,0,1,1,RIGHT,NONE,False,True,10,,,,False,False,False,0,INVALID_BELIEF
dead_end,1,9,7,10,7,1,0,1,RIGHT,RIGHT,True,False,10,10,0,0.0,False,False,True,0,ADEQUATE
dead_end,1,10,7,9,7,-1,0,1,RIGHT,RIGHT,True,False,9,9,0,0.0,False,False,True,0,ADEQUATE
dead_end,1,10,7,10,6,0,-1,1,RIGHT,NONE,False,True,9,,,,False,False,False,0,INVALID_BELIEF
dead_end,1,10,7,10,8,0,1,1,RIGHT,NONE,False,True,9,,,,False,False,False,0,INVALID_BELIEF
dead_end,1,10,7,11,7,1,0,1,RIGHT,RIGHT,True,False,9,9,0,0.0,False,False,True,0,ADEQUATE
dead_end,1,11,7,10,7,-1,0,1,RIGHT,RIGHT,True,False,8,8,0,0.0,False,False,True,0,ADEQUATE
dead_end,1,11,7,11,6,0,-1,1,RIGHT,DOWN,True,True,8,9,1,0.125,True,False,False,0,COLLISION
dead_end,1,11,7,11,8,0,1,1,RIGHT,NONE,False,True,8,,,,False,False,False,0,INVALID_BELIEF
dead_end,1,11,7,12,7,1,0,1,RIGHT,RIGHT,True,False,8,8,0,0.0,False,False,True,0,ADEQUATE
dead_end,1,12,7,11,7,-1,0,1,RIGHT,RIGHT,True,False,7,7,0,0.0,False,False,True,0,ADEQUATE
dead_end,1,12,7,12,6,0,-1,1,RIGHT,NONE,False,True,7,,,,False,False,False,0,INVALID_BELIEF
dead_end,1,12,7,12,8,0,1,1,RIGHT,NONE,False,True,7,,,,False,False,False,0,INVALID_BELIEF
dead_end,1,12,7,13,7,1,0,1,RIGHT,UP,True,True,7,8,1,0.14285714285714285,True,False,False,0,COLLISION
dead_end,1,13,7,12,7,-1,0,1,UP,RIGHT,True,True,6,7,1,0.16666666666666666,True,False,False,0,COLLISION
dead_end,1,13,7,13,6,0,-1,1,UP,UP,True,False,6,6,0,0.0,False,False,True,0,ADEQUATE
dead_end,1,13,7,13,8,0,1,1,UP,NONE,False,True,6,,,,False,False,False,0,INVALID_BELIEF
dead_end,1,13,7,14,7,1,0,1,UP,NONE,False,True,6,,,,False,False,False,0,INVALID_BELIEF
dead_end,2,1,1,-1,1,-2,0,2,RIGHT,NONE,False,True,12,,,,False,False,False,0,INVALID_BELIEF
dead_end,2,1,1,0,0,-1,-1,2,RIGHT,NONE,False,True,12,,,,False,False,False,0,INVALID_BELIEF
dead_end,2,1,1,0,2,-1,1,2,RIGHT,NONE,False,True,12,,,,False,False,False,0,INVALID_BELIEF
dead_end,2,1,1,1,-1,0,-2,2,RIGHT,NONE,False,True,12,,,,False,False,False,0,INVALID_BELIEF
dead_end,2,1,1,1,3,0,2,2,RIGHT,UP,True,True,12,13,1,0.08333333333333333,True,False,False,0,COLLISION
dead_end,2,1,1,2,0,1,-1,2,RIGHT,NONE,False,True,12,,,,False,False,False,0,INVALID_BELIEF
dead_end,2,1,1,2,2,1,1,2,RIGHT,NONE,False,True,12,,,,False,False,False,0,INVALID_BELIEF
dead_end,2,1,1,3,1,2,0,2,RIGHT,RIGHT,True,False,12,12,0,0.0,False,False,True,0,ADEQUATE
dead_end,2,2,1,0,1,-2,0,2,RIGHT,NONE,False,True,11,,,,False,False,False,0,INVALID_BELIEF
dead_end,2,2,1,1,0,-1,-1,2,RIGHT,NONE,False,True,11,,,,False,False,False,0,INVALID_BELIEF
dead_end,2,2,1,1,2,-1,1,2,RIGHT,UP,True,True,11,12,1,0.09090909090909091,True,False,False,0,COLLISION
dead_end,2,2,1,2,-1,0,-2,2,RIGHT,NONE,False,True,11,,,,False,False,False,0,INVALID_BELIEF
dead_end,2,2,1,2,3,0,2,2,RIGHT,LEFT,True,True,11,13,2,0.18181818181818182,False,False,False,0,INADEQUATE
dead_end,2,2,1,3,0,1,-1,2,RIGHT,NONE,False,True,11,,,,False,False,False,0,INVALID_BELIEF
dead_end,2,2,1,3,2,1,1,2,RIGHT,NONE,False,True,11,,,,False,False,False,0,INVALID_BELIEF
dead_end,2,2,1,4,1,2,0,2,RIGHT,RIGHT,True,False,11,11,0,0.0,False,False,True,0,ADEQUATE
dead_end,2,3,1,1,1,-2,0,2,RIGHT,RIGHT,True,False,10,10,0,0.0,False,False,True,0,ADEQUATE
dead_end,2,3,1,2,0,-1,-1,2,RIGHT,NONE,False,True,10,,,,False,False,False,0,INVALID_BELIEF
dead_end,2,3,1,2,2,-1,1,2,RIGHT,NONE,False,True,10,,,,False,False,False,0,INVALID_BELIEF
dead_end,2,3,1,3,-1,0,-2,2,RIGHT,NONE,False,True,10,,,,False,False,False,0,INVALID_BELIEF
dead_end,2,3,1,3,3,0,2,2,RIGHT,LEFT,True,True,10,12,2,0.2,False,False,False,0,INADEQUATE
dead_end,2,3,1,4,0,1,-1,2,RIGHT,NONE,False,True,10,,,,False,False,False,0,INVALID_BELIEF
dead_end,2,3,1,4,2,1,1,2,RIGHT,NONE,False,True,10,,,,False,False,False,0,INVALID_BELIEF
dead_end,2,3,1,5,1,2,0,2,RIGHT,RIGHT,True,False,10,10,0,0.0,False,False,True,0,ADEQUATE
dead_end,2,4,1,2,1,-2,0,2,RIGHT,RIGHT,True,False,9,9,0,0.0,False,False,True,0,ADEQUATE
dead_end,2,4,1,3,0,-1,-1,2,RIGHT,NONE,False,True,9,,,,False,False,False,0,INVALID_BELIEF
dead_end,2,4,1,3,2,-1,1,2,RIGHT,NONE,False,True,9,,,,False,False,False,0,INVALID_BELIEF
dead_end,2,4,1,4,-1,0,-2,2,RIGHT,NONE,False,True,9,,,,False,False,False,0,INVALID_BELIEF
dead_end,2,4,1,4,3,0,2,2,RIGHT,LEFT,True,True,9,11,2,0.2222222222222222,False,False,False,0,INADEQUATE
dead_end,2,4,1,5,0,1,-1,2,RIGHT,NONE,False,True,9,,,,False,False,False,0,INVALID_BELIEF
dead_end,2,4,1,5,2,1,1,2,RIGHT,NONE,False,True,9,,,,False,False,False,0,INVALID_BELIEF
dead_end,2,4,1,6,1,2,0,2,RIGHT,RIGHT,True,False,9,9,0,0.0,False,False,True,0,ADEQUATE
dead_end,2,5,1,3,1,-2,0,2,RIGHT,RIGHT,True,False,8,8,0,0.0,False,False,True,0,ADEQUATE
dead_end,2,5,1,4,0,-1,-1,2,RIGHT,NONE,False,True,8,,,,False,False,False,0,INVALID_BELIEF
dead_end,2,5,1,4,2,-1,1,2,RIGHT,NONE,False,True,8,,,,False,False,False,0,INVALID_BELIEF
dead_end,2,5,1,5,-1,0,-2,2,RIGHT,NONE,False,True,8,,,,False,False,False,0,INVALID_BELIEF
dead_end,2,5,1,5,3,0,2,2,RIGHT,LEFT,True,True,8,10,2,0.25,False,False,False,0,INADEQUATE
dead_end,2,5,1,6,0,1,-1,2,RIGHT,NONE,False,True,8,,,,False,False,False,0,INVALID_BELIEF
dead_end,2,5,1,6,2,1,1,2,RIGHT,NONE,False,True,8,,,,False,False,False,0,INVALID_BELIEF
dead_end,2,5,1,7,1,2,0,2,RIGHT,RIGHT,True,False,8,8,0,0.0,False,False,True,0,ADEQUATE
dead_end,2,6,1,4,1,-2,0,2,RIGHT,RIGHT,True,False,7,7,0,0.0,False,False,True,0,ADEQUATE
dead_end,2,6,1,5,0,-1,-1,2,RIGHT,NONE,False,True,7,,,,False,False,False,0,INVALID_BELIEF
dead_end,2,6,1,5,2,-1,1,2,RIGHT,NONE,False,True,7,,,,False,False,False,0,INVALID_BELIEF
dead_end,2,6,1,6,-1,0,-2,2,RIGHT,NONE,False,True,7,,,,False,False,False,0,INVALID_BELIEF
dead_end,2,6,1,6,3,0,2,2,RIGHT,NONE,False,True,7,,,,False,False,False,0,INVALID_BELIEF
dead_end,2,6,1,7,0,1,-1,2,RIGHT,NONE,False,True,7,,,,False,False,False,0,INVALID_BELIEF
dead_end,2,6,1,7,2,1,1,2,RIGHT,UP,True,True,7,8,1,0.14285714285714285,True,False,False,0,COLLISION
dead_end,2,6,1,8,1,2,0,2,RIGHT,RIGHT,True,False,7,7,0,0.0,False,False,True,0,ADEQUATE
dead_end,2,7,1,5,1,-2,0,2,RIGHT,RIGHT,True,False,6,6,0,0.0,False,False,True,0,ADEQUATE
dead_end,2,7,1,6,0,-1,-1,2,RIGHT,NONE,False,True,6,,,,False,False,False,0,INVALID_BELIEF
dead_end,2,7,1,6,2,-1,1,2,RIGHT,NONE,False,True,6,,,,False,False,False,0,INVALID_BELIEF
dead_end,2,7,1,7,-1,0,-2,2,RIGHT,NONE,False,True,6,,,,False,False,False,0,INVALID_BELIEF
dead_end,2,7,1,7,3,0,2,2,RIGHT,UP,True,True,6,7,1,0.16666666666666666,True,False,False,0,COLLISION
dead_end,2,7,1,8,0,1,-1,2,RIGHT,NONE,False,True,6,,,,False,False,False,0,INVALID_BELIEF
dead_end,2,7,1,8,2,1,1,2,RIGHT,NONE,False,True,6,,,,False,False,False,0,INVALID_BELIEF
dead_end,2,7,1,9,1,2,0,2,RIGHT,RIGHT,True,False,6,6,0,0.0,False,False,True,0,ADEQUATE
dead_end,2,8,1,6,1,-2,0,2,RIGHT,RIGHT,True,False,5,5,0,0.0,False,False,True,0,ADEQUATE
dead_end,2,8,1,7,0,-1,-1,2,RIGHT,NONE,False,True,5,,,,False,False,False,0,INVALID_BELIEF
dead_end,2,8,1,7,2,-1,1,2,RIGHT,UP,True,True,5,6,1,0.2,True,False,False,0,COLLISION
dead_end,2,8,1,8,-1,0,-2,2,RIGHT,NONE,False,True,5,,,,False,False,False,0,INVALID_BELIEF
dead_end,2,8,1,8,3,0,2,2,RIGHT,NONE,False,True,5,,,,False,False,False,0,INVALID_BELIEF
dead_end,2,8,1,9,0,1,-1,2,RIGHT,NONE,False,True,5,,,,False,False,False,0,INVALID_BELIEF
dead_end,2,8,1,9,2,1,1,2,RIGHT,NONE,False,True,5,,,,False,False,False,0,INVALID_BELIEF
dead_end,2,8,1,10,1,2,0,2,RIGHT,RIGHT,True,False,5,5,0,0.0,False,False,True,0,ADEQUATE
dead_end,2,9,1,7,1,-2,0,2,RIGHT,RIGHT,True,False,4,4,0,0.0,False,False,True,0,ADEQUATE
dead_end,2,9,1,8,0,-1,-1,2,RIGHT,NONE,False,True,4,,,,False,False,False,0,INVALID_BELIEF
dead_end,2,9,1,8,2,-1,1,2,RIGHT,NONE,False,True,4,,,,False,False,False,0,INVALID_BELIEF
dead_end,2,9,1,9,-1,0,-2,2,RIGHT,NONE,False,True,4,,,,False,False,False,0,INVALID_BELIEF
dead_end,2,9,1,9,3,0,2,2,RIGHT,RIGHT,True,False,4,4,0,0.0,False,False,True,0,ADEQUATE
dead_end,2,9,1,10,0,1,-1,2,RIGHT,NONE,False,True,4,,,,False,False,False,0,INVALID_BELIEF
dead_end,2,9,1,10,2,1,1,2,RIGHT,NONE,False,True,4,,,,False,False,False,0,INVALID_BELIEF
dead_end,2,9,1,11,1,2,0,2,RIGHT,RIGHT,True,False,4,4,0,0.0,False,False,True,0,ADEQUATE
dead_end,2,10,1,8,1,-2,0,2,RIGHT,RIGHT,True,False,3,3,0,0.0,False,False,True,0,ADEQUATE
dead_end,2,10,1,9,0,-1,-1,2,RIGHT,NONE,False,True,3,,,,False,False,False,0,INVALID_BELIEF
dead_end,2,10,1,9,2,-1,1,2,RIGHT,NONE,False,True,3,,,,False,False,False,0,INVALID_BELIEF
dead_end,2,10,1,10,-1,0,-2,2,RIGHT,NONE,False,True,3,,,,False,False,False,0,INVALID_BELIEF
dead_end,2,10,1,10,3,0,2,2,RIGHT,RIGHT,True,False,3,3,0,0.0,False,False,True,0,ADEQUATE
dead_end,2,10,1,11,0,1,-1,2,RIGHT,NONE,False,True,3,,,,False,False,False,0,INVALID_BELIEF
dead_end,2,10,1,11,2,1,1,2,RIGHT,NONE,False,True,3,,,,False,False,False,0,INVALID_BELIEF
dead_end,2,10,1,12,1,2,0,2,RIGHT,RIGHT,True,False,3,3,0,0.0,False,False,True,0,ADEQUATE
dead_end,2,11,1,9,1,-2,0,2,RIGHT,RIGHT,True,False,2,2,0,0.0,False,False,True,0,ADEQUATE
dead_end,2,11,1,10,0,-1,-1,2,RIGHT,NONE,False,True,2,,,,False,False,False,0,INVALID_BELIEF
dead_end,2,11,1,10,2,-1,1,2,RIGHT,NONE,False,True,2,,,,False,False,False,0,INVALID_BELIEF
dead_end,2,11,1,11,-1,0,-2,2,RIGHT,NONE,False,True,2,,,,False,False,False,0,INVALID_BELIEF
dead_end,2,11,1,11,3,0,2,2,RIGHT,RIGHT,True,False,2,2,0,0.0,False,False,True,0,ADEQUATE
dead_end,2,11,1,12,0,1,-1,2,RIGHT,NONE,False,True,2,,,,False,False,False,0,INVALID_BELIEF
dead_end,2,11,1,12,2,1,1,2,RIGHT,NONE,False,True,2,,,,False,False,False,0,INVALID_BELIEF
dead_end,2,11,1,13,1,2,0,2,RIGHT,NONE,True,True,2,,,,False,True,False,0,FALSE_TERMINAL
dead_end,2,12,1,10,1,-2,0,2,RIGHT,RIGHT,True,False,1,1,0,0.0,False,False,True,0,ADEQUATE
dead_end,2,12,1,11,0,-1,-1,2,RIGHT,NONE,False,True,1,,,,False,False,False,0,INVALID_BELIEF
dead_end,2,12,1,11,2,-1,1,2,RIGHT,NONE,False,True,1,,,,False,False,False,0,INVALID_BELIEF
dead_end,2,12,1,12,-1,0,-2,2,RIGHT,NONE,False,True,1,,,,False,False,False,0,INVALID_BELIEF
dead_end,2,12,1,12,3,0,2,2,RIGHT,RIGHT,True,False,1,1,0,0.0,False,False,True,0,ADEQUATE
dead_end,2,12,1,13,0,1,-1,2,RIGHT,NONE,False,True,1,,,,False,False,False,0,INVALID_BELIEF
dead_end,2,12,1,13,2,1,1,2,RIGHT,UP,True,True,1,2,1,1.0,True,False,False,0,COLLISION
dead_end,2,12,1,14,1,2,0,2,RIGHT,NONE,False,True,1,,,,False,False,False,0,INVALID_BELIEF
dead_end,2,1,2,-1,2,-2,0,2,UP,NONE,False,True,13,,,,False,False,False,0,INVALID_BELIEF
dead_end,2,1,2,0,1,-1,-1,2,UP,NONE,False,True,13,,,,False,False,False,0,INVALID_BELIEF
dead_end,2,1,2,0,3,-1,1,2,UP,NONE,False,True,13,,,,False,False,False,0,INVALID_BELIEF
dead_end,2,1,2,1,0,0,-2,2,UP,NONE,False,True,13,,,,False,False,False,0,INVALID_BELIEF
dead_end,2,1,2,1,4,0,2,2,UP,UP,True,False,13,13,0,0.0,False,False,True,0,ADEQUATE
dead_end,2,1,2,2,1,1,-1,2,UP,RIGHT,True,True,13,14,1,0.07692307692307693,True,False,False,0,COLLISION
dead_end,2,1,2,2,3,1,1,2,UP,LEFT,True,True,13,14,1,0.07692307692307693,True,False,False,0,COLLISION
dead_end,2,1,2,3,2,2,0,2,UP,NONE,False,True,13,,,,False,False,False,0,INVALID_BELIEF
dead_end,2,7,2,5,2,-2,0,2,UP,NONE,False,True,7,,,,False,False,False,0,INVALID_BELIEF
dead_end,2,7,2,6,1,-1,-1,2,UP,RIGHT,True,True,7,8,1,0.14285714285714285,True,False,False,0,COLLISION
dead_end,2,7,2,6,3,-1,1,2,UP,NONE,False,True,7,,,,False,False,False,0,INVALID_BELIEF
dead_end,2,7,2,7,0,0,-2,2,UP,NONE,False,True,7,,,,False,False,False,0,INVALID_BELIEF
dead_end,2,7,2,7,4,0,2,2,UP,UP,True,False,7,7,0,0.0,False,False,True,0,ADEQUATE
dead_end,2,7,2,8,1,1,-1,2,UP,RIGHT,True,True,7,8,1,0.14285714285714285,True,False,False,0,COLLISION
dead_end,2,7,2,8,3,1,1,2,UP,NONE,False,True,7,,,,False,False,False,0,INVALID_BELIEF
dead_end,2,7,2,9,2,2,0,2,UP,NONE,False,True,7,,,,False,False,False,0,INVALID_BELIEF
dead_end,2,13,2,11,2,-2,0,2,UP,NONE,False,True,1,,,,False,False,False,0,INVALID_BELIEF
dead_end,2,13,2,12,1,-1,-1,2,UP,RIGHT,True,True,1,2,1,1.0,True,False,False,0,COLLISION
dead_end,2,13,2,12,3,-1,1,2,UP,RIGHT,True,True,1,2,1,1.0,True,False,False,0,COLLISION
dead_end,2,13,2,13,0,0,-2,2,UP,NONE,False,True,1,,,,False,False,False,0,INVALID_BELIEF
dead_end,2,13,2,13,4,0,2,2,UP,UP,True,False,1,1,0,0.0,False,False,True,0,ADEQUATE
dead_end,2,13,2,14,1,1,-1,2,UP,NONE,False,True,1,,,,False,False,False,0,INVALID_BELIEF
dead_end,2,13,2,14,3,1,1,2,UP,NONE,False,True,1,,,,False,False,False,0,INVALID_BELIEF
dead_end,2,13,2,15,2,2,0,2,UP,NONE,False,True,1,,,,False,False,False,0,INVALID_BELIEF
dead_end,2,1,3,-1,3,-2,0,2,UP,NONE,False,True,14,,,,False,False,False,0,INVALID_BELIEF
dead_end,2,1,3,0,2,-1,-1,2,UP,NONE,False,True,14,,,,False,False,False,0,INVALID_BELIEF
dead_end,2,1,3,0,4,-1,1,2,UP,NONE,False,True,14,,,,False,False,False,0,INVALID_BELIEF
dead_end,2,1,3,1,1,0,-2,2,UP,RIGHT,True,True,14,16,2,0.14285714285714285,False,False,False,0,INADEQUATE
dead_end,2,1,3,1,5,0,2,2,UP,UP,True,False,14,14,0,0.0,False,False,True,0,ADEQUATE
dead_end,2,1,3,2,2,1,-1,2,UP,NONE,False,True,14,,,,False,False,False,0,INVALID_BELIEF
dead_end,2,1,3,2,4,1,1,2,UP,NONE,False,True,14,,,,False,False,False,0,INVALID_BELIEF
dead_end,2,1,3,3,3,2,0,2,UP,LEFT,True,True,14,15,1,0.07142857142857142,True,False,False,0,COLLISION
dead_end,2,2,3,0,3,-2,0,2,LEFT,NONE,False,True,15,,,,False,False,False,0,INVALID_BELIEF
dead_end,2,2,3,1,2,-1,-1,2,LEFT,UP,True,True,15,16,1,0.06666666666666667,True,False,False,0,COLLISION
dead_end,2,2,3,1,4,-1,1,2,LEFT,UP,True,True,15,16,1,0.06666666666666667,True,False,False,0,COLLISION
dead_end,2,2,3,2,1,0,-2,2,LEFT,RIGHT,True,True,15,17,2,0.13333333333333333,False,False,False,0,INADEQUATE
dead_end,2,2,3,2,5,0,2,2,LEFT,NONE,False,True,15,,,,False,False,False,0,INVALID_BELIEF
dead_end,2,2,3,3,2,1,-1,2,LEFT,NONE,False,True,15,,,,False,False,False,0,INVALID_BELIEF
dead_end,2,2,3,3,4,1,1,2,LEFT,NONE,False,True,15,,,,False,False,False,0,INVALID_BELIEF
dead_end,2,2,3,4,3,2,0,2,LEFT,LEFT,True,False,15,15,0,0.0,False,False,True,0,ADEQUATE
dead_end,2,3,3,1,3,-2,0,2,LEFT,UP,True,True,16,17,1,0.0625,True,False,False,0,COLLISION
dead_end,2,3,3,2,2,-1,-1,2,LEFT,NONE,False,True,16,,,,False,False,False,0,INVALID_BELIEF
dead_end,2,3,3,2,4,-1,1,2,LEFT,NONE,False,True,16,,,,False,False,False,0,INVALID_BELIEF
dead_end,2,3,3,3,1,0,-2,2,LEFT,RIGHT,True,True,16,18,2,0.125,False,False,False,0,INADEQUATE
dead_end,2,3,3,3,5,0,2,2,LEFT,DOWN,True,True,16,17,1,0.0625,True,False,False,0,COLLISION
dead_end,2,3,3,4,2,1,-1,2,LEFT,NONE,False,True,16,,,,False,False,False,0,INVALID_BELIEF
dead_end,2,3,3,4,4,1,1,2,LEFT,NONE,False,True,16,,,,False,False,False,0,INVALID_BELIEF
dead_end,2,3,3,5,3,2,0,2,LEFT,LEFT,True,False,16,16,0,0.0,False,False,True,0,ADEQUATE
dead_end,2,4,3,2,3,-2,0,2,LEFT,LEFT,True,False,17,17,0,0.0,False,False,True,0,ADEQUATE
dead_end,2,4,3,3,2,-1,-1,2,LEFT,NONE,False,True,17,,,,False,False,False,0,INVALID_BELIEF
dead_end,2,4,3,3,4,-1,1,2,LEFT,NONE,False,True,17,,,,False,False,False,0,INVALID_BELIEF
dead_end,2,4,3,4,1,0,-2,2,LEFT,RIGHT,True,True,17,19,2,0.11764705882352941,False,False,False,0,INADEQUATE
dead_end,2,4,3,4,5,0,2,2,LEFT,LEFT,True,False,17,17,0,0.0,False,False,True,0,ADEQUATE
dead_end,2,4,3,5,2,1,-1,2,LEFT,NONE,False,True,17,,,,False,False,False,0,INVALID_BELIEF
dead_end,2,4,3,5,4,1,1,2,LEFT,UP,True,True,17,18,1,0.058823529411764705,True,False,False,0,COLLISION
dead_end,2,4,3,6,3,2,0,2,LEFT,NONE,False,True,17,,,,False,False,False,0,INVALID_BELIEF
dead_end,2,5,3,3,3,-2,0,2,LEFT,LEFT,True,False,18,18,0,0.0,False,False,True,0,ADEQUATE
dead_end,2,5,3,4,2,-1,-1,2,LEFT,NONE,False,True,18,,,,False,False,False,0,INVALID_BELIEF
dead_end,2,5,3,4,4,-1,1,2,LEFT,NONE,False,True,18,,,,False,False,False,0,INVALID_BELIEF
dead_end,2,5,3,5,1,0,-2,2,LEFT,RIGHT,True,True,18,19,1,0.05555555555555555,True,False,False,0,COLLISION
dead_end,2,5,3,5,5,0,2,2,LEFT,UP,True,True,18,19,1,0.05555555555555555,True,False,False,0,COLLISION
dead_end,2,5,3,6,2,1,-1,2,LEFT,NONE,False,True,18,,,,False,False,False,0,INVALID_BELIEF
dead_end,2,5,3,6,4,1,1,2,LEFT,NONE,False,True,18,,,,False,False,False,0,INVALID_BELIEF
dead_end,2,5,3,7,3,2,0,2,LEFT,UP,True,True,18,19,1,0.05555555555555555,True,False,False,0,COLLISION
dead_end,2,7,3,5,3,-2,0,2,UP,LEFT,True,True,8,9,1,0.125,True,False,False,0,COLLISION
dead_end,2,7,3,6,2,-1,-1,2,UP,NONE,False,True,8,,,,False,False,False,0,INVALID_BELIEF
dead_end,2,7,3,6,4,-1,1,2,UP,NONE,False,True,8,,,,False,False,False,0,INVALID_BELIEF
dead_end,2,7,3,7,1,0,-2,2,UP,RIGHT,True,True,8,9,1,0.125,True,False,False,0,COLLISION
dead_end,2,7,3,7,5,0,2,2,UP,UP,True,False,8,8,0,0.0,False,False,True,0,ADEQUATE
dead_end,2,7,3,8,2,1,-1,2,UP,NONE,False,True,8,,,,False,False,False,0,INVALID_BELIEF
dead_end,2,7,3,8,4,1,1,2,UP,NONE,False,True,8,,,,False,False,False,0,INVALID_BELIEF
dead_end,2,7,3,9,3,2,0,2,UP,RIGHT,True,True,8,9,1,0.125,True,False,False,0,COLLISION
dead_end,2,9,3,7,3,-2,0,2,RIGHT,UP,True,True,6,7,1,0.16666666666666666,True,False,False,0,COLLISION
dead_end,2,9,3,8,2,-1,-1,2,RIGHT,NONE,False,True,6,,,,False,False,False,0,INVALID_BELIEF
dead_end,2,9,3,8,4,-1,1,2,RIGHT,NONE,False,True,6,,,,False,False,False,0,INVALID_BELIEF
dead_end,2,9,3,9,1,0,-2,2,RIGHT,RIGHT,True,False,6,6,0,0.0,False,False,True,0,ADEQUATE
dead_end,2,9,3,9,5,0,2,2,RIGHT,UP,True,True,6,7,1,0.16666666666666666,True,False,False,0,COLLISION
dead_end,2,9,3,10,2,1,-1,2,RIGHT,NONE,False,True,6,,,,False,False,False,0,INVALID_BELIEF
dead_end,2,9,3,10,4,1,1,2,RIGHT,NONE,False,True,6,,,,False,False,False,0,INVALID_BELIEF
dead_end,2,9,3,11,3,2,0,2,RIGHT,RIGHT,True,False,6,6,0,0.0,False,False,True,0,ADEQUATE
dead_end,2,10,3,8,3,-2,0,2,RIGHT,NONE,False,True,5,,,,False,False,False,0,INVALID_BELIEF
dead_end,2,10,3,9,2,-1,-1,2,RIGHT,NONE,False,True,5,,,,False,False,False,0,INVALID_BELIEF
dead_end,2,10,3,9,4,-1,1,2,RIGHT,UP,True,True,5,6,1,0.2,True,False,False,0,COLLISION
dead_end,2,10,3,10,1,0,-2,2,RIGHT,RIGHT,True,False,5,5,0,0.0,False,False,True,0,ADEQUATE
dead_end,2,10,3,10,5,0,2,2,RIGHT,LEFT,True,True,5,7,2,0.4,False,False,False,0,INADEQUATE
dead_end,2,10,3,11,2,1,-1,2,RIGHT,NONE,False,True,5,,,,False,False,False,0,INVALID_BELIEF
dead_end,2,10,3,11,4,1,1,2,RIGHT,NONE,False,True,5,,,,False,False,False,0,INVALID_BELIEF
dead_end,2,10,3,12,3,2,0,2,RIGHT,RIGHT,True,False,5,5,0,0.0,False,False,True,0,ADEQUATE
dead_end,2,11,3,9,3,-2,0,2,RIGHT,RIGHT,True,False,4,4,0,0.0,False,False,True,0,ADEQUATE
dead_end,2,11,3,10,2,-1,-1,2,RIGHT,NONE,False,True,4,,,,False,False,False,0,INVALID_BELIEF
dead_end,2,11,3,10,4,-1,1,2,RIGHT,NONE,False,True,4,,,,False,False,False,0,INVALID_BELIEF
dead_end,2,11,3,11,1,0,-2,2,RIGHT,RIGHT,True,False,4,4,0,0.0,False,False,True,0,ADEQUATE
dead_end,2,11,3,11,5,0,2,2,RIGHT,LEFT,True,True,4,6,2,0.5,False,False,False,0,INADEQUATE
dead_end,2,11,3,12,2,1,-1,2,RIGHT,NONE,False,True,4,,,,False,False,False,0,INVALID_BELIEF
dead_end,2,11,3,12,4,1,1,2,RIGHT,NONE,False,True,4,,,,False,False,False,0,INVALID_BELIEF
dead_end,2,11,3,13,3,2,0,2,RIGHT,UP,True,True,4,5,1,0.25,True,False,False,0,COLLISION
dead_end,2,12,3,10,3,-2,0,2,RIGHT,RIGHT,True,False,3,3,0,0.0,False,False,True,0,ADEQUATE
dead_end,2,12,3,11,2,-1,-1,2,RIGHT,NONE,False,True,3,,,,False,False,False,0,INVALID_BELIEF
dead_end,2,12,3,11,4,-1,1,2,RIGHT,NONE,False,True,3,,,,False,False,False,0,INVALID_BELIEF
dead_end,2,12,3,12,1,0,-2,2,RIGHT,RIGHT,True,False,3,3,0,0.0,False,False,True,0,ADEQUATE
dead_end,2,12,3,12,5,0,2,2,RIGHT,NONE,False,True,3,,,,False,False,False,0,INVALID_BELIEF
dead_end,2,12,3,13,2,1,-1,2,RIGHT,UP,True,True,3,4,1,0.3333333333333333,True,False,False,0,COLLISION
dead_end,2,12,3,13,4,1,1,2,RIGHT,UP,True,True,3,4,1,0.3333333333333333,True,False,False,0,COLLISION
dead_end,2,12,3,14,3,2,0,2,RIGHT,NONE,False,True,3,,,,False,False,False,0,INVALID_BELIEF
dead_end,2,13,3,11,3,-2,0,2,UP,RIGHT,True,True,2,3,1,0.5,True,False,False,0,COLLISION
dead_end,2,13,3,12,2,-1,-1,2,UP,NONE,False,True,2,,,,False,False,False,0,INVALID_BELIEF
dead_end,2,13,3,12,4,-1,1,2,UP,NONE,False,True,2,,,,False,False,False,0,INVALID_BELIEF
dead_end,2,13,3,13,1,0,-2,2,UP,NONE,True,True,2,,,,False,True,False,0,FALSE_TERMINAL
dead_end,2,13,3,13,5,0,2,2,UP,UP,True,False,2,2,0,0.0,False,False,True,0,ADEQUATE
dead_end,2,13,3,14,2,1,-1,2,UP,NONE,False,True,2,,,,False,False,False,0,INVALID_BELIEF
dead_end,2,13,3,14,4,1,1,2,UP,NONE,False,True,2,,,,False,False,False,0,INVALID_BELIEF
dead_end,2,13,3,15,3,2,0,2,UP,NONE,False,True,2,,,,False,False,False,0,INVALID_BELIEF
dead_end,2,1,4,-1,4,-2,0,2,UP,NONE,False,True,15,,,,False,False,False,0,INVALID_BELIEF
dead_end,2,1,4,0,3,-1,-1,2,UP,NONE,False,True,15,,,,False,False,False,0,INVALID_BELIEF
dead_end,2,1,4,0,5,-1,1,2,UP,NONE,False,True,15,,,,False,False,False,0,INVALID_BELIEF
dead_end,2,1,4,1,2,0,-2,2,UP,UP,True,False,15,15,0,0.0,False,False,True,0,ADEQUATE
dead_end,2,1,4,1,6,0,2,2,UP,UP,True,False,15,15,0,0.0,False,False,True,0,ADEQUATE
dead_end,2,1,4,2,3,1,-1,2,UP,LEFT,True,True,15,16,1,0.06666666666666667,True,False,False,0,COLLISION
dead_end,2,1,4,2,5,1,1,2,UP,NONE,False,True,15,,,,False,False,False,0,INVALID_BELIEF
dead_end,2,1,4,3,4,2,0,2,UP,NONE,False,True,15,,,,False,False,False,0,INVALID_BELIEF
dead_end,2,5,4,3,4,-2,0,2,UP,NONE,False,True,19,,,,False,False,False,0,INVALID_BELIEF
dead_end,2,5,4,4,3,-1,-1,2,UP,LEFT,True,True,19,20,1,0.05263157894736842,True,False,False,0,COLLISION
dead_end,2,5,4,4,5,-1,1,2,UP,LEFT,True,True,19,20,1,0.05263157894736842,True,False,False,0,COLLISION
dead_end,2,5,4,5,2,0,-2,2,UP,NONE,False,True,19,,,,False,False,False,0,INVALID_BELIEF
dead_end,2,5,4,5,6,0,2,2,UP,NONE,False,True,19,,,,False,False,False,0,INVALID_BELIEF
dead_end,2,5,4,6,3,1,-1,2,UP,NONE,False,True,19,,,,False,False,False,0,INVALID_BELIEF
dead_end,2,5,4,6,5,1,1,2,UP,NONE,False,True,19,,,,False,False,False,0,INVALID_BELIEF
dead_end,2,5,4,7,4,2,0,2,UP,UP,True,False,19,19,0,0.0,False,False,True,0,ADEQUATE
dead_end,2,7,4,5,4,-2,0,2,UP,UP,True,False,9,9,0,0.0,False,False,True,0,ADEQUATE
dead_end,2,7,4,6,3,-1,-1,2,UP,NONE,False,True,9,,,,False,False,False,0,INVALID_BELIEF
dead_end,2,7,4,6,5,-1,1,2,UP,NONE,False,True,9,,,,False,False,False,0,INVALID_BELIEF
dead_end,2,7,4,7,2,0,-2,2,UP,UP,True,False,9,9,0,0.0,False,False,True,0,ADEQUATE
dead_end,2,7,4,7,6,0,2,2,UP,UP,True,False,9,9,0,0.0,False,False,True,0,ADEQUATE
dead_end,2,7,4,8,3,1,-1,2,UP,NONE,False,True,9,,,,False,False,False,0,INVALID_BELIEF
dead_end,2,7,4,8,5,1,1,2,UP,NONE,False,True,9,,,,False,False,False,0,INVALID_BELIEF
dead_end,2,7,4,9,4,2,0,2,UP,UP,True,False,9,9,0,0.0,False,False,True,0,ADEQUATE
dead_end,2,9,4,7,4,-2,0,2,UP,UP,True,False,7,7,0,0.0,False,False,True,0,ADEQUATE
dead_end,2,9,4,8,3,-1,-1,2,UP,NONE,False,True,7,,,,False,False,False,0,INVALID_BELIEF
dead_end,2,9,4,8,5,-1,1,2,UP,NONE,False,True,7,,,,False,False,False,0,INVALID_BELIEF
dead_end,2,9,4,9,2,0,-2,2,UP,NONE,False,True,7,,,,False,False,False,0,INVALID_BELIEF
dead_end,2,9,4,9,6,0,2,2,UP,NONE,False,True,7,,,,False,False,False,0,INVALID_BELIEF
dead_end,2,9,4,10,3,1,-1,2,UP,RIGHT,True,True,7,8,1,0.14285714285714285,True,False,False,0,COLLISION
dead_end,2,9,4,10,5,1,1,2,UP,LEFT,True,True,7,8,1,0.14285714285714285,True,False,False,0,COLLISION
dead_end,2,9,4,11,4,2,0,2,UP,NONE,False,True,7,,,,False,False,False,0,INVALID_BELIEF
dead_end,2,13,4,11,4,-2,0,2,UP,NONE,False,True,3,,,,False,False,False,0,INVALID_BELIEF
dead_end,2,13,4,12,3,-1,-1,2,UP,RIGHT,True,True,3,4,1,0.3333333333333333,True,False,False,0,COLLISION
dead_end,2,13,4,12,5,-1,1,2,UP,NONE,False,True,3,,,,False,False,False,0,INVALID_BELIEF
dead_end,2,13,4,13,2,0,-2,2,UP,UP,True,False,3,3,0,0.0,False,False,True,0,ADEQUATE
dead_end,2,13,4,13,6,0,2,2,UP,UP,True,False,3,3,0,0.0,False,False,True,0,ADEQUATE
dead_end,2,13,4,14,3,1,-1,2,UP,NONE,False,True,3,,,,False,False,False,0,INVALID_BELIEF
dead_end,2,13,4,14,5,1,1,2,UP,NONE,False,True,3,,,,False,False,False,0,INVALID_BELIEF
dead_end,2,13,4,15,4,2,0,2,UP,NONE,False,True,3,,,,False,False,False,0,INVALID_BELIEF
dead_end,2,1,5,-1,5,-2,0,2,UP,NONE,False,True,16,,,,False,False,False,0,INVALID_BELIEF
dead_end,2,1,5,0,4,-1,-1,2,UP,NONE,False,True,16,,,,False,False,False,0,INVALID_BELIEF
dead_end,2,1,5,0,6,-1,1,2,UP,NONE,False,True,16,,,,False,False,False,0,INVALID_BELIEF
dead_end,2,1,5,1,3,0,-2,2,UP,UP,True,False,16,16,0,0.0,False,False,True,0,ADEQUATE
dead_end,2,1,5,1,7,0,2,2,UP,UP,True,False,16,16,0,0.0,False,False,True,0,ADEQUATE
dead_end,2,1,5,2,4,1,-1,2,UP,NONE,False,True,16,,,,False,False,False,0,INVALID_BELIEF
dead_end,2,1,5,2,6,1,1,2,UP,NONE,False,True,16,,,,False,False,False,0,INVALID_BELIEF
dead_end,2,1,5,3,5,2,0,2,UP,DOWN,True,True,16,18,2,0.125,False,False,False,0,INADEQUATE
dead_end,2,3,5,1,5,-2,0,2,DOWN,UP,True,True,18,19,1,0.05555555555555555,True,False,False,0,COLLISION
dead_end,2,3,5,2,4,-1,-1,2,DOWN,NONE,False,True,18,,,,False,False,False,0,INVALID_BELIEF
dead_end,2,3,5,2,6,-1,1,2,DOWN,NONE,False,True,18,,,,False,False,False,0,INVALID_BELIEF
dead_end,2,3,5,3,3,0,-2,2,DOWN,LEFT,True,True,18,19,1,0.05555555555555555,True,False,False,0,COLLISION
dead_end,2,3,5,3,7,0,2,2,DOWN,RIGHT,True,True,18,20,2,0.1111111111111111,False,False,False,0,INADEQUATE
dead_end,2,3,5,4,4,1,-1,2,DOWN,NONE,False,True,18,,,,False,False,False,0,INVALID_BELIEF
dead_end,2,3,5,4,6,1,1,2,DOWN,NONE,False,True,18,,,,False,False,False,0,INVALID_BELIEF
dead_end,2,3,5,5,5,2,0,2,DOWN,UP,True,True,18,19,1,0.05555555555555555,True,False,False,0,COLLISION
dead_end,2,4,5,2,5,-2,0,2,LEFT,NONE,False,True,19,,,,False,False,False,0,INVALID_BELIEF
dead_end,2,4,5,3,4,-1,-1,2,LEFT,NONE,False,True,19,,,,False,False,False,0,INVALID_BELIEF
dead_end,2,4,5,3,6,-1,1,2,LEFT,DOWN,True,True,19,20,1,0.05263157894736842,True,False,False,0,COLLISION
dead_end,2,4,5,4,3,0,-2,2,LEFT,LEFT,True,False,19,19,0,0.0,False,False,True,0,ADEQUATE
dead_end,2,4,5,4,7,0,2,2,LEFT,RIGHT,True,True,19,21,2,0.10526315789473684,False,False,False,0,INADEQUATE
dead_end,2,4,5,5,4,1,-1,2,LEFT,UP,True,True,19,20,1,0.05263157894736842,True,False,False,0,COLLISION
dead_end,2,4,5,5,6,1,1,2,LEFT,NONE,False,True,19,,,,False,False,False,0,INVALID_BELIEF
dead_end,2,4,5,6,5,2,0,2,LEFT,NONE,False,True,19,,,,False,False,False,0,INVALID_BELIEF
dead_end,2,5,5,3,5,-2,0,2,UP,DOWN,True,True,20,21,1,0.05,True,False,False,0,COLLISION
dead_end,2,5,5,4,4,-1,-1,2,UP,NONE,False,True,20,,,,False,False,False,0,INVALID_BELIEF
dead_end,2,5,5,4,6,-1,1,2,UP,NONE,False,True,20,,,,False,False,False,0,INVALID_BELIEF
dead_end,2,5,5,5,3,0,-2,2,UP,LEFT,True,True,20,20,0,0.0,False,False,True,0,ADEQUATE
dead_end,2,5,5,5,7,0,2,2,UP,RIGHT,True,True,20,21,1,0.05,True,False,False,0,COLLISION
dead_end,2,5,5,6,4,1,-1,2,UP,NONE,False,True,20,,,,False,False,False,0,INVALID_BELIEF
dead_end,2,5,5,6,6,1,1,2,UP,NONE,False,True,20,,,,False,False,False,0,INVALID_BELIEF
dead_end,2,5,5,7,5,2,0,2,UP,UP,True,False,20,20,0,0.0,False,False,True,0,ADEQUATE
dead_end,2,7,5,5,5,-2,0,2,UP,UP,True,False,10,10,0,0.0,False,False,True,0,ADEQUATE
dead_end,2,7,5,6,4,-1,-1,2,UP,NONE,False,True,10,,,,False,False,False,0,INVALID_BELIEF
dead_end,2,7,5,6,6,-1,1,2,UP,NONE,False,True,10,,,,False,False,False,0,INVALID_BELIEF
dead_end,2,7,5,7,3,0,-2,2,UP,UP,True,False,10,10,0,0.0,False,False,True,0,ADEQUATE
dead_end,2,7,5,7,7,0,2,2,UP,UP,True,False,10,10,0,0.0,False,False,True,0,ADEQUATE
dead_end,2,7,5,8,4,1,-1,2,UP,NONE,False,True,10,,,,False,False,False,0,INVALID_BELIEF
dead_end,2,7,5,8,6,1,1,2,UP,NONE,False,True,10,,,,False,False,False,0,INVALID_BELIEF
dead_end,2,7,5,9,5,2,0,2,UP,UP,True,False,10,10,0,0.0,False,False,True,0,ADEQUATE
dead_end,2,9,5,7,5,-2,0,2,UP,UP,True,False,8,8,0,0.0,False,False,True,0,ADEQUATE
dead_end,2,9,5,8,4,-1,-1,2,UP,NONE,False,True,8,,,,False,False,False,0,INVALID_BELIEF
dead_end,2,9,5,8,6,-1,1,2,UP,NONE,False,True,8,,,,False,False,False,0,INVALID_BELIEF
dead_end,2,9,5,9,3,0,-2,2,UP,RIGHT,True,True,8,10,2,0.25,False,False,False,0,INADEQUATE
dead_end,2,9,5,9,7,0,2,2,UP,RIGHT,True,True,8,10,2,0.25,False,False,False,0,INADEQUATE
dead_end,2,9,5,10,4,1,-1,2,UP,NONE,False,True,8,,,,False,False,False,0,INVALID_BELIEF
dead_end,2,9,5,10,6,1,1,2,UP,NONE,False,True,8,,,,False,False,False,0,INVALID_BELIEF
dead_end,2,9,5,11,5,2,0,2,UP,LEFT,True,True,8,9,1,0.125,True,False,False,0,COLLISION
dead_end,2,10,5,8,5,-2,0,2,LEFT,NONE,False,True,9,,,,False,False,False,0,INVALID_BELIEF
dead_end,2,10,5,9,4,-1,-1,2,LEFT,UP,True,True,9,10,1,0.1111111111111111,True,False,False,0,COLLISION
dead_end,2,10,5,9,6,-1,1,2,LEFT,NONE,False,True,9,,,,False,False,False,0,INVALID_BELIEF
dead_end,2,10,5,10,3,0,-2,2,LEFT,RIGHT,True,True,9,11,2,0.2222222222222222,False,False,False,0,INADEQUATE
dead_end,2,10,5,10,7,0,2,2,LEFT,RIGHT,True,True,9,11,2,0.2222222222222222,False,False,False,0,INADEQUATE
dead_end,2,10,5,11,4,1,-1,2,LEFT,NONE,False,True,9,,,,False,False,False,0,INVALID_BELIEF
dead_end,2,10,5,11,6,1,1,2,LEFT,DOWN,True,True,9,10,1,0.1111111111111111,True,False,False,0,COLLISION
dead_end,2,10,5,12,5,2,0,2,LEFT,NONE,False,True,9,,,,False,False,False,0,INVALID_BELIEF
dead_end,2,11,5,9,5,-2,0,2,LEFT,UP,True,True,10,11,1,0.1,True,False,False,0,COLLISION
dead_end,2,11,5,10,4,-1,-1,2,LEFT,NONE,False,True,10,,,,False,False,False,0,INVALID_BELIEF
dead_end,2,11,5,10,6,-1,1,2,LEFT,NONE,False,True,10,,,,False,False,False,0,INVALID_BELIEF
dead_end,2,11,5,11,3,0,-2,2,LEFT,RIGHT,True,True,10,11,1,0.1,True,False,False,0,COLLISION
dead_end,2,11,5,11,7,0,2,2,LEFT,RIGHT,True,True,10,11,1,0.1,True,False,False,0,COLLISION
dead_end,2,11,5,12,4,1,-1,2,LEFT,NONE,False,True,10,,,,False,False,False,0,INVALID_BELIEF
dead_end,2,11,5,12,6,1,1,2,LEFT,NONE,False,True,10,,,,False,False,False,0,INVALID_BELIEF
dead_end,2,11,5,13,5,2,0,2,LEFT,UP,True,True,10,11,1,0.1,True,False,False,0,COLLISION
dead_end,2,13,5,11,5,-2,0,2,UP,LEFT,True,True,4,5,1,0.25,True,False,False,0,COLLISION
dead_end,2,13,5,12,4,-1,-1,2,UP,NONE,False,True,4,,,,False,False,False,0,INVALID_BELIEF
dead_end,2,13,5,12,6,-1,1,2,UP,NONE,False,True,4,,,,False,False,False,0,INVALID_BELIEF
dead_end,2,13,5,13,3,0,-2,2,UP,UP,True,False,4,4,0,0.0,False,False,True,0,ADEQUATE
dead_end,2,13,5,13,7,0,2,2,UP,UP,True,False,4,4,0,0.0,False,False,True,0,ADEQUATE
dead_end,2,13,5,14,4,1,-1,2,UP,NONE,False,True,4,,,,False,False,False,0,INVALID_BELIEF
dead_end,2,13,5,14,6,1,1,2,UP,NONE,False,True,4,,,,False,False,False,0,INVALID_BELIEF
dead_end,2,13,5,15,5,2,0,2,UP,NONE,False,True,4,,,,False,False,False,0,INVALID_BELIEF
dead_end,2,1,6,-1,6,-2,0,2,UP,NONE,False,True,17,,,,False,False,False,0,INVALID_BELIEF
dead_end,2,1,6,0,5,-1,-1,2,UP,NONE,False,True,17,,,,False,False,False,0,INVALID_BELIEF
dead_end,2,1,6,0,7,-1,1,2,UP,NONE,False,True,17,,,,False,False,False,0,INVALID_BELIEF
dead_end,2,1,6,1,4,0,-2,2,UP,UP,True,False,17,17,0,0.0,False,False,True,0,ADEQUATE
dead_end,2,1,6,1,8,0,2,2,UP,NONE,False,True,17,,,,False,False,False,0,INVALID_BELIEF
dead_end,2,1,6,2,5,1,-1,2,UP,NONE,False,True,17,,,,False,False,False,0,INVALID_BELIEF
dead_end,2,1,6,2,7,1,1,2,UP,RIGHT,True,True,17,18,1,0.058823529411764705,True,False,False,0,COLLISION
dead_end,2,1,6,3,6,2,0,2,UP,DOWN,True,True,17,19,2,0.11764705882352941,False,False,False,0,INADEQUATE
dead_end,2,3,6,1,6,-2,0,2,DOWN,UP,True,True,17,19,2,0.11764705882352941,False,False,False,0,INADEQUATE
dead_end,2,3,6,2,5,-1,-1,2,DOWN,NONE,False,True,17,,,,False,False,False,0,INVALID_BELIEF
dead_end,2,3,6,2,7,-1,1,2,DOWN,RIGHT,True,True,17,18,1,0.058823529411764705,True,False,False,0,COLLISION
dead_end,2,3,6,3,4,0,-2,2,DOWN,NONE,False,True,17,,,,False,False,False,0,INVALID_BELIEF
dead_end,2,3,6,3,8,0,2,2,DOWN,NONE,False,True,17,,,,False,False,False,0,INVALID_BELIEF
dead_end,2,3,6,4,5,1,-1,2,DOWN,LEFT,True,True,17,18,1,0.058823529411764705,True,False,False,0,COLLISION
dead_end,2,3,6,4,7,1,1,2,DOWN,RIGHT,True,True,17,18,1,0.058823529411764705,True,False,False,0,COLLISION
dead_end,2,3,6,5,6,2,0,2,DOWN,NONE,False,True,17,,,,False,False,False,0,INVALID_BELIEF
dead_end,2,7,6,5,6,-2,0,2,UP,NONE,False,True,11,,,,False,False,False,0,INVALID_BELIEF
dead_end,2,7,6,6,5,-1,-1,2,UP,NONE,False,True,11,,,,False,False,False,0,INVALID_BELIEF
dead_end,2,7,6,6,7,-1,1,2,UP,RIGHT,True,True,11,12,1,0.09090909090909091,True,False,False,0,COLLISION
dead_end,2,7,6,7,4,0,-2,2,UP,UP,True,False,11,11,0,0.0,False,False,True,0,ADEQUATE
dead_end,2,7,6,7,8,0,2,2,UP,NONE,False,True,11,,,,False,False,False,0,INVALID_BELIEF
dead_end,2,7,6,8,5,1,-1,2,UP,NONE,False,True,11,,,,False,False,False,0,INVALID_BELIEF
dead_end,2,7,6,8,7,1,1,2,UP,RIGHT,True,True,11,12,1,0.09090909090909091,True,False,False,0,COLLISION
dead_end,2,7,6,9,6,2,0,2,UP,NONE,False,True,11,,,,False,False,False,0,INVALID_BELIEF
dead_end,2,11,6,9,6,-2,0,2,DOWN,NONE,False,True,9,,,,False,False,False,0,INVALID_BELIEF
dead_end,2,11,6,10,5,-1,-1,2,DOWN,LEFT,True,True,9,10,1,0.1111111111111111,True,False,False,0,COLLISION
dead_end,2,11,6,10,7,-1,1,2,DOWN,RIGHT,True,True,9,10,1,0.1111111111111111,True,False,False,0,COLLISION
dead_end,2,11,6,11,4,0,-2,2,DOWN,NONE,False,True,9,,,,False,False,False,0,INVALID_BELIEF
dead_end,2,11,6,11,8,0,2,2,DOWN,NONE,False,True,9,,,,False,False,False,0,INVALID_BELIEF
dead_end,2,11,6,12,5,1,-1,2,DOWN,NONE,False,True,9,,,,False,False,False,0,INVALID_BELIEF
dead_end,2,11,6,12,7,1,1,2,DOWN,RIGHT,True,True,9,10,1,0.1111111111111111,True,False,False,0,COLLISION
dead_end,2,11,6,13,6,2,0,2,DOWN,UP,True,True,9,11,2,0.2222222222222222,False,False,False,0,INADEQUATE
dead_end,2,13,6,11,6,-2,0,2,UP,DOWN,True,True,5,7,2,0.4,False,False,False,0,INADEQUATE
dead_end,2,13,6,12,5,-1,-1,2,UP,NONE,False,True,5,,,,False,False,False,0,INVALID_BELIEF
dead_end,2,13,6,12,7,-1,1,2,UP,RIGHT,True,True,5,6,1,0.2,True,False,False,0,COLLISION
dead_end,2,13,6,13,4,0,-2,2,UP,UP,True,False,5,5,0,0.0,False,False,True,0,ADEQUATE
dead_end,2,13,6,13,8,0,2,2,UP,NONE,False,True,5,,,,False,False,False,0,INVALID_BELIEF
dead_end,2,13,6,14,5,1,-1,2,UP,NONE,False,True,5,,,,False,False,False,0,INVALID_BELIEF
dead_end,2,13,6,14,7,1,1,2,UP,NONE,False,True,5,,,,False,False,False,0,INVALID_BELIEF
dead_end,2,13,6,15,6,2,0,2,UP,NONE,False,True,5,,,,False,False,False,0,INVALID_BELIEF
dead_end,2,1,7,-1,7,-2,0,2,UP,NONE,False,True,18,,,,False,False,False,0,INVALID_BELIEF
dead_end,2,1,7,0,6,-1,-1,2,UP,NONE,False,True,18,,,,False,False,False,0,INVALID_BELIEF
dead_end,2,1,7,0,8,-1,1,2,UP,NONE,False,True,18,,,,False,False,False,0,INVALID_BELIEF
dead_end,2,1,7,1,5,0,-2,2,UP,UP,True,False,18,18,0,0.0,False,False,True,0,ADEQUATE
dead_end,2,1,7,1,9,0,2,2,UP,NONE,False,True,18,,,,False,False,False,0,INVALID_BELIEF
dead_end,2,1,7,2,6,1,-1,2,UP,NONE,False,True,18,,,,False,False,False,0,INVALID_BELIEF
dead_end,2,1,7,2,8,1,1,2,UP,NONE,False,True,18,,,,False,False,False,0,INVALID_BELIEF
dead_end,2,1,7,3,7,2,0,2,UP,RIGHT,True,True,18,18,0,0.0,False,False,True,0,ADEQUATE
dead_end,2,2,7,0,7,-2,0,2,RIGHT,NONE,False,True,17,,,,False,False,False,0,INVALID_BELIEF
dead_end,2,2,7,1,6,-1,-1,2,RIGHT,UP,True,True,17,18,1,0.058823529411764705,True,False,False,0,COLLISION
dead_end,2,2,7,1,8,-1,1,2,RIGHT,NONE,False,True,17,,,,False,False,False,0,INVALID_BELIEF
dead_end,2,2,7,2,5,0,-2,2,RIGHT,NONE,False,True,17,,,,False,False,False,0,INVALID_BELIEF
dead_end,2,2,7,2,9,0,2,2,RIGHT,NONE,False,True,17,,,,False,False,False,0,INVALID_BELIEF
dead_end,2,2,7,3,6,1,-1,2,RIGHT,DOWN,True,True,17,18,1,0.058823529411764705,True,False,False,0,COLLISION
dead_end,2,2,7,3,8,1,1,2,RIGHT,NONE,False,True,17,,,,False,False,False,0,INVALID_BELIEF
dead_end,2,2,7,4,7,2,0,2,RIGHT,RIGHT,True,False,17,17,0,0.0,False,False,True,0,ADEQUATE
dead_end,2,3,7,1,7,-2,0,2,RIGHT,UP,True,True,16,18,2,0.125,False,False,False,0,INADEQUATE
dead_end,2,3,7,2,6,-1,-1,2,RIGHT,NONE,False,True,16,,,,False,False,False,0,INVALID_BELIEF
dead_end,2,3,7,2,8,-1,1,2,RIGHT,NONE,False,True,16,,,,False,False,False,0,INVALID_BELIEF
dead_end,2,3,7,3,5,0,-2,2,RIGHT,DOWN,True,True,16,17,1,0.0625,True,False,False,0,COLLISION
dead_end,2,3,7,3,9,0,2,2,RIGHT,NONE,False,True,16,,,,False,False,False,0,INVALID_BELIEF
dead_end,2,3,7,4,6,1,-1,2,RIGHT,NONE,False,True,16,,,,False,False,False,0,INVALID_BELIEF
dead_end,2,3,7,4,8,1,1,2,RIGHT,NONE,False,True,16,,,,False,False,False,0,INVALID_BELIEF
dead_end,2,3,7,5,7,2,0,2,RIGHT,RIGHT,True,False,16,16,0,0.0,False,False,True,0,ADEQUATE
dead_end,2,4,7,2,7,-2,0,2,RIGHT,RIGHT,True,False,15,15,0,0.0,False,False,True,0,ADEQUATE
dead_end,2,4,7,3,6,-1,-1,2,RIGHT,DOWN,True,True,15,16,1,0.06666666666666667,True,False,False,0,COLLISION
dead_end,2,4,7,3,8,-1,1,2,RIGHT,NONE,False,True,15,,,,False,False,False,0,INVALID_BELIEF
dead_end,2,4,7,4,5,0,-2,2,RIGHT,LEFT,True,True,15,17,2,0.13333333333333333,False,False,False,0,INADEQUATE
dead_end,2,4,7,4,9,0,2,2,RIGHT,NONE,False,True,15,,,,False,False,False,0,INVALID_BELIEF
dead_end,2,4,7,5,6,1,-1,2,RIGHT,NONE,False,True,15,,,,False,False,False,0,INVALID_BELIEF
dead_end,2,4,7,5,8,1,1,2,RIGHT,NONE,False,True,15,,,,False,False,False,0,INVALID_BELIEF
dead_end,2,4,7,6,7,2,0,2,RIGHT,RIGHT,True,False,15,15,0,0.0,False,False,True,0,ADEQUATE
dead_end,2,5,7,3,7,-2,0,2,RIGHT,RIGHT,True,False,14,14,0,0.0,False,False,True,0,ADEQUATE
dead_end,2,5,7,4,6,-1,-1,2,RIGHT,NONE,False,True,14,,,,False,False,False,0,INVALID_BELIEF
dead_end,2,5,7,4,8,-1,1,2,RIGHT,NONE,False,True,14,,,,False,False,False,0,INVALID_BELIEF
dead_end,2,5,7,5,5,0,-2,2,RIGHT,UP,True,True,14,15,1,0.07142857142857142,True,False,False,0,COLLISION
dead_end,2,5,7,5,9,0,2,2,RIGHT,NONE,False,True,14,,,,False,False,False,0,INVALID_BELIEF
dead_end,2,5,7,6,6,1,-1,2,RIGHT,NONE,False,True,14,,,,False,False,False,0,INVALID_BELIEF
dead_end,2,5,7,6,8,1,1,2,RIGHT,NONE,False,True,14,,,,False,False,False,0,INVALID_BELIEF
dead_end,2,5,7,7,7,2,0,2,RIGHT,UP,True,True,14,15,1,0.07142857142857142,True,False,False,0,COLLISION
dead_end,2,6,7,4,7,-2,0,2,RIGHT,RIGHT,True,False,13,13,0,0.0,False,False,True,0,ADEQUATE
dead_end,2,6,7,5,6,-1,-1,2,RIGHT,NONE,False,True,13,,,,False,False,False,0,INVALID_BELIEF
dead_end,2,6,7,5,8,-1,1,2,RIGHT,NONE,False,True,13,,,,False,False,False,0,INVALID_BELIEF
dead_end,2,6,7,6,5,0,-2,2,RIGHT,NONE,False,True,13,,,,False,False,False,0,INVALID_BELIEF
dead_end,2,6,7,6,9,0,2,2,RIGHT,NONE,False,True,13,,,,False,False,False,0,INVALID_BELIEF
dead_end,2,6,7,7,6,1,-1,2,RIGHT,UP,True,True,13,14,1,0.07692307692307693,True,False,False,0,COLLISION
dead_end,2,6,7,7,8,1,1,2,RIGHT,NONE,False,True,13,,,,False,False,False,0,INVALID_BELIEF
dead_end,2,6,7,8,7,2,0,2,RIGHT,RIGHT,True,False,13,13,0,0.0,False,False,True,0,ADEQUATE
dead_end,2,7,7,5,7,-2,0,2,UP,RIGHT,True,True,12,12,0,0.0,False,False,True,0,ADEQUATE
dead_end,2,7,7,6,6,-1,-1,2,UP,NONE,False,True,12,,,,False,False,False,0,INVALID_BELIEF
dead_end,2,7,7,6,8,-1,1,2,UP,NONE,False,True,12,,,,False,False,False,0,INVALID_BELIEF
dead_end,2,7,7,7,5,0,-2,2,UP,UP,True,False,12,12,0,0.0,False,False,True,0,ADEQUATE
dead_end,2,7,7,7,9,0,2,2,UP,NONE,False,True,12,,,,False,False,False,0,INVALID_BELIEF
dead_end,2,7,7,8,6,1,-1,2,UP,NONE,False,True,12,,,,False,False,False,0,INVALID_BELIEF
dead_end,2,7,7,8,8,1,1,2,UP,NONE,False,True,12,,,,False,False,False,0,INVALID_BELIEF
dead_end,2,7,7,9,7,2,0,2,UP,RIGHT,True,True,12,12,0,0.0,False,False,True,0,ADEQUATE
dead_end,2,8,7,6,7,-2,0,2,RIGHT,RIGHT,True,False,11,11,0,0.0,False,False,True,0,ADEQUATE
dead_end,2,8,7,7,6,-1,-1,2,RIGHT,UP,True,True,11,12,1,0.09090909090909091,True,False,False,0,COLLISION
dead_end,2,8,7,7,8,-1,1,2,RIGHT,NONE,False,True,11,,,,False,False,False,0,INVALID_BELIEF
dead_end,2,8,7,8,5,0,-2,2,RIGHT,NONE,False,True,11,,,,False,False,False,0,INVALID_BELIEF
dead_end,2,8,7,8,9,0,2,2,RIGHT,NONE,False,True,11,,,,False,False,False,0,INVALID_BELIEF
dead_end,2,8,7,9,6,1,-1,2,RIGHT,NONE,False,True,11,,,,False,False,False,0,INVALID_BELIEF
dead_end,2,8,7,9,8,1,1,2,RIGHT,NONE,False,True,11,,,,False,False,False,0,INVALID_BELIEF
dead_end,2,8,7,10,7,2,0,2,RIGHT,RIGHT,True,False,11,11,0,0.0,False,False,True,0,ADEQUATE
dead_end,2,9,7,7,7,-2,0,2,RIGHT,UP,True,True,10,11,1,0.1,True,False,False,0,COLLISION
dead_end,2,9,7,8,6,-1,-1,2,RIGHT,NONE,False,True,10,,,,False,False,False,0,INVALID_BELIEF
dead_end,2,9,7,8,8,-1,1,2,RIGHT,NONE,False,True,10,,,,False,False,False,0,INVALID_BELIEF
dead_end,2,9,7,9,5,0,-2,2,RIGHT,UP,True,True,10,11,1,0.1,True,False,False,0,COLLISION
dead_end,2,9,7,9,9,0,2,2,RIGHT,NONE,False,True,10,,,,False,False,False,0,INVALID_BELIEF
dead_end,2,9,7,10,6,1,-1,2,RIGHT,NONE,False,True,10,,,,False,False,False,0,INVALID_BELIEF
dead_end,2,9,7,10,8,1,1,2,RIGHT,NONE,False,True,10,,,,False,False,False,0,INVALID_BELIEF
dead_end,2,9,7,11,7,2,0,2,RIGHT,RIGHT,True,False,10,10,0,0.0,False,False,True,0,ADEQUATE
dead_end,2,10,7,8,7,-2,0,2,RIGHT,RIGHT,True,False,9,9,0,0.0,False,False,True,0,ADEQUATE
dead_end,2,10,7,9,6,-1,-1,2,RIGHT,NONE,False,True,9,,,,False,False,False,0,INVALID_BELIEF
dead_end,2,10,7,9,8,-1,1,2,RIGHT,NONE,False,True,9,,,,False,False,False,0,INVALID_BELIEF
dead_end,2,10,7,10,5,0,-2,2,RIGHT,LEFT,True,True,9,11,2,0.2222222222222222,False,False,False,0,INADEQUATE
dead_end,2,10,7,10,9,0,2,2,RIGHT,NONE,False,True,9,,,,False,False,False,0,INVALID_BELIEF
dead_end,2,10,7,11,6,1,-1,2,RIGHT,DOWN,True,True,9,10,1,0.1111111111111111,True,False,False,0,COLLISION
dead_end,2,10,7,11,8,1,1,2,RIGHT,NONE,False,True,9,,,,False,False,False,0,INVALID_BELIEF
dead_end,2,10,7,12,7,2,0,2,RIGHT,RIGHT,True,False,9,9,0,0.0,False,False,True,0,ADEQUATE
dead_end,2,11,7,9,7,-2,0,2,RIGHT,RIGHT,True,False,8,8,0,0.0,False,False,True,0,ADEQUATE
dead_end,2,11,7,10,6,-1,-1,2,RIGHT,NONE,False,True,8,,,,False,False,False,0,INVALID_BELIEF
dead_end,2,11,7,10,8,-1,1,2,RIGHT,NONE,False,True,8,,,,False,False,False,0,INVALID_BELIEF
dead_end,2,11,7,11,5,0,-2,2,RIGHT,LEFT,True,True,8,10,2,0.25,False,False,False,0,INADEQUATE
dead_end,2,11,7,11,9,0,2,2,RIGHT,NONE,False,True,8,,,,False,False,False,0,INVALID_BELIEF
dead_end,2,11,7,12,6,1,-1,2,RIGHT,NONE,False,True,8,,,,False,False,False,0,INVALID_BELIEF
dead_end,2,11,7,12,8,1,1,2,RIGHT,NONE,False,True,8,,,,False,False,False,0,INVALID_BELIEF
dead_end,2,11,7,13,7,2,0,2,RIGHT,UP,True,True,8,10,2,0.25,False,False,False,0,INADEQUATE
dead_end,2,12,7,10,7,-2,0,2,RIGHT,RIGHT,True,False,7,7,0,0.0,False,False,True,0,ADEQUATE
dead_end,2,12,7,11,6,-1,-1,2,RIGHT,DOWN,True,True,7,8,1,0.14285714285714285,True,False,False,0,COLLISION
dead_end,2,12,7,11,8,-1,1,2,RIGHT,NONE,False,True,7,,,,False,False,False,0,INVALID_BELIEF
dead_end,2,12,7,12,5,0,-2,2,RIGHT,NONE,False,True,7,,,,False,False,False,0,INVALID_BELIEF
dead_end,2,12,7,12,9,0,2,2,RIGHT,NONE,False,True,7,,,,False,False,False,0,INVALID_BELIEF
dead_end,2,12,7,13,6,1,-1,2,RIGHT,UP,True,True,7,8,1,0.14285714285714285,True,False,False,0,COLLISION
dead_end,2,12,7,13,8,1,1,2,RIGHT,NONE,False,True,7,,,,False,False,False,0,INVALID_BELIEF
dead_end,2,12,7,14,7,2,0,2,RIGHT,NONE,False,True,7,,,,False,False,False,0,INVALID_BELIEF
dead_end,2,13,7,11,7,-2,0,2,UP,RIGHT,True,True,6,7,1,0.16666666666666666,True,False,False,0,COLLISION
dead_end,2,13,7,12,6,-1,-1,2,UP,NONE,False,True,6,,,,False,False,False,0,INVALID_BELIEF
dead_end,2,13,7,12,8,-1,1,2,UP,NONE,False,True,6,,,,False,False,False,0,INVALID_BELIEF
dead_end,2,13,7,13,5,0,-2,2,UP,UP,True,False,6,6,0,0.0,False,False,True,0,ADEQUATE
dead_end,2,13,7,13,9,0,2,2,UP,NONE,False,True,6,,,,False,False,False,0,INVALID_BELIEF
dead_end,2,13,7,14,6,1,-1,2,UP,NONE,False,True,6,,,,False,False,False,0,INVALID_BELIEF
dead_end,2,13,7,14,8,1,1,2,UP,NONE,False,True,6,,,,False,False,False,0,INVALID_BELIEF
dead_end,2,13,7,15,7,2,0,2,UP,NONE,False,True,6,,,,False,False,False,0,INVALID_BELIEF
dead_end,3,1,1,-2,1,-3,0,3,RIGHT,NONE,False,True,12,,,,False,False,False,0,INVALID_BELIEF
dead_end,3,1,1,-1,0,-2,-1,3,RIGHT,NONE,False,True,12,,,,False,False,False,0,INVALID_BELIEF
dead_end,3,1,1,-1,2,-2,1,3,RIGHT,NONE,False,True,12,,,,False,False,False,0,INVALID_BELIEF
dead_end,3,1,1,0,-1,-1,-2,3,RIGHT,NONE,False,True,12,,,,False,False,False,0,INVALID_BELIEF
dead_end,3,1,1,0,3,-1,2,3,RIGHT,NONE,False,True,12,,,,False,False,False,0,INVALID_BELIEF
dead_end,3,1,1,1,-2,0,-3,3,RIGHT,NONE,False,True,12,,,,False,False,False,0,INVALID_BELIEF
dead_end,3,1,1,1,4,0,3,3,RIGHT,UP,True,True,12,13,1,0.08333333333333333,True,False,False,0,COLLISION
dead_end,3,1,1,2,-1,1,-2,3,RIGHT,NONE,False,True,12,,,,False,False,False,0,INVALID_BELIEF
dead_end,3,1,1,2,3,1,2,3,RIGHT,LEFT,True,True,12,13,1,0.08333333333333333,True,False,False,0,COLLISION
dead_end,3,1,1,3,0,2,-1,3,RIGHT,NONE,False,True,12,,,,False,False,False,0,INVALID_BELIEF
dead_end,3,1,1,3,2,2,1,3,RIGHT,NONE,False,True,12,,,,False,False,False,0,INVALID_BELIEF
dead_end,3,1,1,4,1,3,0,3,RIGHT,RIGHT,True,False,12,12,0,0.0,False,False,True,0,ADEQUATE
dead_end,3,2,1,-1,1,-3,0,3,RIGHT,NONE,False,True,11,,,,False,False,False,0,INVALID_BELIEF
dead_end,3,2,1,0,0,-2,-1,3,RIGHT,NONE,False,True,11,,,,False,False,False,0,INVALID_BELIEF
dead_end,3,2,1,0,2,-2,1,3,RIGHT,NONE,False,True,11,,,,False,False,False,0,INVALID_BELIEF
dead_end,3,2,1,1,-1,-1,-2,3,RIGHT,NONE,False,True,11,,,,False,False,False,0,INVALID_BELIEF
dead_end,3,2,1,1,3,-1,2,3,RIGHT,UP,True,True,11,12,1,0.09090909090909091,True,False,False,0,COLLISION
dead_end,3,2,1,2,-2,0,-3,3,RIGHT,NONE,False,True,11,,,,False,False,False,0,INVALID_BELIEF
dead_end,3,2,1,2,4,0,3,3,RIGHT,NONE,False,True,11,,,,False,False,False,0,INVALID_BELIEF
dead_end,3,2,1,3,-1,1,-2,3,RIGHT,NONE,False,True,11,,,,False,False,False,0,INVALID_BELIEF
dead_end,3,2,1,3,3,1,2,3,RIGHT,LEFT,True,True,11,13,2,0.18181818181818182,False,False,False,0,INADEQUATE
dead_end,3,2,1,4,0,2,-1,3,RIGHT,NONE,False,True,11,,,,False,False,False,0,INVALID_BELIEF
dead_end,3,2,1,4,2,2,1,3,RIGHT,NONE,False,True,11,,,,False,False,False,0,INVALID_BELIEF
dead_end,3,2,1,5,1,3,0,3,RIGHT,RIGHT,True,False,11,11,0,0.0,False,False,True,0,ADEQUATE
dead_end,3,3,1,0,1,-3,0,3,RIGHT,NONE,False,True,10,,,,False,False,False,0,INVALID_BELIEF
dead_end,3,3,1,1,0,-2,-1,3,RIGHT,NONE,False,True,10,,,,False,False,False,0,INVALID_BELIEF
dead_end,3,3,1,1,2,-2,1,3,RIGHT,UP,True,True,10,11,1,0.1,True,False,False,0,COLLISION
dead_end,3,3,1,2,-1,-1,-2,3,RIGHT,NONE,False,True,10,,,,False,False,False,0,INVALID_BELIEF
dead_end,3,3,1,2,3,-1,2,3,RIGHT,LEFT,True,True,10,12,2,0.2,False,False,False,0,INADEQUATE
dead_end,3,3,1,3,-2,0,-3,3,RIGHT,NONE,False,True,10,,,,False,False,False,0,INVALID_BELIEF
dead_end,3,3,1,3,4,0,3,3,RIGHT,NONE,False,True,10,,,,False,False,False,0,INVALID_BELIEF
dead_end,3,3,1,4,-1,1,-2,3,RIGHT,NONE,False,True,10,,,,False,False,False,0,INVALID_BELIEF
dead_end,3,3,1,4,3,1,2,3,RIGHT,LEFT,True,True,10,12,2,0.2,False,False,False,0,INADEQUATE
dead_end,3,3,1,5,0,2,-1,3,RIGHT,NONE,False,True,10,,,,False,False,False,0,INVALID_BELIEF
dead_end,3,3,1,5,2,2,1,3,RIGHT,NONE,False,True,10,,,,False,False,False,0,INVALID_BELIEF
dead_end,3,3,1,6,1,3,0,3,RIGHT,RIGHT,True,False,10,10,0,0.0,False,False,True,0,ADEQUATE
dead_end,3,4,1,1,1,-3,0,3,RIGHT,RIGHT,True,False,9,9,0,0.0,False,False,True,0,ADEQUATE
dead_end,3,4,1,2,0,-2,-1,3,RIGHT,NONE,False,True,9,,,,False,False,False,0,INVALID_BELIEF
dead_end,3,4,1,2,2,-2,1,3,RIGHT,NONE,False,True,9,,,,False,False,False,0,INVALID_BELIEF
dead_end,3,4,1,3,-1,-1,-2,3,RIGHT,NONE,False,True,9,,,,False,False,False,0,INVALID_BELIEF
dead_end,3,4,1,3,3,-1,2,3,RIGHT,LEFT,True,True,9,11,2,0.2222222222222222,False,False,False,0,INADEQUATE
dead_end,3,4,1,4,-2,0,-3,3,RIGHT,NONE,False,True,9,,,,False,False,False,0,INVALID_BELIEF
dead_end,3,4,1,4,4,0,3,3,RIGHT,NONE,False,True,9,,,,False,False,False,0,INVALID_BELIEF
dead_end,3,4,1,5,-1,1,-2,3,RIGHT,NONE,False,True,9,,,,False,False,False,0,INVALID_BELIEF
dead_end,3,4,1,5,3,1,2,3,RIGHT,LEFT,True,True,9,11,2,0.2222222222222222,False,False,False,0,INADEQUATE
dead_end,3,4,1,6,0,2,-1,3,RIGHT,NONE,False,True,9,,,,False,False,False,0,INVALID_BELIEF
dead_end,3,4,1,6,2,2,1,3,RIGHT,NONE,False,True,9,,,,False,False,False,0,INVALID_BELIEF
dead_end,3,4,1,7,1,3,0,3,RIGHT,RIGHT,True,False,9,9,0,0.0,False,False,True,0,ADEQUATE
dead_end,3,5,1,2,1,-3,0,3,RIGHT,RIGHT,True,False,8,8,0,0.0,False,False,True,0,ADEQUATE
dead_end,3,5,1,3,0,-2,-1,3,RIGHT,NONE,False,True,8,,,,False,False,False,0,INVALID_BELIEF
dead_end,3,5,1,3,2,-2,1,3,RIGHT,NONE,False,True,8,,,,False,False,False,0,INVALID_BELIEF
dead_end,3,5,1,4,-1,-1,-2,3,RIGHT,NONE,False,True,8,,,,False,False,False,0,INVALID_BELIEF
dead_end,3,5,1,4,3,-1,2,3,RIGHT,LEFT,True,True,8,10,2,0.25,False,False,False,0,INADEQUATE
dead_end,3,5,1,5,-2,0,-3,3,RIGHT,NONE,False,True,8,,,,False,False,False,0,INVALID_BELIEF
dead_end,3,5,1,5,4,0,3,3,RIGHT,UP,True,True,8,9,1,0.125,True,False,False,0,COLLISION
dead_end,3,5,1,6,-1,1,-2,3,RIGHT,NONE,False,True,8,,,,False,False,False,0,INVALID_BELIEF
dead_end,3,5,1,6,3,1,2,3,RIGHT,NONE,False,True,8,,,,False,False,False,0,INVALID_BELIEF
dead_end,3,5,1,7,0,2,-1,3,RIGHT,NONE,False,True,8,,,,False,False,False,0,INVALID_BELIEF
dead_end,3,5,1,7,2,2,1,3,RIGHT,UP,True,True,8,9,1,0.125,True,False,False,0,COLLISION
dead_end,3,5,1,8,1,3,0,3,RIGHT,RIGHT,True,False,8,8,0,0.0,False,False,True,0,ADEQUATE
dead_end,3,6,1,3,1,-3,0,3,RIGHT,RIGHT,True,False,7,7,0,0.0,False,False,True,0,ADEQUATE
dead_end,3,6,1,4,0,-2,-1,3,RIGHT,NONE,False,True,7,,,,False,False,False,0,INVALID_BELIEF
dead_end,3,6,1,4,2,-2,1,3,RIGHT,NONE,False,True,7,,,,False,False,False,0,INVALID_BELIEF
dead_end,3,6,1,5,-1,-1,-2,3,RIGHT,NONE,False,True,7,,,,False,False,False,0,INVALID_BELIEF
dead_end,3,6,1,5,3,-1,2,3,RIGHT,LEFT,True,True,7,9,2,0.2857142857142857,False,False,False,0,INADEQUATE
dead_end,3,6,1,6,-2,0,-3,3,RIGHT,NONE,False,True,7,,,,False,False,False,0,INVALID_BELIEF
dead_end,3,6,1,6,4,0,3,3,RIGHT,NONE,False,True,7,,,,False,False,False,0,INVALID_BELIEF
dead_end,3,6,1,7,-1,1,-2,3,RIGHT,NONE,False,True,7,,,,False,False,False,0,INVALID_BELIEF
dead_end,3,6,1,7,3,1,2,3,RIGHT,UP,True,True,7,8,1,0.14285714285714285,True,False,False,0,COLLISION
dead_end,3,6,1,8,0,2,-1,3,RIGHT,NONE,False,True,7,,,,False,False,False,0,INVALID_BELIEF
dead_end,3,6,1,8,2,2,1,3,RIGHT,NONE,False,True,7,,,,False,False,False,0,INVALID_BELIEF
dead_end,3,6,1,9,1,3,0,3,RIGHT,RIGHT,True,False,7,7,0,0.0,False,False,True,0,ADEQUATE
dead_end,3,7,1,4,1,-3,0,3,RIGHT,RIGHT,True,False,6,6,0,0.0,False,False,True,0,ADEQUATE
dead_end,3,7,1,5,0,-2,-1,3,RIGHT,NONE,False,True,6,,,,False,False,False,0,INVALID_BELIEF
dead_end,3,7,1,5,2,-2,1,3,RIGHT,NONE,False,True,6,,,,False,False,False,0,INVALID_BELIEF
dead_end,3,7,1,6,-1,-1,-2,3,RIGHT,NONE,False,True,6,,,,False,False,False,0,INVALID_BELIEF
dead_end,3,7,1,6,3,-1,2,3,RIGHT,NONE,False,True,6,,,,False,False,False,0,INVALID_BELIEF
dead_end,3,7,1,7,-2,0,-3,3,RIGHT,NONE,False,True,6,,,,False,False,False,0,INVALID_BELIEF
dead_end,3,7,1,7,4,0,3,3,RIGHT,UP,True,True,6,7,1,0.16666666666666666,True,False,False,0,COLLISION
dead_end,3,7,1,8,-1,1,-2,3,RIGHT,NONE,False,True,6,,,,False,False,False,0,INVALID_BELIEF
dead_end,3,7,1,8,3,1,2,3,RIGHT,NONE,False,True,6,,,,False,False,False,0,INVALID_BELIEF
dead_end,3,7,1,9,0,2,-1,3,RIGHT,NONE,False,True,6,,,,False,False,False,0,INVALID_BELIEF
dead_end,3,7,1,9,2,2,1,3,RIGHT,NONE,False,True,6,,,,False,False,False,0,INVALID_BELIEF
dead_end,3,7,1,10,1,3,0,3,RIGHT,RIGHT,True,False,6,6,0,0.0,False,False,True,0,ADEQUATE
dead_end,3,8,1,5,1,-3,0,3,RIGHT,RIGHT,True,False,5,5,0,0.0,False,False,True,0,ADEQUATE
dead_end,3,8,1,6,0,-2,-1,3,RIGHT,NONE,False,True,5,,,,False,False,False,0,INVALID_BELIEF
dead_end,3,8,1,6,2,-2,1,3,RIGHT,NONE,False,True,5,,,,False,False,False,0,INVALID_BELIEF
dead_end,3,8,1,7,-1,-1,-2,3,RIGHT,NONE,False,True,5,,,,False,False,False,0,INVALID_BELIEF
dead_end,3,8,1,7,3,-1,2,3,RIGHT,UP,True,True,5,6,1,0.2,True,False,False,0,COLLISION
dead_end,3,8,1,8,-2,0,-3,3,RIGHT,NONE,False,True,5,,,,False,False,False,0,INVALID_BELIEF
dead_end,3,8,1,8,4,0,3,3,RIGHT,NONE,False,True,5,,,,False,False,False,0,INVALID_BELIEF
dead_end,3,8,1,9,-1,1,-2,3,RIGHT,NONE,False,True,5,,,,False,False,False,0,INVALID_BELIEF
dead_end,3,8,1,9,3,1,2,3,RIGHT,RIGHT,True,False,5,5,0,0.0,False,False,True,0,ADEQUATE
dead_end,3,8,1,10,0,2,-1,3,RIGHT,NONE,False,True,5,,,,False,False,False,0,INVALID_BELIEF
dead_end,3,8,1,10,2,2,1,3,RIGHT,NONE,False,True,5,,,,False,False,False,0,INVALID_BELIEF
dead_end,3,8,1,11,1,3,0,3,RIGHT,RIGHT,True,False,5,5,0,0.0,False,False,True,0,ADEQUATE
dead_end,3,9,1,6,1,-3,0,3,RIGHT,RIGHT,True,False,4,4,0,0.0,False,False,True,0,ADEQUATE
dead_end,3,9,1,7,0,-2,-1,3,RIGHT,NONE,False,True,4,,,,False,False,False,0,INVALID_BELIEF
dead_end,3,9,1,7,2,-2,1,3,RIGHT,UP,True,True,4,5,1,0.25,True,False,False,0,COLLISION
dead_end,3,9,1,8,-1,-1,-2,3,RIGHT,NONE,False,True,4,,,,False,False,False,0,INVALID_BELIEF
dead_end,3,9,1,8,3,-1,2,3,RIGHT,NONE,False,True,4,,,,False,False,False,0,INVALID_BELIEF
dead_end,3,9,1,9,-2,0,-3,3,RIGHT,NONE,False,True,4,,,,False,False,False,0,INVALID_BELIEF
dead_end,3,9,1,9,4,0,3,3,RIGHT,UP,True,True,4,5,1,0.25,True,False,False,0,COLLISION
dead_end,3,9,1,10,-1,1,-2,3,RIGHT,NONE,False,True,4,,,,False,False,False,0,INVALID_BELIEF
dead_end,3,9,1,10,3,1,2,3,RIGHT,RIGHT,True,False,4,4,0,0.0,False,False,True,0,ADEQUATE
dead_end,3,9,1,11,0,2,-1,3,RIGHT,NONE,False,True,4,,,,False,False,False,0,INVALID_BELIEF
dead_end,3,9,1,11,2,2,1,3,RIGHT,NONE,False,True,4,,,,False,False,False,0,INVALID_BELIEF
dead_end,3,9,1,12,1,3,0,3,RIGHT,RIGHT,True,False,4,4,0,0.0,False,False,True,0,ADEQUATE
dead_end,3,10,1,7,1,-3,0,3,RIGHT,RIGHT,True,False,3,3,0,0.0,False,False,True,0,ADEQUATE
dead_end,3,10,1,8,0,-2,-1,3,RIGHT,NONE,False,True,3,,,,False,False,False,0,INVALID_BELIEF
dead_end,3,10,1,8,2,-2,1,3,RIGHT,NONE,False,True,3,,,,False,False,False,0,INVALID_BELIEF
dead_end,3,10,1,9,-1,-1,-2,3,RIGHT,NONE,False,True,3,,,,False,False,False,0,INVALID_BELIEF
dead_end,3,10,1,9,3,-1,2,3,RIGHT,RIGHT,True,False,3,3,0,0.0,False,False,True,0,ADEQUATE
dead_end,3,10,1,10,-2,0,-3,3,RIGHT,NONE,False,True,3,,,,False,False,False,0,INVALID_BELIEF
dead_end,3,10,1,10,4,0,3,3,RIGHT,NONE,False,True,3,,,,False,False,False,0,INVALID_BELIEF
dead_end,3,10,1,11,-1,1,-2,3,RIGHT,NONE,False,True,3,,,,False,False,False,0,INVALID_BELIEF
dead_end,3,10,1,11,3,1,2,3,RIGHT,RIGHT,True,False,3,3,0,0.0,False,False,True,0,ADEQUATE
dead_end,3,10,1,12,0,2,-1,3,RIGHT,NONE,False,True,3,,,,False,False,False,0,INVALID_BELIEF
dead_end,3,10,1,12,2,2,1,3,RIGHT,NONE,False,True,3,,,,False,False,False,0,INVALID_BELIEF
dead_end,3,10,1,13,1,3,0,3,RIGHT,NONE,True,True,3,,,,False,True,False,0,FALSE_TERMINAL
dead_end,3,11,1,8,1,-3,0,3,RIGHT,RIGHT,True,False,2,2,0,0.0,False,False,True,0,ADEQUATE
dead_end,3,11,1,9,0,-2,-1,3,RIGHT,NONE,False,True,2,,,,False,False,False,0,INVALID_BELIEF
dead_end,3,11,1,9,2,-2,1,3,RIGHT,NONE,False,True,2,,,,False,False,False,0,INVALID_BELIEF
dead_end,3,11,1,10,-1,-1,-2,3,RIGHT,NONE,False,True,2,,,,False,False,False,0,INVALID_BELIEF
dead_end,3,11,1,10,3,-1,2,3,RIGHT,RIGHT,True,False,2,2,0,0.0,False,False,True,0,ADEQUATE
dead_end,3,11,1,11,-2,0,-3,3,RIGHT,NONE,False,True,2,,,,False,False,False,0,INVALID_BELIEF
dead_end,3,11,1,11,4,0,3,3,RIGHT,NONE,False,True,2,,,,False,False,False,0,INVALID_BELIEF
dead_end,3,11,1,12,-1,1,-2,3,RIGHT,NONE,False,True,2,,,,False,False,False,0,INVALID_BELIEF
dead_end,3,11,1,12,3,1,2,3,RIGHT,RIGHT,True,False,2,2,0,0.0,False,False,True,0,ADEQUATE
dead_end,3,11,1,13,0,2,-1,3,RIGHT,NONE,False,True,2,,,,False,False,False,0,INVALID_BELIEF
dead_end,3,11,1,13,2,2,1,3,RIGHT,UP,True,True,2,3,1,0.5,True,False,False,0,COLLISION
dead_end,3,11,1,14,1,3,0,3,RIGHT,NONE,False,True,2,,,,False,False,False,0,INVALID_BELIEF
dead_end,3,12,1,9,1,-3,0,3,RIGHT,RIGHT,True,False,1,1,0,0.0,False,False,True,0,ADEQUATE
dead_end,3,12,1,10,0,-2,-1,3,RIGHT,NONE,False,True,1,,,,False,False,False,0,INVALID_BELIEF
dead_end,3,12,1,10,2,-2,1,3,RIGHT,NONE,False,True,1,,,,False,False,False,0,INVALID_BELIEF
dead_end,3,12,1,11,-1,-1,-2,3,RIGHT,NONE,False,True,1,,,,False,False,False,0,INVALID_BELIEF
dead_end,3,12,1,11,3,-1,2,3,RIGHT,RIGHT,True,False,1,1,0,0.0,False,False,True,0,ADEQUATE
dead_end,3,12,1,12,-2,0,-3,3,RIGHT,NONE,False,True,1,,,,False,False,False,0,INVALID_BELIEF
dead_end,3,12,1,12,4,0,3,3,RIGHT,NONE,False,True,1,,,,False,False,False,0,INVALID_BELIEF
dead_end,3,12,1,13,-1,1,-2,3,RIGHT,NONE,False,True,1,,,,False,False,False,0,INVALID_BELIEF
dead_end,3,12,1,13,3,1,2,3,RIGHT,UP,True,True,1,2,1,1.0,True,False,False,0,COLLISION
dead_end,3,12,1,14,0,2,-1,3,RIGHT,NONE,False,True,1,,,,False,False,False,0,INVALID_BELIEF
dead_end,3,12,1,14,2,2,1,3,RIGHT,NONE,False,True,1,,,,False,False,False,0,INVALID_BELIEF
dead_end,3,12,1,15,1,3,0,3,RIGHT,NONE,False,True,1,,,,False,False,False,0,INVALID_BELIEF
dead_end,3,1,2,-2,2,-3,0,3,UP,NONE,False,True,13,,,,False,False,False,0,INVALID_BELIEF
dead_end,3,1,2,-1,1,-2,-1,3,UP,NONE,False,True,13,,,,False,False,False,0,INVALID_BELIEF
dead_end,3,1,2,-1,3,-2,1,3,UP,NONE,False,True,13,,,,False,False,False,0,INVALID_BELIEF
dead_end,3,1,2,0,0,-1,-2,3,UP,NONE,False,True,13,,,,False,False,False,0,INVALID_BELIEF
dead_end,3,1,2,0,4,-1,2,3,UP,NONE,False,True,13,,,,False,False,False,0,INVALID_BELIEF
dead_end,3,1,2,1,-1,0,-3,3,UP,NONE,False,True,13,,,,False,False,False,0,INVALID_BELIEF
dead_end,3,1,2,1,5,0,3,3,UP,UP,True,False,13,13,0,0.0,False,False,True,0,ADEQUATE
dead_end,3,1,2,2,0,1,-2,3,UP,NONE,False,True,13,,,,False,False,False,0,INVALID_BELIEF
dead_end,3,1,2,2,4,1,2,3,UP,NONE,False,True,13,,,,False,False,False,0,INVALID_BELIEF
dead_end,3,1,2,3,1,2,-1,3,UP,RIGHT,True,True,13,14,1,0.07692307692307693,True,False,False,0,COLLISION
dead_end,3,1,2,3,3,2,1,3,UP,LEFT,True,True,13,14,1,0.07692307692307693,True,False,False,0,COLLISION
dead_end,3,1,2,4,2,3,0,3,UP,NONE,False,True,13,,,,False,False,False,0,INVALID_BELIEF
dead_end,3,7,2,4,2,-3,0,3,UP,NONE,False,True,7,,,,False,False,False,0,INVALID_BELIEF
dead_end,3,7,2,5,1,-2,-1,3,UP,RIGHT,True,True,7,8,1,0.14285714285714285,True,False,False,0,COLLISION
dead_end,3,7,2,5,3,-2,1,3,UP,LEFT,True,True,7,8,1,0.14285714285714285,True,False,False,0,COLLISION
dead_end,3,7,2,6,0,-1,-2,3,UP,NONE,False,True,7,,,,False,False,False,0,INVALID_BELIEF
dead_end,3,7,2,6,4,-1,2,3,UP,NONE,False,True,7,,,,False,False,False,0,INVALID_BELIEF
dead_end,3,7,2,7,-1,0,-3,3,UP,NONE,False,True,7,,,,False,False,False,0,INVALID_BELIEF
dead_end,3,7,2,7,5,0,3,3,UP,UP,True,False,7,7,0,0.0,False,False,True,0,ADEQUATE
dead_end,3,7,2,8,0,1,-2,3,UP,NONE,False,True,7,,,,False,False,False,0,INVALID_BELIEF
dead_end,3,7,2,8,4,1,2,3,UP,NONE,False,True,7,,,,False,False,False,0,INVALID_BELIEF
dead_end,3,7,2,9,1,2,-1,3,UP,RIGHT,True,True,7,8,1,0.14285714285714285,True,False,False,0,COLLISION
dead_end,3,7,2,9,3,2,1,3,UP,RIGHT,True,True,7,8,1,0.14285714285714285,True,False,False,0,COLLISION
dead_end,3,7,2,10,2,3,0,3,UP,NONE,False,True,7,,,,False,False,False,0,INVALID_BELIEF
dead_end,3,13,2,10,2,-3,0,3,UP,NONE,False,True,1,,,,False,False,False,0,INVALID_BELIEF
dead_end,3,13,2,11,1,-2,-1,3,UP,RIGHT,True,True,1,2,1,1.0,True,False,False,0,COLLISION
dead_end,3,13,2,11,3,-2,1,3,UP,RIGHT,True,True,1,2,1,1.0,True,False,False,0,COLLISION
dead_end,3,13,2,12,0,-1,-2,3,UP,NONE,False,True,1,,,,False,False,False,0,INVALID_BELIEF
dead_end,3,13,2,12,4,-1,2,3,UP,NONE,False,True,1,,,,False,False,False,0,INVALID_BELIEF
dead_end,3,13,2,13,-1,0,-3,3,UP,NONE,False,True,1,,,,False,False,False,0,INVALID_BELIEF
dead_end,3,13,2,13,5,0,3,3,UP,UP,True,False,1,1,0,0.0,False,False,True,0,ADEQUATE
dead_end,3,13,2,14,0,1,-2,3,UP,NONE,False,True,1,,,,False,False,False,0,INVALID_BELIEF
dead_end,3,13,2,14,4,1,2,3,UP,NONE,False,True,1,,,,False,False,False,0,INVALID_BELIEF
dead_end,3,13,2,15,1,2,-1,3,UP,NONE,False,True,1,,,,False,False,False,0,INVALID_BELIEF
dead_end,3,13,2,15,3,2,1,3,UP,NONE,False,True,1,,,,False,False,False,0,INVALID_BELIEF
dead_end,3,13,2,16,2,3,0,3,UP,NONE,False,True,1,,,,False,False,False,0,INVALID_BELIEF
dead_end,3,1,3,-2,3,-3,0,3,UP,NONE,False,True,14,,,,False,False,False,0,INVALID_BELIEF
dead_end,3,1,3,-1,2,-2,-1,3,UP,NONE,False,True,14,,,,False,False,False,0,INVALID_BELIEF
dead_end,3,1,3,-1,4,-2,1,3,UP,NONE,False,True,14,,,,False,False,False,0,INVALID_BELIEF
dead_end,3,1,3,0,1,-1,-2,3,UP,NONE,False,True,14,,,,False,False,False,0,INVALID_BELIEF
dead_end,3,1,3,0,5,-1,2,3,UP,NONE,False,True,14,,,,False,False,False,0,INVALID_BELIEF
dead_end,3,1,3,1,0,0,-3,3,UP,NONE,False,True,14,,,,False,False,False,0,INVALID_BELIEF
dead_end,3,1,3,1,6,0,3,3,UP,UP,True,False,14,14,0,0.0,False,False,True,0,ADEQUATE
dead_end,3,1,3,2,1,1,-2,3,UP,RIGHT,True,True,14,16,2,0.14285714285714285,False,False,False,0,INADEQUATE
dead_end,3,1,3,2,5,1,2,3,UP,NONE,False,True,14,,,,False,False,False,0,INVALID_BELIEF
dead_end,3,1,3,3,2,2,-1,3,UP,NONE,False,True,14,,,,False,False,False,0,INVALID_BELIEF
dead_end,3,1,3,3,4,2,1,3,UP,NONE,False,True,14,,,,False,False,False,0,INVALID_BELIEF
dead_end,3,1,3,4,3,3,0,3,UP,LEFT,True,True,14,15,1,0.07142857142857142,True,False,False,0,COLLISION
dead_end,3,2,3,-1,3,-3,0,3,LEFT,NONE,False,True,15,,,,False,False,False,0,INVALID_BELIEF
dead_end,3,2,3,0,2,-2,-1,3,LEFT,NONE,False,True,15,,,,False,False,False,0,INVALID_BELIEF
dead_end,3,2,3,0,4,-2,1,3,LEFT,NONE,False,True,15,,,,False,False,False,0,INVALID_BELIEF
dead_end,3,2,3,1,1,-1,-2,3,LEFT,RIGHT,True,True,15,17,2,0.13333333333333333,False,False,False,0,INADEQUATE
dead_end,3,2,3,1,5,-1,2,3,LEFT,UP,True,True,15,16,1,0.06666666666666667,True,False,False,0,COLLISION
dead_end,3,2,3,2,0,0,-3,3,LEFT,NONE,False,True,15,,,,False,False,False,0,INVALID_BELIEF
dead_end,3,2,3,2,6,0,3,3,LEFT,NONE,False,True,15,,,,False,False,False,0,INVALID_BELIEF
dead_end,3,2,3,3,1,1,-2,3,LEFT,RIGHT,True,True,15,17,2,0.13333333333333333,False,False,False,0,INADEQUATE
dead_end,3,2,3,3,5,1,2,3,LEFT,DOWN,True,True,15,16,1,0.06666666666666667,True,False,False,0,COLLISION
dead_end,3,2,3,4,2,2,-1,3,LEFT,NONE,False,True,15,,,,False,False,False,0,INVALID_BELIEF
dead_end,3,2,3,4,4,2,1,3,LEFT,NONE,False,True,15,,,,False,False,False,0,INVALID_BELIEF
dead_end,3,2,3,5,3,3,0,3,LEFT,LEFT,True,False,15,15,0,0.0,False,False,True,0,ADEQUATE
dead_end,3,3,3,0,3,-3,0,3,LEFT,NONE,False,True,16,,,,False,False,False,0,INVALID_BELIEF
dead_end,3,3,3,1,2,-2,-1,3,LEFT,UP,True,True,16,17,1,0.0625,True,False,False,0,COLLISION
dead_end,3,3,3,1,4,-2,1,3,LEFT,UP,True,True,16,17,1,0.0625,True,False,False,0,COLLISION
dead_end,3,3,3,2,1,-1,-2,3,LEFT,RIGHT,True,True,16,18,2,0.125,False,False,False,0,INADEQUATE
dead_end,3,3,3,2,5,-1,2,3,LEFT,NONE,False,True,16,,,,False,False,False,0,INVALID_BELIEF
dead_end,3,3,3,3,0,0,-3,3,LEFT,NONE,False,True,16,,,,False,False,False,0,INVALID_BELIEF
dead_end,3,3,3,3,6,0,3,3,LEFT,DOWN,True,True,16,17,1,0.0625,True,False,False,0,COLLISION
dead_end,3,3,3,4,1,1,-2,3,LEFT,RIGHT,True,True,16,18,2,0.125,False,False,False,0,INADEQUATE
dead_end,3,3,3,4,5,1,2,3,LEFT,LEFT,True,False,16,16,0,0.0,False,False,True,0,ADEQUATE
dead_end,3,3,3,5,2,2,-1,3,LEFT,NONE,False,True,16,,,,False,False,False,0,INVALID_BELIEF
dead_end,3,3,3,5,4,2,1,3,LEFT,UP,True,True,16,17,1,0.0625,True,False,False,0,COLLISION
dead_end,3,3,3,6,3,3,0,3,LEFT,NONE,False,True,16,,,,False,False,False,0,INVALID_BELIEF
dead_end,3,4,3,1,3,-3,0,3,LEFT,UP,True,True,17,18,1,0.058823529411764705,True,False,False,0,COLLISION
dead_end,3,4,3,2,2,-2,-1,3,LEFT,NONE,False,True,17,,,,False,False,False,0,INVALID_BELIEF
dead_end,3,4,3,2,4,-2,1,3,LEFT,NONE,False,True,17,,,,False,False,False,0,INVALID_BELIEF
dead_end,3,4,3,3,1,-1,-2,3,LEFT,RIGHT,True,True,17,19,2,0.11764705882352941,False,False,False,0,INADEQUATE
dead_end,3,4,3,3,5,-1,2,3,LEFT,DOWN,True,True,17,18,1,0.058823529411764705,True,False,False,0,COLLISION
dead_end,3,4,3,4,0,0,-3,3,LEFT,NONE,False,True,17,,,,False,False,False,0,INVALID_BELIEF
dead_end,3,4,3,4,6,0,3,3,LEFT,NONE,False,True,17,,,,False,False,False,0,INVALID_BELIEF
dead_end,3,4,3,5,1,1,-2,3,LEFT,RIGHT,True,True,17,19,2,0.11764705882352941,False,False,False,0,INADEQUATE
dead_end,3,4,3,5,5,1,2,3,LEFT,UP,True,True,17,18,1,0.058823529411764705,True,False,False,0,COLLISION
dead_end,3,4,3,6,2,2,-1,3,LEFT,NONE,False,True,17,,,,False,False,False,0,INVALID_BELIEF
dead_end,3,4,3,6,4,2,1,3,LEFT,NONE,False,True,17,,,,False,False,False,0,INVALID_BELIEF
dead_end,3,4,3,7,3,3,0,3,LEFT,UP,True,True,17,18,1,0.058823529411764705,True,False,False,0,COLLISION
dead_end,3,5,3,2,3,-3,0,3,LEFT,LEFT,True,False,18,18,0,0.0,False,False,True,0,ADEQUATE
dead_end,3,5,3,3,2,-2,-1,3,LEFT,NONE,False,True,18,,,,False,False,False,0,INVALID_BELIEF
dead_end,3,5,3,3,4,-2,1,3,LEFT,NONE,False,True,18,,,,False,False,False,0,INVALID_BELIEF
dead_end,3,5,3,4,1,-1,-2,3,LEFT,RIGHT,True,True,18,19,1,0.05555555555555555,True,False,False,0,COLLISION
dead_end,3,5,3,4,5,-1,2,3,LEFT,LEFT,True,False,18,18,0,0.0,False,False,True,0,ADEQUATE
dead_end,3,5,3,5,0,0,-3,3,LEFT,NONE,False,True,18,,,,False,False,False,0,INVALID_BELIEF
dead_end,3,5,3,5,6,0,3,3,LEFT,NONE,False,True,18,,,,False,False,False,0,INVALID_BELIEF
dead_end,3,5,3,6,1,1,-2,3,LEFT,RIGHT,True,True,18,19,1,0.05555555555555555,True,False,False,0,COLLISION
dead_end,3,5,3,6,5,1,2,3,LEFT,NONE,False,True,18,,,,False,False,False,0,INVALID_BELIEF
dead_end,3,5,3,7,2,2,-1,3,LEFT,UP,True,True,18,19,1,0.05555555555555555,True,False,False,0,COLLISION
dead_end,3,5,3,7,4,2,1,3,LEFT,UP,True,True,18,19,1,0.05555555555555555,True,False,False,0,COLLISION
dead_end,3,5,3,8,3,3,0,3,LEFT,NONE,False,True,18,,,,False,False,False,0,INVALID_BELIEF
dead_end,3,7,3,4,3,-3,0,3,UP,LEFT,True,True,8,9,1,0.125,True,False,False,0,COLLISION
dead_end,3,7,3,5,2,-2,-1,3,UP,NONE,False,True,8,,,,False,False,False,0,INVALID_BELIEF
dead_end,3,7,3,5,4,-2,1,3,UP,UP,True,False,8,8,0,0.0,False,False,True,0,ADEQUATE
dead_end,3,7,3,6,1,-1,-2,3,UP,RIGHT,True,True,8,9,1,0.125,True,False,False,0,COLLISION
dead_end,3,7,3,6,5,-1,2,3,UP,NONE,False,True,8,,,,False,False,False,0,INVALID_BELIEF
dead_end,3,7,3,7,0,0,-3,3,UP,NONE,False,True,8,,,,False,False,False,0,INVALID_BELIEF
dead_end,3,7,3,7,6,0,3,3,UP,UP,True,False,8,8,0,0.0,False,False,True,0,ADEQUATE
dead_end,3,7,3,8,1,1,-2,3,UP,RIGHT,True,True,8,9,1,0.125,True,False,False,0,COLLISION
dead_end,3,7,3,8,5,1,2,3,UP,NONE,False,True,8,,,,False,False,False,0,INVALID_BELIEF
dead_end,3,7,3,9,2,2,-1,3,UP,NONE,False,True,8,,,,False,False,False,0,INVALID_BELIEF
dead_end,3,7,3,9,4,2,1,3,UP,UP,True,False,8,8,0,0.0,False,False,True,0,ADEQUATE
dead_end,3,7,3,10,3,3,0,3,UP,RIGHT,True,True,8,9,1,0.125,True,False,False,0,COLLISION
dead_end,3,9,3,6,3,-3,0,3,RIGHT,NONE,False,True,6,,,,False,False,False,0,INVALID_BELIEF
dead_end,3,9,3,7,2,-2,-1,3,RIGHT,UP,True,True,6,7,1,0.16666666666666666,True,False,False,0,COLLISION
dead_end,3,9,3,7,4,-2,1,3,RIGHT,UP,True,True,6,7,1,0.16666666666666666,True,False,False,0,COLLISION
dead_end,3,9,3,8,1,-1,-2,3,RIGHT,RIGHT,True,False,6,6,0,0.0,False,False,True,0,ADEQUATE
dead_end,3,9,3,8,5,-1,2,3,RIGHT,NONE,False,True,6,,,,False,False,False,0,INVALID_BELIEF
dead_end,3,9,3,9,0,0,-3,3,RIGHT,NONE,False,True,6,,,,False,False,False,0,INVALID_BELIEF
dead_end,3,9,3,9,6,0,3,3,RIGHT,NONE,False,True,6,,,,False,False,False,0,INVALID_BELIEF
dead_end,3,9,3,10,1,1,-2,3,RIGHT,RIGHT,True,False,6,6,0,0.0,False,False,True,0,ADEQUATE
dead_end,3,9,3,10,5,1,2,3,RIGHT,LEFT,True,True,6,7,1,0.16666666666666666,True,False,False,0,COLLISION
dead_end,3,9,3,11,2,2,-1,3,RIGHT,NONE,False,True,6,,,,False,False,False,0,INVALID_BELIEF
dead_end,3,9,3,11,4,2,1,3,RIGHT,NONE,False,True,6,,,,False,False,False,0,INVALID_BELIEF
dead_end,3,9,3,12,3,3,0,3,RIGHT,RIGHT,True,False,6,6,0,0.0,False,False,True,0,ADEQUATE
dead_end,3,10,3,7,3,-3,0,3,RIGHT,UP,True,True,5,6,1,0.2,True,False,False,0,COLLISION
dead_end,3,10,3,8,2,-2,-1,3,RIGHT,NONE,False,True,5,,,,False,False,False,0,INVALID_BELIEF
dead_end,3,10,3,8,4,-2,1,3,RIGHT,NONE,False,True,5,,,,False,False,False,0,INVALID_BELIEF
dead_end,3,10,3,9,1,-1,-2,3,RIGHT,RIGHT,True,False,5,5,0,0.0,False,False,True,0,ADEQUATE
dead_end,3,10,3,9,5,-1,2,3,RIGHT,UP,True,True,5,6,1,0.2,True,False,False,0,COLLISION
dead_end,3,10,3,10,0,0,-3,3,RIGHT,NONE,False,True,5,,,,False,False,False,0,INVALID_BELIEF
dead_end,3,10,3,10,6,0,3,3,RIGHT,NONE,False,True,5,,,,False,False,False,0,INVALID_BELIEF
dead_end,3,10,3,11,1,1,-2,3,RIGHT,RIGHT,True,False,5,5,0,0.0,False,False,True,0,ADEQUATE
dead_end,3,10,3,11,5,1,2,3,RIGHT,LEFT,True,True,5,7,2,0.4,False,False,False,0,INADEQUATE
dead_end,3,10,3,12,2,2,-1,3,RIGHT,NONE,False,True,5,,,,False,False,False,0,INVALID_BELIEF
dead_end,3,10,3,12,4,2,1,3,RIGHT,NONE,False,True,5,,,,False,False,False,0,INVALID_BELIEF
dead_end,3,10,3,13,3,3,0,3,RIGHT,UP,True,True,5,6,1,0.2,True,False,False,0,COLLISION
dead_end,3,11,3,8,3,-3,0,3,RIGHT,NONE,False,True,4,,,,False,False,False,0,INVALID_BELIEF
dead_end,3,11,3,9,2,-2,-1,3,RIGHT,NONE,False,True,4,,,,False,False,False,0,INVALID_BELIEF
dead_end,3,11,3,9,4,-2,1,3,RIGHT,UP,True,True,4,5,1,0.25,True,False,False,0,COLLISION
dead_end,3,11,3,10,1,-1,-2,3,RIGHT,RIGHT,True,False,4,4,0,0.0,False,False,True,0,ADEQUATE
dead_end,3,11,3,10,5,-1,2,3,RIGHT,LEFT,True,True,4,6,2,0.5,False,False,False,0,INADEQUATE
dead_end,3,11,3,11,0,0,-3,3,RIGHT,NONE,False,True,4,,,,False,False,False,0,INVALID_BELIEF
dead_end,3,11,3,11,6,0,3,3,RIGHT,DOWN,True,True,4,5,1,0.25,True,False,False,0,COLLISION
dead_end,3,11,3,12,1,1,-2,3,RIGHT,RIGHT,True,False,4,4,0,0.0,False,False,True,0,ADEQUATE
dead_end,3,11,3,12,5,1,2,3,RIGHT,NONE,False,True,4,,,,False,False,False,0,INVALID_BELIEF
dead_end,3,11,3,13,2,2,-1,3,RIGHT,UP,True,True,4,5,1,0.25,True,False,False,0,COLLISION
dead_end,3,11,3,13,4,2,1,3,RIGHT,UP,True,True,4,5,1,0.25,True,False,False,0,COLLISION
dead_end,3,11,3,14,3,3,0,3,RIGHT,NONE,False,True,4,,,,False,False,False,0,INVALID_BELIEF
dead_end,3,12,3,9,3,-3,0,3,RIGHT,RIGHT,True,False,3,3,0,0.0,False,False,True,0,ADEQUATE
dead_end,3,12,3,10,2,-2,-1,3,RIGHT,NONE,False,True,3,,,,False,False,False,0,INVALID_BELIEF
dead_end,3,12,3,10,4,-2,1,3,RIGHT,NONE,False,True,3,,,,False,False,False,0,INVALID_BELIEF
dead_end,3,12,3,11,1,-1,-2,3,RIGHT,RIGHT,True,False,3,3,0,0.0,False,False,True,0,ADEQUATE
dead_end,3,12,3,11,5,-1,2,3,RIGHT,LEFT,True,True,3,5,2,0.6666666666666666,False,False,False,0,INADEQUATE
dead_end,3,12,3,12,0,0,-3,3,RIGHT,NONE,False,True,3,,,,False,False,False,0,INVALID_BELIEF
dead_end,3,12,3,12,6,0,3,3,RIGHT,NONE,False,True,3,,,,False,False,False,0,INVALID_BELIEF
dead_end,3,12,3,13,1,1,-2,3,RIGHT,NONE,True,True,3,,,,False,True,False,0,FALSE_TERMINAL
dead_end,3,12,3,13,5,1,2,3,RIGHT,UP,True,True,3,4,1,0.3333333333333333,True,False,False,0,COLLISION
dead_end,3,12,3,14,2,2,-1,3,RIGHT,NONE,False,True,3,,,,False,False,False,0,INVALID_BELIEF
dead_end,3,12,3,14,4,2,1,3,RIGHT,NONE,False,True,3,,,,False,False,False,0,INVALID_BELIEF
dead_end,3,12,3,15,3,3,0,3,RIGHT,NONE,False,True,3,,,,False,False,False,0,INVALID_BELIEF
dead_end,3,13,3,10,3,-3,0,3,UP,RIGHT,True,True,2,3,1,0.5,True,False,False,0,COLLISION
dead_end,3,13,3,11,2,-2,-1,3,UP,NONE,False,True,2,,,,False,False,False,0,INVALID_BELIEF
dead_end,3,13,3,11,4,-2,1,3,UP,NONE,False,True,2,,,,False,False,False,0,INVALID_BELIEF
dead_end,3,13,3,12,1,-1,-2,3,UP,RIGHT,True,True,2,3,1,0.5,True,False,False,0,COLLISION
dead_end,3,13,3,12,5,-1,2,3,UP,NONE,False,True,2,,,,False,False,False,0,INVALID_BELIEF
dead_end,3,13,3,13,0,0,-3,3,UP,NONE,False,True,2,,,,False,False,False,0,INVALID_BELIEF
dead_end,3,13,3,13,6,0,3,3,UP,UP,True,False,2,2,0,0.0,False,False,True,0,ADEQUATE
dead_end,3,13,3,14,1,1,-2,3,UP,NONE,False,True,2,,,,False,False,False,0,INVALID_BELIEF
dead_end,3,13,3,14,5,1,2,3,UP,NONE,False,True,2,,,,False,False,False,0,INVALID_BELIEF
dead_end,3,13,3,15,2,2,-1,3,UP,NONE,False,True,2,,,,False,False,False,0,INVALID_BELIEF
dead_end,3,13,3,15,4,2,1,3,UP,NONE,False,True,2,,,,False,False,False,0,INVALID_BELIEF
dead_end,3,13,3,16,3,3,0,3,UP,NONE,False,True,2,,,,False,False,False,0,INVALID_BELIEF
dead_end,3,1,4,-2,4,-3,0,3,UP,NONE,False,True,15,,,,False,False,False,0,INVALID_BELIEF
dead_end,3,1,4,-1,3,-2,-1,3,UP,NONE,False,True,15,,,,False,False,False,0,INVALID_BELIEF
dead_end,3,1,4,-1,5,-2,1,3,UP,NONE,False,True,15,,,,False,False,False,0,INVALID_BELIEF
dead_end,3,1,4,0,2,-1,-2,3,UP,NONE,False,True,15,,,,False,False,False,0,INVALID_BELIEF
dead_end,3,1,4,0,6,-1,2,3,UP,NONE,False,True,15,,,,False,False,False,0,INVALID_BELIEF
dead_end,3,1,4,1,1,0,-3,3,UP,RIGHT,True,True,15,16,1,0.06666666666666667,True,False,False,0,COLLISION
dead_end,3,1,4,1,7,0,3,3,UP,UP,True,False,15,15,0,0.0,False,False,True,0,ADEQUATE
dead_end,3,1,4,2,2,1,-2,3,UP,NONE,False,True,15,,,,False,False,False,0,INVALID_BELIEF
dead_end,3,1,4,2,6,1,2,3,UP,NONE,False,True,15,,,,False,False,False,0,INVALID_BELIEF
dead_end,3,1,4,3,3,2,-1,3,UP,LEFT,True,True,15,16,1,0.06666666666666667,True,False,False,0,COLLISION
dead_end,3,1,4,3,5,2,1,3,UP,DOWN,True,True,15,17,2,0.13333333333333333,False,False,False,0,INADEQUATE
dead_end,3,1,4,4,4,3,0,3,UP,NONE,False,True,15,,,,False,False,False,0,INVALID_BELIEF
dead_end,3,5,4,2,4,-3,0,3,UP,NONE,False,True,19,,,,False,False,False,0,INVALID_BELIEF
dead_end,3,5,4,3,3,-2,-1,3,UP,LEFT,True,True,19,20,1,0.05263157894736842,True,False,False,0,COLLISION
dead_end,3,5,4,3,5,-2,1,3,UP,DOWN,True,True,19,21,2,0.10526315789473684,False,False,False,0,INADEQUATE
dead_end,3,5,4,4,2,-1,-2,3,UP,NONE,False,True,19,,,,False,False,False,0,INVALID_BELIEF
dead_end,3,5,4,4,6,-1,2,3,UP,NONE,False,True,19,,,,False,False,False,0,INVALID_BELIEF
dead_end,3,5,4,5,1,0,-3,3,UP,RIGHT,True,True,19,20,1,0.05263157894736842,True,False,False,0,COLLISION
dead_end,3,5,4,5,7,0,3,3,UP,RIGHT,True,True,19,20,1,0.05263157894736842,True,False,False,0,COLLISION
dead_end,3,5,4,6,2,1,-2,3,UP,NONE,False,True,19,,,,False,False,False,0,INVALID_BELIEF
dead_end,3,5,4,6,6,1,2,3,UP,NONE,False,True,19,,,,False,False,False,0,INVALID_BELIEF
dead_end,3,5,4,7,3,2,-1,3,UP,UP,True,False,19,19,0,0.0,False,False,True,0,ADEQUATE
dead_end,3,5,4,7,5,2,1,3,UP,UP,True,False,19,19,0,0.0,False,False,True,0,ADEQUATE
dead_end,3,5,4,8,4,3,0,3,UP,NONE,False,True,19,,,,False,False,False,0,INVALID_BELIEF
dead_end,3,7,4,4,4,-3,0,3,UP,NONE,False,True,9,,,,False,False,False,0,INVALID_BELIEF
dead_end,3,7,4,5,3,-2,-1,3,UP,LEFT,True,True,9,10,1,0.1111111111111111,True,False,False,0,COLLISION
dead_end,3,7,4,5,5,-2,1,3,UP,UP,True,False,9,9,0,0.0,False,False,True,0,ADEQUATE
dead_end,3,7,4,6,2,-1,-2,3,UP,NONE,False,True,9,,,,False,False,False,0,INVALID_BELIEF
dead_end,3,7,4,6,6,-1,2,3,UP,NONE,False,True,9,,,,False,False,False,0,INVALID_BELIEF
dead_end,3,7,4,7,1,0,-3,3,UP,RIGHT,True,True,9,10,1,0.1111111111111111,True,False,False,0,COLLISION
dead_end,3,7,4,7,7,0,3,3,UP,UP,True,False,9,9,0,0.0,False,False,True,0,ADEQUATE
dead_end,3,7,4,8,2,1,-2,3,UP,NONE,False,True,9,,,,False,False,False,0,INVALID_BELIEF
dead_end,3,7,4,8,6,1,2,3,UP,NONE,False,True,9,,,,False,False,False,0,INVALID_BELIEF
dead_end,3,7,4,9,3,2,-1,3,UP,RIGHT,True,True,9,10,1,0.1111111111111111,True,False,False,0,COLLISION
dead_end,3,7,4,9,5,2,1,3,UP,UP,True,False,9,9,0,0.0,False,False,True,0,ADEQUATE
dead_end,3,7,4,10,4,3,0,3,UP,NONE,False,True,9,,,,False,False,False,0,INVALID_BELIEF
dead_end,3,9,4,6,4,-3,0,3,UP,NONE,False,True,7,,,,False,False,False,0,INVALID_BELIEF
dead_end,3,9,4,7,3,-2,-1,3,UP,UP,True,False,7,7,0,0.0,False,False,True,0,ADEQUATE
dead_end,3,9,4,7,5,-2,1,3,UP,UP,True,False,7,7,0,0.0,False,False,True,0,ADEQUATE
dead_end,3,9,4,8,2,-1,-2,3,UP,NONE,False,True,7,,,,False,False,False,0,INVALID_BELIEF
dead_end,3,9,4,8,6,-1,2,3,UP,NONE,False,True,7,,,,False,False,False,0,INVALID_BELIEF
dead_end,3,9,4,9,1,0,-3,3,UP,RIGHT,True,True,7,8,1,0.14285714285714285,True,False,False,0,COLLISION
dead_end,3,9,4,9,7,0,3,3,UP,RIGHT,True,True,7,8,1,0.14285714285714285,True,False,False,0,COLLISION
dead_end,3,9,4,10,2,1,-2,3,UP,NONE,False,True,7,,,,False,False,False,0,INVALID_BELIEF
dead_end,3,9,4,10,6,1,2,3,UP,NONE,False,True,7,,,,False,False,False,0,INVALID_BELIEF
dead_end,3,9,4,11,3,2,-1,3,UP,RIGHT,True,True,7,8,1,0.14285714285714285,True,False,False,0,COLLISION
dead_end,3,9,4,11,5,2,1,3,UP,LEFT,True,True,7,8,1,0.14285714285714285,True,False,False,0,COLLISION
dead_end,3,9,4,12,4,3,0,3,UP,NONE,False,True,7,,,,False,False,False,0,INVALID_BELIEF
dead_end,3,13,4,10,4,-3,0,3,UP,NONE,False,True,3,,,,False,False,False,0,INVALID_BELIEF
dead_end,3,13,4,11,3,-2,-1,3,UP,RIGHT,True,True,3,4,1,0.3333333333333333,True,False,False,0,COLLISION
dead_end,3,13,4,11,5,-2,1,3,UP,LEFT,True,True,3,4,1,0.3333333333333333,True,False,False,0,COLLISION
dead_end,3,13,4,12,2,-1,-2,3,UP,NONE,False,True,3,,,,False,False,False,0,INVALID_BELIEF
dead_end,3,13,4,12,6,-1,2,3,UP,NONE,False,True,3,,,,False,False,False,0,INVALID_BELIEF
dead_end,3,13,4,13,1,0,-3,3,UP,NONE,True,True,3,,,,False,True,False,0,FALSE_TERMINAL
dead_end,3,13,4,13,7,0,3,3,UP,UP,True,False,3,3,0,0.0,False,False,True,0,ADEQUATE
dead_end,3,13,4,14,2,1,-2,3,UP,NONE,False,True,3,,,,False,False,False,0,INVALID_BELIEF
dead_end,3,13,4,14,6,1,2,3,UP,NONE,False,True,3,,,,False,False,False,0,INVALID_BELIEF
dead_end,3,13,4,15,3,2,-1,3,UP,NONE,False,True,3,,,,False,False,False,0,INVALID_BELIEF
dead_end,3,13,4,15,5,2,1,3,UP,NONE,False,True,3,,,,False,False,False,0,INVALID_BELIEF
dead_end,3,13,4,16,4,3,0,3,UP,NONE,False,True,3,,,,False,False,False,0,INVALID_BELIEF
dead_end,3,1,5,-2,5,-3,0,3,UP,NONE,False,True,16,,,,False,False,False,0,INVALID_BELIEF
dead_end,3,1,5,-1,4,-2,-1,3,UP,NONE,False,True,16,,,,False,False,False,0,INVALID_BELIEF
dead_end,3,1,5,-1,6,-2,1,3,UP,NONE,False,True,16,,,,False,False,False,0,INVALID_BELIEF
dead_end,3,1,5,0,3,-1,-2,3,UP,NONE,False,True,16,,,,False,False,False,0,INVALID_BELIEF
dead_end,3,1,5,0,7,-1,2,3,UP,NONE,False,True,16,,,,False,False,False,0,INVALID_BELIEF
dead_end,3,1,5,1,2,0,-3,3,UP,UP,True,False,16,16,0,0.0,False,False,True,0,ADEQUATE
dead_end,3,1,5,1,8,0,3,3,UP,NONE,False,True,16,,,,False,False,False,0,INVALID_BELIEF
dead_end,3,1,5,2,3,1,-2,3,UP,LEFT,True,True,16,17,1,0.0625,True,False,False,0,COLLISION
dead_end,3,1,5,2,7,1,2,3,UP,RIGHT,True,True,16,17,1,0.0625,True,False,False,0,COLLISION
dead_end,3,1,5,3,4,2,-1,3,UP,NONE,False,True,16,,,,False,False,False,0,INVALID_BELIEF
dead_end,3,1,5,3,6,2,1,3,UP,DOWN,True,True,16,18,2,0.125,False,False,False,0,INADEQUATE
dead_end,3,1,5,4,5,3,0,3,UP,LEFT,True,True,16,17,1,0.0625,True,False,False,0,COLLISION
dead_end,3,3,5,0,5,-3,0,3,DOWN,NONE,False,True,18,,,,False,False,False,0,INVALID_BELIEF
dead_end,3,3,5,1,4,-2,-1,3,DOWN,UP,True,True,18,19,1,0.05555555555555555,True,False,False,0,COLLISION
dead_end,3,3,5,1,6,-2,1,3,DOWN,UP,True,True,18,19,1,0.05555555555555555,True,False,False,0,COLLISION
dead_end,3,3,5,2,3,-1,-2,3,DOWN,LEFT,True,True,18,19,1,0.05555555555555555,True,False,False,0,COLLISION
dead_end,3,3,5,2,7,-1,2,3,DOWN,RIGHT,True,True,18,20,2,0.1111111111111111,False,False,False,0,INADEQUATE
dead_end,3,3,5,3,2,0,-3,3,DOWN,NONE,False,True,18,,,,False,False,False,0,INVALID_BELIEF
dead_end,3,3,5,3,8,0,3,3,DOWN,NONE,False,True,18,,,,False,False,False,0,INVALID_BELIEF
dead_end,3,3,5,4,3,1,-2,3,DOWN,LEFT,True,True,18,19,1,0.05555555555555555,True,False,False,0,COLLISION
dead_end,3,3,5,4,7,1,2,3,DOWN,RIGHT,True,True,18,20,2,0.1111111111111111,False,False,False,0,INADEQUATE
dead_end,3,3,5,5,4,2,-1,3,DOWN,UP,True,True,18,19,1,0.05555555555555555,True,False,False,0,COLLISION
dead_end,3,3,5,5,6,2,1,3,DOWN,NONE,False,True,18,,,,False,False,False,0,INVALID_BELIEF
dead_end,3,3,5,6,5,3,0,3,DOWN,NONE,False,True,18,,,,False,False,False,0,INVALID_BELIEF
dead_end,3,4,5,1,5,-3,0,3,LEFT,UP,True,True,19,20,1,0.05263157894736842,True,False,False,0,COLLISION
dead_end,3,4,5,2,4,-2,-1,3,LEFT,NONE,False,True,19,,,,False,False,False,0,INVALID_BELIEF
dead_end,3,4,5,2,6,-2,1,3,LEFT,NONE,False,True,19,,,,False,False,False,0,INVALID_BELIEF
dead_end,3,4,5,3,3,-1,-2,3,LEFT,LEFT,True,False,19,19,0,0.0,False,False,True,0,ADEQUATE
dead_end,3,4,5,3,7,-1,2,3,LEFT,RIGHT,True,True,19,21,2,0.10526315789473684,False,False,False,0,INADEQUATE
dead_end,3,4,5,4,2,0,-3,3,LEFT,NONE,False,True,19,,,,False,False,False,0,INVALID_BELIEF
dead_end,3,4,5,4,8,0,3,3,LEFT,NONE,False,True,19,,,,False,False,False,0,INVALID_BELIEF
dead_end,3,4,5,5,3,1,-2,3,LEFT,LEFT,True,False,19,19,0,0.0,False,False,True,0,ADEQUATE
dead_end,3,4,5,5,7,1,2,3,LEFT,RIGHT,True,True,19,21,2,0.10526315789473684,False,False,False,0,INADEQUATE
dead_end,3,4,5,6,4,2,-1,3,LEFT,NONE,False,True,19,,,,False,False,False,0,INVALID_BELIEF
dead_end,3,4,5,6,6,2,1,3,LEFT,NONE,False,True,19,,,,False,False,False,0,INVALID_BELIEF
dead_end,3,4,5,7,5,3,0,3,LEFT,UP,True,True,19,20,1,0.05263157894736842,True,False,False,0,COLLISION
dead_end,3,5,5,2,5,-3,0,3,UP,NONE,False,True,20,,,,False,False,False,0,INVALID_BELIEF
dead_end,3,5,5,3,4,-2,-1,3,UP,NONE,False,True,20,,,,False,False,False,0,INVALID_BELIEF
dead_end,3,5,5,3,6,-2,1,3,UP,DOWN,True,True,20,21,1,0.05,True,False,False,0,COLLISION
dead_end,3,5,5,4,3,-1,-2,3,UP,LEFT,True,True,20,20,0,0.0,False,False,True,0,ADEQUATE
dead_end,3,5,5,4,7,-1,2,3,UP,RIGHT,True,True,20,21,1,0.05,True,False,False,0,COLLISION
dead_end,3,5,5,5,2,0,-3,3,UP,NONE,False,True,20,,,,False,False,False,0,INVALID_BELIEF
dead_end,3,5,5,5,8,0,3,3,UP,NONE,False,True,20,,,,False,False,False,0,INVALID_BELIEF
dead_end,3,5,5,6,3,1,-2,3,UP,NONE,False,True,20,,,,False,False,False,0,INVALID_BELIEF
dead_end,3,5,5,6,7,1,2,3,UP,RIGHT,True,True,20,21,1,0.05,True,False,False,0,COLLISION
dead_end,3,5,5,7,4,2,-1,3,UP,UP,True,False,20,20,0,0.0,False,False,True,0,ADEQUATE
dead_end,3,5,5,7,6,2,1,3,UP,UP,True,False,20,20,0,0.0,False,False,True,0,ADEQUATE
dead_end,3,5,5,8,5,3,0,3,UP,NONE,False,True,20,,,,False,False,False,0,INVALID_BELIEF
dead_end,3,7,5,4,5,-3,0,3,UP,LEFT,True,True,10,11,1,0.1,True,False,False,0,COLLISION
dead_end,3,7,5,5,4,-2,-1,3,UP,UP,True,False,10,10,0,0.0,False,False,True,0,ADEQUATE
dead_end,3,7,5,5,6,-2,1,3,UP,NONE,False,True,10,,,,False,False,False,0,INVALID_BELIEF
dead_end,3,7,5,6,3,-1,-2,3,UP,NONE,False,True,10,,,,False,False,False,0,INVALID_BELIEF
dead_end,3,7,5,6,7,-1,2,3,UP,RIGHT,True,True,10,11,1,0.1,True,False,False,0,COLLISION
dead_end,3,7,5,7,2,0,-3,3,UP,UP,True,False,10,10,0,0.0,False,False,True,0,ADEQUATE
dead_end,3,7,5,7,8,0,3,3,UP,NONE,False,True,10,,,,False,False,False,0,INVALID_BELIEF
dead_end,3,7,5,8,3,1,-2,3,UP,NONE,False,True,10,,,,False,False,False,0,INVALID_BELIEF
dead_end,3,7,5,8,7,1,2,3,UP,RIGHT,True,True,10,11,1,0.1,True,False,False,0,COLLISION
dead_end,3,7,5,9,4,2,-1,3,UP,UP,True,False,10,10,0,0.0,False,False,True,0,ADEQUATE
dead_end,3,7,5,9,6,2,1,3,UP,NONE,False,True,10,,,,False,False,False,0,INVALID_BELIEF
dead_end,3,7,5,10,5,3,0,3,UP,LEFT,True,True,10,11,1,0.1,True,False,False,0,COLLISION
dead_end,3,9,5,6,5,-3,0,3,UP,NONE,False,True,8,,,,False,False,False,0,INVALID_BELIEF
dead_end,3,9,5,7,4,-2,-1,3,UP,UP,True,False,8,8,0,0.0,False,False,True,0,ADEQUATE
dead_end,3,9,5,7,6,-2,1,3,UP,UP,True,False,8,8,0,0.0,False,False,True,0,ADEQUATE
dead_end,3,9,5,8,3,-1,-2,3,UP,NONE,False,True,8,,,,False,False,False,0,INVALID_BELIEF
dead_end,3,9,5,8,7,-1,2,3,UP,RIGHT,True,True,8,10,2,0.25,False,False,False,0,INADEQUATE
dead_end,3,9,5,9,2,0,-3,3,UP,NONE,False,True,8,,,,False,False,False,0,INVALID_BELIEF
dead_end,3,9,5,9,8,0,3,3,UP,NONE,False,True,8,,,,False,False,False,0,INVALID_BELIEF
dead_end,3,9,5,10,3,1,-2,3,UP,RIGHT,True,True,8,10,2,0.25,False,False,False,0,INADEQUATE
dead_end,3,9,5,10,7,1,2,3,UP,RIGHT,True,True,8,10,2,0.25,False,False,False,0,INADEQUATE
dead_end,3,9,5,11,4,2,-1,3,UP,NONE,False,True,8,,,,False,False,False,0,INVALID_BELIEF
dead_end,3,9,5,11,6,2,1,3,UP,DOWN,True,True,8,9,1,0.125,True,False,False,0,COLLISION
dead_end,3,9,5,12,5,3,0,3,UP,NONE,False,True,8,,,,False,False,False,0,INVALID_BELIEF
dead_end,3,10,5,7,5,-3,0,3,LEFT,UP,True,True,9,10,1,0.1111111111111111,True,False,False,0,COLLISION
dead_end,3,10,5,8,4,-2,-1,3,LEFT,NONE,False,True,9,,,,False,False,False,0,INVALID_BELIEF
dead_end,3,10,5,8,6,-2,1,3,LEFT,NONE,False,True,9,,,,False,False,False,0,INVALID_BELIEF
dead_end,3,10,5,9,3,-1,-2,3,LEFT,RIGHT,True,True,9,11,2,0.2222222222222222,False,False,False,0,INADEQUATE
dead_end,3,10,5,9,7,-1,2,3,LEFT,RIGHT,True,True,9,11,2,0.2222222222222222,False,False,False,0,INADEQUATE
dead_end,3,10,5,10,2,0,-3,3,LEFT,NONE,False,True,9,,,,False,False,False,0,INVALID_BELIEF
dead_end,3,10,5,10,8,0,3,3,LEFT,NONE,False,True,9,,,,False,False,False,0,INVALID_BELIEF
dead_end,3,10,5,11,3,1,-2,3,LEFT,RIGHT,True,True,9,11,2,0.2222222222222222,False,False,False,0,INADEQUATE
dead_end,3,10,5,11,7,1,2,3,LEFT,RIGHT,True,True,9,11,2,0.2222222222222222,False,False,False,0,INADEQUATE
dead_end,3,10,5,12,4,2,-1,3,LEFT,NONE,False,True,9,,,,False,False,False,0,INVALID_BELIEF
dead_end,3,10,5,12,6,2,1,3,LEFT,NONE,False,True,9,,,,False,False,False,0,INVALID_BELIEF
dead_end,3,10,5,13,5,3,0,3,LEFT,UP,True,True,9,10,1,0.1111111111111111,True,False,False,0,COLLISION
dead_end,3,11,5,8,5,-3,0,3,LEFT,NONE,False,True,10,,,,False,False,False,0,INVALID_BELIEF
dead_end,3,11,5,9,4,-2,-1,3,LEFT,UP,True,True,10,11,1,0.1,True,False,False,0,COLLISION
dead_end,3,11,5,9,6,-2,1,3,LEFT,NONE,False,True,10,,,,False,False,False,0,INVALID_BELIEF
dead_end,3,11,5,10,3,-1,-2,3,LEFT,RIGHT,True,True,10,11,1,0.1,True,False,False,0,COLLISION
dead_end,3,11,5,10,7,-1,2,3,LEFT,RIGHT,True,True,10,11,1,0.1,True,False,False,0,COLLISION
dead_end,3,11,5,11,2,0,-3,3,LEFT,NONE,False,True,10,,,,False,False,False,0,INVALID_BELIEF
dead_end,3,11,5,11,8,0,3,3,LEFT,NONE,False,True,10,,,,False,False,False,0,INVALID_BELIEF
dead_end,3,11,5,12,3,1,-2,3,LEFT,RIGHT,True,True,10,11,1,0.1,True,False,False,0,COLLISION
dead_end,3,11,5,12,7,1,2,3,LEFT,RIGHT,True,True,10,11,1,0.1,True,False,False,0,COLLISION
dead_end,3,11,5,13,4,2,-1,3,LEFT,UP,True,True,10,11,1,0.1,True,False,False,0,COLLISION
dead_end,3,11,5,13,6,2,1,3,LEFT,UP,True,True,10,11,1,0.1,True,False,False,0,COLLISION
dead_end,3,11,5,14,5,3,0,3,LEFT,NONE,False,True,10,,,,False,False,False,0,INVALID_BELIEF
dead_end,3,13,5,10,5,-3,0,3,UP,LEFT,True,True,4,5,1,0.25,True,False,False,0,COLLISION
dead_end,3,13,5,11,4,-2,-1,3,UP,NONE,False,True,4,,,,False,False,False,0,INVALID_BELIEF
dead_end,3,13,5,11,6,-2,1,3,UP,DOWN,True,True,4,6,2,0.5,False,False,False,0,INADEQUATE
dead_end,3,13,5,12,3,-1,-2,3,UP,RIGHT,True,True,4,5,1,0.25,True,False,False,0,COLLISION
dead_end,3,13,5,12,7,-1,2,3,UP,RIGHT,True,True,4,5,1,0.25,True,False,False,0,COLLISION
dead_end,3,13,5,13,2,0,-3,3,UP,UP,True,False,4,4,0,0.0,False,False,True,0,ADEQUATE
dead_end,3,13,5,13,8,0,3,3,UP,NONE,False,True,4,,,,False,False,False,0,INVALID_BELIEF
dead_end,3,13,5,14,3,1,-2,3,UP,NONE,False,True,4,,,,False,False,False,0,INVALID_BELIEF
dead_end,3,13,5,14,7,1,2,3,UP,NONE,False,True,4,,,,False,False,False,0,INVALID_BELIEF
dead_end,3,13,5,15,4,2,-1,3,UP,NONE,False,True,4,,,,False,False,False,0,INVALID_BELIEF
dead_end,3,13,5,15,6,2,1,3,UP,NONE,False,True,4,,,,False,False,False,0,INVALID_BELIEF
dead_end,3,13,5,16,5,3,0,3,UP,NONE,False,True,4,,,,False,False,False,0,INVALID_BELIEF
dead_end,3,1,6,-2,6,-3,0,3,UP,NONE,False,True,17,,,,False,False,False,0,INVALID_BELIEF
dead_end,3,1,6,-1,5,-2,-1,3,UP,NONE,False,True,17,,,,False,False,False,0,INVALID_BELIEF
dead_end,3,1,6,-1,7,-2,1,3,UP,NONE,False,True,17,,,,False,False,False,0,INVALID_BELIEF
dead_end,3,1,6,0,4,-1,-2,3,UP,NONE,False,True,17,,,,False,False,False,0,INVALID_BELIEF
dead_end,3,1,6,0,8,-1,2,3,UP,NONE,False,True,17,,,,False,False,False,0,INVALID_BELIEF
dead_end,3,1,6,1,3,0,-3,3,UP,UP,True,False,17,17,0,0.0,False,False,True,0,ADEQUATE
dead_end,3,1,6,1,9,0,3,3,UP,NONE,False,True,17,,,,False,False,False,0,INVALID_BELIEF
dead_end,3,1,6,2,4,1,-2,3,UP,NONE,False,True,17,,,,False,False,False,0,INVALID_BELIEF
dead_end,3,1,6,2,8,1,2,3,UP,NONE,False,True,17,,,,False,False,False,0,INVALID_BELIEF
dead_end,3,1,6,3,5,2,-1,3,UP,DOWN,True,True,17,19,2,0.11764705882352941,False,False,False,0,INADEQUATE
dead_end,3,1,6,3,7,2,1,3,UP,RIGHT,True,True,17,18,1,0.058823529411764705,True,False,False,0,COLLISION
dead_end,3,1,6,4,6,3,0,3,UP,NONE,False,True,17,,,,False,False,False,0,INVALID_BELIEF
dead_end,3,3,6,0,6,-3,0,3,DOWN,NONE,False,True,17,,,,False,False,False,0,INVALID_BELIEF
dead_end,3,3,6,1,5,-2,-1,3,DOWN,UP,True,True,17,19,2,0.11764705882352941,False,False,False,0,INADEQUATE
dead_end,3,3,6,1,7,-2,1,3,DOWN,UP,True,True,17,19,2,0.11764705882352941,False,False,False,0,INADEQUATE
dead_end,3,3,6,2,4,-1,-2,3,DOWN,NONE,False,True,17,,,,False,False,False,0,INVALID_BELIEF
dead_end,3,3,6,2,8,-1,2,3,DOWN,NONE,False,True,17,,,,False,False,False,0,INVALID_BELIEF
dead_end,3,3,6,3,3,0,-3,3,DOWN,LEFT,True,True,17,18,1,0.058823529411764705,True,False,False,0,COLLISION
dead_end,3,3,6,3,9,0,3,3,DOWN,NONE,False,True,17,,,,False,False,False,0,INVALID_BELIEF
dead_end,3,3,6,4,4,1,-2,3,DOWN,NONE,False,True,17,,,,False,False,False,0,INVALID_BELIEF
dead_end,3,3,6,4,8,1,2,3,DOWN,NONE,False,True,17,,,,False,False,False,0,INVALID_BELIEF
dead_end,3,3,6,5,5,2,-1,3,DOWN,UP,True,True,17,19,2,0.11764705882352941,False,False,False,0,INADEQUATE
dead_end,3,3,6,5,7,2,1,3,DOWN,RIGHT,True,True,17,18,1,0.058823529411764705,True,False,False,0,COLLISION
dead_end,3,3,6,6,6,3,0,3,DOWN,NONE,False,True,17,,,,False,False,False,0,INVALID_BELIEF
dead_end,3,7,6,4,6,-3,0,3,UP,NONE,False,True,11,,,,False,False,False,0,INVALID_BELIEF
dead_end,3,7,6,5,5,-2,-1,3,UP,UP,True,False,11,11,0,0.0,False,False,True,0,ADEQUATE
dead_end,3,7,6,5,7,-2,1,3,UP,RIGHT,True,True,11,12,1,0.09090909090909091,True,False,False,0,COLLISION
dead_end,3,7,6,6,4,-1,-2,3,UP,NONE,False,True,11,,,,False,False,False,0,INVALID_BELIEF
dead_end,3,7,6,6,8,-1,2,3,UP,NONE,False,True,11,,,,False,False,False,0,INVALID_BELIEF
dead_end,3,7,6,7,3,0,-3,3,UP,UP,True,False,11,11,0,0.0,False,False,True,0,ADEQUATE
dead_end,3,7,6,7,9,0,3,3,UP,NONE,False,True,11,,,,False,False,False,0,INVALID_BELIEF
dead_end,3,7,6,8,4,1,-2,3,UP,NONE,False,True,11,,,,False,False,False,0,INVALID_BELIEF
dead_end,3,7,6,8,8,1,2,3,UP,NONE,False,True,11,,,,False,False,False,0,INVALID_BELIEF
dead_end,3,7,6,9,5,2,-1,3,UP,UP,True,False,11,11,0,0.0,False,False,True,0,ADEQUATE
dead_end,3,7,6,9,7,2,1,3,UP,RIGHT,True,True,11,12,1,0.09090909090909091,True,False,False,0,COLLISION
dead_end,3,7,6,10,6,3,0,3,UP,NONE,False,True,11,,,,False,False,False,0,INVALID_BELIEF
dead_end,3,11,6,8,6,-3,0,3,DOWN,NONE,False,True,9,,,,False,False,False,0,INVALID_BELIEF
dead_end,3,11,6,9,5,-2,-1,3,DOWN,UP,True,True,9,11,2,0.2222222222222222,False,False,False,0,INADEQUATE
dead_end,3,11,6,9,7,-2,1,3,DOWN,RIGHT,True,True,9,10,1,0.1111111111111111,True,False,False,0,COLLISION
dead_end,3,11,6,10,4,-1,-2,3,DOWN,NONE,False,True,9,,,,False,False,False,0,INVALID_BELIEF
dead_end,3,11,6,10,8,-1,2,3,DOWN,NONE,False,True,9,,,,False,False,False,0,INVALID_BELIEF
dead_end,3,11,6,11,3,0,-3,3,DOWN,RIGHT,True,True,9,10,1,0.1111111111111111,True,False,False,0,COLLISION
dead_end,3,11,6,11,9,0,3,3,DOWN,NONE,False,True,9,,,,False,False,False,0,INVALID_BELIEF
dead_end,3,11,6,12,4,1,-2,3,DOWN,NONE,False,True,9,,,,False,False,False,0,INVALID_BELIEF
dead_end,3,11,6,12,8,1,2,3,DOWN,NONE,False,True,9,,,,False,False,False,0,INVALID_BELIEF
dead_end,3,11,6,13,5,2,-1,3,DOWN,UP,True,True,9,11,2,0.2222222222222222,False,False,False,0,INADEQUATE
dead_end,3,11,6,13,7,2,1,3,DOWN,UP,True,True,9,11,2,0.2222222222222222,False,False,False,0,INADEQUATE
dead_end,3,11,6,14,6,3,0,3,DOWN,NONE,False,True,9,,,,False,False,False,0,INVALID_BELIEF
dead_end,3,13,6,10,6,-3,0,3,UP,NONE,False,True,5,,,,False,False,False,0,INVALID_BELIEF
dead_end,3,13,6,11,5,-2,-1,3,UP,LEFT,True,True,5,6,1,0.2,True,False,False,0,COLLISION
dead_end,3,13,6,11,7,-2,1,3,UP,RIGHT,True,True,5,6,1,0.2,True,False,False,0,COLLISION
dead_end,3,13,6,12,4,-1,-2,3,UP,NONE,False,True,5,,,,False,False,False,0,INVALID_BELIEF
dead_end,3,13,6,12,8,-1,2,3,UP,NONE,False,True,5,,,,False,False,False,0,INVALID_BELIEF
dead_end,3,13,6,13,3,0,-3,3,UP,UP,True,False,5,5,0,0.0,False,False,True,0,ADEQUATE
dead_end,3,13,6,13,9,0,3,3,UP,NONE,False,True,5,,,,False,False,False,0,INVALID_BELIEF
dead_end,3,13,6,14,4,1,-2,3,UP,NONE,False,True,5,,,,False,False,False,0,INVALID_BELIEF
dead_end,3,13,6,14,8,1,2,3,UP,NONE,False,True,5,,,,False,False,False,0,INVALID_BELIEF
dead_end,3,13,6,15,5,2,-1,3,UP,NONE,False,True,5,,,,False,False,False,0,INVALID_BELIEF
dead_end,3,13,6,15,7,2,1,3,UP,NONE,False,True,5,,,,False,False,False,0,INVALID_BELIEF
dead_end,3,13,6,16,6,3,0,3,UP,NONE,False,True,5,,,,False,False,False,0,INVALID_BELIEF
dead_end,3,1,7,-2,7,-3,0,3,UP,NONE,False,True,18,,,,False,False,False,0,INVALID_BELIEF
dead_end,3,1,7,-1,6,-2,-1,3,UP,NONE,False,True,18,,,,False,False,False,0,INVALID_BELIEF
dead_end,3,1,7,-1,8,-2,1,3,UP,NONE,False,True,18,,,,False,False,False,0,INVALID_BELIEF
dead_end,3,1,7,0,5,-1,-2,3,UP,NONE,False,True,18,,,,False,False,False,0,INVALID_BELIEF
dead_end,3,1,7,0,9,-1,2,3,UP,NONE,False,True,18,,,,False,False,False,0,INVALID_BELIEF
dead_end,3,1,7,1,4,0,-3,3,UP,UP,True,False,18,18,0,0.0,False,False,True,0,ADEQUATE
dead_end,3,1,7,1,10,0,3,3,UP,NONE,False,True,18,,,,False,False,False,0,INVALID_BELIEF
dead_end,3,1,7,2,5,1,-2,3,UP,NONE,False,True,18,,,,False,False,False,0,INVALID_BELIEF
dead_end,3,1,7,2,9,1,2,3,UP,NONE,False,True,18,,,,False,False,False,0,INVALID_BELIEF
dead_end,3,1,7,3,6,2,-1,3,UP,DOWN,True,True,18,19,1,0.05555555555555555,True,False,False,0,COLLISION
dead_end,3,1,7,3,8,2,1,3,UP,NONE,False,True,18,,,,False,False,False,0,INVALID_BELIEF
dead_end,3,1,7,4,7,3,0,3,UP,RIGHT,True,True,18,18,0,0.0,False,False,True,0,ADEQUATE
dead_end,3,2,7,-1,7,-3,0,3,RIGHT,NONE,False,True,17,,,,False,False,False,0,INVALID_BELIEF
dead_end,3,2,7,0,6,-2,-1,3,RIGHT,NONE,False,True,17,,,,False,False,False,0,INVALID_BELIEF
dead_end,3,2,7,0,8,-2,1,3,RIGHT,NONE,False,True,17,,,,False,False,False,0,INVALID_BELIEF
dead_end,3,2,7,1,5,-1,-2,3,RIGHT,UP,True,True,17,18,1,0.058823529411764705,True,False,False,0,COLLISION
dead_end,3,2,7,1,9,-1,2,3,RIGHT,NONE,False,True,17,,,,False,False,False,0,INVALID_BELIEF
dead_end,3,2,7,2,4,0,-3,3,RIGHT,NONE,False,True,17,,,,False,False,False,0,INVALID_BELIEF
dead_end,3,2,7,2,10,0,3,3,RIGHT,NONE,False,True,17,,,,False,False,False,0,INVALID_BELIEF
dead_end,3,2,7,3,5,1,-2,3,RIGHT,DOWN,True,True,17,18,1,0.058823529411764705,True,False,False,0,COLLISION
dead_end,3,2,7,3,9,1,2,3,RIGHT,NONE,False,True,17,,,,False,False,False,0,INVALID_BELIEF
dead_end,3,2,7,4,6,2,-1,3,RIGHT,NONE,False,True,17,,,,False,False,False,0,INVALID_BELIEF
dead_end,3,2,7,4,8,2,1,3,RIGHT,NONE,False,True,17,,,,False,False,False,0,INVALID_BELIEF
dead_end,3,2,7,5,7,3,0,3,RIGHT,RIGHT,True,False,17,17,0,0.0,False,False,True,0,ADEQUATE
dead_end,3,3,7,0,7,-3,0,3,RIGHT,NONE,False,True,16,,,,False,False,False,0,INVALID_BELIEF
dead_end,3,3,7,1,6,-2,-1,3,RIGHT,UP,True,True,16,18,2,0.125,False,False,False,0,INADEQUATE
dead_end,3,3,7,1,8,-2,1,3,RIGHT,NONE,False,True,16,,,,False,False,False,0,INVALID_BELIEF
dead_end,3,3,7,2,5,-1,-2,3,RIGHT,NONE,False,True,16,,,,False,False,False,0,INVALID_BELIEF
dead_end,3,3,7,2,9,-1,2,3,RIGHT,NONE,False,True,16,,,,False,False,False,0,INVALID_BELIEF
dead_end,3,3,7,3,4,0,-3,3,RIGHT,NONE,False,True,16,,,,False,False,False,0,INVALID_BELIEF
dead_end,3,3,7,3,10,0,3,3,RIGHT,NONE,False,True,16,,,,False,False,False,0,INVALID_BELIEF
dead_end,3,3,7,4,5,1,-2,3,RIGHT,LEFT,True,True,16,18,2,0.125,False,False,False,0,INADEQUATE
dead_end,3,3,7,4,9,1,2,3,RIGHT,NONE,False,True,16,,,,False,False,False,0,INVALID_BELIEF
dead_end,3,3,7,5,6,2,-1,3,RIGHT,NONE,False,True,16,,,,False,False,False,0,INVALID_BELIEF
dead_end,3,3,7,5,8,2,1,3,RIGHT,NONE,False,True,16,,,,False,False,False,0,INVALID_BELIEF
dead_end,3,3,7,6,7,3,0,3,RIGHT,RIGHT,True,False,16,16,0,0.0,False,False,True,0,ADEQUATE
dead_end,3,4,7,1,7,-3,0,3,RIGHT,UP,True,True,15,16,1,0.06666666666666667,True,False,False,0,COLLISION
dead_end,3,4,7,2,6,-2,-1,3,RIGHT,NONE,False,True,15,,,,False,False,False,0,INVALID_BELIEF
dead_end,3,4,7,2,8,-2,1,3,RIGHT,NONE,False,True,15,,,,False,False,False,0,INVALID_BELIEF
dead_end,3,4,7,3,5,-1,-2,3,RIGHT,DOWN,True,True,15,16,1,0.06666666666666667,True,False,False,0,COLLISION
dead_end,3,4,7,3,9,-1,2,3,RIGHT,NONE,False,True,15,,,,False,False,False,0,INVALID_BELIEF
dead_end,3,4,7,4,4,0,-3,3,RIGHT,NONE,False,True,15,,,,False,False,False,0,INVALID_BELIEF
dead_end,3,4,7,4,10,0,3,3,RIGHT,NONE,False,True,15,,,,False,False,False,0,INVALID_BELIEF
dead_end,3,4,7,5,5,1,-2,3,RIGHT,UP,True,True,15,16,1,0.06666666666666667,True,False,False,0,COLLISION
dead_end,3,4,7,5,9,1,2,3,RIGHT,NONE,False,True,15,,,,False,False,False,0,INVALID_BELIEF
dead_end,3,4,7,6,6,2,-1,3,RIGHT,NONE,False,True,15,,,,False,False,False,0,INVALID_BELIEF
dead_end,3,4,7,6,8,2,1,3,RIGHT,NONE,False,True,15,,,,False,False,False,0,INVALID_BELIEF
dead_end,3,4,7,7,7,3,0,3,RIGHT,UP,True,True,15,16,1,0.06666666666666667,True,False,False,0,COLLISION
dead_end,3,5,7,2,7,-3,0,3,RIGHT,RIGHT,True,False,14,14,0,0.0,False,False,True,0,ADEQUATE
dead_end,3,5,7,3,6,-2,-1,3,RIGHT,DOWN,True,True,14,15,1,0.07142857142857142,True,False,False,0,COLLISION
dead_end,3,5,7,3,8,-2,1,3,RIGHT,NONE,False,True,14,,,,False,False,False,0,INVALID_BELIEF
dead_end,3,5,7,4,5,-1,-2,3,RIGHT,LEFT,True,True,14,16,2,0.14285714285714285,False,False,False,0,INADEQUATE
dead_end,3,5,7,4,9,-1,2,3,RIGHT,NONE,False,True,14,,,,False,False,False,0,INVALID_BELIEF
dead_end,3,5,7,5,4,0,-3,3,RIGHT,UP,True,True,14,15,1,0.07142857142857142,True,False,False,0,COLLISION
dead_end,3,5,7,5,10,0,3,3,RIGHT,NONE,False,True,14,,,,False,False,False,0,INVALID_BELIEF
dead_end,3,5,7,6,5,1,-2,3,RIGHT,NONE,False,True,14,,,,False,False,False,0,INVALID_BELIEF
dead_end,3,5,7,6,9,1,2,3,RIGHT,NONE,False,True,14,,,,False,False,False,0,INVALID_BELIEF
dead_end,3,5,7,7,6,2,-1,3,RIGHT,UP,True,True,14,15,1,0.07142857142857142,True,False,False,0,COLLISION
dead_end,3,5,7,7,8,2,1,3,RIGHT,NONE,False,True,14,,,,False,False,False,0,INVALID_BELIEF
dead_end,3,5,7,8,7,3,0,3,RIGHT,RIGHT,True,False,14,14,0,0.0,False,False,True,0,ADEQUATE
dead_end,3,6,7,3,7,-3,0,3,RIGHT,RIGHT,True,False,13,13,0,0.0,False,False,True,0,ADEQUATE
dead_end,3,6,7,4,6,-2,-1,3,RIGHT,NONE,False,True,13,,,,False,False,False,0,INVALID_BELIEF
dead_end,3,6,7,4,8,-2,1,3,RIGHT,NONE,False,True,13,,,,False,False,False,0,INVALID_BELIEF
dead_end,3,6,7,5,5,-1,-2,3,RIGHT,UP,True,True,13,14,1,0.07692307692307693,True,False,False,0,COLLISION
dead_end,3,6,7,5,9,-1,2,3,RIGHT,NONE,False,True,13,,,,False,False,False,0,INVALID_BELIEF
dead_end,3,6,7,6,4,0,-3,3,RIGHT,NONE,False,True,13,,,,False,False,False,0,INVALID_BELIEF
dead_end,3,6,7,6,10,0,3,3,RIGHT,NONE,False,True,13,,,,False,False,False,0,INVALID_BELIEF
dead_end,3,6,7,7,5,1,-2,3,RIGHT,UP,True,True,13,14,1,0.07692307692307693,True,False,False,0,COLLISION
dead_end,3,6,7,7,9,1,2,3,RIGHT,NONE,False,True,13,,,,False,False,False,0,INVALID_BELIEF
dead_end,3,6,7,8,6,2,-1,3,RIGHT,NONE,False,True,13,,,,False,False,False,0,INVALID_BELIEF
dead_end,3,6,7,8,8,2,1,3,RIGHT,NONE,False,True,13,,,,False,False,False,0,INVALID_BELIEF
dead_end,3,6,7,9,7,3,0,3,RIGHT,RIGHT,True,False,13,13,0,0.0,False,False,True,0,ADEQUATE
dead_end,3,7,7,4,7,-3,0,3,UP,RIGHT,True,True,12,12,0,0.0,False,False,True,0,ADEQUATE
dead_end,3,7,7,5,6,-2,-1,3,UP,NONE,False,True,12,,,,False,False,False,0,INVALID_BELIEF
dead_end,3,7,7,5,8,-2,1,3,UP,NONE,False,True,12,,,,False,False,False,0,INVALID_BELIEF
dead_end,3,7,7,6,5,-1,-2,3,UP,NONE,False,True,12,,,,False,False,False,0,INVALID_BELIEF
dead_end,3,7,7,6,9,-1,2,3,UP,NONE,False,True,12,,,,False,False,False,0,INVALID_BELIEF
dead_end,3,7,7,7,4,0,-3,3,UP,UP,True,False,12,12,0,0.0,False,False,True,0,ADEQUATE
dead_end,3,7,7,7,10,0,3,3,UP,NONE,False,True,12,,,,False,False,False,0,INVALID_BELIEF
dead_end,3,7,7,8,5,1,-2,3,UP,NONE,False,True,12,,,,False,False,False,0,INVALID_BELIEF
dead_end,3,7,7,8,9,1,2,3,UP,NONE,False,True,12,,,,False,False,False,0,INVALID_BELIEF
dead_end,3,7,7,9,6,2,-1,3,UP,NONE,False,True,12,,,,False,False,False,0,INVALID_BELIEF
dead_end,3,7,7,9,8,2,1,3,UP,NONE,False,True,12,,,,False,False,False,0,INVALID_BELIEF
dead_end,3,7,7,10,7,3,0,3,UP,RIGHT,True,True,12,12,0,0.0,False,False,True,0,ADEQUATE
dead_end,3,8,7,5,7,-3,0,3,RIGHT,RIGHT,True,False,11,11,0,0.0,False,False,True,0,ADEQUATE
dead_end,3,8,7,6,6,-2,-1,3,RIGHT,NONE,False,True,11,,,,False,False,False,0,INVALID_BELIEF
dead_end,3,8,7,6,8,-2,1,3,RIGHT,NONE,False,True,11,,,,False,False,False,0,INVALID_BELIEF
dead_end,3,8,7,7,5,-1,-2,3,RIGHT,UP,True,True,11,12,1,0.09090909090909091,True,False,False,0,COLLISION
dead_end,3,8,7,7,9,-1,2,3,RIGHT,NONE,False,True,11,,,,False,False,False,0,INVALID_BELIEF
dead_end,3,8,7,8,4,0,-3,3,RIGHT,NONE,False,True,11,,,,False,False,False,0,INVALID_BELIEF
dead_end,3,8,7,8,10,0,3,3,RIGHT,NONE,False,True,11,,,,False,False,False,0,INVALID_BELIEF
dead_end,3,8,7,9,5,1,-2,3,RIGHT,UP,True,True,11,12,1,0.09090909090909091,True,False,False,0,COLLISION
dead_end,3,8,7,9,9,1,2,3,RIGHT,NONE,False,True,11,,,,False,False,False,0,INVALID_BELIEF
dead_end,3,8,7,10,6,2,-1,3,RIGHT,NONE,False,True,11,,,,False,False,False,0,INVALID_BELIEF
dead_end,3,8,7,10,8,2,1,3,RIGHT,NONE,False,True,11,,,,False,False,False,0,INVALID_BELIEF
dead_end,3,8,7,11,7,3,0,3,RIGHT,RIGHT,True,False,11,11,0,0.0,False,False,True,0,ADEQUATE
dead_end,3,9,7,6,7,-3,0,3,RIGHT,RIGHT,True,False,10,10,0,0.0,False,False,True,0,ADEQUATE
dead_end,3,9,7,7,6,-2,-1,3,RIGHT,UP,True,True,10,11,1,0.1,True,False,False,0,COLLISION
dead_end,3,9,7,7,8,-2,1,3,RIGHT,NONE,False,True,10,,,,False,False,False,0,INVALID_BELIEF
dead_end,3,9,7,8,5,-1,-2,3,RIGHT,NONE,False,True,10,,,,False,False,False,0,INVALID_BELIEF
dead_end,3,9,7,8,9,-1,2,3,RIGHT,NONE,False,True,10,,,,False,False,False,0,INVALID_BELIEF
dead_end,3,9,7,9,4,0,-3,3,RIGHT,UP,True,True,10,11,1,0.1,True,False,False,0,COLLISION
dead_end,3,9,7,9,10,0,3,3,RIGHT,NONE,False,True,10,,,,False,False,False,0,INVALID_BELIEF
dead_end,3,9,7,10,5,1,-2,3,RIGHT,LEFT,True,True,10,12,2,0.2,False,False,False,0,INADEQUATE
dead_end,3,9,7,10,9,1,2,3,RIGHT,NONE,False,True,10,,,,False,False,False,0,INVALID_BELIEF
dead_end,3,9,7,11,6,2,-1,3,RIGHT,DOWN,True,True,10,11,1,0.1,True,False,False,0,COLLISION
dead_end,3,9,7,11,8,2,1,3,RIGHT,NONE,False,True,10,,,,False,False,False,0,INVALID_BELIEF
dead_end,3,9,7,12,7,3,0,3,RIGHT,RIGHT,True,False,10,10,0,0.0,False,False,True,0,ADEQUATE
dead_end,3,10,7,7,7,-3,0,3,RIGHT,UP,True,True,9,10,1,0.1111111111111111,True,False,False,0,COLLISION
dead_end,3,10,7,8,6,-2,-1,3,RIGHT,NONE,False,True,9,,,,False,False,False,0,INVALID_BELIEF
dead_end,3,10,7,8,8,-2,1,3,RIGHT,NONE,False,True,9,,,,False,False,False,0,INVALID_BELIEF
dead_end,3,10,7,9,5,-1,-2,3,RIGHT,UP,True,True,9,10,1,0.1111111111111111,True,False,False,0,COLLISION
dead_end,3,10,7,9,9,-1,2,3,RIGHT,NONE,False,True,9,,,,False,False,False,0,INVALID_BELIEF
dead_end,3,10,7,10,4,0,-3,3,RIGHT,NONE,False,True,9,,,,False,False,False,0,INVALID_BELIEF
dead_end,3,10,7,10,10,0,3,3,RIGHT,NONE,False,True,9,,,,False,False,False,0,INVALID_BELIEF
dead_end,3,10,7,11,5,1,-2,3,RIGHT,LEFT,True,True,9,11,2,0.2222222222222222,False,False,False,0,INADEQUATE
dead_end,3,10,7,11,9,1,2,3,RIGHT,NONE,False,True,9,,,,False,False,False,0,INVALID_BELIEF
dead_end,3,10,7,12,6,2,-1,3,RIGHT,NONE,False,True,9,,,,False,False,False,0,INVALID_BELIEF
dead_end,3,10,7,12,8,2,1,3,RIGHT,NONE,False,True,9,,,,False,False,False,0,INVALID_BELIEF
dead_end,3,10,7,13,7,3,0,3,RIGHT,UP,True,True,9,10,1,0.1111111111111111,True,False,False,0,COLLISION
dead_end,3,11,7,8,7,-3,0,3,RIGHT,RIGHT,True,False,8,8,0,0.0,False,False,True,0,ADEQUATE
dead_end,3,11,7,9,6,-2,-1,3,RIGHT,NONE,False,True,8,,,,False,False,False,0,INVALID_BELIEF
dead_end,3,11,7,9,8,-2,1,3,RIGHT,NONE,False,True,8,,,,False,False,False,0,INVALID_BELIEF
dead_end,3,11,7,10,5,-1,-2,3,RIGHT,LEFT,True,True,8,10,2,0.25,False,False,False,0,INADEQUATE
dead_end,3,11,7,10,9,-1,2,3,RIGHT,NONE,False,True,8,,,,False,False,False,0,INVALID_BELIEF
dead_end,3,11,7,11,4,0,-3,3,RIGHT,NONE,False,True,8,,,,False,False,False,0,INVALID_BELIEF
dead_end,3,11,7,11,10,0,3,3,RIGHT,NONE,False,True,8,,,,False,False,False,0,INVALID_BELIEF
dead_end,3,11,7,12,5,1,-2,3,RIGHT,NONE,False,True,8,,,,False,False,False,0,INVALID_BELIEF
dead_end,3,11,7,12,9,1,2,3,RIGHT,NONE,False,True,8,,,,False,False,False,0,INVALID_BELIEF
dead_end,3,11,7,13,6,2,-1,3,RIGHT,UP,True,True,8,10,2,0.25,False,False,False,0,INADEQUATE
dead_end,3,11,7,13,8,2,1,3,RIGHT,NONE,False,True,8,,,,False,False,False,0,INVALID_BELIEF
dead_end,3,11,7,14,7,3,0,3,RIGHT,NONE,False,True,8,,,,False,False,False,0,INVALID_BELIEF
dead_end,3,12,7,9,7,-3,0,3,RIGHT,RIGHT,True,False,7,7,0,0.0,False,False,True,0,ADEQUATE
dead_end,3,12,7,10,6,-2,-1,3,RIGHT,NONE,False,True,7,,,,False,False,False,0,INVALID_BELIEF
dead_end,3,12,7,10,8,-2,1,3,RIGHT,NONE,False,True,7,,,,False,False,False,0,INVALID_BELIEF
dead_end,3,12,7,11,5,-1,-2,3,RIGHT,LEFT,True,True,7,9,2,0.2857142857142857,False,False,False,0,INADEQUATE
dead_end,3,12,7,11,9,-1,2,3,RIGHT,NONE,False,True,7,,,,False,False,False,0,INVALID_BELIEF
dead_end,3,12,7,12,4,0,-3,3,RIGHT,NONE,False,True,7,,,,False,False,False,0,INVALID_BELIEF
dead_end,3,12,7,12,10,0,3,3,RIGHT,NONE,False,True,7,,,,False,False,False,0,INVALID_BELIEF
dead_end,3,12,7,13,5,1,-2,3,RIGHT,UP,True,True,7,8,1,0.14285714285714285,True,False,False,0,COLLISION
dead_end,3,12,7,13,9,1,2,3,RIGHT,NONE,False,True,7,,,,False,False,False,0,INVALID_BELIEF
dead_end,3,12,7,14,6,2,-1,3,RIGHT,NONE,False,True,7,,,,False,False,False,0,INVALID_BELIEF
dead_end,3,12,7,14,8,2,1,3,RIGHT,NONE,False,True,7,,,,False,False,False,0,INVALID_BELIEF
dead_end,3,12,7,15,7,3,0,3,RIGHT,NONE,False,True,7,,,,False,False,False,0,INVALID_BELIEF
dead_end,3,13,7,10,7,-3,0,3,UP,RIGHT,True,True,6,7,1,0.16666666666666666,True,False,False,0,COLLISION
dead_end,3,13,7,11,6,-2,-1,3,UP,DOWN,True,True,6,7,1,0.16666666666666666,True,False,False,0,COLLISION
dead_end,3,13,7,11,8,-2,1,3,UP,NONE,False,True,6,,,,False,False,False,0,INVALID_BELIEF
dead_end,3,13,7,12,5,-1,-2,3,UP,NONE,False,True,6,,,,False,False,False,0,INVALID_BELIEF
dead_end,3,13,7,12,9,-1,2,3,UP,NONE,False,True,6,,,,False,False,False,0,INVALID_BELIEF
dead_end,3,13,7,13,4,0,-3,3,UP,UP,True,False,6,6,0,0.0,False,False,True,0,ADEQUATE
dead_end,3,13,7,13,10,0,3,3,UP,NONE,False,True,6,,,,False,False,False,0,INVALID_BELIEF
dead_end,3,13,7,14,5,1,-2,3,UP,NONE,False,True,6,,,,False,False,False,0,INVALID_BELIEF
dead_end,3,13,7,14,9,1,2,3,UP,NONE,False,True,6,,,,False,False,False,0,INVALID_BELIEF
dead_end,3,13,7,15,6,2,-1,3,UP,NONE,False,True,6,,,,False,False,False,0,INVALID_BELIEF
dead_end,3,13,7,15,8,2,1,3,UP,NONE,False,True,6,,,,False,False,False,0,INVALID_BELIEF
dead_end,3,13,7,16,7,3,0,3,UP,NONE,False,True,6,,,,False,False,False,0,INVALID_BELIEF
dead_end,4,1,1,-3,1,-4,0,4,RIGHT,NONE,False,True,12,,,,False,False,False,0,INVALID_BELIEF
dead_end,4,1,1,-2,0,-3,-1,4,RIGHT,NONE,False,True,12,,,,False,False,False,0,INVALID_BELIEF
dead_end,4,1,1,-2,2,-3,1,4,RIGHT,NONE,False,True,12,,,,False,False,False,0,INVALID_BELIEF
dead_end,4,1,1,-1,-1,-2,-2,4,RIGHT,NONE,False,True,12,,,,False,False,False,0,INVALID_BELIEF
dead_end,4,1,1,-1,3,-2,2,4,RIGHT,NONE,False,True,12,,,,False,False,False,0,INVALID_BELIEF
dead_end,4,1,1,0,-2,-1,-3,4,RIGHT,NONE,False,True,12,,,,False,False,False,0,INVALID_BELIEF
dead_end,4,1,1,0,4,-1,3,4,RIGHT,NONE,False,True,12,,,,False,False,False,0,INVALID_BELIEF
dead_end,4,1,1,1,-3,0,-4,4,RIGHT,NONE,False,True,12,,,,False,False,False,0,INVALID_BELIEF
dead_end,4,1,1,1,5,0,4,4,RIGHT,UP,True,True,12,13,1,0.08333333333333333,True,False,False,0,COLLISION
dead_end,4,1,1,2,-2,1,-3,4,RIGHT,NONE,False,True,12,,,,False,False,False,0,INVALID_BELIEF
dead_end,4,1,1,2,4,1,3,4,RIGHT,NONE,False,True,12,,,,False,False,False,0,INVALID_BELIEF
dead_end,4,1,1,3,-1,2,-2,4,RIGHT,NONE,False,True,12,,,,False,False,False,0,INVALID_BELIEF
dead_end,4,1,1,3,3,2,2,4,RIGHT,LEFT,True,True,12,13,1,0.08333333333333333,True,False,False,0,COLLISION
dead_end,4,1,1,4,0,3,-1,4,RIGHT,NONE,False,True,12,,,,False,False,False,0,INVALID_BELIEF
dead_end,4,1,1,4,2,3,1,4,RIGHT,NONE,False,True,12,,,,False,False,False,0,INVALID_BELIEF
dead_end,4,1,1,5,1,4,0,4,RIGHT,RIGHT,True,False,12,12,0,0.0,False,False,True,0,ADEQUATE
dead_end,4,2,1,-2,1,-4,0,4,RIGHT,NONE,False,True,11,,,,False,False,False,0,INVALID_BELIEF
dead_end,4,2,1,-1,0,-3,-1,4,RIGHT,NONE,False,True,11,,,,False,False,False,0,INVALID_BELIEF
dead_end,4,2,1,-1,2,-3,1,4,RIGHT,NONE,False,True,11,,,,False,False,False,0,INVALID_BELIEF
dead_end,4,2,1,0,-1,-2,-2,4,RIGHT,NONE,False,True,11,,,,False,False,False,0,INVALID_BELIEF
dead_end,4,2,1,0,3,-2,2,4,RIGHT,NONE,False,True,11,,,,False,False,False,0,INVALID_BELIEF
dead_end,4,2,1,1,-2,-1,-3,4,RIGHT,NONE,False,True,11,,,,False,False,False,0,INVALID_BELIEF
dead_end,4,2,1,1,4,-1,3,4,RIGHT,UP,True,True,11,12,1,0.09090909090909091,True,False,False,0,COLLISION
dead_end,4,2,1,2,-3,0,-4,4,RIGHT,NONE,False,True,11,,,,False,False,False,0,INVALID_BELIEF
dead_end,4,2,1,2,5,0,4,4,RIGHT,NONE,False,True,11,,,,False,False,False,0,INVALID_BELIEF
dead_end,4,2,1,3,-2,1,-3,4,RIGHT,NONE,False,True,11,,,,False,False,False,0,INVALID_BELIEF
dead_end,4,2,1,3,4,1,3,4,RIGHT,NONE,False,True,11,,,,False,False,False,0,INVALID_BELIEF
dead_end,4,2,1,4,-1,2,-2,4,RIGHT,NONE,False,True,11,,,,False,False,False,0,INVALID_BELIEF
dead_end,4,2,1,4,3,2,2,4,RIGHT,LEFT,True,True,11,13,2,0.18181818181818182,False,False,False,0,INADEQUATE
dead_end,4,2,1,5,0,3,-1,4,RIGHT,NONE,False,True,11,,,,False,False,False,0,INVALID_BELIEF
dead_end,4,2,1,5,2,3,1,4,RIGHT,NONE,False,True,11,,,,False,False,False,0,INVALID_BELIEF
dead_end,4,2,1,6,1,4,0,4,RIGHT,RIGHT,True,False,11,11,0,0.0,False,False,True,0,ADEQUATE
dead_end,4,3,1,-1,1,-4,0,4,RIGHT,NONE,False,True,10,,,,False,False,False,0,INVALID_BELIEF
dead_end,4,3,1,0,0,-3,-1,4,RIGHT,NONE,False,True,10,,,,False,False,False,0,INVALID_BELIEF
dead_end,4,3,1,0,2,-3,1,4,RIGHT,NONE,False,True,10,,,,False,False,False,0,INVALID_BELIEF
dead_end,4,3,1,1,-1,-2,-2,4,RIGHT,NONE,False,True,10,,,,False,False,False,0,INVALID_BELIEF
dead_end,4,3,1,1,3,-2,2,4,RIGHT,UP,True,True,10,11,1,0.1,True,False,False,0,COLLISION
dead_end,4,3,1,2,-2,-1,-3,4,RIGHT,NONE,False,True,10,,,,False,False,False,0,INVALID_BELIEF
dead_end,4,3,1,2,4,-1,3,4,RIGHT,NONE,False,True,10,,,,False,False,False,0,INVALID_BELIEF
dead_end,4,3,1,3,-3,0,-4,4,RIGHT,NONE,False,True,10,,,,False,False,False,0,INVALID_BELIEF
dead_end,4,3,1,3,5,0,4,4,RIGHT,DOWN,True,True,10,11,1,0.1,True,False,False,0,COLLISION
dead_end,4,3,1,4,-2,1,-3,4,RIGHT,NONE,False,True,10,,,,False,False,False,0,INVALID_BELIEF
dead_end,4,3,1,4,4,1,3,4,RIGHT,NONE,False,True,10,,,,False,False,False,0,INVALID_BELIEF
dead_end,4,3,1,5,-1,2,-2,4,RIGHT,NONE,False,True,10,,,,False,False,False,0,INVALID_BELIEF
dead_end,4,3,1,5,3,2,2,4,RIGHT,LEFT,True,True,10,12,2,0.2,False,False,False,0,INADEQUATE
dead_end,4,3,1,6,0,3,-1,4,RIGHT,NONE,False,True,10,,,,False,False,False,0,INVALID_BELIEF
dead_end,4,3,1,6,2,3,1,4,RIGHT,NONE,False,True,10,,,,False,False,False,0,INVALID_BELIEF
dead_end,4,3,1,7,1,4,0,4,RIGHT,RIGHT,True,False,10,10,0,0.0,False,False,True,0,ADEQUATE
dead_end,4,4,1,0,1,-4,0,4,RIGHT,NONE,False,True,9,,,,False,False,False,0,INVALID_BELIEF
dead_end,4,4,1,1,0,-3,-1,4,RIGHT,NONE,False,True,9,,,,False,False,False,0,INVALID_BELIEF
dead_end,4,4,1,1,2,-3,1,4,RIGHT,UP,True,True,9,10,1,0.1111111111111111,True,False,False,0,COLLISION
dead_end,4,4,1,2,-1,-2,-2,4,RIGHT,NONE,False,True,9,,,,False,False,False,0,INVALID_BELIEF
dead_end,4,4,1,2,3,-2,2,4,RIGHT,LEFT,True,True,9,11,2,0.2222222222222222,False,False,False,0,INADEQUATE
dead_end,4,4,1,3,-2,-1,-3,4,RIGHT,NONE,False,True,9,,,,False,False,False,0,INVALID_BELIEF
dead_end,4,4,1,3,4,-1,3,4,RIGHT,NONE,False,True,9,,,,False,False,False,0,INVALID_BELIEF
dead_end,4,4,1,4,-3,0,-4,4,RIGHT,NONE,False,True,9,,,,False,False,False,0,INVALID_BELIEF
dead_end,4,4,1,4,5,0,4,4,RIGHT,LEFT,True,True,9,11,2,0.2222222222222222,False,False,False,0,INADEQUATE
dead_end,4,4,1,5,-2,1,-3,4,RIGHT,NONE,False,True,9,,,,False,False,False,0,INVALID_BELIEF
dead_end,4,4,1,5,4,1,3,4,RIGHT,UP,True,True,9,10,1,0.1111111111111111,True,False,False,0,COLLISION
dead_end,4,4,1,6,-1,2,-2,4,RIGHT,NONE,False,True,9,,,,False,False,False,0,INVALID_BELIEF
dead_end,4,4,1,6,3,2,2,4,RIGHT,NONE,False,True,9,,,,False,False,False,0,INVALID_BELIEF
dead_end,4,4,1,7,0,3,-1,4,RIGHT,NONE,False,True,9,,,,False,False,False,0,INVALID_BELIEF
dead_end,4,4,1,7,2,3,1,4,RIGHT,UP,True,True,9,10,1,0.1111111111111111,True,False,False,0,COLLISION
dead_end,4,4,1,8,1,4,0,4,RIGHT,RIGHT,True,False,9,9,0,0.0,False,False,True,0,ADEQUATE
dead_end,4,5,1,1,1,-4,0,4,RIGHT,RIGHT,True,False,8,8,0,0.0,False,False,True,0,ADEQUATE
dead_end,4,5,1,2,0,-3,-1,4,RIGHT,NONE,False,True,8,,,,False,False,False,0,INVALID_BELIEF
dead_end,4,5,1,2,2,-3,1,4,RIGHT,NONE,False,True,8,,,,False,False,False,0,INVALID_BELIEF
dead_end,4,5,1,3,-1,-2,-2,4,RIGHT,NONE,False,True,8,,,,False,False,False,0,INVALID_BELIEF
dead_end,4,5,1,3,3,-2,2,4,RIGHT,LEFT,True,True,8,10,2,0.25,False,False,False,0,INADEQUATE
dead_end,4,5,1,4,-2,-1,-3,4,RIGHT,NONE,False,True,8,,,,False,False,False,0,INVALID_BELIEF
dead_end,4,5,1,4,4,-1,3,4,RIGHT,NONE,False,True,8,,,,False,False,False,0,INVALID_BELIEF
dead_end,4,5,1,5,-3,0,-4,4,RIGHT,NONE,False,True,8,,,,False,False,False,0,INVALID_BELIEF
dead_end,4,5,1,5,5,0,4,4,RIGHT,UP,True,True,8,9,1,0.125,True,False,False,0,COLLISION
dead_end,4,5,1,6,-2,1,-3,4,RIGHT,NONE,False,True,8,,,,False,False,False,0,INVALID_BELIEF
dead_end,4,5,1,6,4,1,3,4,RIGHT,NONE,False,True,8,,,,False,False,False,0,INVALID_BELIEF
dead_end,4,5,1,7,-1,2,-2,4,RIGHT,NONE,False,True,8,,,,False,False,False,0,INVALID_BELIEF
dead_end,4,5,1,7,3,2,2,4,RIGHT,UP,True,True,8,9,1,0.125,True,False,False,0,COLLISION
dead_end,4,5,1,8,0,3,-1,4,RIGHT,NONE,False,True,8,,,,False,False,False,0,INVALID_BELIEF
dead_end,4,5,1,8,2,3,1,4,RIGHT,NONE,False,True,8,,,,False,False,False,0,INVALID_BELIEF
dead_end,4,5,1,9,1,4,0,4,RIGHT,RIGHT,True,False,8,8,0,0.0,False,False,True,0,ADEQUATE
dead_end,4,6,1,2,1,-4,0,4,RIGHT,RIGHT,True,False,7,7,0,0.0,False,False,True,0,ADEQUATE
dead_end,4,6,1,3,0,-3,-1,4,RIGHT,NONE,False,True,7,,,,False,False,False,0,INVALID_BELIEF
dead_end,4,6,1,3,2,-3,1,4,RIGHT,NONE,False,True,7,,,,False,False,False,0,INVALID_BELIEF
dead_end,4,6,1,4,-1,-2,-2,4,RIGHT,NONE,False,True,7,,,,False,False,False,0,INVALID_BELIEF
dead_end,4,6,1,4,3,-2,2,4,RIGHT,LEFT,True,True,7,9,2,0.2857142857142857,False,False,False,0,INADEQUATE
dead_end,4,6,1,5,-2,-1,-3,4,RIGHT,NONE,False,True,7,,,,False,False,False,0,INVALID_BELIEF
dead_end,4,6,1,5,4,-1,3,4,RIGHT,UP,True,True,7,8,1,0.14285714285714285,True,False,False,0,COLLISION
dead_end,4,6,1,6,-3,0,-4,4,RIGHT,NONE,False,True,7,,,,False,False,False,0,INVALID_BELIEF
dead_end,4,6,1,6,5,0,4,4,RIGHT,NONE,False,True,7,,,,False,False,False,0,INVALID_BELIEF
dead_end,4,6,1,7,-2,1,-3,4,RIGHT,NONE,False,True,7,,,,False,False,False,0,INVALID_BELIEF
dead_end,4,6,1,7,4,1,3,4,RIGHT,UP,True,True,7,8,1,0.14285714285714285,True,False,False,0,COLLISION
dead_end,4,6,1,8,-1,2,-2,4,RIGHT,NONE,False,True,7,,,,False,False,False,0,INVALID_BELIEF
dead_end,4,6,1,8,3,2,2,4,RIGHT,NONE,False,True,7,,,,False,False,False,0,INVALID_BELIEF
dead_end,4,6,1,9,0,3,-1,4,RIGHT,NONE,False,True,7,,,,False,False,False,0,INVALID_BELIEF
dead_end,4,6,1,9,2,3,1,4,RIGHT,NONE,False,True,7,,,,False,False,False,0,INVALID_BELIEF
dead_end,4,6,1,10,1,4,0,4,RIGHT,RIGHT,True,False,7,7,0,0.0,False,False,True,0,ADEQUATE
dead_end,4,7,1,3,1,-4,0,4,RIGHT,RIGHT,True,False,6,6,0,0.0,False,False,True,0,ADEQUATE
dead_end,4,7,1,4,0,-3,-1,4,RIGHT,NONE,False,True,6,,,,False,False,False,0,INVALID_BELIEF
dead_end,4,7,1,4,2,-3,1,4,RIGHT,NONE,False,True,6,,,,False,False,False,0,INVALID_BELIEF
dead_end,4,7,1,5,-1,-2,-2,4,RIGHT,NONE,False,True,6,,,,False,False,False,0,INVALID_BELIEF
dead_end,4,7,1,5,3,-2,2,4,RIGHT,LEFT,True,True,6,8,2,0.3333333333333333,False,False,False,0,INADEQUATE
dead_end,4,7,1,6,-2,-1,-3,4,RIGHT,NONE,False,True,6,,,,False,False,False,0,INVALID_BELIEF
dead_end,4,7,1,6,4,-1,3,4,RIGHT,NONE,False,True,6,,,,False,False,False,0,INVALID_BELIEF
dead_end,4,7,1,7,-3,0,-4,4,RIGHT,NONE,False,True,6,,,,False,False,False,0,INVALID_BELIEF
dead_end,4,7,1,7,5,0,4,4,RIGHT,UP,True,True,6,7,1,0.16666666666666666,True,False,False,0,COLLISION
dead_end,4,7,1,8,-2,1,-3,4,RIGHT,NONE,False,True,6,,,,False,False,False,0,INVALID_BELIEF
dead_end,4,7,1,8,4,1,3,4,RIGHT,NONE,False,True,6,,,,False,False,False,0,INVALID_BELIEF
dead_end,4,7,1,9,-1,2,-2,4,RIGHT,NONE,False,True,6,,,,False,False,False,0,INVALID_BELIEF
dead_end,4,7,1,9,3,2,2,4,RIGHT,RIGHT,True,False,6,6,0,0.0,False,False,True,0,ADEQUATE
dead_end,4,7,1,10,0,3,-1,4,RIGHT,NONE,False,True,6,,,,False,False,False,0,INVALID_BELIEF
dead_end,4,7,1,10,2,3,1,4,RIGHT,NONE,False,True,6,,,,False,False,False,0,INVALID_BELIEF
dead_end,4,7,1,11,1,4,0,4,RIGHT,RIGHT,True,False,6,6,0,0.0,False,False,True,0,ADEQUATE
dead_end,4,8,1,4,1,-4,0,4,RIGHT,RIGHT,True,False,5,5,0,0.0,False,False,True,0,ADEQUATE
dead_end,4,8,1,5,0,-3,-1,4,RIGHT,NONE,False,True,5,,,,False,False,False,0,INVALID_BELIEF
dead_end,4,8,1,5,2,-3,1,4,RIGHT,NONE,False,True,5,,,,False,False,False,0,INVALID_BELIEF
dead_end,4,8,1,6,-1,-2,-2,4,RIGHT,NONE,False,True,5,,,,False,False,False,0,INVALID_BELIEF
dead_end,4,8,1,6,3,-2,2,4,RIGHT,NONE,False,True,5,,,,False,False,False,0,INVALID_BELIEF
dead_end,4,8,1,7,-2,-1,-3,4,RIGHT,NONE,False,True,5,,,,False,False,False,0,INVALID_BELIEF
dead_end,4,8,1,7,4,-1,3,4,RIGHT,UP,True,True,5,6,1,0.2,True,False,False,0,COLLISION
dead_end,4,8,1,8,-3,0,-4,4,RIGHT,NONE,False,True,5,,,,False,False,False,0,INVALID_BELIEF
dead_end,4,8,1,8,5,0,4,4,RIGHT,NONE,False,True,5,,,,False,False,False,0,INVALID_BELIEF
dead_end,4,8,1,9,-2,1,-3,4,RIGHT,NONE,False,True,5,,,,False,False,False,0,INVALID_BELIEF
dead_end,4,8,1,9,4,1,3,4,RIGHT,UP,True,True,5,6,1,0.2,True,False,False,0,COLLISION
dead_end,4,8,1,10,-1,2,-2,4,RIGHT,NONE,False,True,5,,,,False,False,False,0,INVALID_BELIEF
dead_end,4,8,1,10,3,2,2,4,RIGHT,RIGHT,True,False,5,5,0,0.0,False,False,True,0,ADEQUATE
dead_end,4,8,1,11,0,3,-1,4,RIGHT,NONE,False,True,5,,,,False,False,False,0,INVALID_BELIEF
dead_end,4,8,1,11,2,3,1,4,RIGHT,NONE,False,True,5,,,,False,False,False,0,INVALID_BELIEF
dead_end,4,8,1,12,1,4,0,4,RIGHT,RIGHT,True,False,5,5,0,0.0,False,False,True,0,ADEQUATE
dead_end,4,9,1,5,1,-4,0,4,RIGHT,RIGHT,True,False,4,4,0,0.0,False,False,True,0,ADEQUATE
dead_end,4,9,1,6,0,-3,-1,4,RIGHT,NONE,False,True,4,,,,False,False,False,0,INVALID_BELIEF
dead_end,4,9,1,6,2,-3,1,4,RIGHT,NONE,False,True,4,,,,False,False,False,0,INVALID_BELIEF
dead_end,4,9,1,7,-1,-2,-2,4,RIGHT,NONE,False,True,4,,,,False,False,False,0,INVALID_BELIEF
dead_end,4,9,1,7,3,-2,2,4,RIGHT,UP,True,True,4,5,1,0.25,True,False,False,0,COLLISION
dead_end,4,9,1,8,-2,-1,-3,4,RIGHT,NONE,False,True,4,,,,False,False,False,0,INVALID_BELIEF
dead_end,4,9,1,8,4,-1,3,4,RIGHT,NONE,False,True,4,,,,False,False,False,0,INVALID_BELIEF
dead_end,4,9,1,9,-3,0,-4,4,RIGHT,NONE,False,True,4,,,,False,False,False,0,INVALID_BELIEF
dead_end,4,9,1,9,5,0,4,4,RIGHT,UP,True,True,4,5,1,0.25,True,False,False,0,COLLISION
dead_end,4,9,1,10,-2,1,-3,4,RIGHT,NONE,False,True,4,,,,False,False,False,0,INVALID_BELIEF
dead_end,4,9,1,10,4,1,3,4,RIGHT,NONE,False,True,4,,,,False,False,False,0,INVALID_BELIEF
dead_end,4,9,1,11,-1,2,-2,4,RIGHT,NONE,False,True,4,,,,False,False,False,0,INVALID_BELIEF
dead_end,4,9,1,11,3,2,2,4,RIGHT,RIGHT,True,False,4,4,0,0.0,False,False,True,0,ADEQUATE
dead_end,4,9,1,12,0,3,-1,4,RIGHT,NONE,False,True,4,,,,False,False,False,0,INVALID_BELIEF
dead_end,4,9,1,12,2,3,1,4,RIGHT,NONE,False,True,4,,,,False,False,False,0,INVALID_BELIEF
dead_end,4,9,1,13,1,4,0,4,RIGHT,NONE,True,True,4,,,,False,True,False,0,FALSE_TERMINAL
dead_end,4,10,1,6,1,-4,0,4,RIGHT,RIGHT,True,False,3,3,0,0.0,False,False,True,0,ADEQUATE
dead_end,4,10,1,7,0,-3,-1,4,RIGHT,NONE,False,True,3,,,,False,False,False,0,INVALID_BELIEF
dead_end,4,10,1,7,2,-3,1,4,RIGHT,UP,True,True,3,4,1,0.3333333333333333,True,False,False,0,COLLISION
dead_end,4,10,1,8,-1,-2,-2,4,RIGHT,NONE,False,True,3,,,,False,False,False,0,INVALID_BELIEF
dead_end,4,10,1,8,3,-2,2,4,RIGHT,NONE,False,True,3,,,,False,False,False,0,INVALID_BELIEF
dead_end,4,10,1,9,-2,-1,-3,4,RIGHT,NONE,False,True,3,,,,False,False,False,0,INVALID_BELIEF
dead_end,4,10,1,9,4,-1,3,4,RIGHT,UP,True,True,3,4,1,0.3333333333333333,True,False,False,0,COLLISION
dead_end,4,10,1,10,-3,0,-4,4,RIGHT,NONE,False,True,3,,,,False,False,False,0,INVALID_BELIEF
dead_end,4,10,1,10,5,0,4,4,RIGHT,LEFT,True,True,3,5,2,0.6666666666666666,False,False,False,0,INADEQUATE
dead_end,4,10,1,11,-2,1,-3,4,RIGHT,NONE,False,True,3,,,,False,False,False,0,INVALID_BELIEF
dead_end,4,10,1,11,4,1,3,4,RIGHT,NONE,False,True,3,,,,False,False,False,0,INVALID_BELIEF
dead_end,4,10,1,12,-1,2,-2,4,RIGHT,NONE,False,True,3,,,,False,False,False,0,INVALID_BELIEF
dead_end,4,10,1,12,3,2,2,4,RIGHT,RIGHT,True,False,3,3,0,0.0,False,False,True,0,ADEQUATE
dead_end,4,10,1,13,0,3,-1,4,RIGHT,NONE,False,True,3,,,,False,False,False,0,INVALID_BELIEF
dead_end,4,10,1,13,2,3,1,4,RIGHT,UP,True,True,3,4,1,0.3333333333333333,True,False,False,0,COLLISION
dead_end,4,10,1,14,1,4,0,4,RIGHT,NONE,False,True,3,,,,False,False,False,0,INVALID_BELIEF
dead_end,4,11,1,7,1,-4,0,4,RIGHT,RIGHT,True,False,2,2,0,0.0,False,False,True,0,ADEQUATE
dead_end,4,11,1,8,0,-3,-1,4,RIGHT,NONE,False,True,2,,,,False,False,False,0,INVALID_BELIEF
dead_end,4,11,1,8,2,-3,1,4,RIGHT,NONE,False,True,2,,,,False,False,False,0,INVALID_BELIEF
dead_end,4,11,1,9,-1,-2,-2,4,RIGHT,NONE,False,True,2,,,,False,False,False,0,INVALID_BELIEF
dead_end,4,11,1,9,3,-2,2,4,RIGHT,RIGHT,True,False,2,2,0,0.0,False,False,True,0,ADEQUATE
dead_end,4,11,1,10,-2,-1,-3,4,RIGHT,NONE,False,True,2,,,,False,False,False,0,INVALID_BELIEF
dead_end,4,11,1,10,4,-1,3,4,RIGHT,NONE,False,True,2,,,,False,False,False,0,INVALID_BELIEF
dead_end,4,11,1,11,-3,0,-4,4,RIGHT,NONE,False,True,2,,,,False,False,False,0,INVALID_BELIEF
dead_end,4,11,1,11,5,0,4,4,RIGHT,LEFT,True,True,2,4,2,1.0,False,False,False,0,INADEQUATE
dead_end,4,11,1,12,-2,1,-3,4,RIGHT,NONE,False,True,2,,,,False,False,False,0,INVALID_BELIEF
dead_end,4,11,1,12,4,1,3,4,RIGHT,NONE,False,True,2,,,,False,False,False,0,INVALID_BELIEF
dead_end,4,11,1,13,-1,2,-2,4,RIGHT,NONE,False,True,2,,,,False,False,False,0,INVALID_BELIEF
dead_end,4,11,1,13,3,2,2,4,RIGHT,UP,True,True,2,3,1,0.5,True,False,False,0,COLLISION
dead_end,4,11,1,14,0,3,-1,4,RIGHT,NONE,False,True,2,,,,False,False,False,0,INVALID_BELIEF
dead_end,4,11,1,14,2,3,1,4,RIGHT,NONE,False,True,2,,,,False,False,False,0,INVALID_BELIEF
dead_end,4,11,1,15,1,4,0,4,RIGHT,NONE,False,True,2,,,,False,False,False,0,INVALID_BELIEF
dead_end,4,12,1,8,1,-4,0,4,RIGHT,RIGHT,True,False,1,1,0,0.0,False,False,True,0,ADEQUATE
dead_end,4,12,1,9,0,-3,-1,4,RIGHT,NONE,False,True,1,,,,False,False,False,0,INVALID_BELIEF
dead_end,4,12,1,9,2,-3,1,4,RIGHT,NONE,False,True,1,,,,False,False,False,0,INVALID_BELIEF
dead_end,4,12,1,10,-1,-2,-2,4,RIGHT,NONE,False,True,1,,,,False,False,False,0,INVALID_BELIEF
dead_end,4,12,1,10,3,-2,2,4,RIGHT,RIGHT,True,False,1,1,0,0.0,False,False,True,0,ADEQUATE
dead_end,4,12,1,11,-2,-1,-3,4,RIGHT,NONE,False,True,1,,,,False,False,False,0,INVALID_BELIEF
dead_end,4,12,1,11,4,-1,3,4,RIGHT,NONE,False,True,1,,,,False,False,False,0,INVALID_BELIEF
dead_end,4,12,1,12,-3,0,-4,4,RIGHT,NONE,False,True,1,,,,False,False,False,0,INVALID_BELIEF
dead_end,4,12,1,12,5,0,4,4,RIGHT,NONE,False,True,1,,,,False,False,False,0,INVALID_BELIEF
dead_end,4,12,1,13,-2,1,-3,4,RIGHT,NONE,False,True,1,,,,False,False,False,0,INVALID_BELIEF
dead_end,4,12,1,13,4,1,3,4,RIGHT,UP,True,True,1,2,1,1.0,True,False,False,0,COLLISION
dead_end,4,12,1,14,-1,2,-2,4,RIGHT,NONE,False,True,1,,,,False,False,False,0,INVALID_BELIEF
dead_end,4,12,1,14,3,2,2,4,RIGHT,NONE,False,True,1,,,,False,False,False,0,INVALID_BELIEF
dead_end,4,12,1,15,0,3,-1,4,RIGHT,NONE,False,True,1,,,,False,False,False,0,INVALID_BELIEF
dead_end,4,12,1,15,2,3,1,4,RIGHT,NONE,False,True,1,,,,False,False,False,0,INVALID_BELIEF
dead_end,4,12,1,16,1,4,0,4,RIGHT,NONE,False,True,1,,,,False,False,False,0,INVALID_BELIEF
dead_end,4,1,2,-3,2,-4,0,4,UP,NONE,False,True,13,,,,False,False,False,0,INVALID_BELIEF
dead_end,4,1,2,-2,1,-3,-1,4,UP,NONE,False,True,13,,,,False,False,False,0,INVALID_BELIEF
dead_end,4,1,2,-2,3,-3,1,4,UP,NONE,False,True,13,,,,False,False,False,0,INVALID_BELIEF
dead_end,4,1,2,-1,0,-2,-2,4,UP,NONE,False,True,13,,,,False,False,False,0,INVALID_BELIEF
dead_end,4,1,2,-1,4,-2,2,4,UP,NONE,False,True,13,,,,False,False,False,0,INVALID_BELIEF
dead_end,4,1,2,0,-1,-1,-3,4,UP,NONE,False,True,13,,,,False,False,False,0,INVALID_BELIEF
dead_end,4,1,2,0,5,-1,3,4,UP,NONE,False,True,13,,,,False,False,False,0,INVALID_BELIEF
dead_end,4,1,2,1,-2,0,-4,4,UP,NONE,False,True,13,,,,False,False,False,0,INVALID_BELIEF
dead_end,4,1,2,1,6,0,4,4,UP,UP,True,False,13,13,0,0.0,False,False,True,0,ADEQUATE
dead_end,4,1,2,2,-1,1,-3,4,UP,NONE,False,True,13,,,,False,False,False,0,INVALID_BELIEF
dead_end,4,1,2,2,5,1,3,4,UP,NONE,False,True,13,,,,False,False,False,0,INVALID_BELIEF
dead_end,4,1,2,3,0,2,-2,4,UP,NONE,False,True,13,,,,False,False,False,0,INVALID_BELIEF
dead_end,4,1,2,3,4,2,2,4,UP,NONE,False,True,13,,,,False,False,False,0,INVALID_BELIEF
dead_end,4,1,2,4,1,3,-1,4,UP,RIGHT,True,True,13,14,1,0.07692307692307693,True,False,False,0,COLLISION
dead_end,4,1,2,4,3,3,1,4,UP,LEFT,True,True,13,14,1,0.07692307692307693,True,False,False,0,COLLISION
dead_end,4,1,2,5,2,4,0,4,UP,NONE,False,True,13,,,,False,False,False,0,INVALID_BELIEF
dead_end,4,7,2,3,2,-4,0,4,UP,NONE,False,True,7,,,,False,False,False,0,INVALID_BELIEF
dead_end,4,7,2,4,1,-3,-1,4,UP,RIGHT,True,True,7,8,1,0.14285714285714285,True,False,False,0,COLLISION
dead_end,4,7,2,4,3,-3,1,4,UP,LEFT,True,True,7,8,1,0.14285714285714285,True,False,False,0,COLLISION
dead_end,4,7,2,5,0,-2,-2,4,UP,NONE,False,True,7,,,,False,False,False,0,INVALID_BELIEF
dead_end,4,7,2,5,4,-2,2,4,UP,UP,True,False,7,7,0,0.0,False,False,True,0,ADEQUATE
dead_end,4,7,2,6,-1,-1,-3,4,UP,NONE,False,True,7,,,,False,False,False,0,INVALID_BELIEF
dead_end,4,7,2,6,5,-1,3,4,UP,NONE,False,True,7,,,,False,False,False,0,INVALID_BELIEF
dead_end,4,7,2,7,-2,0,-4,4,UP,NONE,False,True,7,,,,False,False,False,0,INVALID_BELIEF
dead_end,4,7,2,7,6,0,4,4,UP,UP,True,False,7,7,0,0.0,False,False,True,0,ADEQUATE
dead_end,4,7,2,8,-1,1,-3,4,UP,NONE,False,True,7,,,,False,False,False,0,INVALID_BELIEF
dead_end,4,7,2,8,5,1,3,4,UP,NONE,False,True,7,,,,False,False,False,0,INVALID_BELIEF
dead_end,4,7,2,9,0,2,-2,4,UP,NONE,False,True,7,,,,False,False,False,0,INVALID_BELIEF
dead_end,4,7,2,9,4,2,2,4,UP,UP,True,False,7,7,0,0.0,False,False,True,0,ADEQUATE
dead_end,4,7,2,10,1,3,-1,4,UP,RIGHT,True,True,7,8,1,0.14285714285714285,True,False,False,0,COLLISION
dead_end,4,7,2,10,3,3,1,4,UP,RIGHT,True,True,7,8,1,0.14285714285714285,True,False,False,0,COLLISION
dead_end,4,7,2,11,2,4,0,4,UP,NONE,False,True,7,,,,False,False,False,0,INVALID_BELIEF
dead_end,4,13,2,9,2,-4,0,4,UP,NONE,False,True,1,,,,False,False,False,0,INVALID_BELIEF
dead_end,4,13,2,10,1,-3,-1,4,UP,RIGHT,True,True,1,2,1,1.0,True,False,False,0,COLLISION
dead_end,4,13,2,10,3,-3,1,4,UP,RIGHT,True,True,1,2,1,1.0,True,False,False,0,COLLISION
dead_end,4,13,2,11,0,-2,-2,4,UP,NONE,False,True,1,,,,False,False,False,0,INVALID_BELIEF
dead_end,4,13,2,11,4,-2,2,4,UP,NONE,False,True,1,,,,False,False,False,0,INVALID_BELIEF
dead_end,4,13,2,12,-1,-1,-3,4,UP,NONE,False,True,1,,,,False,False,False,0,INVALID_BELIEF
dead_end,4,13,2,12,5,-1,3,4,UP,NONE,False,True,1,,,,False,False,False,0,INVALID_BELIEF
dead_end,4,13,2,13,-2,0,-4,4,UP,NONE,False,True,1,,,,False,False,False,0,INVALID_BELIEF
dead_end,4,13,2,13,6,0,4,4,UP,UP,True,False,1,1,0,0.0,False,False,True,0,ADEQUATE
dead_end,4,13,2,14,-1,1,-3,4,UP,NONE,False,True,1,,,,False,False,False,0,INVALID_BELIEF
dead_end,4,13,2,14,5,1,3,4,UP,NONE,False,True,1,,,,False,False,False,0,INVALID_BELIEF
dead_end,4,13,2,15,0,2,-2,4,UP,NONE,False,True,1,,,,False,False,False,0,INVALID_BELIEF
dead_end,4,13,2,15,4,2,2,4,UP,NONE,False,True,1,,,,False,False,False,0,INVALID_BELIEF
dead_end,4,13,2,16,1,3,-1,4,UP,NONE,False,True,1,,,,False,False,False,0,INVALID_BELIEF
dead_end,4,13,2,16,3,3,1,4,UP,NONE,False,True,1,,,,False,False,False,0,INVALID_BELIEF
dead_end,4,13,2,17,2,4,0,4,UP,NONE,False,True,1,,,,False,False,False,0,INVALID_BELIEF
dead_end,4,1,3,-3,3,-4,0,4,UP,NONE,False,True,14,,,,False,False,False,0,INVALID_BELIEF
dead_end,4,1,3,-2,2,-3,-1,4,UP,NONE,False,True,14,,,,False,False,False,0,INVALID_BELIEF
dead_end,4,1,3,-2,4,-3,1,4,UP,NONE,False,True,14,,,,False,False,False,0,INVALID_BELIEF
dead_end,4,1,3,-1,1,-2,-2,4,UP,NONE,False,True,14,,,,False,False,False,0,INVALID_BELIEF
dead_end,4,1,3,-1,5,-2,2,4,UP,NONE,False,True,14,,,,False,False,False,0,INVALID_BELIEF
dead_end,4,1,3,0,0,-1,-3,4,UP,NONE,False,True,14,,,,False,False,False,0,INVALID_BELIEF
dead_end,4,1,3,0,6,-1,3,4,UP,NONE,False,True,14,,,,False,False,False,0,INVALID_BELIEF
dead_end,4,1,3,1,-1,0,-4,4,UP,NONE,False,True,14,,,,False,False,False,0,INVALID_BELIEF
dead_end,4,1,3,1,7,0,4,4,UP,UP,True,False,14,14,0,0.0,False,False,True,0,ADEQUATE
dead_end,4,1,3,2,0,1,-3,4,UP,NONE,False,True,14,,,,False,False,False,0,INVALID_BELIEF
dead_end,4,1,3,2,6,1,3,4,UP,NONE,False,True,14,,,,False,False,False,0,INVALID_BELIEF
dead_end,4,1,3,3,1,2,-2,4,UP,RIGHT,True,True,14,16,2,0.14285714285714285,False,False,False,0,INADEQUATE
dead_end,4,1,3,3,5,2,2,4,UP,DOWN,True,True,14,16,2,0.14285714285714285,False,False,False,0,INADEQUATE
dead_end,4,1,3,4,2,3,-1,4,UP,NONE,False,True,14,,,,False,False,False,0,INVALID_BELIEF
dead_end,4,1,3,4,4,3,1,4,UP,NONE,False,True,14,,,,False,False,False,0,INVALID_BELIEF
dead_end,4,1,3,5,3,4,0,4,UP,LEFT,True,True,14,15,1,0.07142857142857142,True,False,False,0,COLLISION
dead_end,4,2,3,-2,3,-4,0,4,LEFT,NONE,False,True,15,,,,False,False,False,0,INVALID_BELIEF
dead_end,4,2,3,-1,2,-3,-1,4,LEFT,NONE,False,True,15,,,,False,False,False,0,INVALID_BELIEF
dead_end,4,2,3,-1,4,-3,1,4,LEFT,NONE,False,True,15,,,,False,False,False,0,INVALID_BELIEF
dead_end,4,2,3,0,1,-2,-2,4,LEFT,NONE,False,True,15,,,,False,False,False,0,INVALID_BELIEF
dead_end,4,2,3,0,5,-2,2,4,LEFT,NONE,False,True,15,,,,False,False,False,0,INVALID_BELIEF
dead_end,4,2,3,1,0,-1,-3,4,LEFT,NONE,False,True,15,,,,False,False,False,0,INVALID_BELIEF
dead_end,4,2,3,1,6,-1,3,4,LEFT,UP,True,True,15,16,1,0.06666666666666667,True,False,False,0,COLLISION
dead_end,4,2,3,2,-1,0,-4,4,LEFT,NONE,False,True,15,,,,False,False,False,0,INVALID_BELIEF
dead_end,4,2,3,2,7,0,4,4,LEFT,RIGHT,True,True,15,17,2,0.13333333333333333,False,False,False,0,INADEQUATE
dead_end,4,2,3,3,0,1,-3,4,LEFT,NONE,False,True,15,,,,False,False,False,0,INVALID_BELIEF
dead_end,4,2,3,3,6,1,3,4,LEFT,DOWN,True,True,15,16,1,0.06666666666666667,True,False,False,0,COLLISION
dead_end,4,2,3,4,1,2,-2,4,LEFT,RIGHT,True,True,15,17,2,0.13333333333333333,False,False,False,0,INADEQUATE
dead_end,4,2,3,4,5,2,2,4,LEFT,LEFT,True,False,15,15,0,0.0,False,False,True,0,ADEQUATE
dead_end,4,2,3,5,2,3,-1,4,LEFT,NONE,False,True,15,,,,False,False,False,0,INVALID_BELIEF
dead_end,4,2,3,5,4,3,1,4,LEFT,UP,True,True,15,16,1,0.06666666666666667,True,False,False,0,COLLISION
dead_end,4,2,3,6,3,4,0,4,LEFT,NONE,False,True,15,,,,False,False,False,0,INVALID_BELIEF
dead_end,4,3,3,-1,3,-4,0,4,LEFT,NONE,False,True,16,,,,False,False,False,0,INVALID_BELIEF
dead_end,4,3,3,0,2,-3,-1,4,LEFT,NONE,False,True,16,,,,False,False,False,0,INVALID_BELIEF
dead_end,4,3,3,0,4,-3,1,4,LEFT,NONE,False,True,16,,,,False,False,False,0,INVALID_BELIEF
dead_end,4,3,3,1,1,-2,-2,4,LEFT,RIGHT,True,True,16,18,2,0.125,False,False,False,0,INADEQUATE
dead_end,4,3,3,1,5,-2,2,4,LEFT,UP,True,True,16,17,1,0.0625,True,False,False,0,COLLISION
dead_end,4,3,3,2,0,-1,-3,4,LEFT,NONE,False,True,16,,,,False,False,False,0,INVALID_BELIEF
dead_end,4,3,3,2,6,-1,3,4,LEFT,NONE,False,True,16,,,,False,False,False,0,INVALID_BELIEF
dead_end,4,3,3,3,-1,0,-4,4,LEFT,NONE,False,True,16,,,,False,False,False,0,INVALID_BELIEF
dead_end,4,3,3,3,7,0,4,4,LEFT,RIGHT,True,True,16,18,2,0.125,False,False,False,0,INADEQUATE
dead_end,4,3,3,4,0,1,-3,4,LEFT,NONE,False,True,16,,,,False,False,False,0,INVALID_BELIEF
dead_end,4,3,3,4,6,1,3,4,LEFT,NONE,False,True,16,,,,False,False,False,0,INVALID_BELIEF
dead_end,4,3,3,5,1,2,-2,4,LEFT,RIGHT,True,True,16,18,2,0.125,False,False,False,0,INADEQUATE
dead_end,4,3,3,5,5,2,2,4,LEFT,UP,True,True,16,17,1,0.0625,True,False,False,0,COLLISION
dead_end,4,3,3,6,2,3,-1,4,LEFT,NONE,False,True,16,,,,False,False,False,0,INVALID_BELIEF
dead_end,4,3,3,6,4,3,1,4,LEFT,NONE,False,True,16,,,,False,False,False,0,INVALID_BELIEF
dead_end,4,3,3,7,3,4,0,4,LEFT,UP,True,True,16,17,1,0.0625,True,False,False,0,COLLISION
dead_end,4,4,3,0,3,-4,0,4,LEFT,NONE,False,True,17,,,,False,False,False,0,INVALID_BELIEF
dead_end,4,4,3,1,2,-3,-1,4,LEFT,UP,True,True,17,18,1,0.058823529411764705,True,False,False,0,COLLISION
dead_end,4,4,3,1,4,-3,1,4,LEFT,UP,True,True,17,18,1,0.058823529411764705,True,False,False,0,COLLISION
dead_end,4,4,3,2,1,-2,-2,4,LEFT,RIGHT,True,True,17,19,2,0.11764705882352941,False,False,False,0,INADEQUATE
dead_end,4,4,3,2,5,-2,2,4,LEFT,NONE,False,True,17,,,,False,False,False,0,INVALID_BELIEF
dead_end,4,4,3,3,0,-1,-3,4,LEFT,NONE,False,True,17,,,,False,False,False,0,INVALID_BELIEF
dead_end,4,4,3,3,6,-1,3,4,LEFT,DOWN,True,True,17,18,1,0.058823529411764705,True,False,False,0,COLLISION
dead_end,4,4,3,4,-1,0,-4,4,LEFT,NONE,False,True,17,,,,False,False,False,0,INVALID_BELIEF
dead_end,4,4,3,4,7,0,4,4,LEFT,RIGHT,True,True,17,19,2,0.11764705882352941,False,False,False,0,INADEQUATE
dead_end,4,4,3,5,0,1,-3,4,LEFT,NONE,False,True,17,,,,False,False,False,0,INVALID_BELIEF
dead_end,4,4,3,5,6,1,3,4,LEFT,NONE,False,True,17,,,,False,False,False,0,INVALID_BELIEF
dead_end,4,4,3,6,1,2,-2,4,LEFT,RIGHT,True,True,17,19,2,0.11764705882352941,False,False,False,0,INADEQUATE
dead_end,4,4,3,6,5,2,2,4,LEFT,NONE,False,True,17,,,,False,False,False,0,INVALID_BELIEF
dead_end,4,4,3,7,2,3,-1,4,LEFT,UP,True,True,17,18,1,0.058823529411764705,True,False,False,0,COLLISION
dead_end,4,4,3,7,4,3,1,4,LEFT,UP,True,True,17,18,1,0.058823529411764705,True,False,False,0,COLLISION
dead_end,4,4,3,8,3,4,0,4,LEFT,NONE,False,True,17,,,,False,False,False,0,INVALID_BELIEF
dead_end,4,5,3,1,3,-4,0,4,LEFT,UP,True,True,18,19,1,0.05555555555555555,True,False,False,0,COLLISION
dead_end,4,5,3,2,2,-3,-1,4,LEFT,NONE,False,True,18,,,,False,False,False,0,INVALID_BELIEF
dead_end,4,5,3,2,4,-3,1,4,LEFT,NONE,False,True,18,,,,False,False,False,0,INVALID_BELIEF
dead_end,4,5,3,3,1,-2,-2,4,LEFT,RIGHT,True,True,18,19,1,0.05555555555555555,True,False,False,0,COLLISION
dead_end,4,5,3,3,5,-2,2,4,LEFT,DOWN,True,True,18,20,2,0.1111111111111111,False,False,False,0,INADEQUATE
dead_end,4,5,3,4,0,-1,-3,4,LEFT,NONE,False,True,18,,,,False,False,False,0,INVALID_BELIEF
dead_end,4,5,3,4,6,-1,3,4,LEFT,NONE,False,True,18,,,,False,False,False,0,INVALID_BELIEF
dead_end,4,5,3,5,-1,0,-4,4,LEFT,NONE,False,True,18,,,,False,False,False,0,INVALID_BELIEF
dead_end,4,5,3,5,7,0,4,4,LEFT,RIGHT,True,True,18,19,1,0.05555555555555555,True,False,False,0,COLLISION
dead_end,4,5,3,6,0,1,-3,4,LEFT,NONE,False,True,18,,,,False,False,False,0,INVALID_BELIEF
dead_end,4,5,3,6,6,1,3,4,LEFT,NONE,False,True,18,,,,False,False,False,0,INVALID_BELIEF
dead_end,4,5,3,7,1,2,-2,4,LEFT,RIGHT,True,True,18,19,1,0.05555555555555555,True,False,False,0,COLLISION
dead_end,4,5,3,7,5,2,2,4,LEFT,UP,True,True,18,19,1,0.05555555555555555,True,False,False,0,COLLISION
dead_end,4,5,3,8,2,3,-1,4,LEFT,NONE,False,True,18,,,,False,False,False,0,INVALID_BELIEF
dead_end,4,5,3,8,4,3,1,4,LEFT,NONE,False,True,18,,,,False,False,False,0,INVALID_BELIEF
dead_end,4,5,3,9,3,4,0,4,LEFT,RIGHT,True,True,18,19,1,0.05555555555555555,True,False,False,0,COLLISION
dead_end,4,7,3,3,3,-4,0,4,UP,LEFT,True,True,8,9,1,0.125,True,False,False,0,COLLISION
dead_end,4,7,3,4,2,-3,-1,4,UP,NONE,False,True,8,,,,False,False,False,0,INVALID_BELIEF
dead_end,4,7,3,4,4,-3,1,4,UP,NONE,False,True,8,,,,False,False,False,0,INVALID_BELIEF
dead_end,4,7,3,5,1,-2,-2,4,UP,RIGHT,True,True,8,9,1,0.125,True,False,False,0,COLLISION
dead_end,4,7,3,5,5,-2,2,4,UP,UP,True,False,8,8,0,0.0,False,False,True,0,ADEQUATE
dead_end,4,7,3,6,0,-1,-3,4,UP,NONE,False,True,8,,,,False,False,False,0,INVALID_BELIEF
dead_end,4,7,3,6,6,-1,3,4,UP,NONE,False,True,8,,,,False,False,False,0,INVALID_BELIEF
dead_end,4,7,3,7,-1,0,-4,4,UP,NONE,False,True,8,,,,False,False,False,0,INVALID_BELIEF
dead_end,4,7,3,7,7,0,4,4,UP,UP,True,False,8,8,0,0.0,False,False,True,0,ADEQUATE
dead_end,4,7,3,8,0,1,-3,4,UP,NONE,False,True,8,,,,False,False,False,0,INVALID_BELIEF
dead_end,4,7,3,8,6,1,3,4,UP,NONE,False,True,8,,,,False,False,False,0,INVALID_BELIEF
dead_end,4,7,3,9,1,2,-2,4,UP,RIGHT,True,True,8,9,1,0.125,True,False,False,0,COLLISION
dead_end,4,7,3,9,5,2,2,4,UP,UP,True,False,8,8,0,0.0,False,False,True,0,ADEQUATE
dead_end,4,7,3,10,2,3,-1,4,UP,NONE,False,True,8,,,,False,False,False,0,INVALID_BELIEF
dead_end,4,7,3,10,4,3,1,4,UP,NONE,False,True,8,,,,False,False,False,0,INVALID_BELIEF
dead_end,4,7,3,11,3,4,0,4,UP,RIGHT,True,True,8,9,1,0.125,True,False,False,0,COLLISION
dead_end,4,9,3,5,3,-4,0,4,RIGHT,LEFT,True,True,6,7,1,0.16666666666666666,True,False,False,0,COLLISION
dead_end,4,9,3,6,2,-3,-1,4,RIGHT,NONE,False,True,6,,,,False,False,False,0,INVALID_BELIEF
dead_end,4,9,3,6,4,-3,1,4,RIGHT,NONE,False,True,6,,,,False,False,False,0,INVALID_BELIEF
dead_end,4,9,3,7,1,-2,-2,4,RIGHT,RIGHT,True,False,6,6,0,0.0,False,False,True,0,ADEQUATE
dead_end,4,9,3,7,5,-2,2,4,RIGHT,UP,True,True,6,7,1,0.16666666666666666,True,False,False,0,COLLISION
dead_end,4,9,3,8,0,-1,-3,4,RIGHT,NONE,False,True,6,,,,False,False,False,0,INVALID_BELIEF
dead_end,4,9,3,8,6,-1,3,4,RIGHT,NONE,False,True,6,,,,False,False,False,0,INVALID_BELIEF
dead_end,4,9,3,9,-1,0,-4,4,RIGHT,NONE,False,True,6,,,,False,False,False,0,INVALID_BELIEF
dead_end,4,9,3,9,7,0,4,4,RIGHT,RIGHT,True,False,6,6,0,0.0,False,False,True,0,ADEQUATE
dead_end,4,9,3,10,0,1,-3,4,RIGHT,NONE,False,True,6,,,,False,False,False,0,INVALID_BELIEF
dead_end,4,9,3,10,6,1,3,4,RIGHT,NONE,False,True,6,,,,False,False,False,0,INVALID_BELIEF
dead_end,4,9,3,11,1,2,-2,4,RIGHT,RIGHT,True,False,6,6,0,0.0,False,False,True,0,ADEQUATE
dead_end,4,9,3,11,5,2,2,4,RIGHT,LEFT,True,True,6,7,1,0.16666666666666666,True,False,False,0,COLLISION
dead_end,4,9,3,12,2,3,-1,4,RIGHT,NONE,False,True,6,,,,False,False,False,0,INVALID_BELIEF
dead_end,4,9,3,12,4,3,1,4,RIGHT,NONE,False,True,6,,,,False,False,False,0,INVALID_BELIEF
dead_end,4,9,3,13,3,4,0,4,RIGHT,UP,True,True,6,7,1,0.16666666666666666,True,False,False,0,COLLISION
dead_end,4,10,3,6,3,-4,0,4,RIGHT,NONE,False,True,5,,,,False,False,False,0,INVALID_BELIEF
dead_end,4,10,3,7,2,-3,-1,4,RIGHT,UP,True,True,5,6,1,0.2,True,False,False,0,COLLISION
dead_end,4,10,3,7,4,-3,1,4,RIGHT,UP,True,True,5,6,1,0.2,True,False,False,0,COLLISION
dead_end,4,10,3,8,1,-2,-2,4,RIGHT,RIGHT,True,False,5,5,0,0.0,False,False,True,0,ADEQUATE
dead_end,4,10,3,8,5,-2,2,4,RIGHT,NONE,False,True,5,,,,False,False,False,0,INVALID_BELIEF
dead_end,4,10,3,9,0,-1,-3,4,RIGHT,NONE,False,True,5,,,,False,False,False,0,INVALID_BELIEF
dead_end,4,10,3,9,6,-1,3,4,RIGHT,NONE,False,True,5,,,,False,False,False,0,INVALID_BELIEF
dead_end,4,10,3,10,-1,0,-4,4,RIGHT,NONE,False,True,5,,,,False,False,False,0,INVALID_BELIEF
dead_end,4,10,3,10,7,0,4,4,RIGHT,RIGHT,True,False,5,5,0,0.0,False,False,True,0,ADEQUATE
dead_end,4,10,3,11,0,1,-3,4,RIGHT,NONE,False,True,5,,,,False,False,False,0,INVALID_BELIEF
dead_end,4,10,3,11,6,1,3,4,RIGHT,DOWN,True,True,5,6,1,0.2,True,False,False,0,COLLISION
dead_end,4,10,3,12,1,2,-2,4,RIGHT,RIGHT,True,False,5,5,0,0.0,False,False,True,0,ADEQUATE
dead_end,4,10,3,12,5,2,2,4,RIGHT,NONE,False,True,5,,,,False,False,False,0,INVALID_BELIEF
dead_end,4,10,3,13,2,3,-1,4,RIGHT,UP,True,True,5,6,1,0.2,True,False,False,0,COLLISION
dead_end,4,10,3,13,4,3,1,4,RIGHT,UP,True,True,5,6,1,0.2,True,False,False,0,COLLISION
dead_end,4,10,3,14,3,4,0,4,RIGHT,NONE,False,True,5,,,,False,False,False,0,INVALID_BELIEF
dead_end,4,11,3,7,3,-4,0,4,RIGHT,UP,True,True,4,5,1,0.25,True,False,False,0,COLLISION
dead_end,4,11,3,8,2,-3,-1,4,RIGHT,NONE,False,True,4,,,,False,False,False,0,INVALID_BELIEF
dead_end,4,11,3,8,4,-3,1,4,RIGHT,NONE,False,True,4,,,,False,False,False,0,INVALID_BELIEF
dead_end,4,11,3,9,1,-2,-2,4,RIGHT,RIGHT,True,False,4,4,0,0.0,False,False,True,0,ADEQUATE
dead_end,4,11,3,9,5,-2,2,4,RIGHT,UP,True,True,4,5,1,0.25,True,False,False,0,COLLISION
dead_end,4,11,3,10,0,-1,-3,4,RIGHT,NONE,False,True,4,,,,False,False,False,0,INVALID_BELIEF
dead_end,4,11,3,10,6,-1,3,4,RIGHT,NONE,False,True,4,,,,False,False,False,0,INVALID_BELIEF
dead_end,4,11,3,11,-1,0,-4,4,RIGHT,NONE,False,True,4,,,,False,False,False,0,INVALID_BELIEF
dead_end,4,11,3,11,7,0,4,4,RIGHT,RIGHT,True,False,4,4,0,0.0,False,False,True,0,ADEQUATE
dead_end,4,11,3,12,0,1,-3,4,RIGHT,NONE,False,True,4,,,,False,False,False,0,INVALID_BELIEF
dead_end,4,11,3,12,6,1,3,4,RIGHT,NONE,False,True,4,,,,False,False,False,0,INVALID_BELIEF
dead_end,4,11,3,13,1,2,-2,4,RIGHT,NONE,True,True,4,,,,False,True,False,0,FALSE_TERMINAL
dead_end,4,11,3,13,5,2,2,4,RIGHT,UP,True,True,4,5,1,0.25,True,False,False,0,COLLISION
dead_end,4,11,3,14,2,3,-1,4,RIGHT,NONE,False,True,4,,,,False,False,False,0,INVALID_BELIEF
dead_end,4,11,3,14,4,3,1,4,RIGHT,NONE,False,True,4,,,,False,False,False,0,INVALID_BELIEF
dead_end,4,11,3,15,3,4,0,4,RIGHT,NONE,False,True,4,,,,False,False,False,0,INVALID_BELIEF
dead_end,4,12,3,8,3,-4,0,4,RIGHT,NONE,False,True,3,,,,False,False,False,0,INVALID_BELIEF
dead_end,4,12,3,9,2,-3,-1,4,RIGHT,NONE,False,True,3,,,,False,False,False,0,INVALID_BELIEF
dead_end,4,12,3,9,4,-3,1,4,RIGHT,UP,True,True,3,4,1,0.3333333333333333,True,False,False,0,COLLISION
dead_end,4,12,3,10,1,-2,-2,4,RIGHT,RIGHT,True,False,3,3,0,0.0,False,False,True,0,ADEQUATE
dead_end,4,12,3,10,5,-2,2,4,RIGHT,LEFT,True,True,3,5,2,0.6666666666666666,False,False,False,0,INADEQUATE
dead_end,4,12,3,11,0,-1,-3,4,RIGHT,NONE,False,True,3,,,,False,False,False,0,INVALID_BELIEF
dead_end,4,12,3,11,6,-1,3,4,RIGHT,DOWN,True,True,3,4,1,0.3333333333333333,True,False,False,0,COLLISION
dead_end,4,12,3,12,-1,0,-4,4,RIGHT,NONE,False,True,3,,,,False,False,False,0,INVALID_BELIEF
dead_end,4,12,3,12,7,0,4,4,RIGHT,RIGHT,True,False,3,3,0,0.0,False,False,True,0,ADEQUATE
dead_end,4,12,3,13,0,1,-3,4,RIGHT,NONE,False,True,3,,,,False,False,False,0,INVALID_BELIEF
dead_end,4,12,3,13,6,1,3,4,RIGHT,UP,True,True,3,4,1,0.3333333333333333,True,False,False,0,COLLISION
dead_end,4,12,3,14,1,2,-2,4,RIGHT,NONE,False,True,3,,,,False,False,False,0,INVALID_BELIEF
dead_end,4,12,3,14,5,2,2,4,RIGHT,NONE,False,True,3,,,,False,False,False,0,INVALID_BELIEF
dead_end,4,12,3,15,2,3,-1,4,RIGHT,NONE,False,True,3,,,,False,False,False,0,INVALID_BELIEF
dead_end,4,12,3,15,4,3,1,4,RIGHT,NONE,False,True,3,,,,False,False,False,0,INVALID_BELIEF
dead_end,4,12,3,16,3,4,0,4,RIGHT,NONE,False,True,3,,,,False,False,False,0,INVALID_BELIEF
dead_end,4,13,3,9,3,-4,0,4,UP,RIGHT,True,True,2,3,1,0.5,True,False,False,0,COLLISION
dead_end,4,13,3,10,2,-3,-1,4,UP,NONE,False,True,2,,,,False,False,False,0,INVALID_BELIEF
dead_end,4,13,3,10,4,-3,1,4,UP,NONE,False,True,2,,,,False,False,False,0,INVALID_BELIEF
dead_end,4,13,3,11,1,-2,-2,4,UP,RIGHT,True,True,2,3,1,0.5,True,False,False,0,COLLISION
dead_end,4,13,3,11,5,-2,2,4,UP,LEFT,True,True,2,4,2,1.0,False,False,False,0,INADEQUATE
dead_end,4,13,3,12,0,-1,-3,4,UP,NONE,False,True,2,,,,False,False,False,0,INVALID_BELIEF
dead_end,4,13,3,12,6,-1,3,4,UP,NONE,False,True,2,,,,False,False,False,0,INVALID_BELIEF
dead_end,4,13,3,13,-1,0,-4,4,UP,NONE,False,True,2,,,,False,False,False,0,INVALID_BELIEF
dead_end,4,13,3,13,7,0,4,4,UP,UP,True,False,2,2,0,0.0,False,False,True,0,ADEQUATE
dead_end,4,13,3,14,0,1,-3,4,UP,NONE,False,True,2,,,,False,False,False,0,INVALID_BELIEF
dead_end,4,13,3,14,6,1,3,4,UP,NONE,False,True,2,,,,False,False,False,0,INVALID_BELIEF
dead_end,4,13,3,15,1,2,-2,4,UP,NONE,False,True,2,,,,False,False,False,0,INVALID_BELIEF
dead_end,4,13,3,15,5,2,2,4,UP,NONE,False,True,2,,,,False,False,False,0,INVALID_BELIEF
dead_end,4,13,3,16,2,3,-1,4,UP,NONE,False,True,2,,,,False,False,False,0,INVALID_BELIEF
dead_end,4,13,3,16,4,3,1,4,UP,NONE,False,True,2,,,,False,False,False,0,INVALID_BELIEF
dead_end,4,13,3,17,3,4,0,4,UP,NONE,False,True,2,,,,False,False,False,0,INVALID_BELIEF
dead_end,4,1,4,-3,4,-4,0,4,UP,NONE,False,True,15,,,,False,False,False,0,INVALID_BELIEF
dead_end,4,1,4,-2,3,-3,-1,4,UP,NONE,False,True,15,,,,False,False,False,0,INVALID_BELIEF
dead_end,4,1,4,-2,5,-3,1,4,UP,NONE,False,True,15,,,,False,False,False,0,INVALID_BELIEF
dead_end,4,1,4,-1,2,-2,-2,4,UP,NONE,False,True,15,,,,False,False,False,0,INVALID_BELIEF
dead_end,4,1,4,-1,6,-2,2,4,UP,NONE,False,True,15,,,,False,False,False,0,INVALID_BELIEF
dead_end,4,1,4,0,1,-1,-3,4,UP,NONE,False,True,15,,,,False,False,False,0,INVALID_BELIEF
dead_end,4,1,4,0,7,-1,3,4,UP,NONE,False,True,15,,,,False,False,False,0,INVALID_BELIEF
dead_end,4,1,4,1,0,0,-4,4,UP,NONE,False,True,15,,,,False,False,False,0,INVALID_BELIEF
dead_end,4,1,4,1,8,0,4,4,UP,NONE,False,True,15,,,,False,False,False,0,INVALID_BELIEF
dead_end,4,1,4,2,1,1,-3,4,UP,RIGHT,True,True,15,16,1,0.06666666666666667,True,False,False,0,COLLISION
dead_end,4,1,4,2,7,1,3,4,UP,RIGHT,True,True,15,16,1,0.06666666666666667,True,False,False,0,COLLISION
dead_end,4,1,4,3,2,2,-2,4,UP,NONE,False,True,15,,,,False,False,False,0,INVALID_BELIEF
dead_end,4,1,4,3,6,2,2,4,UP,DOWN,True,True,15,17,2,0.13333333333333333,False,False,False,0,INADEQUATE
dead_end,4,1,4,4,3,3,-1,4,UP,LEFT,True,True,15,16,1,0.06666666666666667,True,False,False,0,COLLISION
dead_end,4,1,4,4,5,3,1,4,UP,LEFT,True,True,15,16,1,0.06666666666666667,True,False,False,0,COLLISION
dead_end,4,1,4,5,4,4,0,4,UP,UP,True,False,15,15,0,0.0,False,False,True,0,ADEQUATE
dead_end,4,5,4,1,4,-4,0,4,UP,UP,True,False,19,19,0,0.0,False,False,True,0,ADEQUATE
dead_end,4,5,4,2,3,-3,-1,4,UP,LEFT,True,True,19,20,1,0.05263157894736842,True,False,False,0,COLLISION
dead_end,4,5,4,2,5,-3,1,4,UP,NONE,False,True,19,,,,False,False,False,0,INVALID_BELIEF
dead_end,4,5,4,3,2,-2,-2,4,UP,NONE,False,True,19,,,,False,False,False,0,INVALID_BELIEF
dead_end,4,5,4,3,6,-2,2,4,UP,DOWN,True,True,19,21,2,0.10526315789473684,False,False,False,0,INADEQUATE
dead_end,4,5,4,4,1,-1,-3,4,UP,RIGHT,True,True,19,20,1,0.05263157894736842,True,False,False,0,COLLISION
dead_end,4,5,4,4,7,-1,3,4,UP,RIGHT,True,True,19,20,1,0.05263157894736842,True,False,False,0,COLLISION
dead_end,4,5,4,5,0,0,-4,4,UP,NONE,False,True,19,,,,False,False,False,0,INVALID_BELIEF
dead_end,4,5,4,5,8,0,4,4,UP,NONE,False,True,19,,,,False,False,False,0,INVALID_BELIEF
dead_end,4,5,4,6,1,1,-3,4,UP,RIGHT,True,True,19,20,1,0.05263157894736842,True,False,False,0,COLLISION
dead_end,4,5,4,6,7,1,3,4,UP,RIGHT,True,True,19,20,1,0.05263157894736842,True,False,False,0,COLLISION
dead_end,4,5,4,7,2,2,-2,4,UP,UP,True,False,19,19,0,0.0,False,False,True,0,ADEQUATE
dead_end,4,5,4,7,6,2,2,4,UP,UP,True,False,19,19,0,0.0,False,False,True,0,ADEQUATE
dead_end,4,5,4,8,3,3,-1,4,UP,NONE,False,True,19,,,,False,False,False,0,INVALID_BELIEF
dead_end,4,5,4,8,5,3,1,4,UP,NONE,False,True,19,,,,False,False,False,0,INVALID_BELIEF
dead_end,4,5,4,9,4,4,0,4,UP,UP,True,False,19,19,0,0.0,False,False,True,0,ADEQUATE
dead_end,4,7,4,3,4,-4,0,4,UP,NONE,False,True,9,,,,False,False,False,0,INVALID_BELIEF
dead_end,4,7,4,4,3,-3,-1,4,UP,LEFT,True,True,9,10,1,0.1111111111111111,True,False,False,0,COLLISION
dead_end,4,7,4,4,5,-3,1,4,UP,LEFT,True,True,9,10,1,0.1111111111111111,True,False,False,0,COLLISION
dead_end,4,7,4,5,2,-2,-2,4,UP,NONE,False,True,9,,,,False,False,False,0,INVALID_BELIEF
dead_end,4,7,4,5,6,-2,2,4,UP,NONE,False,True,9,,,,False,False,False,0,INVALID_BELIEF
dead_end,4,7,4,6,1,-1,-3,4,UP,RIGHT,True,True,9,10,1,0.1111111111111111,True,False,False,0,COLLISION
dead_end,4,7,4,6,7,-1,3,4,UP,RIGHT,True,True,9,10,1,0.1111111111111111,True,False,False,0,COLLISION
dead_end,4,7,4,7,0,0,-4,4,UP,NONE,False,True,9,,,,False,False,False,0,INVALID_BELIEF
dead_end,4,7,4,7,8,0,4,4,UP,NONE,False,True,9,,,,False,False,False,0,INVALID_BELIEF
dead_end,4,7,4,8,1,1,-3,4,UP,RIGHT,True,True,9,10,1,0.1111111111111111,True,False,False,0,COLLISION
dead_end,4,7,4,8,7,1,3,4,UP,RIGHT,True,True,9,10,1,0.1111111111111111,True,False,False,0,COLLISION
dead_end,4,7,4,9,2,2,-2,4,UP,NONE,False,True,9,,,,False,False,False,0,INVALID_BELIEF
dead_end,4,7,4,9,6,2,2,4,UP,NONE,False,True,9,,,,False,False,False,0,INVALID_BELIEF
dead_end,4,7,4,10,3,3,-1,4,UP,RIGHT,True,True,9,10,1,0.1111111111111111,True,False,False,0,COLLISION
dead_end,4,7,4,10,5,3,1,4,UP,LEFT,True,True,9,10,1,0.1111111111111111,True,False,False,0,COLLISION
dead_end,4,7,4,11,4,4,0,4,UP,NONE,False,True,9,,,,False,False,False,0,INVALID_BELIEF
dead_end,4,9,4,5,4,-4,0,4,UP,UP,True,False,7,7,0,0.0,False,False,True,0,ADEQUATE
dead_end,4,9,4,6,3,-3,-1,4,UP,NONE,False,True,7,,,,False,False,False,0,INVALID_BELIEF
dead_end,4,9,4,6,5,-3,1,4,UP,NONE,False,True,7,,,,False,False,False,0,INVALID_BELIEF
dead_end,4,9,4,7,2,-2,-2,4,UP,UP,True,False,7,7,0,0.0,False,False,True,0,ADEQUATE
dead_end,4,9,4,7,6,-2,2,4,UP,UP,True,False,7,7,0,0.0,False,False,True,0,ADEQUATE
dead_end,4,9,4,8,1,-1,-3,4,UP,RIGHT,True,True,7,8,1,0.14285714285714285,True,False,False,0,COLLISION
dead_end,4,9,4,8,7,-1,3,4,UP,RIGHT,True,True,7,8,1,0.14285714285714285,True,False,False,0,COLLISION
dead_end,4,9,4,9,0,0,-4,4,UP,NONE,False,True,7,,,,False,False,False,0,INVALID_BELIEF
dead_end,4,9,4,9,8,0,4,4,UP,NONE,False,True,7,,,,False,False,False,0,INVALID_BELIEF
dead_end,4,9,4,10,1,1,-3,4,UP,RIGHT,True,True,7,8,1,0.14285714285714285,True,False,False,0,COLLISION
dead_end,4,9,4,10,7,1,3,4,UP,RIGHT,True,True,7,8,1,0.14285714285714285,True,False,False,0,COLLISION
dead_end,4,9,4,11,2,2,-2,4,UP,NONE,False,True,7,,,,False,False,False,0,INVALID_BELIEF
dead_end,4,9,4,11,6,2,2,4,UP,DOWN,True,True,7,9,2,0.2857142857142857,False,False,False,0,INADEQUATE
dead_end,4,9,4,12,3,3,-1,4,UP,RIGHT,True,True,7,8,1,0.14285714285714285,True,False,False,0,COLLISION
dead_end,4,9,4,12,5,3,1,4,UP,NONE,False,True,7,,,,False,False,False,0,INVALID_BELIEF
dead_end,4,9,4,13,4,4,0,4,UP,UP,True,False,7,7,0,0.0,False,False,True,0,ADEQUATE
dead_end,4,13,4,9,4,-4,0,4,UP,UP,True,False,3,3,0,0.0,False,False,True,0,ADEQUATE
dead_end,4,13,4,10,3,-3,-1,4,UP,RIGHT,True,True,3,4,1,0.3333333333333333,True,False,False,0,COLLISION
dead_end,4,13,4,10,5,-3,1,4,UP,LEFT,True,True,3,4,1,0.3333333333333333,True,False,False,0,COLLISION
dead_end,4,13,4,11,2,-2,-2,4,UP,NONE,False,True,3,,,,False,False,False,0,INVALID_BELIEF
dead_end,4,13,4,11,6,-2,2,4,UP,DOWN,True,True,3,5,2,0.6666666666666666,False,False,False,0,INADEQUATE
dead_end,4,13,4,12,1,-1,-3,4,UP,RIGHT,True,True,3,4,1,0.3333333333333333,True,False,False,0,COLLISION
dead_end,4,13,4,12,7,-1,3,4,UP,RIGHT,True,True,3,4,1,0.3333333333333333,True,False,False,0,COLLISION
dead_end,4,13,4,13,0,0,-4,4,UP,NONE,False,True,3,,,,False,False,False,0,INVALID_BELIEF
dead_end,4,13,4,13,8,0,4,4,UP,NONE,False,True,3,,,,False,False,False,0,INVALID_BELIEF
dead_end,4,13,4,14,1,1,-3,4,UP,NONE,False,True,3,,,,False,False,False,0,INVALID_BELIEF
dead_end,4,13,4,14,7,1,3,4,UP,NONE,False,True,3,,,,False,False,False,0,INVALID_BELIEF
dead_end,4,13,4,15,2,2,-2,4,UP,NONE,False,True,3,,,,False,False,False,0,INVALID_BELIEF
dead_end,4,13,4,15,6,2,2,4,UP,NONE,False,True,3,,,,False,False,False,0,INVALID_BELIEF
dead_end,4,13,4,16,3,3,-1,4,UP,NONE,False,True,3,,,,False,False,False,0,INVALID_BELIEF
dead_end,4,13,4,16,5,3,1,4,UP,NONE,False,True,3,,,,False,False,False,0,INVALID_BELIEF
dead_end,4,13,4,17,4,4,0,4,UP,NONE,False,True,3,,,,False,False,False,0,INVALID_BELIEF
dead_end,4,1,5,-3,5,-4,0,4,UP,NONE,False,True,16,,,,False,False,False,0,INVALID_BELIEF
dead_end,4,1,5,-2,4,-3,-1,4,UP,NONE,False,True,16,,,,False,False,False,0,INVALID_BELIEF
dead_end,4,1,5,-2,6,-3,1,4,UP,NONE,False,True,16,,,,False,False,False,0,INVALID_BELIEF
dead_end,4,1,5,-1,3,-2,-2,4,UP,NONE,False,True,16,,,,False,False,False,0,INVALID_BELIEF
dead_end,4,1,5,-1,7,-2,2,4,UP,NONE,False,True,16,,,,False,False,False,0,INVALID_BELIEF
dead_end,4,1,5,0,2,-1,-3,4,UP,NONE,False,True,16,,,,False,False,False,0,INVALID_BELIEF
dead_end,4,1,5,0,8,-1,3,4,UP,NONE,False,True,16,,,,False,False,False,0,INVALID_BELIEF
dead_end,4,1,5,1,1,0,-4,4,UP,RIGHT,True,True,16,17,1,0.0625,True,False,False,0,COLLISION
dead_end,4,1,5,1,9,0,4,4,UP,NONE,False,True,16,,,,False,False,False,0,INVALID_BELIEF
dead_end,4,1,5,2,2,1,-3,4,UP,NONE,False,True,16,,,,False,False,False,0,INVALID_BELIEF
dead_end,4,1,5,2,8,1,3,4,UP,NONE,False,True,16,,,,False,False,False,0,INVALID_BELIEF
dead_end,4,1,5,3,3,2,-2,4,UP,LEFT,True,True,16,17,1,0.0625,True,False,False,0,COLLISION
dead_end,4,1,5,3,7,2,2,4,UP,RIGHT,True,True,16,17,1,0.0625,True,False,False,0,COLLISION
dead_end,4,1,5,4,4,3,-1,4,UP,NONE,False,True,16,,,,False,False,False,0,INVALID_BELIEF
dead_end,4,1,5,4,6,3,1,4,UP,NONE,False,True,16,,,,False,False,False,0,INVALID_BELIEF
dead_end,4,1,5,5,5,4,0,4,UP,UP,True,False,16,16,0,0.0,False,False,True,0,ADEQUATE
dead_end,4,3,5,-1,5,-4,0,4,DOWN,NONE,False,True,18,,,,False,False,False,0,INVALID_BELIEF
dead_end,4,3,5,0,4,-3,-1,4,DOWN,NONE,False,True,18,,,,False,False,False,0,INVALID_BELIEF
dead_end,4,3,5,0,6,-3,1,4,DOWN,NONE,False,True,18,,,,False,False,False,0,INVALID_BELIEF
dead_end,4,3,5,1,3,-2,-2,4,DOWN,UP,True,True,18,19,1,0.05555555555555555,True,False,False,0,COLLISION
dead_end,4,3,5,1,7,-2,2,4,DOWN,UP,True,True,18,19,1,0.05555555555555555,True,False,False,0,COLLISION
dead_end,4,3,5,2,2,-1,-3,4,DOWN,NONE,False,True,18,,,,False,False,False,0,INVALID_BELIEF
dead_end,4,3,5,2,8,-1,3,4,DOWN,NONE,False,True,18,,,,False,False,False,0,INVALID_BELIEF
dead_end,4,3,5,3,1,0,-4,4,DOWN,RIGHT,True,True,18,20,2,0.1111111111111111,False,False,False,0,INADEQUATE
dead_end,4,3,5,3,9,0,4,4,DOWN,NONE,False,True,18,,,,False,False,False,0,INVALID_BELIEF
dead_end,4,3,5,4,2,1,-3,4,DOWN,NONE,False,True,18,,,,False,False,False,0,INVALID_BELIEF
dead_end,4,3,5,4,8,1,3,4,DOWN,NONE,False,True,18,,,,False,False,False,0,INVALID_BELIEF
dead_end,4,3,5,5,3,2,-2,4,DOWN,LEFT,True,True,18,19,1,0.05555555555555555,True,False,False,0,COLLISION
dead_end,4,3,5,5,7,2,2,4,DOWN,RIGHT,True,True,18,20,2,0.1111111111111111,False,False,False,0,INADEQUATE
dead_end,4,3,5,6,4,3,-1,4,DOWN,NONE,False,True,18,,,,False,False,False,0,INVALID_BELIEF
dead_end,4,3,5,6,6,3,1,4,DOWN,NONE,False,True,18,,,,False,False,False,0,INVALID_BELIEF
dead_end,4,3,5,7,5,4,0,4,DOWN,UP,True,True,18,19,1,0.05555555555555555,True,False,False,0,COLLISION
dead_end,4,4,5,0,5,-4,0,4,LEFT,NONE,False,True,19,,,,False,False,False,0,INVALID_BELIEF
dead_end,4,4,5,1,4,-3,-1,4,LEFT,UP,True,True,19,20,1,0.05263157894736842,True,False,False,0,COLLISION
dead_end,4,4,5,1,6,-3,1,4,LEFT,UP,True,True,19,20,1,0.05263157894736842,True,False,False,0,COLLISION
dead_end,4,4,5,2,3,-2,-2,4,LEFT,LEFT,True,False,19,19,0,0.0,False,False,True,0,ADEQUATE
dead_end,4,4,5,2,7,-2,2,4,LEFT,RIGHT,True,True,19,21,2,0.10526315789473684,False,False,False,0,INADEQUATE
dead_end,4,4,5,3,2,-1,-3,4,LEFT,NONE,False,True,19,,,,False,False,False,0,INVALID_BELIEF
dead_end,4,4,5,3,8,-1,3,4,LEFT,NONE,False,True,19,,,,False,False,False,0,INVALID_BELIEF
dead_end,4,4,5,4,1,0,-4,4,LEFT,RIGHT,True,True,19,21,2,0.10526315789473684,False,False,False,0,INADEQUATE
dead_end,4,4,5,4,9,0,4,4,LEFT,NONE,False,True,19,,,,False,False,False,0,INVALID_BELIEF
dead_end,4,4,5,5,2,1,-3,4,LEFT,NONE,False,True,19,,,,False,False,False,0,INVALID_BELIEF
dead_end,4,4,5,5,8,1,3,4,LEFT,NONE,False,True,19,,,,False,False,False,0,INVALID_BELIEF
dead_end,4,4,5,6,3,2,-2,4,LEFT,NONE,False,True,19,,,,False,False,False,0,INVALID_BELIEF
dead_end,4,4,5,6,7,2,2,4,LEFT,RIGHT,True,True,19,21,2,0.10526315789473684,False,False,False,0,INADEQUATE
dead_end,4,4,5,7,4,3,-1,4,LEFT,UP,True,True,19,20,1,0.05263157894736842,True,False,False,0,COLLISION
dead_end,4,4,5,7,6,3,1,4,LEFT,UP,True,True,19,20,1,0.05263157894736842,True,False,False,0,COLLISION
dead_end,4,4,5,8,5,4,0,4,LEFT,NONE,False,True,19,,,,False,False,False,0,INVALID_BELIEF
dead_end,4,5,5,1,5,-4,0,4,UP,UP,True,False,20,20,0,0.0,False,False,True,0,ADEQUATE
dead_end,4,5,5,2,4,-3,-1,4,UP,NONE,False,True,20,,,,False,False,False,0,INVALID_BELIEF
dead_end,4,5,5,2,6,-3,1,4,UP,NONE,False,True,20,,,,False,False,False,0,INVALID_BELIEF
dead_end,4,5,5,3,3,-2,-2,4,UP,LEFT,True,True,20,20,0,0.0,False,False,True,0,ADEQUATE
dead_end,4,5,5,3,7,-2,2,4,UP,RIGHT,True,True,20,21,1,0.05,True,False,False,0,COLLISION
dead_end,4,5,5,4,2,-1,-3,4,UP,NONE,False,True,20,,,,False,False,False,0,INVALID_BELIEF
dead_end,4,5,5,4,8,-1,3,4,UP,NONE,False,True,20,,,,False,False,False,0,INVALID_BELIEF
dead_end,4,5,5,5,1,0,-4,4,UP,RIGHT,True,True,20,21,1,0.05,True,False,False,0,COLLISION
dead_end,4,5,5,5,9,0,4,4,UP,NONE,False,True,20,,,,False,False,False,0,INVALID_BELIEF
dead_end,4,5,5,6,2,1,-3,4,UP,NONE,False,True,20,,,,False,False,False,0,INVALID_BELIEF
dead_end,4,5,5,6,8,1,3,4,UP,NONE,False,True,20,,,,False,False,False,0,INVALID_BELIEF
dead_end,4,5,5,7,3,2,-2,4,UP,UP,True,False,20,20,0,0.0,False,False,True,0,ADEQUATE
dead_end,4,5,5,7,7,2,2,4,UP,UP,True,False,20,20,0,0.0,False,False,True,0,ADEQUATE
dead_end,4,5,5,8,4,3,-1,4,UP,NONE,False,True,20,,,,False,False,False,0,INVALID_BELIEF
dead_end,4,5,5,8,6,3,1,4,UP,NONE,False,True,20,,,,False,False,False,0,INVALID_BELIEF
dead_end,4,5,5,9,5,4,0,4,UP,UP,True,False,20,20,0,0.0,False,False,True,0,ADEQUATE
dead_end,4,7,5,3,5,-4,0,4,UP,DOWN,True,True,10,12,2,0.2,False,False,False,0,INADEQUATE
dead_end,4,7,5,4,4,-3,-1,4,UP,NONE,False,True,10,,,,False,False,False,0,INVALID_BELIEF
dead_end,4,7,5,4,6,-3,1,4,UP,NONE,False,True,10,,,,False,False,False,0,INVALID_BELIEF
dead_end,4,7,5,5,3,-2,-2,4,UP,LEFT,True,True,10,11,1,0.1,True,False,False,0,COLLISION
dead_end,4,7,5,5,7,-2,2,4,UP,RIGHT,True,True,10,11,1,0.1,True,False,False,0,COLLISION
dead_end,4,7,5,6,2,-1,-3,4,UP,NONE,False,True,10,,,,False,False,False,0,INVALID_BELIEF
dead_end,4,7,5,6,8,-1,3,4,UP,NONE,False,True,10,,,,False,False,False,0,INVALID_BELIEF
dead_end,4,7,5,7,1,0,-4,4,UP,RIGHT,True,True,10,11,1,0.1,True,False,False,0,COLLISION
dead_end,4,7,5,7,9,0,4,4,UP,NONE,False,True,10,,,,False,False,False,0,INVALID_BELIEF
dead_end,4,7,5,8,2,1,-3,4,UP,NONE,False,True,10,,,,False,False,False,0,INVALID_BELIEF
dead_end,4,7,5,8,8,1,3,4,UP,NONE,False,True,10,,,,False,False,False,0,INVALID_BELIEF
dead_end,4,7,5,9,3,2,-2,4,UP,RIGHT,True,True,10,11,1,0.1,True,False,False,0,COLLISION
dead_end,4,7,5,9,7,2,2,4,UP,RIGHT,True,True,10,11,1,0.1,True,False,False,0,COLLISION
dead_end,4,7,5,10,4,3,-1,4,UP,NONE,False,True,10,,,,False,False,False,0,INVALID_BELIEF
dead_end,4,7,5,10,6,3,1,4,UP,NONE,False,True,10,,,,False,False,False,0,INVALID_BELIEF
dead_end,4,7,5,11,5,4,0,4,UP,LEFT,True,True,10,11,1,0.1,True,False,False,0,COLLISION
dead_end,4,9,5,5,5,-4,0,4,UP,UP,True,False,8,8,0,0.0,False,False,True,0,ADEQUATE
dead_end,4,9,5,6,4,-3,-1,4,UP,NONE,False,True,8,,,,False,False,False,0,INVALID_BELIEF
dead_end,4,9,5,6,6,-3,1,4,UP,NONE,False,True,8,,,,False,False,False,0,INVALID_BELIEF
dead_end,4,9,5,7,3,-2,-2,4,UP,UP,True,False,8,8,0,0.0,False,False,True,0,ADEQUATE
dead_end,4,9,5,7,7,-2,2,4,UP,UP,True,False,8,8,0,0.0,False,False,True,0,ADEQUATE
dead_end,4,9,5,8,2,-1,-3,4,UP,NONE,False,True,8,,,,False,False,False,0,INVALID_BELIEF
dead_end,4,9,5,8,8,-1,3,4,UP,NONE,False,True,8,,,,False,False,False,0,INVALID_BELIEF
dead_end,4,9,5,9,1,0,-4,4,UP,RIGHT,True,True,8,10,2,0.25,False,False,False,0,INADEQUATE
dead_end,4,9,5,9,9,0,4,4,UP,NONE,False,True,8,,,,False,False,False,0,INVALID_BELIEF
dead_end,4,9,5,10,2,1,-3,4,UP,NONE,False,True,8,,,,False,False,False,0,INVALID_BELIEF
dead_end,4,9,5,10,8,1,3,4,UP,NONE,False,True,8,,,,False,False,False,0,INVALID_BELIEF
dead_end,4,9,5,11,3,2,-2,4,UP,RIGHT,True,True,8,10,2,0.25,False,False,False,0,INADEQUATE
dead_end,4,9,5,11,7,2,2,4,UP,RIGHT,True,True,8,10,2,0.25,False,False,False,0,INADEQUATE
dead_end,4,9,5,12,4,3,-1,4,UP,NONE,False,True,8,,,,False,False,False,0,INVALID_BELIEF
dead_end,4,9,5,12,6,3,1,4,UP,NONE,False,True,8,,,,False,False,False,0,INVALID_BELIEF
dead_end,4,9,5,13,5,4,0,4,UP,UP,True,False,8,8,0,0.0,False,False,True,0,ADEQUATE
dead_end,4,10,5,6,5,-4,0,4,LEFT,NONE,False,True,9,,,,False,False,False,0,INVALID_BELIEF
dead_end,4,10,5,7,4,-3,-1,4,LEFT,UP,True,True,9,10,1,0.1111111111111111,True,False,False,0,COLLISION
dead_end,4,10,5,7,6,-3,1,4,LEFT,UP,True,True,9,10,1,0.1111111111111111,True,False,False,0,COLLISION
dead_end,4,10,5,8,3,-2,-2,4,LEFT,NONE,False,True,9,,,,False,False,False,0,INVALID_BELIEF
dead_end,4,10,5,8,7,-2,2,4,LEFT,RIGHT,True,True,9,11,2,0.2222222222222222,False,False,False,0,INADEQUATE
dead_end,4,10,5,9,2,-1,-3,4,LEFT,NONE,False,True,9,,,,False,False,False,0,INVALID_BELIEF
dead_end,4,10,5,9,8,-1,3,4,LEFT,NONE,False,True,9,,,,False,False,False,0,INVALID_BELIEF
dead_end,4,10,5,10,1,0,-4,4,LEFT,RIGHT,True,True,9,11,2,0.2222222222222222,False,False,False,0,INADEQUATE
dead_end,4,10,5,10,9,0,4,4,LEFT,NONE,False,True,9,,,,False,False,False,0,INVALID_BELIEF
dead_end,4,10,5,11,2,1,-3,4,LEFT,NONE,False,True,9,,,,False,False,False,0,INVALID_BELIEF
dead_end,4,10,5,11,8,1,3,4,LEFT,NONE,False,True,9,,,,False,False,False,0,INVALID_BELIEF
dead_end,4,10,5,12,3,2,-2,4,LEFT,RIGHT,True,True,9,11,2,0.2222222222222222,False,False,False,0,INADEQUATE
dead_end,4,10,5,12,7,2,2,4,LEFT,RIGHT,True,True,9,11,2,0.2222222222222222,False,False,False,0,INADEQUATE
dead_end,4,10,5,13,4,3,-1,4,LEFT,UP,True,True,9,10,1,0.1111111111111111,True,False,False,0,COLLISION
dead_end,4,10,5,13,6,3,1,4,LEFT,UP,True,True,9,10,1,0.1111111111111111,True,False,False,0,COLLISION
dead_end,4,10,5,14,5,4,0,4,LEFT,NONE,False,True,9,,,,False,False,False,0,INVALID_BELIEF
dead_end,4,11,5,7,5,-4,0,4,LEFT,UP,True,True,10,11,1,0.1,True,False,False,0,COLLISION
dead_end,4,11,5,8,4,-3,-1,4,LEFT,NONE,False,True,10,,,,False,False,False,0,INVALID_BELIEF
dead_end,4,11,5,8,6,-3,1,4,LEFT,NONE,False,True,10,,,,False,False,False,0,INVALID_BELIEF
dead_end,4,11,5,9,3,-2,-2,4,LEFT,RIGHT,True,True,10,11,1,0.1,True,False,False,0,COLLISION
dead_end,4,11,5,9,7,-2,2,4,LEFT,RIGHT,True,True,10,11,1,0.1,True,False,False,0,COLLISION
dead_end,4,11,5,10,2,-1,-3,4,LEFT,NONE,False,True,10,,,,False,False,False,0,INVALID_BELIEF
dead_end,4,11,5,10,8,-1,3,4,LEFT,NONE,False,True,10,,,,False,False,False,0,INVALID_BELIEF
dead_end,4,11,5,11,1,0,-4,4,LEFT,RIGHT,True,True,10,11,1,0.1,True,False,False,0,COLLISION
dead_end,4,11,5,11,9,0,4,4,LEFT,NONE,False,True,10,,,,False,False,False,0,INVALID_BELIEF
dead_end,4,11,5,12,2,1,-3,4,LEFT,NONE,False,True,10,,,,False,False,False,0,INVALID_BELIEF
dead_end,4,11,5,12,8,1,3,4,LEFT,NONE,False,True,10,,,,False,False,False,0,INVALID_BELIEF
dead_end,4,11,5,13,3,2,-2,4,LEFT,UP,True,True,10,11,1,0.1,True,False,False,0,COLLISION
dead_end,4,11,5,13,7,2,2,4,LEFT,UP,True,True,10,11,1,0.1,True,False,False,0,COLLISION
dead_end,4,11,5,14,4,3,-1,4,LEFT,NONE,False,True,10,,,,False,False,False,0,INVALID_BELIEF
dead_end,4,11,5,14,6,3,1,4,LEFT,NONE,False,True,10,,,,False,False,False,0,INVALID_BELIEF
dead_end,4,11,5,15,5,4,0,4,LEFT,NONE,False,True,10,,,,False,False,False,0,INVALID_BELIEF
dead_end,4,13,5,9,5,-4,0,4,UP,UP,True,False,4,4,0,0.0,False,False,True,0,ADEQUATE
dead_end,4,13,5,10,4,-3,-1,4,UP,NONE,False,True,4,,,,False,False,False,0,INVALID_BELIEF
dead_end,4,13,5,10,6,-3,1,4,UP,NONE,False,True,4,,,,False,False,False,0,INVALID_BELIEF
dead_end,4,13,5,11,3,-2,-2,4,UP,RIGHT,True,True,4,5,1,0.25,True,False,False,0,COLLISION
dead_end,4,13,5,11,7,-2,2,4,UP,RIGHT,True,True,4,5,1,0.25,True,False,False,0,COLLISION
dead_end,4,13,5,12,2,-1,-3,4,UP,NONE,False,True,4,,,,False,False,False,0,INVALID_BELIEF
dead_end,4,13,5,12,8,-1,3,4,UP,NONE,False,True,4,,,,False,False,False,0,INVALID_BELIEF
dead_end,4,13,5,13,1,0,-4,4,UP,NONE,True,True,4,,,,False,True,False,0,FALSE_TERMINAL
dead_end,4,13,5,13,9,0,4,4,UP,NONE,False,True,4,,,,False,False,False,0,INVALID_BELIEF
dead_end,4,13,5,14,2,1,-3,4,UP,NONE,False,True,4,,,,False,False,False,0,INVALID_BELIEF
dead_end,4,13,5,14,8,1,3,4,UP,NONE,False,True,4,,,,False,False,False,0,INVALID_BELIEF
dead_end,4,13,5,15,3,2,-2,4,UP,NONE,False,True,4,,,,False,False,False,0,INVALID_BELIEF
dead_end,4,13,5,15,7,2,2,4,UP,NONE,False,True,4,,,,False,False,False,0,INVALID_BELIEF
dead_end,4,13,5,16,4,3,-1,4,UP,NONE,False,True,4,,,,False,False,False,0,INVALID_BELIEF
dead_end,4,13,5,16,6,3,1,4,UP,NONE,False,True,4,,,,False,False,False,0,INVALID_BELIEF
dead_end,4,13,5,17,5,4,0,4,UP,NONE,False,True,4,,,,False,False,False,0,INVALID_BELIEF
dead_end,4,1,6,-3,6,-4,0,4,UP,NONE,False,True,17,,,,False,False,False,0,INVALID_BELIEF
dead_end,4,1,6,-2,5,-3,-1,4,UP,NONE,False,True,17,,,,False,False,False,0,INVALID_BELIEF
dead_end,4,1,6,-2,7,-3,1,4,UP,NONE,False,True,17,,,,False,False,False,0,INVALID_BELIEF
dead_end,4,1,6,-1,4,-2,-2,4,UP,NONE,False,True,17,,,,False,False,False,0,INVALID_BELIEF
dead_end,4,1,6,-1,8,-2,2,4,UP,NONE,False,True,17,,,,False,False,False,0,INVALID_BELIEF
dead_end,4,1,6,0,3,-1,-3,4,UP,NONE,False,True,17,,,,False,False,False,0,INVALID_BELIEF
dead_end,4,1,6,0,9,-1,3,4,UP,NONE,False,True,17,,,,False,False,False,0,INVALID_BELIEF
dead_end,4,1,6,1,2,0,-4,4,UP,UP,True,False,17,17,0,0.0,False,False,True,0,ADEQUATE
dead_end,4,1,6,1,10,0,4,4,UP,NONE,False,True,17,,,,False,False,False,0,INVALID_BELIEF
dead_end,4,1,6,2,3,1,-3,4,UP,LEFT,True,True,17,18,1,0.058823529411764705,True,False,False,0,COLLISION
dead_end,4,1,6,2,9,1,3,4,UP,NONE,False,True,17,,,,False,False,False,0,INVALID_BELIEF
dead_end,4,1,6,3,4,2,-2,4,UP,NONE,False,True,17,,,,False,False,False,0,INVALID_BELIEF
dead_end,4,1,6,3,8,2,2,4,UP,NONE,False,True,17,,,,False,False,False,0,INVALID_BELIEF
dead_end,4,1,6,4,5,3,-1,4,UP,LEFT,True,True,17,18,1,0.058823529411764705,True,False,False,0,COLLISION
dead_end,4,1,6,4,7,3,1,4,UP,RIGHT,True,True,17,18,1,0.058823529411764705,True,False,False,0,COLLISION
dead_end,4,1,6,5,6,4,0,4,UP,NONE,False,True,17,,,,False,False,False,0,INVALID_BELIEF
dead_end,4,3,6,-1,6,-4,0,4,DOWN,NONE,False,True,17,,,,False,False,False,0,INVALID_BELIEF
dead_end,4,3,6,0,5,-3,-1,4,DOWN,NONE,False,True,17,,,,False,False,False,0,INVALID_BELIEF
dead_end,4,3,6,0,7,-3,1,4,DOWN,NONE,False,True,17,,,,False,False,False,0,INVALID_BELIEF
dead_end,4,3,6,1,4,-2,-2,4,DOWN,UP,True,True,17,19,2,0.11764705882352941,False,False,False,0,INADEQUATE
dead_end,4,3,6,1,8,-2,2,4,DOWN,NONE,False,True,17,,,,False,False,False,0,INVALID_BELIEF
dead_end,4,3,6,2,3,-1,-3,4,DOWN,LEFT,True,True,17,18,1,0.058823529411764705,True,False,False,0,COLLISION
dead_end,4,3,6,2,9,-1,3,4,DOWN,NONE,False,True,17,,,,False,False,False,0,INVALID_BELIEF
dead_end,4,3,6,3,2,0,-4,4,DOWN,NONE,False,True,17,,,,False,False,False,0,INVALID_BELIEF
dead_end,4,3,6,3,10,0,4,4,DOWN,NONE,False,True,17,,,,False,False,False,0,INVALID_BELIEF
dead_end,4,3,6,4,3,1,-3,4,DOWN,LEFT,True,True,17,18,1,0.058823529411764705,True,False,False,0,COLLISION
dead_end,4,3,6,4,9,1,3,4,DOWN,NONE,False,True,17,,,,False,False,False,0,INVALID_BELIEF
dead_end,4,3,6,5,4,2,-2,4,DOWN,UP,True,True,17,19,2,0.11764705882352941,False,False,False,0,INADEQUATE
dead_end,4,3,6,5,8,2,2,4,DOWN,NONE,False,True,17,,,,False,False,False,0,INVALID_BELIEF
dead_end,4,3,6,6,5,3,-1,4,DOWN,NONE,False,True,17,,,,False,False,False,0,INVALID_BELIEF
dead_end,4,3,6,6,7,3,1,4,DOWN,RIGHT,True,True,17,18,1,0.058823529411764705,True,False,False,0,COLLISION
dead_end,4,3,6,7,6,4,0,4,DOWN,UP,True,True,17,19,2,0.11764705882352941,False,False,False,0,INADEQUATE
dead_end,4,7,6,3,6,-4,0,4,UP,DOWN,True,True,11,13,2,0.18181818181818182,False,False,False,0,INADEQUATE
dead_end,4,7,6,4,5,-3,-1,4,UP,LEFT,True,True,11,12,1,0.09090909090909091,True,False,False,0,COLLISION
dead_end,4,7,6,4,7,-3,1,4,UP,RIGHT,True,True,11,12,1,0.09090909090909091,True,False,False,0,COLLISION
dead_end,4,7,6,5,4,-2,-2,4,UP,UP,True,False,11,11,0,0.0,False,False,True,0,ADEQUATE
dead_end,4,7,6,5,8,-2,2,4,UP,NONE,False,True,11,,,,False,False,False,0,INVALID_BELIEF
dead_end,4,7,6,6,3,-1,-3,4,UP,NONE,False,True,11,,,,False,False,False,0,INVALID_BELIEF
dead_end,4,7,6,6,9,-1,3,4,UP,NONE,False,True,11,,,,False,False,False,0,INVALID_BELIEF
dead_end,4,7,6,7,2,0,-4,4,UP,UP,True,False,11,11,0,0.0,False,False,True,0,ADEQUATE
dead_end,4,7,6,7,10,0,4,4,UP,NONE,False,True,11,,,,False,False,False,0,INVALID_BELIEF
dead_end,4,7,6,8,3,1,-3,4,UP,NONE,False,True,11,,,,False,False,False,0,INVALID_BELIEF
dead_end,4,7,6,8,9,1,3,4,UP,NONE,False,True,11,,,,False,False,False,0,INVALID_BELIEF
dead_end,4,7,6,9,4,2,-2,4,UP,UP,True,False,11,11,0,0.0,False,False,True,0,ADEQUATE
dead_end,4,7,6,9,8,2,2,4,UP,NONE,False,True,11,,,,False,False,False,0,INVALID_BELIEF
dead_end,4,7,6,10,5,3,-1,4,UP,LEFT,True,True,11,12,1,0.09090909090909091,True,False,False,0,COLLISION
dead_end,4,7,6,10,7,3,1,4,UP,RIGHT,True,True,11,12,1,0.09090909090909091,True,False,False,0,COLLISION
dead_end,4,7,6,11,6,4,0,4,UP,DOWN,True,True,11,13,2,0.18181818181818182,False,False,False,0,INADEQUATE
dead_end,4,11,6,7,6,-4,0,4,DOWN,UP,True,True,9,11,2,0.2222222222222222,False,False,False,0,INADEQUATE
dead_end,4,11,6,8,5,-3,-1,4,DOWN,NONE,False,True,9,,,,False,False,False,0,INVALID_BELIEF
dead_end,4,11,6,8,7,-3,1,4,DOWN,RIGHT,True,True,9,10,1,0.1111111111111111,True,False,False,0,COLLISION
dead_end,4,11,6,9,4,-2,-2,4,DOWN,UP,True,True,9,11,2,0.2222222222222222,False,False,False,0,INADEQUATE
dead_end,4,11,6,9,8,-2,2,4,DOWN,NONE,False,True,9,,,,False,False,False,0,INVALID_BELIEF
dead_end,4,11,6,10,3,-1,-3,4,DOWN,RIGHT,True,True,9,10,1,0.1111111111111111,True,False,False,0,COLLISION
dead_end,4,11,6,10,9,-1,3,4,DOWN,NONE,False,True,9,,,,False,False,False,0,INVALID_BELIEF
dead_end,4,11,6,11,2,0,-4,4,DOWN,NONE,False,True,9,,,,False,False,False,0,INVALID_BELIEF
dead_end,4,11,6,11,10,0,4,4,DOWN,NONE,False,True,9,,,,False,False,False,0,INVALID_BELIEF
dead_end,4,11,6,12,3,1,-3,4,DOWN,RIGHT,True,True,9,10,1,0.1111111111111111,True,False,False,0,COLLISION
dead_end,4,11,6,12,9,1,3,4,DOWN,NONE,False,True,9,,,,False,False,False,0,INVALID_BELIEF
dead_end,4,11,6,13,4,2,-2,4,DOWN,UP,True,True,9,11,2,0.2222222222222222,False,False,False,0,INADEQUATE
dead_end,4,11,6,13,8,2,2,4,DOWN,NONE,False,True,9,,,,False,False,False,0,INVALID_BELIEF
dead_end,4,11,6,14,5,3,-1,4,DOWN,NONE,False,True,9,,,,False,False,False,0,INVALID_BELIEF
dead_end,4,11,6,14,7,3,1,4,DOWN,NONE,False,True,9,,,,False,False,False,0,INVALID_BELIEF
dead_end,4,11,6,15,6,4,0,4,DOWN,NONE,False,True,9,,,,False,False,False,0,INVALID_BELIEF
dead_end,4,13,6,9,6,-4,0,4,UP,NONE,False,True,5,,,,False,False,False,0,INVALID_BELIEF
dead_end,4,13,6,10,5,-3,-1,4,UP,LEFT,True,True,5,6,1,0.2,True,False,False,0,COLLISION
dead_end,4,13,6,10,7,-3,1,4,UP,RIGHT,True,True,5,6,1,0.2,True,False,False,0,COLLISION
dead_end,4,13,6,11,4,-2,-2,4,UP,NONE,False,True,5,,,,False,False,False,0,INVALID_BELIEF
dead_end,4,13,6,11,8,-2,2,4,UP,NONE,False,True,5,,,,False,False,False,0,INVALID_BELIEF
dead_end,4,13,6,12,3,-1,-3,4,UP,RIGHT,True,True,5,6,1,0.2,True,False,False,0,COLLISION
dead_end,4,13,6,12,9,-1,3,4,UP,NONE,False,True,5,,,,False,False,False,0,INVALID_BELIEF
dead_end,4,13,6,13,2,0,-4,4,UP,UP,True,False,5,5,0,0.0,False,False,True,0,ADEQUATE
dead_end,4,13,6,13,10,0,4,4,UP,NONE,False,True,5,,,,False,False,False,0,INVALID_BELIEF
dead_end,4,13,6,14,3,1,-3,4,UP,NONE,False,True,5,,,,False,False,False,0,INVALID_BELIEF
dead_end,4,13,6,14,9,1,3,4,UP,NONE,False,True,5,,,,False,False,False,0,INVALID_BELIEF
dead_end,4,13,6,15,4,2,-2,4,UP,NONE,False,True,5,,,,False,False,False,0,INVALID_BELIEF
dead_end,4,13,6,15,8,2,2,4,UP,NONE,False,True,5,,,,False,False,False,0,INVALID_BELIEF
dead_end,4,13,6,16,5,3,-1,4,UP,NONE,False,True,5,,,,False,False,False,0,INVALID_BELIEF
dead_end,4,13,6,16,7,3,1,4,UP,NONE,False,True,5,,,,False,False,False,0,INVALID_BELIEF
dead_end,4,13,6,17,6,4,0,4,UP,NONE,False,True,5,,,,False,False,False,0,INVALID_BELIEF
dead_end,4,1,7,-3,7,-4,0,4,UP,NONE,False,True,18,,,,False,False,False,0,INVALID_BELIEF
dead_end,4,1,7,-2,6,-3,-1,4,UP,NONE,False,True,18,,,,False,False,False,0,INVALID_BELIEF
dead_end,4,1,7,-2,8,-3,1,4,UP,NONE,False,True,18,,,,False,False,False,0,INVALID_BELIEF
dead_end,4,1,7,-1,5,-2,-2,4,UP,NONE,False,True,18,,,,False,False,False,0,INVALID_BELIEF
dead_end,4,1,7,-1,9,-2,2,4,UP,NONE,False,True,18,,,,False,False,False,0,INVALID_BELIEF
dead_end,4,1,7,0,4,-1,-3,4,UP,NONE,False,True,18,,,,False,False,False,0,INVALID_BELIEF
dead_end,4,1,7,0,10,-1,3,4,UP,NONE,False,True,18,,,,False,False,False,0,INVALID_BELIEF
dead_end,4,1,7,1,3,0,-4,4,UP,UP,True,False,18,18,0,0.0,False,False,True,0,ADEQUATE
dead_end,4,1,7,1,11,0,4,4,UP,NONE,False,True,18,,,,False,False,False,0,INVALID_BELIEF
dead_end,4,1,7,2,4,1,-3,4,UP,NONE,False,True,18,,,,False,False,False,0,INVALID_BELIEF
dead_end,4,1,7,2,10,1,3,4,UP,NONE,False,True,18,,,,False,False,False,0,INVALID_BELIEF
dead_end,4,1,7,3,5,2,-2,4,UP,DOWN,True,True,18,19,1,0.05555555555555555,True,False,False,0,COLLISION
dead_end,4,1,7,3,9,2,2,4,UP,NONE,False,True,18,,,,False,False,False,0,INVALID_BELIEF
dead_end,4,1,7,4,6,3,-1,4,UP,NONE,False,True,18,,,,False,False,False,0,INVALID_BELIEF
dead_end,4,1,7,4,8,3,1,4,UP,NONE,False,True,18,,,,False,False,False,0,INVALID_BELIEF
dead_end,4,1,7,5,7,4,0,4,UP,RIGHT,True,True,18,18,0,0.0,False,False,True,0,ADEQUATE
dead_end,4,2,7,-2,7,-4,0,4,RIGHT,NONE,False,True,17,,,,False,False,False,0,INVALID_BELIEF
dead_end,4,2,7,-1,6,-3,-1,4,RIGHT,NONE,False,True,17,,,,False,False,False,0,INVALID_BELIEF
dead_end,4,2,7,-1,8,-3,1,4,RIGHT,NONE,False,True,17,,,,False,False,False,0,INVALID_BELIEF
dead_end,4,2,7,0,5,-2,-2,4,RIGHT,NONE,False,True,17,,,,False,False,False,0,INVALID_BELIEF
dead_end,4,2,7,0,9,-2,2,4,RIGHT,NONE,False,True,17,,,,False,False,False,0,INVALID_BELIEF
dead_end,4,2,7,1,4,-1,-3,4,RIGHT,UP,True,True,17,18,1,0.058823529411764705,True,False,False,0,COLLISION
dead_end,4,2,7,1,10,-1,3,4,RIGHT,NONE,False,True,17,,,,False,False,False,0,INVALID_BELIEF
dead_end,4,2,7,2,3,0,-4,4,RIGHT,LEFT,True,True,17,19,2,0.11764705882352941,False,False,False,0,INADEQUATE
dead_end,4,2,7,2,11,0,4,4,RIGHT,NONE,False,True,17,,,,False,False,False,0,INVALID_BELIEF
dead_end,4,2,7,3,4,1,-3,4,RIGHT,NONE,False,True,17,,,,False,False,False,0,INVALID_BELIEF
dead_end,4,2,7,3,10,1,3,4,RIGHT,NONE,False,True,17,,,,False,False,False,0,INVALID_BELIEF
dead_end,4,2,7,4,5,2,-2,4,RIGHT,LEFT,True,True,17,19,2,0.11764705882352941,False,False,False,0,INADEQUATE
dead_end,4,2,7,4,9,2,2,4,RIGHT,NONE,False,True,17,,,,False,False,False,0,INVALID_BELIEF
dead_end,4,2,7,5,6,3,-1,4,RIGHT,NONE,False,True,17,,,,False,False,False,0,INVALID_BELIEF
dead_end,4,2,7,5,8,3,1,4,RIGHT,NONE,False,True,17,,,,False,False,False,0,INVALID_BELIEF
dead_end,4,2,7,6,7,4,0,4,RIGHT,RIGHT,True,False,17,17,0,0.0,False,False,True,0,ADEQUATE
dead_end,4,3,7,-1,7,-4,0,4,RIGHT,NONE,False,True,16,,,,False,False,False,0,INVALID_BELIEF
dead_end,4,3,7,0,6,-3,-1,4,RIGHT,NONE,False,True,16,,,,False,False,False,0,INVALID_BELIEF
dead_end,4,3,7,0,8,-3,1,4,RIGHT,NONE,False,True,16,,,,False,False,False,0,INVALID_BELIEF
dead_end,4,3,7,1,5,-2,-2,4,RIGHT,UP,True,True,16,18,2,0.125,False,False,False,0,INADEQUATE
dead_end,4,3,7,1,9,-2,2,4,RIGHT,NONE,False,True,16,,,,False,False,False,0,INVALID_BELIEF
dead_end,4,3,7,2,4,-1,-3,4,RIGHT,NONE,False,True,16,,,,False,False,False,0,INVALID_BELIEF
dead_end,4,3,7,2,10,-1,3,4,RIGHT,NONE,False,True,16,,,,False,False,False,0,INVALID_BELIEF
dead_end,4,3,7,3,3,0,-4,4,RIGHT,LEFT,True,True,16,18,2,0.125,False,False,False,0,INADEQUATE
dead_end,4,3,7,3,11,0,4,4,RIGHT,NONE,False,True,16,,,,False,False,False,0,INVALID_BELIEF
dead_end,4,3,7,4,4,1,-3,4,RIGHT,NONE,False,True,16,,,,False,False,False,0,INVALID_BELIEF
dead_end,4,3,7,4,10,1,3,4,RIGHT,NONE,False,True,16,,,,False,False,False,0,INVALID_BELIEF
dead_end,4,3,7,5,5,2,-2,4,RIGHT,UP,True,True,16,18,2,0.125,False,False,False,0,INADEQUATE
dead_end,4,3,7,5,9,2,2,4,RIGHT,NONE,False,True,16,,,,False,False,False,0,INVALID_BELIEF
dead_end,4,3,7,6,6,3,-1,4,RIGHT,NONE,False,True,16,,,,False,False,False,0,INVALID_BELIEF
dead_end,4,3,7,6,8,3,1,4,RIGHT,NONE,False,True,16,,,,False,False,False,0,INVALID_BELIEF
dead_end,4,3,7,7,7,4,0,4,RIGHT,UP,True,True,16,18,2,0.125,False,False,False,0,INADEQUATE
dead_end,4,4,7,0,7,-4,0,4,RIGHT,NONE,False,True,15,,,,False,False,False,0,INVALID_BELIEF
dead_end,4,4,7,1,6,-3,-1,4,RIGHT,UP,True,True,15,16,1,0.06666666666666667,True,False,False,0,COLLISION
dead_end,4,4,7,1,8,-3,1,4,RIGHT,NONE,False,True,15,,,,False,False,False,0,INVALID_BELIEF
dead_end,4,4,7,2,5,-2,-2,4,RIGHT,NONE,False,True,15,,,,False,False,False,0,INVALID_BELIEF
dead_end,4,4,7,2,9,-2,2,4,RIGHT,NONE,False,True,15,,,,False,False,False,0,INVALID_BELIEF
dead_end,4,4,7,3,4,-1,-3,4,RIGHT,NONE,False,True,15,,,,False,False,False,0,INVALID_BELIEF
dead_end,4,4,7,3,10,-1,3,4,RIGHT,NONE,False,True,15,,,,False,False,False,0,INVALID_BELIEF
dead_end,4,4,7,4,3,0,-4,4,RIGHT,LEFT,True,True,15,17,2,0.13333333333333333,False,False,False,0,INADEQUATE
dead_end,4,4,7,4,11,0,4,4,RIGHT,NONE,False,True,15,,,,False,False,False,0,INVALID_BELIEF
dead_end,4,4,7,5,4,1,-3,4,RIGHT,UP,True,True,15,16,1,0.06666666666666667,True,False,False,0,COLLISION
dead_end,4,4,7,5,10,1,3,4,RIGHT,NONE,False,True,15,,,,False,False,False,0,INVALID_BELIEF
dead_end,4,4,7,6,5,2,-2,4,RIGHT,NONE,False,True,15,,,,False,False,False,0,INVALID_BELIEF
dead_end,4,4,7,6,9,2,2,4,RIGHT,NONE,False,True,15,,,,False,False,False,0,INVALID_BELIEF
dead_end,4,4,7,7,6,3,-1,4,RIGHT,UP,True,True,15,16,1,0.06666666666666667,True,False,False,0,COLLISION
dead_end,4,4,7,7,8,3,1,4,RIGHT,NONE,False,True,15,,,,False,False,False,0,INVALID_BELIEF
dead_end,4,4,7,8,7,4,0,4,RIGHT,RIGHT,True,False,15,15,0,0.0,False,False,True,0,ADEQUATE
dead_end,4,5,7,1,7,-4,0,4,RIGHT,UP,True,True,14,15,1,0.07142857142857142,True,False,False,0,COLLISION
dead_end,4,5,7,2,6,-3,-1,4,RIGHT,NONE,False,True,14,,,,False,False,False,0,INVALID_BELIEF
dead_end,4,5,7,2,8,-3,1,4,RIGHT,NONE,False,True,14,,,,False,False,False,0,INVALID_BELIEF
dead_end,4,5,7,3,5,-2,-2,4,RIGHT,DOWN,True,True,14,15,1,0.07142857142857142,True,False,False,0,COLLISION
dead_end,4,5,7,3,9,-2,2,4,RIGHT,NONE,False,True,14,,,,False,False,False,0,INVALID_BELIEF
dead_end,4,5,7,4,4,-1,-3,4,RIGHT,NONE,False,True,14,,,,False,False,False,0,INVALID_BELIEF
dead_end,4,5,7,4,10,-1,3,4,RIGHT,NONE,False,True,14,,,,False,False,False,0,INVALID_BELIEF
dead_end,4,5,7,5,3,0,-4,4,RIGHT,LEFT,True,True,14,16,2,0.14285714285714285,False,False,False,0,INADEQUATE
dead_end,4,5,7,5,11,0,4,4,RIGHT,NONE,False,True,14,,,,False,False,False,0,INVALID_BELIEF
dead_end,4,5,7,6,4,1,-3,4,RIGHT,NONE,False,True,14,,,,False,False,False,0,INVALID_BELIEF
dead_end,4,5,7,6,10,1,3,4,RIGHT,NONE,False,True,14,,,,False,False,False,0,INVALID_BELIEF
dead_end,4,5,7,7,5,2,-2,4,RIGHT,UP,True,True,14,15,1,0.07142857142857142,True,False,False,0,COLLISION
dead_end,4,5,7,7,9,2,2,4,RIGHT,NONE,False,True,14,,,,False,False,False,0,INVALID_BELIEF
dead_end,4,5,7,8,6,3,-1,4,RIGHT,NONE,False,True,14,,,,False,False,False,0,INVALID_BELIEF
dead_end,4,5,7,8,8,3,1,4,RIGHT,NONE,False,True,14,,,,False,False,False,0,INVALID_BELIEF
dead_end,4,5,7,9,7,4,0,4,RIGHT,RIGHT,True,False,14,14,0,0.0,False,False,True,0,ADEQUATE
dead_end,4,6,7,2,7,-4,0,4,RIGHT,RIGHT,True,False,13,13,0,0.0,False,False,True,0,ADEQUATE
dead_end,4,6,7,3,6,-3,-1,4,RIGHT,DOWN,True,True,13,14,1,0.07692307692307693,True,False,False,0,COLLISION
dead_end,4,6,7,3,8,-3,1,4,RIGHT,NONE,False,True,13,,,,False,False,False,0,INVALID_BELIEF
dead_end,4,6,7,4,5,-2,-2,4,RIGHT,LEFT,True,True,13,15,2,0.15384615384615385,False,False,False,0,INADEQUATE
dead_end,4,6,7,4,9,-2,2,4,RIGHT,NONE,False,True,13,,,,False,False,False,0,INVALID_BELIEF
dead_end,4,6,7,5,4,-1,-3,4,RIGHT,UP,True,True,13,14,1,0.07692307692307693,True,False,False,0,COLLISION
dead_end,4,6,7,5,10,-1,3,4,RIGHT,NONE,False,True,13,,,,False,False,False,0,INVALID_BELIEF
dead_end,4,6,7,6,3,0,-4,4,RIGHT,NONE,False,True,13,,,,False,False,False,0,INVALID_BELIEF
dead_end,4,6,7,6,11,0,4,4,RIGHT,NONE,False,True,13,,,,False,False,False,0,INVALID_BELIEF
dead_end,4,6,7,7,4,1,-3,4,RIGHT,UP,True,True,13,14,1,0.07692307692307693,True,False,False,0,COLLISION
dead_end,4,6,7,7,10,1,3,4,RIGHT,NONE,False,True,13,,,,False,False,False,0,INVALID_BELIEF
dead_end,4,6,7,8,5,2,-2,4,RIGHT,NONE,False,True,13,,,,False,False,False,0,INVALID_BELIEF
dead_end,4,6,7,8,9,2,2,4,RIGHT,NONE,False,True,13,,,,False,False,False,0,INVALID_BELIEF
dead_end,4,6,7,9,6,3,-1,4,RIGHT,NONE,False,True,13,,,,False,False,False,0,INVALID_BELIEF
dead_end,4,6,7,9,8,3,1,4,RIGHT,NONE,False,True,13,,,,False,False,False,0,INVALID_BELIEF
dead_end,4,6,7,10,7,4,0,4,RIGHT,RIGHT,True,False,13,13,0,0.0,False,False,True,0,ADEQUATE
dead_end,4,7,7,3,7,-4,0,4,UP,RIGHT,True,True,12,12,0,0.0,False,False,True,0,ADEQUATE
dead_end,4,7,7,4,6,-3,-1,4,UP,NONE,False,True,12,,,,False,False,False,0,INVALID_BELIEF
dead_end,4,7,7,4,8,-3,1,4,UP,NONE,False,True,12,,,,False,False,False,0,INVALID_BELIEF
dead_end,4,7,7,5,5,-2,-2,4,UP,UP,True,False,12,12,0,0.0,False,False,True,0,ADEQUATE
dead_end,4,7,7,5,9,-2,2,4,UP,NONE,False,True,12,,,,False,False,False,0,INVALID_BELIEF
dead_end,4,7,7,6,4,-1,-3,4,UP,NONE,False,True,12,,,,False,False,False,0,INVALID_BELIEF
dead_end,4,7,7,6,10,-1,3,4,UP,NONE,False,True,12,,,,False,False,False,0,INVALID_BELIEF
dead_end,4,7,7,7,3,0,-4,4,UP,UP,True,False,12,12,0,0.0,False,False,True,0,ADEQUATE
dead_end,4,7,7,7,11,0,4,4,UP,NONE,False,True,12,,,,False,False,False,0,INVALID_BELIEF
dead_end,4,7,7,8,4,1,-3,4,UP,NONE,False,True,12,,,,False,False,False,0,INVALID_BELIEF
dead_end,4,7,7,8,10,1,3,4,UP,NONE,False,True,12,,,,False,False,False,0,INVALID_BELIEF
dead_end,4,7,7,9,5,2,-2,4,UP,UP,True,False,12,12,0,0.0,False,False,True,0,ADEQUATE
dead_end,4,7,7,9,9,2,2,4,UP,NONE,False,True,12,,,,False,False,False,0,INVALID_BELIEF
dead_end,4,7,7,10,6,3,-1,4,UP,NONE,False,True,12,,,,False,False,False,0,INVALID_BELIEF
dead_end,4,7,7,10,8,3,1,4,UP,NONE,False,True,12,,,,False,False,False,0,INVALID_BELIEF
dead_end,4,7,7,11,7,4,0,4,UP,RIGHT,True,True,12,12,0,0.0,False,False,True,0,ADEQUATE
dead_end,4,8,7,4,7,-4,0,4,RIGHT,RIGHT,True,False,11,11,0,0.0,False,False,True,0,ADEQUATE
dead_end,4,8,7,5,6,-3,-1,4,RIGHT,NONE,False,True,11,,,,False,False,False,0,INVALID_BELIEF
dead_end,4,8,7,5,8,-3,1,4,RIGHT,NONE,False,True,11,,,,False,False,False,0,INVALID_BELIEF
dead_end,4,8,7,6,5,-2,-2,4,RIGHT,NONE,False,True,11,,,,False,False,False,0,INVALID_BELIEF
dead_end,4,8,7,6,9,-2,2,4,RIGHT,NONE,False,True,11,,,,False,False,False,0,INVALID_BELIEF
dead_end,4,8,7,7,4,-1,-3,4,RIGHT,UP,True,True,11,12,1,0.09090909090909091,True,False,False,0,COLLISION
dead_end,4,8,7,7,10,-1,3,4,RIGHT,NONE,False,True,11,,,,False,False,False,0,INVALID_BELIEF
dead_end,4,8,7,8,3,0,-4,4,RIGHT,NONE,False,True,11,,,,False,False,False,0,INVALID_BELIEF
dead_end,4,8,7,8,11,0,4,4,RIGHT,NONE,False,True,11,,,,False,False,False,0,INVALID_BELIEF
dead_end,4,8,7,9,4,1,-3,4,RIGHT,UP,True,True,11,12,1,0.09090909090909091,True,False,False,0,COLLISION
dead_end,4,8,7,9,10,1,3,4,RIGHT,NONE,False,True,11,,,,False,False,False,0,INVALID_BELIEF
dead_end,4,8,7,10,5,2,-2,4,RIGHT,LEFT,True,True,11,13,2,0.18181818181818182,False,False,False,0,INADEQUATE
dead_end,4,8,7,10,9,2,2,4,RIGHT,NONE,False,True,11,,,,False,False,False,0,INVALID_BELIEF
dead_end,4,8,7,11,6,3,-1,4,RIGHT,DOWN,True,True,11,12,1,0.09090909090909091,True,False,False,0,COLLISION
dead_end,4,8,7,11,8,3,1,4,RIGHT,NONE,False,True,11,,,,False,False,False,0,INVALID_BELIEF
dead_end,4,8,7,12,7,4,0,4,RIGHT,RIGHT,True,False,11,11,0,0.0,False,False,True,0,ADEQUATE
dead_end,4,9,7,5,7,-4,0,4,RIGHT,RIGHT,True,False,10,10,0,0.0,False,False,True,0,ADEQUATE
dead_end,4,9,7,6,6,-3,-1,4,RIGHT,NONE,False,True,10,,,,False,False,False,0,INVALID_BELIEF
dead_end,4,9,7,6,8,-3,1,4,RIGHT,NONE,False,True,10,,,,False,False,False,0,INVALID_BELIEF
dead_end,4,9,7,7,5,-2,-2,4,RIGHT,UP,True,True,10,11,1,0.1,True,False,False,0,COLLISION
dead_end,4,9,7,7,9,-2,2,4,RIGHT,NONE,False,True,10,,,,False,False,False,0,INVALID_BELIEF
dead_end,4,9,7,8,4,-1,-3,4,RIGHT,NONE,False,True,10,,,,False,False,False,0,INVALID_BELIEF
dead_end,4,9,7,8,10,-1,3,4,RIGHT,NONE,False,True,10,,,,False,False,False,0,INVALID_BELIEF
dead_end,4,9,7,9,3,0,-4,4,RIGHT,RIGHT,True,False,10,10,0,0.0,False,False,True,0,ADEQUATE
dead_end,4,9,7,9,11,0,4,4,RIGHT,NONE,False,True,10,,,,False,False,False,0,INVALID_BELIEF
dead_end,4,9,7,10,4,1,-3,4,RIGHT,NONE,False,True,10,,,,False,False,False,0,INVALID_BELIEF
dead_end,4,9,7,10,10,1,3,4,RIGHT,NONE,False,True,10,,,,False,False,False,0,INVALID_BELIEF
dead_end,4,9,7,11,5,2,-2,4,RIGHT,LEFT,True,True,10,12,2,0.2,False,False,False,0,INADEQUATE
dead_end,4,9,7,11,9,2,2,4,RIGHT,NONE,False,True,10,,,,False,False,False,0,INVALID_BELIEF
dead_end,4,9,7,12,6,3,-1,4,RIGHT,NONE,False,True,10,,,,False,False,False,0,INVALID_BELIEF
dead_end,4,9,7,12,8,3,1,4,RIGHT,NONE,False,True,10,,,,False,False,False,0,INVALID_BELIEF
dead_end,4,9,7,13,7,4,0,4,RIGHT,UP,True,True,10,11,1,0.1,True,False,False,0,COLLISION
dead_end,4,10,7,6,7,-4,0,4,RIGHT,RIGHT,True,False,9,9,0,0.0,False,False,True,0,ADEQUATE
dead_end,4,10,7,7,6,-3,-1,4,RIGHT,UP,True,True,9,10,1,0.1111111111111111,True,False,False,0,COLLISION
dead_end,4,10,7,7,8,-3,1,4,RIGHT,NONE,False,True,9,,,,False,False,False,0,INVALID_BELIEF
dead_end,4,10,7,8,5,-2,-2,4,RIGHT,NONE,False,True,9,,,,False,False,False,0,INVALID_BELIEF
dead_end,4,10,7,8,9,-2,2,4,RIGHT,NONE,False,True,9,,,,False,False,False,0,INVALID_BELIEF
dead_end,4,10,7,9,4,-1,-3,4,RIGHT,UP,True,True,9,10,1,0.1111111111111111,True,False,False,0,COLLISION
dead_end,4,10,7,9,10,-1,3,4,RIGHT,NONE,False,True,9,,,,False,False,False,0,INVALID_BELIEF
dead_end,4,10,7,10,3,0,-4,4,RIGHT,RIGHT,True,False,9,9,0,0.0,False,False,True,0,ADEQUATE
dead_end,4,10,7,10,11,0,4,4,RIGHT,NONE,False,True,9,,,,False,False,False,0,INVALID_BELIEF
dead_end,4,10,7,11,4,1,-3,4,RIGHT,NONE,False,True,9,,,,False,False,False,0,INVALID_BELIEF
dead_end,4,10,7,11,10,1,3,4,RIGHT,NONE,False,True,9,,,,False,False,False,0,INVALID_BELIEF
dead_end,4,10,7,12,5,2,-2,4,RIGHT,NONE,False,True,9,,,,False,False,False,0,INVALID_BELIEF
dead_end,4,10,7,12,9,2,2,4,RIGHT,NONE,False,True,9,,,,False,False,False,0,INVALID_BELIEF
dead_end,4,10,7,13,6,3,-1,4,RIGHT,UP,True,True,9,10,1,0.1111111111111111,True,False,False,0,COLLISION
dead_end,4,10,7,13,8,3,1,4,RIGHT,NONE,False,True,9,,,,False,False,False,0,INVALID_BELIEF
dead_end,4,10,7,14,7,4,0,4,RIGHT,NONE,False,True,9,,,,False,False,False,0,INVALID_BELIEF
dead_end,4,11,7,7,7,-4,0,4,RIGHT,UP,True,True,8,10,2,0.25,False,False,False,0,INADEQUATE
dead_end,4,11,7,8,6,-3,-1,4,RIGHT,NONE,False,True,8,,,,False,False,False,0,INVALID_BELIEF
dead_end,4,11,7,8,8,-3,1,4,RIGHT,NONE,False,True,8,,,,False,False,False,0,INVALID_BELIEF
dead_end,4,11,7,9,5,-2,-2,4,RIGHT,UP,True,True,8,10,2,0.25,False,False,False,0,INADEQUATE
dead_end,4,11,7,9,9,-2,2,4,RIGHT,NONE,False,True,8,,,,False,False,False,0,INVALID_BELIEF
dead_end,4,11,7,10,4,-1,-3,4,RIGHT,NONE,False,True,8,,,,False,False,False,0,INVALID_BELIEF
dead_end,4,11,7,10,10,-1,3,4,RIGHT,NONE,False,True,8,,,,False,False,False,0,INVALID_BELIEF
dead_end,4,11,7,11,3,0,-4,4,RIGHT,RIGHT,True,False,8,8,0,0.0,False,False,True,0,ADEQUATE
dead_end,4,11,7,11,11,0,4,4,RIGHT,NONE,False,True,8,,,,False,False,False,0,INVALID_BELIEF
dead_end,4,11,7,12,4,1,-3,4,RIGHT,NONE,False,True,8,,,,False,False,False,0,INVALID_BELIEF
dead_end,4,11,7,12,10,1,3,4,RIGHT,NONE,False,True,8,,,,False,False,False,0,INVALID_BELIEF
dead_end,4,11,7,13,5,2,-2,4,RIGHT,UP,True,True,8,10,2,0.25,False,False,False,0,INADEQUATE
dead_end,4,11,7,13,9,2,2,4,RIGHT,NONE,False,True,8,,,,False,False,False,0,INVALID_BELIEF
dead_end,4,11,7,14,6,3,-1,4,RIGHT,NONE,False,True,8,,,,False,False,False,0,INVALID_BELIEF
dead_end,4,11,7,14,8,3,1,4,RIGHT,NONE,False,True,8,,,,False,False,False,0,INVALID_BELIEF
dead_end,4,11,7,15,7,4,0,4,RIGHT,NONE,False,True,8,,,,False,False,False,0,INVALID_BELIEF
dead_end,4,12,7,8,7,-4,0,4,RIGHT,RIGHT,True,False,7,7,0,0.0,False,False,True,0,ADEQUATE
dead_end,4,12,7,9,6,-3,-1,4,RIGHT,NONE,False,True,7,,,,False,False,False,0,INVALID_BELIEF
dead_end,4,12,7,9,8,-3,1,4,RIGHT,NONE,False,True,7,,,,False,False,False,0,INVALID_BELIEF
dead_end,4,12,7,10,5,-2,-2,4,RIGHT,LEFT,True,True,7,9,2,0.2857142857142857,False,False,False,0,INADEQUATE
dead_end,4,12,7,10,9,-2,2,4,RIGHT,NONE,False,True,7,,,,False,False,False,0,INVALID_BELIEF
dead_end,4,12,7,11,4,-1,-3,4,RIGHT,NONE,False,True,7,,,,False,False,False,0,INVALID_BELIEF
dead_end,4,12,7,11,10,-1,3,4,RIGHT,NONE,False,True,7,,,,False,False,False,0,INVALID_BELIEF
dead_end,4,12,7,12,3,0,-4,4,RIGHT,RIGHT,True,False,7,7,0,0.0,False,False,True,0,ADEQUATE
dead_end,4,12,7,12,11,0,4,4,RIGHT,NONE,False,True,7,,,,False,False,False,0,INVALID_BELIEF
dead_end,4,12,7,13,4,1,-3,4,RIGHT,UP,True,True,7,8,1,0.14285714285714285,True,False,False,0,COLLISION
dead_end,4,12,7,13,10,1,3,4,RIGHT,NONE,False,True,7,,,,False,False,False,0,INVALID_BELIEF
dead_end,4,12,7,14,5,2,-2,4,RIGHT,NONE,False,True,7,,,,False,False,False,0,INVALID_BELIEF
dead_end,4,12,7,14,9,2,2,4,RIGHT,NONE,False,True,7,,,,False,False,False,0,INVALID_BELIEF
dead_end,4,12,7,15,6,3,-1,4,RIGHT,NONE,False,True,7,,,,False,False,False,0,INVALID_BELIEF
dead_end,4,12,7,15,8,3,1,4,RIGHT,NONE,False,True,7,,,,False,False,False,0,INVALID_BELIEF
dead_end,4,12,7,16,7,4,0,4,RIGHT,NONE,False,True,7,,,,False,False,False,0,INVALID_BELIEF
dead_end,4,13,7,9,7,-4,0,4,UP,RIGHT,True,True,6,7,1,0.16666666666666666,True,False,False,0,COLLISION
dead_end,4,13,7,10,6,-3,-1,4,UP,NONE,False,True,6,,,,False,False,False,0,INVALID_BELIEF
dead_end,4,13,7,10,8,-3,1,4,UP,NONE,False,True,6,,,,False,False,False,0,INVALID_BELIEF
dead_end,4,13,7,11,5,-2,-2,4,UP,LEFT,True,True,6,8,2,0.3333333333333333,False,False,False,0,INADEQUATE
dead_end,4,13,7,11,9,-2,2,4,UP,NONE,False,True,6,,,,False,False,False,0,INVALID_BELIEF
dead_end,4,13,7,12,4,-1,-3,4,UP,NONE,False,True,6,,,,False,False,False,0,INVALID_BELIEF
dead_end,4,13,7,12,10,-1,3,4,UP,NONE,False,True,6,,,,False,False,False,0,INVALID_BELIEF
dead_end,4,13,7,13,3,0,-4,4,UP,UP,True,False,6,6,0,0.0,False,False,True,0,ADEQUATE
dead_end,4,13,7,13,11,0,4,4,UP,NONE,False,True,6,,,,False,False,False,0,INVALID_BELIEF
dead_end,4,13,7,14,4,1,-3,4,UP,NONE,False,True,6,,,,False,False,False,0,INVALID_BELIEF
dead_end,4,13,7,14,10,1,3,4,UP,NONE,False,True,6,,,,False,False,False,0,INVALID_BELIEF
dead_end,4,13,7,15,5,2,-2,4,UP,NONE,False,True,6,,,,False,False,False,0,INVALID_BELIEF
dead_end,4,13,7,15,9,2,2,4,UP,NONE,False,True,6,,,,False,False,False,0,INVALID_BELIEF
dead_end,4,13,7,16,6,3,-1,4,UP,NONE,False,True,6,,,,False,False,False,0,INVALID_BELIEF
dead_end,4,13,7,16,8,3,1,4,UP,NONE,False,True,6,,,,False,False,False,0,INVALID_BELIEF
dead_end,4,13,7,17,7,4,0,4,UP,NONE,False,True,6,,,,False,False,False,0,INVALID_BELIEF
corridor,0,1,1,1,1,0,0,0,RIGHT,RIGHT,True,False,18,18,0,0.0,False,False,True,0,ADEQUATE
corridor,0,2,1,2,1,0,0,0,RIGHT,RIGHT,True,False,17,17,0,0.0,False,False,True,0,ADEQUATE
corridor,0,3,1,3,1,0,0,0,RIGHT,RIGHT,True,False,16,16,0,0.0,False,False,True,0,ADEQUATE
corridor,0,4,1,4,1,0,0,0,RIGHT,RIGHT,True,False,15,15,0,0.0,False,False,True,0,ADEQUATE
corridor,0,5,1,5,1,0,0,0,RIGHT,RIGHT,True,False,14,14,0,0.0,False,False,True,0,ADEQUATE
corridor,0,6,1,6,1,0,0,0,RIGHT,RIGHT,True,False,13,13,0,0.0,False,False,True,0,ADEQUATE
corridor,0,7,1,7,1,0,0,0,RIGHT,RIGHT,True,False,12,12,0,0.0,False,False,True,0,ADEQUATE
corridor,0,8,1,8,1,0,0,0,RIGHT,RIGHT,True,False,11,11,0,0.0,False,False,True,0,ADEQUATE
corridor,0,9,1,9,1,0,0,0,RIGHT,RIGHT,True,False,10,10,0,0.0,False,False,True,0,ADEQUATE
corridor,0,10,1,10,1,0,0,0,RIGHT,RIGHT,True,False,9,9,0,0.0,False,False,True,0,ADEQUATE
corridor,0,11,1,11,1,0,0,0,RIGHT,RIGHT,True,False,8,8,0,0.0,False,False,True,0,ADEQUATE
corridor,0,12,1,12,1,0,0,0,RIGHT,RIGHT,True,False,7,7,0,0.0,False,False,True,0,ADEQUATE
corridor,0,13,1,13,1,0,0,0,DOWN,DOWN,True,False,6,6,0,0.0,False,False,True,0,ADEQUATE
corridor,0,5,2,5,2,0,0,0,UP,UP,True,False,15,15,0,0.0,False,False,True,0,ADEQUATE
corridor,0,13,2,13,2,0,0,0,DOWN,DOWN,True,False,5,5,0,0.0,False,False,True,0,ADEQUATE
corridor,0,1,3,1,3,0,0,0,DOWN,DOWN,True,False,16,16,0,0.0,False,False,True,0,ADEQUATE
corridor,0,2,3,2,3,0,0,0,LEFT,LEFT,True,False,17,17,0,0.0,False,False,True,0,ADEQUATE
corridor,0,3,3,3,3,0,0,0,LEFT,LEFT,True,False,18,18,0,0.0,False,False,True,0,ADEQUATE
corridor,0,4,3,4,3,0,0,0,RIGHT,RIGHT,True,False,17,17,0,0.0,False,False,True,0,ADEQUATE
corridor,0,5,3,5,3,0,0,0,UP,UP,True,False,16,16,0,0.0,False,False,True,0,ADEQUATE
corridor,0,7,3,7,3,0,0,0,RIGHT,RIGHT,True,False,14,14,0,0.0,False,False,True,0,ADEQUATE
corridor,0,8,3,8,3,0,0,0,RIGHT,RIGHT,True,False,13,13,0,0.0,False,False,True,0,ADEQUATE
corridor,0,9,3,9,3,0,0,0,RIGHT,RIGHT,True,False,12,12,0,0.0,False,False,True,0,ADEQUATE
corridor,0,10,3,10,3,0,0,0,RIGHT,RIGHT,True,False,11,11,0,0.0,False,False,True,0,ADEQUATE
corridor,0,11,3,11,3,0,0,0,DOWN,DOWN,True,False,10,10,0,0.0,False,False,True,0,ADEQUATE
corridor,0,13,3,13,3,0,0,0,DOWN,DOWN,True,False,4,4,0,0.0,False,False,True,0,ADEQUATE
corridor,0,1,4,1,4,0,0,0,DOWN,DOWN,True,False,15,15,0,0.0,False,False,True,0,ADEQUATE
corridor,0,7,4,7,4,0,0,0,UP,UP,True,False,15,15,0,0.0,False,False,True,0,ADEQUATE
corridor,0,11,4,11,4,0,0,0,DOWN,DOWN,True,False,9,9,0,0.0,False,False,True,0,ADEQUATE
corridor,0,13,4,13,4,0,0,0,DOWN,DOWN,True,False,3,3,0,0.0,False,False,True,0,ADEQUATE
corridor,0,1,5,1,5,0,0,0,DOWN,DOWN,True,False,14,14,0,0.0,False,False,True,0,ADEQUATE
corridor,0,2,5,2,5,0,0,0,LEFT,LEFT,True,False,15,15,0,0.0,False,False,True,0,ADEQUATE
corridor,0,3,5,3,5,0,0,0,LEFT,LEFT,True,False,16,16,0,0.0,False,False,True,0,ADEQUATE
corridor,0,4,5,4,5,0,0,0,LEFT,LEFT,True,False,17,17,0,0.0,False,False,True,0,ADEQUATE
corridor,0,5,5,5,5,0,0,0,LEFT,LEFT,True,False,18,18,0,0.0,False,False,True,0,ADEQUATE
corridor,0,6,5,6,5,0,0,0,RIGHT,RIGHT,True,False,17,17,0,0.0,False,False,True,0,ADEQUATE
corridor,0,7,5,7,5,0,0,0,UP,UP,True,False,16,16,0,0.0,False,False,True,0,ADEQUATE
corridor,0,9,5,9,5,0,0,0,DOWN,DOWN,True,False,6,6,0,0.0,False,False,True,0,ADEQUATE
corridor,0,10,5,10,5,0,0,0,LEFT,LEFT,True,False,7,7,0,0.0,False,False,True,0,ADEQUATE
corridor,0,11,5,11,5,0,0,0,LEFT,LEFT,True,False,8,8,0,0.0,False,False,True,0,ADEQUATE
corridor,0,13,5,13,5,0,0,0,DOWN,DOWN,True,False,2,2,0,0.0,False,False,True,0,ADEQUATE
corridor,0,1,6,1,6,0,0,0,DOWN,DOWN,True,False,13,13,0,0.0,False,False,True,0,ADEQUATE
corridor,0,9,6,9,6,0,0,0,DOWN,DOWN,True,False,5,5,0,0.0,False,False,True,0,ADEQUATE
corridor,0,13,6,13,6,0,0,0,DOWN,DOWN,True,False,1,1,0,0.0,False,False,True,0,ADEQUATE
corridor,0,1,7,1,7,0,0,0,RIGHT,RIGHT,True,False,12,12,0,0.0,False,False,True,0,ADEQUATE
corridor,0,2,7,2,7,0,0,0,RIGHT,RIGHT,True,False,11,11,0,0.0,False,False,True,0,ADEQUATE
corridor,0,3,7,3,7,0,0,0,RIGHT,RIGHT,True,False,10,10,0,0.0,False,False,True,0,ADEQUATE
corridor,0,4,7,4,7,0,0,0,RIGHT,RIGHT,True,False,9,9,0,0.0,False,False,True,0,ADEQUATE
corridor,0,5,7,5,7,0,0,0,RIGHT,RIGHT,True,False,8,8,0,0.0,False,False,True,0,ADEQUATE
corridor,0,6,7,6,7,0,0,0,RIGHT,RIGHT,True,False,7,7,0,0.0,False,False,True,0,ADEQUATE
corridor,0,7,7,7,7,0,0,0,RIGHT,RIGHT,True,False,6,6,0,0.0,False,False,True,0,ADEQUATE
corridor,0,8,7,8,7,0,0,0,RIGHT,RIGHT,True,False,5,5,0,0.0,False,False,True,0,ADEQUATE
corridor,0,9,7,9,7,0,0,0,RIGHT,RIGHT,True,False,4,4,0,0.0,False,False,True,0,ADEQUATE
corridor,0,10,7,10,7,0,0,0,RIGHT,RIGHT,True,False,3,3,0,0.0,False,False,True,0,ADEQUATE
corridor,0,11,7,11,7,0,0,0,RIGHT,RIGHT,True,False,2,2,0,0.0,False,False,True,0,ADEQUATE
corridor,0,12,7,12,7,0,0,0,RIGHT,RIGHT,True,False,1,1,0,0.0,False,False,True,0,ADEQUATE
corridor,1,1,1,0,1,-1,0,1,RIGHT,NONE,False,True,18,,,,False,False,False,0,INVALID_BELIEF
corridor,1,1,1,1,0,0,-1,1,RIGHT,NONE,False,True,18,,,,False,False,False,0,INVALID_BELIEF
corridor,1,1,1,1,2,0,1,1,RIGHT,NONE,False,True,18,,,,False,False,False,0,INVALID_BELIEF
corridor,1,1,1,2,1,1,0,1,RIGHT,RIGHT,True,False,18,18,0,0.0,False,False,True,0,ADEQUATE
corridor,1,2,1,1,1,-1,0,1,RIGHT,RIGHT,True,False,17,17,0,0.0,False,False,True,0,ADEQUATE
corridor,1,2,1,2,0,0,-1,1,RIGHT,NONE,False,True,17,,,,False,False,False,0,INVALID_BELIEF
corridor,1,2,1,2,2,0,1,1,RIGHT,NONE,False,True,17,,,,False,False,False,0,INVALID_BELIEF
corridor,1,2,1,3,1,1,0,1,RIGHT,RIGHT,True,False,17,17,0,0.0,False,False,True,0,ADEQUATE
corridor,1,3,1,2,1,-1,0,1,RIGHT,RIGHT,True,False,16,16,0,0.0,False,False,True,0,ADEQUATE
corridor,1,3,1,3,0,0,-1,1,RIGHT,NONE,False,True,16,,,,False,False,False,0,INVALID_BELIEF
corridor,1,3,1,3,2,0,1,1,RIGHT,NONE,False,True,16,,,,False,False,False,0,INVALID_BELIEF
corridor,1,3,1,4,1,1,0,1,RIGHT,RIGHT,True,False,16,16,0,0.0,False,False,True,0,ADEQUATE
corridor,1,4,1,3,1,-1,0,1,RIGHT,RIGHT,True,False,15,15,0,0.0,False,False,True,0,ADEQUATE
corridor,1,4,1,4,0,0,-1,1,RIGHT,NONE,False,True,15,,,,False,False,False,0,INVALID_BELIEF
corridor,1,4,1,4,2,0,1,1,RIGHT,NONE,False,True,15,,,,False,False,False,0,INVALID_BELIEF
corridor,1,4,1,5,1,1,0,1,RIGHT,RIGHT,True,False,15,15,0,0.0,False,False,True,0,ADEQUATE
corridor,1,5,1,4,1,-1,0,1,RIGHT,RIGHT,True,False,14,14,0,0.0,False,False,True,0,ADEQUATE
corridor,1,5,1,5,0,0,-1,1,RIGHT,NONE,False,True,14,,,,False,False,False,0,INVALID_BELIEF
corridor,1,5,1,5,2,0,1,1,RIGHT,UP,True,True,14,15,1,0.07142857142857142,True,False,False,0,COLLISION
corridor,1,5,1,6,1,1,0,1,RIGHT,RIGHT,True,False,14,14,0,0.0,False,False,True,0,ADEQUATE
corridor,1,6,1,5,1,-1,0,1,RIGHT,RIGHT,True,False,13,13,0,0.0,False,False,True,0,ADEQUATE
corridor,1,6,1,6,0,0,-1,1,RIGHT,NONE,False,True,13,,,,False,False,False,0,INVALID_BELIEF
corridor,1,6,1,6,2,0,1,1,RIGHT,NONE,False,True,13,,,,False,False,False,0,INVALID_BELIEF
corridor,1,6,1,7,1,1,0,1,RIGHT,RIGHT,True,False,13,13,0,0.0,False,False,True,0,ADEQUATE
corridor,1,7,1,6,1,-1,0,1,RIGHT,RIGHT,True,False,12,12,0,0.0,False,False,True,0,ADEQUATE
corridor,1,7,1,7,0,0,-1,1,RIGHT,NONE,False,True,12,,,,False,False,False,0,INVALID_BELIEF
corridor,1,7,1,7,2,0,1,1,RIGHT,NONE,False,True,12,,,,False,False,False,0,INVALID_BELIEF
corridor,1,7,1,8,1,1,0,1,RIGHT,RIGHT,True,False,12,12,0,0.0,False,False,True,0,ADEQUATE
corridor,1,8,1,7,1,-1,0,1,RIGHT,RIGHT,True,False,11,11,0,0.0,False,False,True,0,ADEQUATE
corridor,1,8,1,8,0,0,-1,1,RIGHT,NONE,False,True,11,,,,False,False,False,0,INVALID_BELIEF
corridor,1,8,1,8,2,0,1,1,RIGHT,NONE,False,True,11,,,,False,False,False,0,INVALID_BELIEF
corridor,1,8,1,9,1,1,0,1,RIGHT,RIGHT,True,False,11,11,0,0.0,False,False,True,0,ADEQUATE
corridor,1,9,1,8,1,-1,0,1,RIGHT,RIGHT,True,False,10,10,0,0.0,False,False,True,0,ADEQUATE
corridor,1,9,1,9,0,0,-1,1,RIGHT,NONE,False,True,10,,,,False,False,False,0,INVALID_BELIEF
corridor,1,9,1,9,2,0,1,1,RIGHT,NONE,False,True,10,,,,False,False,False,0,INVALID_BELIEF
corridor,1,9,1,10,1,1,0,1,RIGHT,RIGHT,True,False,10,10,0,0.0,False,False,True,0,ADEQUATE
corridor,1,10,1,9,1,-1,0,1,RIGHT,RIGHT,True,False,9,9,0,0.0,False,False,True,0,ADEQUATE
corridor,1,10,1,10,0,0,-1,1,RIGHT,NONE,False,True,9,,,,False,False,False,0,INVALID_BELIEF
corridor,1,10,1,10,2,0,1,1,RIGHT,NONE,False,True,9,,,,False,False,False,0,INVALID_BELIEF
corridor,1,10,1,11,1,1,0,1,RIGHT,RIGHT,True,False,9,9,0,0.0,False,False,True,0,ADEQUATE
corridor,1,11,1,10,1,-1,0,1,RIGHT,RIGHT,True,False,8,8,0,0.0,False,False,True,0,ADEQUATE
corridor,1,11,1,11,0,0,-1,1,RIGHT,NONE,False,True,8,,,,False,False,False,0,INVALID_BELIEF
corridor,1,11,1,11,2,0,1,1,RIGHT,NONE,False,True,8,,,,False,False,False,0,INVALID_BELIEF
corridor,1,11,1,12,1,1,0,1,RIGHT,RIGHT,True,False,8,8,0,0.0,False,False,True,0,ADEQUATE
corridor,1,12,1,11,1,-1,0,1,RIGHT,RIGHT,True,False,7,7,0,0.0,False,False,True,0,ADEQUATE
corridor,1,12,1,12,0,0,-1,1,RIGHT,NONE,False,True,7,,,,False,False,False,0,INVALID_BELIEF
corridor,1,12,1,12,2,0,1,1,RIGHT,NONE,False,True,7,,,,False,False,False,0,INVALID_BELIEF
corridor,1,12,1,13,1,1,0,1,RIGHT,DOWN,True,True,7,8,1,0.14285714285714285,True,False,False,0,COLLISION
corridor,1,13,1,12,1,-1,0,1,DOWN,RIGHT,True,True,6,7,1,0.16666666666666666,True,False,False,0,COLLISION
corridor,1,13,1,13,0,0,-1,1,DOWN,NONE,False,True,6,,,,False,False,False,0,INVALID_BELIEF
corridor,1,13,1,13,2,0,1,1,DOWN,DOWN,True,False,6,6,0,0.0,False,False,True,0,ADEQUATE
corridor,1,13,1,14,1,1,0,1,DOWN,NONE,False,True,6,,,,False,False,False,0,INVALID_BELIEF
corridor,1,5,2,4,2,-1,0,1,UP,NONE,False,True,15,,,,False,False,False,0,INVALID_BELIEF
corridor,1,5,2,5,1,0,-1,1,UP,RIGHT,True,True,15,16,1,0.06666666666666667,True,False,False,0,COLLISION
corridor,1,5,2,5,3,0,1,1,UP,UP,True,False,15,15,0,0.0,False,False,True,0,ADEQUATE
corridor,1,5,2,6,2,1,0,1,UP,NONE,False,True,15,,,,False,False,False,0,INVALID_BELIEF
corridor,1,13,2,12,2,-1,0,1,DOWN,NONE,False,True,5,,,,False,False,False,0,INVALID_BELIEF
corridor,1,13,2,13,1,0,-1,1,DOWN,DOWN,True,False,5,5,0,0.0,False,False,True,0,ADEQUATE
corridor,1,13,2,13,3,0,1,1,DOWN,DOWN,True,False,5,5,0,0.0,False,False,True,0,ADEQUATE
corridor,1,13,2,14,2,1,0,1,DOWN,NONE,False,True,5,,,,False,False,False,0,INVALID_BELIEF
corridor,1,1,3,0,3,-1,0,1,DOWN,NONE,False,True,16,,,,False,False,False,0,INVALID_BELIEF
corridor,1,1,3,1,2,0,-1,1,DOWN,NONE,False,True,16,,,,False,False,False,0,INVALID_BELIEF
corridor,1,1,3,1,4,0,1,1,DOWN,DOWN,True,False,16,16,0,0.0,False,False,True,0,ADEQUATE
corridor,1,1,3,2,3,1,0,1,DOWN,LEFT,True,True,16,17,1,0.0625,True,False,False,0,COLLISION
corridor,1,2,3,1,3,-1,0,1,LEFT,DOWN,True,True,17,18,1,0.058823529411764705,True,False,False,0,COLLISION
corridor,1,2,3,2,2,0,-1,1,LEFT,NONE,False,True,17,,,,False,False,False,0,INVALID_BELIEF
corridor,1,2,3,2,4,0,1,1,LEFT,NONE,False,True,17,,,,False,False,False,0,INVALID_BELIEF
corridor,1,2,3,3,3,1,0,1,LEFT,LEFT,True,False,17,17,0,0.0,False,False,True,0,ADEQUATE
corridor,1,3,3,2,3,-1,0,1,LEFT,LEFT,True,False,18,18,0,0.0,False,False,True,0,ADEQUATE
corridor,1,3,3,3,2,0,-1,1,LEFT,NONE,False,True,18,,,,False,False,False,0,INVALID_BELIEF
corridor,1,3,3,3,4,0,1,1,LEFT,NONE,False,True,18,,,,False,False,False,0,INVALID_BELIEF
corridor,1,3,3,4,3,1,0,1,LEFT,RIGHT,True,True,18,18,0,0.0,False,False,True,0,ADEQUATE
corridor,1,4,3,3,3,-1,0,1,RIGHT,LEFT,True,True,17,19,2,0.11764705882352941,False,False,False,0,INADEQUATE
corridor,1,4,3,4,2,0,-1,1,RIGHT,NONE,False,True,17,,,,False,False,False,0,INVALID_BELIEF
corridor,1,4,3,4,4,0,1,1,RIGHT,NONE,False,True,17,,,,False,False,False,0,INVALID_BELIEF
corridor,1,4,3,5,3,1,0,1,RIGHT,UP,True,True,17,18,1,0.058823529411764705,True,False,False,0,COLLISION
corridor,1,5,3,4,3,-1,0,1,UP,RIGHT,True,True,16,17,1,0.0625,True,False,False,0,COLLISION
corridor,1,5,3,5,2,0,-1,1,UP,UP,True,False,16,16,0,0.0,False,False,True,0,ADEQUATE
corridor,1,5,3,5,4,0,1,1,UP,NONE,False,True,16,,,,False,False,False,0,INVALID_BELIEF
corridor,1,5,3,6,3,1,0,1,UP,NONE,False,True,16,,,,False,False,False,0,INVALID_BELIEF
corridor,1,7,3,6,3,-1,0,1,RIGHT,NONE,False,True,14,,,,False,False,False,0,INVALID_BELIEF
corridor,1,7,3,7,2,0,-1,1,RIGHT,NONE,False,True,14,,,,False,False,False,0,INVALID_BELIEF
corridor,1,7,3,7,4,0,1,1,RIGHT,UP,True,True,14,15,1,0.07142857142857142,True,False,False,0,COLLISION
corridor,1,7,3,8,3,1,0,1,RIGHT,RIGHT,True,False,14,14,0,0.0,False,False,True,0,ADEQUATE
corridor,1,8,3,7,3,-1,0,1,RIGHT,RIGHT,True,False,13,13,0,0.0,False,False,True,0,ADEQUATE
corridor,1,8,3,8,2,0,-1,1,RIGHT,NONE,False,True,13,,,,False,False,False,0,INVALID_BELIEF
corridor,1,8,3,8,4,0,1,1,RIGHT,NONE,False,True,13,,,,False,False,False,0,INVALID_BELIEF
corridor,1,8,3,9,3,1,0,1,RIGHT,RIGHT,True,False,13,13,0,0.0,False,False,True,0,ADEQUATE
corridor,1,9,3,8,3,-1,0,1,RIGHT,RIGHT,True,False,12,12,0,0.0,False,False,True,0,ADEQUATE
corridor,1,9,3,9,2,0,-1,1,RIGHT,NONE,False,True,12,,,,False,False,False,0,INVALID_BELIEF
corridor,1,9,3,9,4,0,1,1,RIGHT,NONE,False,True,12,,,,False,False,False,0,INVALID_BELIEF
corridor,1,9,3,10,3,1,0,1,RIGHT,RIGHT,True,False,12,12,0,0.0,False,False,True,0,ADEQUATE
corridor,1,10,3,9,3,-1,0,1,RIGHT,RIGHT,True,False,11,11,0,0.0,False,False,True,0,ADEQUATE
corridor,1,10,3,10,2,0,-1,1,RIGHT,NONE,False,True,11,,,,False,False,False,0,INVALID_BELIEF
corridor,1,10,3,10,4,0,1,1,RIGHT,NONE,False,True,11,,,,False,False,False,0,INVALID_BELIEF
corridor,1,10,3,11,3,1,0,1,RIGHT,DOWN,True,True,11,12,1,0.09090909090909091,True,False,False,0,COLLISION
corridor,1,11,3,10,3,-1,0,1,DOWN,RIGHT,True,True,10,11,1,0.1,True,False,False,0,COLLISION
corridor,1,11,3,11,2,0,-1,1,DOWN,NONE,False,True,10,,,,False,False,False,0,INVALID_BELIEF
corridor,1,11,3,11,4,0,1,1,DOWN,DOWN,True,False,10,10,0,0.0,False,False,True,0,ADEQUATE
corridor,1,11,3,12,3,1,0,1,DOWN,NONE,False,True,10,,,,False,False,False,0,INVALID_BELIEF
corridor,1,13,3,12,3,-1,0,1,DOWN,NONE,False,True,4,,,,False,False,False,0,INVALID_BELIEF
corridor,1,13,3,13,2,0,-1,1,DOWN,DOWN,True,False,4,4,0,0.0,False,False,True,0,ADEQUATE
corridor,1,13,3,13,4,0,1,1,DOWN,DOWN,True,False,4,4,0,0.0,False,False,True,0,ADEQUATE
corridor,1,13,3,14,3,1,0,1,DOWN,NONE,False,True,4,,,,False,False,False,0,INVALID_BELIEF
corridor,1,1,4,0,4,-1,0,1,DOWN,NONE,False,True,15,,,,False,False,False,0,INVALID_BELIEF
corridor,1,1,4,1,3,0,-1,1,DOWN,DOWN,True,False,15,15,0,0.0,False,False,True,0,ADEQUATE
corridor,1,1,4,1,5,0,1,1,DOWN,DOWN,True,False,15,15,0,0.0,False,False,True,0,ADEQUATE
corridor,1,1,4,2,4,1,0,1,DOWN,NONE,False,True,15,,,,False,False,False,0,INVALID_BELIEF
corridor,1,7,4,6,4,-1,0,1,UP,NONE,False,True,15,,,,False,False,False,0,INVALID_BELIEF
corridor,1,7,4,7,3,0,-1,1,UP,RIGHT,True,True,15,16,1,0.06666666666666667,True,False,False,0,COLLISION
corridor,1,7,4,7,5,0,1,1,UP,UP,True,False,15,15,0,0.0,False,False,True,0,ADEQUATE
corridor,1,7,4,8,4,1,0,1,UP,NONE,False,True,15,,,,False,False,False,0,INVALID_BELIEF
corridor,1,11,4,10,4,-1,0,1,DOWN,NONE,False,True,9,,,,False,False,False,0,INVALID_BELIEF
corridor,1,11,4,11,3,0,-1,1,DOWN,DOWN,True,False,9,9,0,0.0,False,False,True,0,ADEQUATE
corridor,1,11,4,11,5,0,1,1,DOWN,LEFT,True,True,9,10,1,0.1111111111111111,True,False,False,0,COLLISION
corridor,1,11,4,12,4,1,0,1,DOWN,NONE,False,True,9,,,,False,False,False,0,INVALID_BELIEF
corridor,1,13,4,12,4,-1,0,1,DOWN,NONE,False,True,3,,,,False,False,False,0,INVALID_BELIEF
corridor,1,13,4,13,3,0,-1,1,DOWN,DOWN,True,False,3,3,0,0.0,False,False,True,0,ADEQUATE
corridor,1,13,4,13,5,0,1,1,DOWN,DOWN,True,False,3,3,0,0.0,False,False,True,0,ADEQUATE
corridor,1,13,4,14,4,1,0,1,DOWN,NONE,False,True,3,,,,False,False,False,0,INVALID_BELIEF
corridor,1,1,5,0,5,-1,0,1,DOWN,NONE,False,True,14,,,,False,False,False,0,INVALID_BELIEF
corridor,1,1,5,1,4,0,-1,1,DOWN,DOWN,True,False,14,14,0,0.0,False,False,True,0,ADEQUATE
corridor,1,1,5,1,6,0,1,1,DOWN,DOWN,True,False,14,14,0,0.0,False,False,True,0,ADEQUATE
corridor,1,1,5,2,5,1,0,1,DOWN,LEFT,True,True,14,15,1,0.07142857142857142,True,False,False,0,COLLISION
corridor,1,2,5,1,5,-1,0,1,LEFT,DOWN,True,True,15,16,1,0.06666666666666667,True,False,False,0,COLLISION
corridor,1,2,5,2,4,0,-1,1,LEFT,NONE,False,True,15,,,,False,False,False,0,INVALID_BELIEF
corridor,1,2,5,2,6,0,1,1,LEFT,NONE,False,True,15,,,,False,False,False,0,INVALID_BELIEF
corridor,1,2,5,3,5,1,0,1,LEFT,LEFT,True,False,15,15,0,0.0,False,False,True,0,ADEQUATE
corridor,1,3,5,2,5,-1,0,1,LEFT,LEFT,True,False,16,16,0,0.0,False,False,True,0,ADEQUATE
corridor,1,3,5,3,4,0,-1,1,LEFT,NONE,False,True,16,,,,False,False,False,0,INVALID_BELIEF
corridor,1,3,5,3,6,0,1,1,LEFT,NONE,False,True,16,,,,False,False,False,0,INVALID_BELIEF
corridor,1,3,5,4,5,1,0,1,LEFT,LEFT,True,False,16,16,0,0.0,False,False,True,0,ADEQUATE
corridor,1,4,5,3,5,-1,0,1,LEFT,LEFT,True,False,17,17,0,0.0,False,False,True,0,ADEQUATE
corridor,1,4,5,4,4,0,-1,1,LEFT,NONE,False,True,17,,,,False,False,False,0,INVALID_BELIEF
corridor,1,4,5,4,6,0,1,1,LEFT,NONE,False,True,17,,,,False,False,False,0,INVALID_BELIEF
corridor,1,4,5,5,5,1,0,1,LEFT,LEFT,True,False,17,17,0,0.0,False,False,True,0,ADEQUATE
corridor,1,5,5,4,5,-1,0,1,LEFT,LEFT,True,False,18,18,0,0.0,False,False,True,0,ADEQUATE
corridor,1,5,5,5,4,0,-1,1,LEFT,NONE,False,True,18,,,,False,False,False,0,INVALID_BELIEF
corridor,1,5,5,5,6,0,1,1,LEFT,NONE,False,True,18,,,,False,False,False,0,INVALID_BELIEF
corridor,1,5,5,6,5,1,0,1,LEFT,RIGHT,True,True,18,18,0,0.0,False,False,True,0,ADEQUATE
corridor,1,6,5,5,5,-1,0,1,RIGHT,LEFT,True,True,17,19,2,0.11764705882352941,False,False,False,0,INADEQUATE
corridor,1,6,5,6,4,0,-1,1,RIGHT,NONE,False,True,17,,,,False,False,False,0,INVALID_BELIEF
corridor,1,6,5,6,6,0,1,1,RIGHT,NONE,False,True,17,,,,False,False,False,0,INVALID_BELIEF
corridor,1,6,5,7,5,1,0,1,RIGHT,UP,True,True,17,18,1,0.058823529411764705,True,False,False,0,COLLISION
corridor,1,7,5,6,5,-1,0,1,UP,RIGHT,True,True,16,17,1,0.0625,True,False,False,0,COLLISION
corridor,1,7,5,7,4,0,-1,1,UP,UP,True,False,16,16,0,0.0,False,False,True,0,ADEQUATE
corridor,1,7,5,7,6,0,1,1,UP,NONE,False,True,16,,,,False,False,False,0,INVALID_BELIEF
corridor,1,7,5,8,5,1,0,1,UP,NONE,False,True,16,,,,False,False,False,0,INVALID_BELIEF
corridor,1,9,5,8,5,-1,0,1,DOWN,NONE,False,True,6,,,,False,False,False,0,INVALID_BELIEF
corridor,1,9,5,9,4,0,-1,1,DOWN,NONE,False,True,6,,,,False,False,False,0,INVALID_BELIEF
corridor,1,9,5,9,6,0,1,1,DOWN,DOWN,True,False,6,6,0,0.0,False,False,True,0,ADEQUATE
corridor,1,9,5,10,5,1,0,1,DOWN,LEFT,True,True,6,7,1,0.16666666666666666,True,False,False,0,COLLISION
corridor,1,10,5,9,5,-1,0,1,LEFT,DOWN,True,True,7,8,1,0.14285714285714285,True,False,False,0,COLLISION
corridor,1,10,5,10,4,0,-1,1,LEFT,NONE,False,True,7,,,,False,False,False,0,INVALID_BELIEF
corridor,1,10,5,10,6,0,1,1,LEFT,NONE,False,True,7,,,,False,False,False,0,INVALID_BELIEF
corridor,1,10,5,11,5,1,0,1,LEFT,LEFT,True,False,7,7,0,0.0,False,False,True,0,ADEQUATE
corridor,1,11,5,10,5,-1,0,1,LEFT,LEFT,True,False,8,8,0,0.0,False,False,True,0,ADEQUATE
corridor,1,11,5,11,4,0,-1,1,LEFT,DOWN,True,True,8,9,1,0.125,True,False,False,0,COLLISION
corridor,1,11,5,11,6,0,1,1,LEFT,NONE,False,True,8,,,,False,False,False,0,INVALID_BELIEF
corridor,1,11,5,12,5,1,0,1,LEFT,NONE,False,True,8,,,,False,False,False,0,INVALID_BELIEF
corridor,1,13,5,12,5,-1,0,1,DOWN,NONE,False,True,2,,,,False,False,False,0,INVALID_BELIEF
corridor,1,13,5,13,4,0,-1,1,DOWN,DOWN,True,False,2,2,0,0.0,False,False,True,0,ADEQUATE
corridor,1,13,5,13,6,0,1,1,DOWN,DOWN,True,False,2,2,0,0.0,False,False,True,0,ADEQUATE
corridor,1,13,5,14,5,1,0,1,DOWN,NONE,False,True,2,,,,False,False,False,0,INVALID_BELIEF
corridor,1,1,6,0,6,-1,0,1,DOWN,NONE,False,True,13,,,,False,False,False,0,INVALID_BELIEF
corridor,1,1,6,1,5,0,-1,1,DOWN,DOWN,True,False,13,13,0,0.0,False,False,True,0,ADEQUATE
corridor,1,1,6,1,7,0,1,1,DOWN,RIGHT,True,True,13,14,1,0.07692307692307693,True,False,False,0,COLLISION
corridor,1,1,6,2,6,1,0,1,DOWN,NONE,False,True,13,,,,False,False,False,0,INVALID_BELIEF
corridor,1,9,6,8,6,-1,0,1,DOWN,NONE,False,True,5,,,,False,False,False,0,INVALID_BELIEF
corridor,1,9,6,9,5,0,-1,1,DOWN,DOWN,True,False,5,5,0,0.0,False,False,True,0,ADEQUATE
corridor,1,9,6,9,7,0,1,1,DOWN,RIGHT,True,True,5,6,1,0.2,True,False,False,0,COLLISION
corridor,1,9,6,10,6,1,0,1,DOWN,NONE,False,True,5,,,,False,False,False,0,INVALID_BELIEF
corridor,1,13,6,12,6,-1,0,1,DOWN,NONE,False,True,1,,,,False,False,False,0,INVALID_BELIEF
corridor,1,13,6,13,5,0,-1,1,DOWN,DOWN,True,False,1,1,0,0.0,False,False,True,0,ADEQUATE
corridor,1,13,6,13,7,0,1,1,DOWN,NONE,True,True,1,,,,False,True,False,0,FALSE_TERMINAL
corridor,1,13,6,14,6,1,0,1,DOWN,NONE,False,True,1,,,,False,False,False,0,INVALID_BELIEF
corridor,1,1,7,0,7,-1,0,1,RIGHT,NONE,False,True,12,,,,False,False,False,0,INVALID_BELIEF
corridor,1,1,7,1,6,0,-1,1,RIGHT,DOWN,True,True,12,13,1,0.08333333333333333,True,False,False,0,COLLISION
corridor,1,1,7,1,8,0,1,1,RIGHT,NONE,False,True,12,,,,False,False,False,0,INVALID_BELIEF
corridor,1,1,7,2,7,1,0,1,RIGHT,RIGHT,True,False,12,12,0,0.0,False,False,True,0,ADEQUATE
corridor,1,2,7,1,7,-1,0,1,RIGHT,RIGHT,True,False,11,11,0,0.0,False,False,True,0,ADEQUATE
corridor,1,2,7,2,6,0,-1,1,RIGHT,NONE,False,True,11,,,,False,False,False,0,INVALID_BELIEF
corridor,1,2,7,2,8,0,1,1,RIGHT,NONE,False,True,11,,,,False,False,False,0,INVALID_BELIEF
corridor,1,2,7,3,7,1,0,1,RIGHT,RIGHT,True,False,11,11,0,0.0,False,False,True,0,ADEQUATE
corridor,1,3,7,2,7,-1,0,1,RIGHT,RIGHT,True,False,10,10,0,0.0,False,False,True,0,ADEQUATE
corridor,1,3,7,3,6,0,-1,1,RIGHT,NONE,False,True,10,,,,False,False,False,0,INVALID_BELIEF
corridor,1,3,7,3,8,0,1,1,RIGHT,NONE,False,True,10,,,,False,False,False,0,INVALID_BELIEF
corridor,1,3,7,4,7,1,0,1,RIGHT,RIGHT,True,False,10,10,0,0.0,False,False,True,0,ADEQUATE
corridor,1,4,7,3,7,-1,0,1,RIGHT,RIGHT,True,False,9,9,0,0.0,False,False,True,0,ADEQUATE
corridor,1,4,7,4,6,0,-1,1,RIGHT,NONE,False,True,9,,,,False,False,False,0,INVALID_BELIEF
corridor,1,4,7,4,8,0,1,1,RIGHT,NONE,False,True,9,,,,False,False,False,0,INVALID_BELIEF
corridor,1,4,7,5,7,1,0,1,RIGHT,RIGHT,True,False,9,9,0,0.0,False,False,True,0,ADEQUATE
corridor,1,5,7,4,7,-1,0,1,RIGHT,RIGHT,True,False,8,8,0,0.0,False,False,True,0,ADEQUATE
corridor,1,5,7,5,6,0,-1,1,RIGHT,NONE,False,True,8,,,,False,False,False,0,INVALID_BELIEF
corridor,1,5,7,5,8,0,1,1,RIGHT,NONE,False,True,8,,,,False,False,False,0,INVALID_BELIEF
corridor,1,5,7,6,7,1,0,1,RIGHT,RIGHT,True,False,8,8,0,0.0,False,False,True,0,ADEQUATE
corridor,1,6,7,5,7,-1,0,1,RIGHT,RIGHT,True,False,7,7,0,0.0,False,False,True,0,ADEQUATE
corridor,1,6,7,6,6,0,-1,1,RIGHT,NONE,False,True,7,,,,False,False,False,0,INVALID_BELIEF
corridor,1,6,7,6,8,0,1,1,RIGHT,NONE,False,True,7,,,,False,False,False,0,INVALID_BELIEF
corridor,1,6,7,7,7,1,0,1,RIGHT,RIGHT,True,False,7,7,0,0.0,False,False,True,0,ADEQUATE
corridor,1,7,7,6,7,-1,0,1,RIGHT,RIGHT,True,False,6,6,0,0.0,False,False,True,0,ADEQUATE
corridor,1,7,7,7,6,0,-1,1,RIGHT,NONE,False,True,6,,,,False,False,False,0,INVALID_BELIEF
corridor,1,7,7,7,8,0,1,1,RIGHT,NONE,False,True,6,,,,False,False,False,0,INVALID_BELIEF
corridor,1,7,7,8,7,1,0,1,RIGHT,RIGHT,True,False,6,6,0,0.0,False,False,True,0,ADEQUATE
corridor,1,8,7,7,7,-1,0,1,RIGHT,RIGHT,True,False,5,5,0,0.0,False,False,True,0,ADEQUATE
corridor,1,8,7,8,6,0,-1,1,RIGHT,NONE,False,True,5,,,,False,False,False,0,INVALID_BELIEF
corridor,1,8,7,8,8,0,1,1,RIGHT,NONE,False,True,5,,,,False,False,False,0,INVALID_BELIEF
corridor,1,8,7,9,7,1,0,1,RIGHT,RIGHT,True,False,5,5,0,0.0,False,False,True,0,ADEQUATE
corridor,1,9,7,8,7,-1,0,1,RIGHT,RIGHT,True,False,4,4,0,0.0,False,False,True,0,ADEQUATE
corridor,1,9,7,9,6,0,-1,1,RIGHT,DOWN,True,True,4,5,1,0.25,True,False,False,0,COLLISION
corridor,1,9,7,9,8,0,1,1,RIGHT,NONE,False,True,4,,,,False,False,False,0,INVALID_BELIEF
corridor,1,9,7,10,7,1,0,1,RIGHT,RIGHT,True,False,4,4,0,0.0,False,False,True,0,ADEQUATE
corridor,1,10,7,9,7,-1,0,1,RIGHT,RIGHT,True,False,3,3,0,0.0,False,False,True,0,ADEQUATE
corridor,1,10,7,10,6,0,-1,1,RIGHT,NONE,False,True,3,,,,False,False,False,0,INVALID_BELIEF
corridor,1,10,7,10,8,0,1,1,RIGHT,NONE,False,True,3,,,,False,False,False,0,INVALID_BELIEF
corridor,1,10,7,11,7,1,0,1,RIGHT,RIGHT,True,False,3,3,0,0.0,False,False,True,0,ADEQUATE
corridor,1,11,7,10,7,-1,0,1,RIGHT,RIGHT,True,False,2,2,0,0.0,False,False,True,0,ADEQUATE
corridor,1,11,7,11,6,0,-1,1,RIGHT,NONE,False,True,2,,,,False,False,False,0,INVALID_BELIEF
corridor,1,11,7,11,8,0,1,1,RIGHT,NONE,False,True,2,,,,False,False,False,0,INVALID_BELIEF
corridor,1,11,7,12,7,1,0,1,RIGHT,RIGHT,True,False,2,2,0,0.0,False,False,True,0,ADEQUATE
corridor,1,12,7,11,7,-1,0,1,RIGHT,RIGHT,True,False,1,1,0,0.0,False,False,True,0,ADEQUATE
corridor,1,12,7,12,6,0,-1,1,RIGHT,NONE,False,True,1,,,,False,False,False,0,INVALID_BELIEF
corridor,1,12,7,12,8,0,1,1,RIGHT,NONE,False,True,1,,,,False,False,False,0,INVALID_BELIEF
corridor,1,12,7,13,7,1,0,1,RIGHT,NONE,True,True,1,,,,False,True,False,0,FALSE_TERMINAL
corridor,2,1,1,-1,1,-2,0,2,RIGHT,NONE,False,True,18,,,,False,False,False,0,INVALID_BELIEF
corridor,2,1,1,0,0,-1,-1,2,RIGHT,NONE,False,True,18,,,,False,False,False,0,INVALID_BELIEF
corridor,2,1,1,0,2,-1,1,2,RIGHT,NONE,False,True,18,,,,False,False,False,0,INVALID_BELIEF
corridor,2,1,1,1,-1,0,-2,2,RIGHT,NONE,False,True,18,,,,False,False,False,0,INVALID_BELIEF
corridor,2,1,1,1,3,0,2,2,RIGHT,DOWN,True,True,18,19,1,0.05555555555555555,True,False,False,0,COLLISION
corridor,2,1,1,2,0,1,-1,2,RIGHT,NONE,False,True,18,,,,False,False,False,0,INVALID_BELIEF
corridor,2,1,1,2,2,1,1,2,RIGHT,NONE,False,True,18,,,,False,False,False,0,INVALID_BELIEF
corridor,2,1,1,3,1,2,0,2,RIGHT,RIGHT,True,False,18,18,0,0.0,False,False,True,0,ADEQUATE
corridor,2,2,1,0,1,-2,0,2,RIGHT,NONE,False,True,17,,,,False,False,False,0,INVALID_BELIEF
corridor,2,2,1,1,0,-1,-1,2,RIGHT,NONE,False,True,17,,,,False,False,False,0,INVALID_BELIEF
corridor,2,2,1,1,2,-1,1,2,RIGHT,NONE,False,True,17,,,,False,False,False,0,INVALID_BELIEF
corridor,2,2,1,2,-1,0,-2,2,RIGHT,NONE,False,True,17,,,,False,False,False,0,INVALID_BELIEF
corridor,2,2,1,2,3,0,2,2,RIGHT,LEFT,True,True,17,19,2,0.11764705882352941,False,False,False,0,INADEQUATE
corridor,2,2,1,3,0,1,-1,2,RIGHT,NONE,False,True,17,,,,False,False,False,0,INVALID_BELIEF
corridor,2,2,1,3,2,1,1,2,RIGHT,NONE,False,True,17,,,,False,False,False,0,INVALID_BELIEF
corridor,2,2,1,4,1,2,0,2,RIGHT,RIGHT,True,False,17,17,0,0.0,False,False,True,0,ADEQUATE
corridor,2,3,1,1,1,-2,0,2,RIGHT,RIGHT,True,False,16,16,0,0.0,False,False,True,0,ADEQUATE
corridor,2,3,1,2,0,-1,-1,2,RIGHT,NONE,False,True,16,,,,False,False,False,0,INVALID_BELIEF
corridor,2,3,1,2,2,-1,1,2,RIGHT,NONE,False,True,16,,,,False,False,False,0,INVALID_BELIEF
corridor,2,3,1,3,-1,0,-2,2,RIGHT,NONE,False,True,16,,,,False,False,False,0,INVALID_BELIEF
corridor,2,3,1,3,3,0,2,2,RIGHT,LEFT,True,True,16,18,2,0.125,False,False,False,0,INADEQUATE
corridor,2,3,1,4,0,1,-1,2,RIGHT,NONE,False,True,16,,,,False,False,False,0,INVALID_BELIEF
corridor,2,3,1,4,2,1,1,2,RIGHT,NONE,False,True,16,,,,False,False,False,0,INVALID_BELIEF
corridor,2,3,1,5,1,2,0,2,RIGHT,RIGHT,True,False,16,16,0,0.0,False,False,True,0,ADEQUATE
corridor,2,4,1,2,1,-2,0,2,RIGHT,RIGHT,True,False,15,15,0,0.0,False,False,True,0,ADEQUATE
corridor,2,4,1,3,0,-1,-1,2,RIGHT,NONE,False,True,15,,,,False,False,False,0,INVALID_BELIEF
corridor,2,4,1,3,2,-1,1,2,RIGHT,NONE,False,True,15,,,,False,False,False,0,INVALID_BELIEF
corridor,2,4,1,4,-1,0,-2,2,RIGHT,NONE,False,True,15,,,,False,False,False,0,INVALID_BELIEF
corridor,2,4,1,4,3,0,2,2,RIGHT,RIGHT,True,False,15,15,0,0.0,False,False,True,0,ADEQUATE
corridor,2,4,1,5,0,1,-1,2,RIGHT,NONE,False,True,15,,,,False,False,False,0,INVALID_BELIEF
corridor,2,4,1,5,2,1,1,2,RIGHT,UP,True,True,15,16,1,0.06666666666666667,True,False,False,0,COLLISION
corridor,2,4,1,6,1,2,0,2,RIGHT,RIGHT,True,False,15,15,0,0.0,False,False,True,0,ADEQUATE
corridor,2,5,1,3,1,-2,0,2,RIGHT,RIGHT,True,False,14,14,0,0.0,False,False,True,0,ADEQUATE
corridor,2,5,1,4,0,-1,-1,2,RIGHT,NONE,False,True,14,,,,False,False,False,0,INVALID_BELIEF
corridor,2,5,1,4,2,-1,1,2,RIGHT,NONE,False,True,14,,,,False,False,False,0,INVALID_BELIEF
corridor,2,5,1,5,-1,0,-2,2,RIGHT,NONE,False,True,14,,,,False,False,False,0,INVALID_BELIEF
corridor,2,5,1,5,3,0,2,2,RIGHT,UP,True,True,14,15,1,0.07142857142857142,True,False,False,0,COLLISION
corridor,2,5,1,6,0,1,-1,2,RIGHT,NONE,False,True,14,,,,False,False,False,0,INVALID_BELIEF
corridor,2,5,1,6,2,1,1,2,RIGHT,NONE,False,True,14,,,,False,False,False,0,INVALID_BELIEF
corridor,2,5,1,7,1,2,0,2,RIGHT,RIGHT,True,False,14,14,0,0.0,False,False,True,0,ADEQUATE
corridor,2,6,1,4,1,-2,0,2,RIGHT,RIGHT,True,False,13,13,0,0.0,False,False,True,0,ADEQUATE
corridor,2,6,1,5,0,-1,-1,2,RIGHT,NONE,False,True,13,,,,False,False,False,0,INVALID_BELIEF
corridor,2,6,1,5,2,-1,1,2,RIGHT,UP,True,True,13,14,1,0.07692307692307693,True,False,False,0,COLLISION
corridor,2,6,1,6,-1,0,-2,2,RIGHT,NONE,False,True,13,,,,False,False,False,0,INVALID_BELIEF
corridor,2,6,1,6,3,0,2,2,RIGHT,NONE,False,True,13,,,,False,False,False,0,INVALID_BELIEF
corridor,2,6,1,7,0,1,-1,2,RIGHT,NONE,False,True,13,,,,False,False,False,0,INVALID_BELIEF
corridor,2,6,1,7,2,1,1,2,RIGHT,NONE,False,True,13,,,,False,False,False,0,INVALID_BELIEF
corridor,2,6,1,8,1,2,0,2,RIGHT,RIGHT,True,False,13,13,0,0.0,False,False,True,0,ADEQUATE
corridor,2,7,1,5,1,-2,0,2,RIGHT,RIGHT,True,False,12,12,0,0.0,False,False,True,0,ADEQUATE
corridor,2,7,1,6,0,-1,-1,2,RIGHT,NONE,False,True,12,,,,False,False,False,0,INVALID_BELIEF
corridor,2,7,1,6,2,-1,1,2,RIGHT,NONE,False,True,12,,,,False,False,False,0,INVALID_BELIEF
corridor,2,7,1,7,-1,0,-2,2,RIGHT,NONE,False,True,12,,,,False,False,False,0,INVALID_BELIEF
corridor,2,7,1,7,3,0,2,2,RIGHT,RIGHT,True,False,12,12,0,0.0,False,False,True,0,ADEQUATE
corridor,2,7,1,8,0,1,-1,2,RIGHT,NONE,False,True,12,,,,False,False,False,0,INVALID_BELIEF
corridor,2,7,1,8,2,1,1,2,RIGHT,NONE,False,True,12,,,,False,False,False,0,INVALID_BELIEF
corridor,2,7,1,9,1,2,0,2,RIGHT,RIGHT,True,False,12,12,0,0.0,False,False,True,0,ADEQUATE
corridor,2,8,1,6,1,-2,0,2,RIGHT,RIGHT,True,False,11,11,0,0.0,False,False,True,0,ADEQUATE
corridor,2,8,1,7,0,-1,-1,2,RIGHT,NONE,False,True,11,,,,False,False,False,0,INVALID_BELIEF
corridor,2,8,1,7,2,-1,1,2,RIGHT,NONE,False,True,11,,,,False,False,False,0,INVALID_BELIEF
corridor,2,8,1,8,-1,0,-2,2,RIGHT,NONE,False,True,11,,,,False,False,False,0,INVALID_BELIEF
corridor,2,8,1,8,3,0,2,2,RIGHT,RIGHT,True,False,11,11,0,0.0,False,False,True,0,ADEQUATE
corridor,2,8,1,9,0,1,-1,2,RIGHT,NONE,False,True,11,,,,False,False,False,0,INVALID_BELIEF
corridor,2,8,1,9,2,1,1,2,RIGHT,NONE,False,True,11,,,,False,False,False,0,INVALID_BELIEF
corridor,2,8,1,10,1,2,0,2,RIGHT,RIGHT,True,False,11,11,0,0.0,False,False,True,0,ADEQUATE
corridor,2,9,1,7,1,-2,0,2,RIGHT,RIGHT,True,False,10,10,0,0.0,False,False,True,0,ADEQUATE
corridor,2,9,1,8,0,-1,-1,2,RIGHT,NONE,False,True,10,,,,False,False,False,0,INVALID_BELIEF
corridor,2,9,1,8,2,-1,1,2,RIGHT,NONE,False,True,10,,,,False,False,False,0,INVALID_BELIEF
corridor,2,9,1,9,-1,0,-2,2,RIGHT,NONE,False,True,10,,,,False,False,False,0,INVALID_BELIEF
corridor,2,9,1,9,3,0,2,2,RIGHT,RIGHT,True,False,10,10,0,0.0,False,False,True,0,ADEQUATE
corridor,2,9,1,10,0,1,-1,2,RIGHT,NONE,False,True,10,,,,False,False,False,0,INVALID_BELIEF
corridor,2,9,1,10,2,1,1,2,RIGHT,NONE,False,True,10,,,,False,False,False,0,INVALID_BELIEF
corridor,2,9,1,11,1,2,0,2,RIGHT,RIGHT,True,False,10,10,0,0.0,False,False,True,0,ADEQUATE
corridor,2,10,1,8,1,-2,0,2,RIGHT,RIGHT,True,False,9,9,0,0.0,False,False,True,0,ADEQUATE
corridor,2,10,1,9,0,-1,-1,2,RIGHT,NONE,False,True,9,,,,False,False,False,0,INVALID_BELIEF
corridor,2,10,1,9,2,-1,1,2,RIGHT,NONE,False,True,9,,,,False,False,False,0,INVALID_BELIEF
corridor,2,10,1,10,-1,0,-2,2,RIGHT,NONE,False,True,9,,,,False,False,False,0,INVALID_BELIEF
corridor,2,10,1,10,3,0,2,2,RIGHT,RIGHT,True,False,9,9,0,0.0,False,False,True,0,ADEQUATE
corridor,2,10,1,11,0,1,-1,2,RIGHT,NONE,False,True,9,,,,False,False,False,0,INVALID_BELIEF
corridor,2,10,1,11,2,1,1,2,RIGHT,NONE,False,True,9,,,,False,False,False,0,INVALID_BELIEF
corridor,2,10,1,12,1,2,0,2,RIGHT,RIGHT,True,False,9,9,0,0.0,False,False,True,0,ADEQUATE
corridor,2,11,1,9,1,-2,0,2,RIGHT,RIGHT,True,False,8,8,0,0.0,False,False,True,0,ADEQUATE
corridor,2,11,1,10,0,-1,-1,2,RIGHT,NONE,False,True,8,,,,False,False,False,0,INVALID_BELIEF
corridor,2,11,1,10,2,-1,1,2,RIGHT,NONE,False,True,8,,,,False,False,False,0,INVALID_BELIEF
corridor,2,11,1,11,-1,0,-2,2,RIGHT,NONE,False,True,8,,,,False,False,False,0,INVALID_BELIEF
corridor,2,11,1,11,3,0,2,2,RIGHT,DOWN,True,True,8,9,1,0.125,True,False,False,0,COLLISION
corridor,2,11,1,12,0,1,-1,2,RIGHT,NONE,False,True,8,,,,False,False,False,0,INVALID_BELIEF
corridor,2,11,1,12,2,1,1,2,RIGHT,NONE,False,True,8,,,,False,False,False,0,INVALID_BELIEF
corridor,2,11,1,13,1,2,0,2,RIGHT,DOWN,True,True,8,9,1,0.125,True,False,False,0,COLLISION
corridor,2,12,1,10,1,-2,0,2,RIGHT,RIGHT,True,False,7,7,0,0.0,False,False,True,0,ADEQUATE
corridor,2,12,1,11,0,-1,-1,2,RIGHT,NONE,False,True,7,,,,False,False,False,0,INVALID_BELIEF
corridor,2,12,1,11,2,-1,1,2,RIGHT,NONE,False,True,7,,,,False,False,False,0,INVALID_BELIEF
corridor,2,12,1,12,-1,0,-2,2,RIGHT,NONE,False,True,7,,,,False,False,False,0,INVALID_BELIEF
corridor,2,12,1,12,3,0,2,2,RIGHT,NONE,False,True,7,,,,False,False,False,0,INVALID_BELIEF
corridor,2,12,1,13,0,1,-1,2,RIGHT,NONE,False,True,7,,,,False,False,False,0,INVALID_BELIEF
corridor,2,12,1,13,2,1,1,2,RIGHT,DOWN,True,True,7,8,1,0.14285714285714285,True,False,False,0,COLLISION
corridor,2,12,1,14,1,2,0,2,RIGHT,NONE,False,True,7,,,,False,False,False,0,INVALID_BELIEF
corridor,2,13,1,11,1,-2,0,2,DOWN,RIGHT,True,True,6,7,1,0.16666666666666666,True,False,False,0,COLLISION
corridor,2,13,1,12,0,-1,-1,2,DOWN,NONE,False,True,6,,,,False,False,False,0,INVALID_BELIEF
corridor,2,13,1,12,2,-1,1,2,DOWN,NONE,False,True,6,,,,False,False,False,0,INVALID_BELIEF
corridor,2,13,1,13,-1,0,-2,2,DOWN,NONE,False,True,6,,,,False,False,False,0,INVALID_BELIEF
corridor,2,13,1,13,3,0,2,2,DOWN,DOWN,True,False,6,6,0,0.0,False,False,True,0,ADEQUATE
corridor,2,13,1,14,0,1,-1,2,DOWN,NONE,False,True,6,,,,False,False,False,0,INVALID_BELIEF
corridor,2,13,1,14,2,1,1,2,DOWN,NONE,False,True,6,,,,False,False,False,0,INVALID_BELIEF
corridor,2,13,1,15,1,2,0,2,DOWN,NONE,False,True,6,,,,False,False,False,0,INVALID_BELIEF
corridor,2,5,2,3,2,-2,0,2,UP,NONE,False,True,15,,,,False,False,False,0,INVALID_BELIEF
corridor,2,5,2,4,1,-1,-1,2,UP,RIGHT,True,True,15,16,1,0.06666666666666667,True,False,False,0,COLLISION
corridor,2,5,2,4,3,-1,1,2,UP,RIGHT,True,True,15,16,1,0.06666666666666667,True,False,False,0,COLLISION
corridor,2,5,2,5,0,0,-2,2,UP,NONE,False,True,15,,,,False,False,False,0,INVALID_BELIEF
corridor,2,5,2,5,4,0,2,2,UP,NONE,False,True,15,,,,False,False,False,0,INVALID_BELIEF
corridor,2,5,2,6,1,1,-1,2,UP,RIGHT,True,True,15,16,1,0.06666666666666667,True,False,False,0,COLLISION
corridor,2,5,2,6,3,1,1,2,UP,NONE,False,True,15,,,,False,False,False,0,INVALID_BELIEF
corridor,2,5,2,7,2,2,0,2,UP,NONE,False,True,15,,,,False,False,False,0,INVALID_BELIEF
corridor,2,13,2,11,2,-2,0,2,DOWN,NONE,False,True,5,,,,False,False,False,0,INVALID_BELIEF
corridor,2,13,2,12,1,-1,-1,2,DOWN,RIGHT,True,True,5,6,1,0.2,True,False,False,0,COLLISION
corridor,2,13,2,12,3,-1,1,2,DOWN,NONE,False,True,5,,,,False,False,False,0,INVALID_BELIEF
corridor,2,13,2,13,0,0,-2,2,DOWN,NONE,False,True,5,,,,False,False,False,0,INVALID_BELIEF
corridor,2,13,2,13,4,0,2,2,DOWN,DOWN,True,False,5,5,0,0.0,False,False,True,0,ADEQUATE
corridor,2,13,2,14,1,1,-1,2,DOWN,NONE,False,True,5,,,,False,False,False,0,INVALID_BELIEF
corridor,2,13,2,14,3,1,1,2,DOWN,NONE,False,True,5,,,,False,False,False,0,INVALID_BELIEF
corridor,2,13,2,15,2,2,0,2,DOWN,NONE,False,True,5,,,,False,False,False,0,INVALID_BELIEF
corridor,2,1,3,-1,3,-2,0,2,DOWN,NONE,False,True,16,,,,False,False,False,0,INVALID_BELIEF
corridor,2,1,3,0,2,-1,-1,2,DOWN,NONE,False,True,16,,,,False,False,False,0,INVALID_BELIEF
corridor,2,1,3,0,4,-1,1,2,DOWN,NONE,False,True,16,,,,False,False,False,0,INVALID_BELIEF
corridor,2,1,3,1,1,0,-2,2,DOWN,RIGHT,True,True,16,18,2,0.125,False,False,False,0,INADEQUATE
corridor,2,1,3,1,5,0,2,2,DOWN,DOWN,True,False,16,16,0,0.0,False,False,True,0,ADEQUATE
corridor,2,1,3,2,2,1,-1,2,DOWN,NONE,False,True,16,,,,False,False,False,0,INVALID_BELIEF
corridor,2,1,3,2,4,1,1,2,DOWN,NONE,False,True,16,,,,False,False,False,0,INVALID_BELIEF
corridor,2,1,3,3,3,2,0,2,DOWN,LEFT,True,True,16,17,1,0.0625,True,False,False,0,COLLISION
corridor,2,2,3,0,3,-2,0,2,LEFT,NONE,False,True,17,,,,False,False,False,0,INVALID_BELIEF
corridor,2,2,3,1,2,-1,-1,2,LEFT,NONE,False,True,17,,,,False,False,False,0,INVALID_BELIEF
corridor,2,2,3,1,4,-1,1,2,LEFT,DOWN,True,True,17,18,1,0.058823529411764705,True,False,False,0,COLLISION
corridor,2,2,3,2,1,0,-2,2,LEFT,RIGHT,True,True,17,19,2,0.11764705882352941,False,False,False,0,INADEQUATE
corridor,2,2,3,2,5,0,2,2,LEFT,LEFT,True,False,17,17,0,0.0,False,False,True,0,ADEQUATE
corridor,2,2,3,3,2,1,-1,2,LEFT,NONE,False,True,17,,,,False,False,False,0,INVALID_BELIEF
corridor,2,2,3,3,4,1,1,2,LEFT,NONE,False,True,17,,,,False,False,False,0,INVALID_BELIEF
corridor,2,2,3,4,3,2,0,2,LEFT,RIGHT,True,True,17,19,2,0.11764705882352941,False,False,False,0,INADEQUATE
corridor,2,3,3,1,3,-2,0,2,LEFT,DOWN,True,True,18,19,1,0.05555555555555555,True,False,False,0,COLLISION
corridor,2,3,3,2,2,-1,-1,2,LEFT,NONE,False,True,18,,,,False,False,False,0,INVALID_BELIEF
corridor,2,3,3,2,4,-1,1,2,LEFT,NONE,False,True,18,,,,False,False,False,0,INVALID_BELIEF
corridor,2,3,3,3,1,0,-2,2,LEFT,RIGHT,True,True,18,18,0,0.0,False,False,True,0,ADEQUATE
corridor,2,3,3,3,5,0,2,2,LEFT,LEFT,True,False,18,18,0,0.0,False,False,True,0,ADEQUATE
corridor,2,3,3,4,2,1,-1,2,LEFT,NONE,False,True,18,,,,False,False,False,0,INVALID_BELIEF
corridor,2,3,3,4,4,1,1,2,LEFT,NONE,False,True,18,,,,False,False,False,0,INVALID_BELIEF
corridor,2,3,3,5,3,2,0,2,LEFT,UP,True,True,18,19,1,0.05555555555555555,True,False,False,0,COLLISION
corridor,2,4,3,2,3,-2,0,2,RIGHT,LEFT,True,True,17,19,2,0.11764705882352941,False,False,False,0,INADEQUATE
corridor,2,4,3,3,2,-1,-1,2,RIGHT,NONE,False,True,17,,,,False,False,False,0,INVALID_BELIEF
corridor,2,4,3,3,4,-1,1,2,RIGHT,NONE,False,True,17,,,,False,False,False,0,INVALID_BELIEF
corridor,2,4,3,4,1,0,-2,2,RIGHT,RIGHT,True,False,17,17,0,0.0,False,False,True,0,ADEQUATE
corridor,2,4,3,4,5,0,2,2,RIGHT,LEFT,True,True,17,19,2,0.11764705882352941,False,False,False,0,INADEQUATE
corridor,2,4,3,5,2,1,-1,2,RIGHT,UP,True,True,17,18,1,0.058823529411764705,True,False,False,0,COLLISION
corridor,2,4,3,5,4,1,1,2,RIGHT,NONE,False,True,17,,,,False,False,False,0,INVALID_BELIEF
corridor,2,4,3,6,3,2,0,2,RIGHT,NONE,False,True,17,,,,False,False,False,0,INVALID_BELIEF
corridor,2,5,3,3,3,-2,0,2,UP,LEFT,True,True,16,18,2,0.125,False,False,False,0,INADEQUATE
corridor,2,5,3,4,2,-1,-1,2,UP,NONE,False,True,16,,,,False,False,False,0,INVALID_BELIEF
corridor,2,5,3,4,4,-1,1,2,UP,NONE,False,True,16,,,,False,False,False,0,INVALID_BELIEF
corridor,2,5,3,5,1,0,-2,2,UP,RIGHT,True,True,16,17,1,0.0625,True,False,False,0,COLLISION
corridor,2,5,3,5,5,0,2,2,UP,LEFT,True,True,16,18,2,0.125,False,False,False,0,INADEQUATE
corridor,2,5,3,6,2,1,-1,2,UP,NONE,False,True,16,,,,False,False,False,0,INVALID_BELIEF
corridor,2,5,3,6,4,1,1,2,UP,NONE,False,True,16,,,,False,False,False,0,INVALID_BELIEF
corridor,2,5,3,7,3,2,0,2,UP,RIGHT,True,True,16,17,1,0.0625,True,False,False,0,COLLISION
corridor,2,7,3,5,3,-2,0,2,RIGHT,UP,True,True,14,15,1,0.07142857142857142,True,False,False,0,COLLISION
corridor,2,7,3,6,2,-1,-1,2,RIGHT,NONE,False,True,14,,,,False,False,False,0,INVALID_BELIEF
corridor,2,7,3,6,4,-1,1,2,RIGHT,NONE,False,True,14,,,,False,False,False,0,INVALID_BELIEF
corridor,2,7,3,7,1,0,-2,2,RIGHT,RIGHT,True,False,14,14,0,0.0,False,False,True,0,ADEQUATE
corridor,2,7,3,7,5,0,2,2,RIGHT,UP,True,True,14,15,1,0.07142857142857142,True,False,False,0,COLLISION
corridor,2,7,3,8,2,1,-1,2,RIGHT,NONE,False,True,14,,,,False,False,False,0,INVALID_BELIEF
corridor,2,7,3,8,4,1,1,2,RIGHT,NONE,False,True,14,,,,False,False,False,0,INVALID_BELIEF
corridor,2,7,3,9,3,2,0,2,RIGHT,RIGHT,True,False,14,14,0,0.0,False,False,True,0,ADEQUATE
corridor,2,8,3,6,3,-2,0,2,RIGHT,NONE,False,True,13,,,,False,False,False,0,INVALID_BELIEF
corridor,2,8,3,7,2,-1,-1,2,RIGHT,NONE,False,True,13,,,,False,False,False,0,INVALID_BELIEF
corridor,2,8,3,7,4,-1,1,2,RIGHT,UP,True,True,13,14,1,0.07692307692307693,True,False,False,0,COLLISION
corridor,2,8,3,8,1,0,-2,2,RIGHT,RIGHT,True,False,13,13,0,0.0,False,False,True,0,ADEQUATE
corridor,2,8,3,8,5,0,2,2,RIGHT,NONE,False,True,13,,,,False,False,False,0,INVALID_BELIEF
corridor,2,8,3,9,2,1,-1,2,RIGHT,NONE,False,True,13,,,,False,False,False,0,INVALID_BELIEF
corridor,2,8,3,9,4,1,1,2,RIGHT,NONE,False,True,13,,,,False,False,False,0,INVALID_BELIEF
corridor,2,8,3,10,3,2,0,2,RIGHT,RIGHT,True,False,13,13,0,0.0,False,False,True,0,ADEQUATE
corridor,2,9,3,7,3,-2,0,2,RIGHT,RIGHT,True,False,12,12,0,0.0,False,False,True,0,ADEQUATE
corridor,2,9,3,8,2,-1,-1,2,RIGHT,NONE,False,True,12,,,,False,False,False,0,INVALID_BELIEF
corridor,2,9,3,8,4,-1,1,2,RIGHT,NONE,False,True,12,,,,False,False,False,0,INVALID_BELIEF
corridor,2,9,3,9,1,0,-2,2,RIGHT,RIGHT,True,False,12,12,0,0.0,False,False,True,0,ADEQUATE
corridor,2,9,3,9,5,0,2,2,RIGHT,DOWN,True,True,12,13,1,0.08333333333333333,True,False,False,0,COLLISION
corridor,2,9,3,10,2,1,-1,2,RIGHT,NONE,False,True,12,,,,False,False,False,0,INVALID_BELIEF
corridor,2,9,3,10,4,1,1,2,RIGHT,NONE,False,True,12,,,,False,False,False,0,INVALID_BELIEF
corridor,2,9,3,11,3,2,0,2,RIGHT,DOWN,True,True,12,13,1,0.08333333333333333,True,False,False,0,COLLISION
corridor,2,10,3,8,3,-2,0,2,RIGHT,RIGHT,True,False,11,11,0,0.0,False,False,True,0,ADEQUATE
corridor,2,10,3,9,2,-1,-1,2,RIGHT,NONE,False,True,11,,,,False,False,False,0,INVALID_BELIEF
corridor,2,10,3,9,4,-1,1,2,RIGHT,NONE,False,True,11,,,,False,False,False,0,INVALID_BELIEF
corridor,2,10,3,10,1,0,-2,2,RIGHT,RIGHT,True,False,11,11,0,0.0,False,False,True,0,ADEQUATE
corridor,2,10,3,10,5,0,2,2,RIGHT,LEFT,True,True,11,13,2,0.18181818181818182,False,False,False,0,INADEQUATE
corridor,2,10,3,11,2,1,-1,2,RIGHT,NONE,False,True,11,,,,False,False,False,0,INVALID_BELIEF
corridor,2,10,3,11,4,1,1,2,RIGHT,DOWN,True,True,11,12,1,0.09090909090909091,True,False,False,0,COLLISION
corridor,2,10,3,12,3,2,0,2,RIGHT,NONE,False,True,11,,,,False,False,False,0,INVALID_BELIEF
corridor,2,11,3,9,3,-2,0,2,DOWN,RIGHT,True,True,10,11,1,0.1,True,False,False,0,COLLISION
corridor,2,11,3,10,2,-1,-1,2,DOWN,NONE,False,True,10,,,,False,False,False,0,INVALID_BELIEF
corridor,2,11,3,10,4,-1,1,2,DOWN,NONE,False,True,10,,,,False,False,False,0,INVALID_BELIEF
corridor,2,11,3,11,1,0,-2,2,DOWN,RIGHT,True,True,10,11,1,0.1,True,False,False,0,COLLISION
corridor,2,11,3,11,5,0,2,2,DOWN,LEFT,True,True,10,12,2,0.2,False,False,False,0,INADEQUATE
corridor,2,11,3,12,2,1,-1,2,DOWN,NONE,False,True,10,,,,False,False,False,0,INVALID_BELIEF
corridor,2,11,3,12,4,1,1,2,DOWN,NONE,False,True,10,,,,False,False,False,0,INVALID_BELIEF
corridor,2,11,3,13,3,2,0,2,DOWN,DOWN,True,False,10,10,0,0.0,False,False,True,0,ADEQUATE
corridor,2,13,3,11,3,-2,0,2,DOWN,DOWN,True,False,4,4,0,0.0,False,False,True,0,ADEQUATE
corridor,2,13,3,12,2,-1,-1,2,DOWN,NONE,False,True,4,,,,False,False,False,0,INVALID_BELIEF
corridor,2,13,3,12,4,-1,1,2,DOWN,NONE,False,True,4,,,,False,False,False,0,INVALID_BELIEF
corridor,2,13,3,13,1,0,-2,2,DOWN,DOWN,True,False,4,4,0,0.0,False,False,True,0,ADEQUATE
corridor,2,13,3,13,5,0,2,2,DOWN,DOWN,True,False,4,4,0,0.0,False,False,True,0,ADEQUATE
corridor,2,13,3,14,2,1,-1,2,DOWN,NONE,False,True,4,,,,False,False,False,0,INVALID_BELIEF
corridor,2,13,3,14,4,1,1,2,DOWN,NONE,False,True,4,,,,False,False,False,0,INVALID_BELIEF
corridor,2,13,3,15,3,2,0,2,DOWN,NONE,False,True,4,,,,False,False,False,0,INVALID_BELIEF
corridor,2,1,4,-1,4,-2,0,2,DOWN,NONE,False,True,15,,,,False,False,False,0,INVALID_BELIEF
corridor,2,1,4,0,3,-1,-1,2,DOWN,NONE,False,True,15,,,,False,False,False,0,INVALID_BELIEF
corridor,2,1,4,0,5,-1,1,2,DOWN,NONE,False,True,15,,,,False,False,False,0,INVALID_BELIEF
corridor,2,1,4,1,2,0,-2,2,DOWN,NONE,False,True,15,,,,False,False,False,0,INVALID_BELIEF
corridor,2,1,4,1,6,0,2,2,DOWN,DOWN,True,False,15,15,0,0.0,False,False,True,0,ADEQUATE
corridor,2,1,4,2,3,1,-1,2,DOWN,LEFT,True,True,15,16,1,0.06666666666666667,True,False,False,0,COLLISION
corridor,2,1,4,2,5,1,1,2,DOWN,LEFT,True,True,15,16,1,0.06666666666666667,True,False,False,0,COLLISION
corridor,2,1,4,3,4,2,0,2,DOWN,NONE,False,True,15,,,,False,False,False,0,INVALID_BELIEF
corridor,2,7,4,5,4,-2,0,2,UP,NONE,False,True,15,,,,False,False,False,0,INVALID_BELIEF
corridor,2,7,4,6,3,-1,-1,2,UP,NONE,False,True,15,,,,False,False,False,0,INVALID_BELIEF
corridor,2,7,4,6,5,-1,1,2,UP,RIGHT,True,True,15,16,1,0.06666666666666667,True,False,False,0,COLLISION
corridor,2,7,4,7,2,0,-2,2,UP,NONE,False,True,15,,,,False,False,False,0,INVALID_BELIEF
corridor,2,7,4,7,6,0,2,2,UP,NONE,False,True,15,,,,False,False,False,0,INVALID_BELIEF
corridor,2,7,4,8,3,1,-1,2,UP,RIGHT,True,True,15,16,1,0.06666666666666667,True,False,False,0,COLLISION
corridor,2,7,4,8,5,1,1,2,UP,NONE,False,True,15,,,,False,False,False,0,INVALID_BELIEF
corridor,2,7,4,9,4,2,0,2,UP,NONE,False,True,15,,,,False,False,False,0,INVALID_BELIEF
corridor,2,11,4,9,4,-2,0,2,DOWN,NONE,False,True,9,,,,False,False,False,0,INVALID_BELIEF
corridor,2,11,4,10,3,-1,-1,2,DOWN,RIGHT,True,True,9,10,1,0.1111111111111111,True,False,False,0,COLLISION
corridor,2,11,4,10,5,-1,1,2,DOWN,LEFT,True,True,9,10,1,0.1111111111111111,True,False,False,0,COLLISION
corridor,2,11,4,11,2,0,-2,2,DOWN,NONE,False,True,9,,,,False,False,False,0,INVALID_BELIEF
corridor,2,11,4,11,6,0,2,2,DOWN,NONE,False,True,9,,,,False,False,False,0,INVALID_BELIEF
corridor,2,11,4,12,3,1,-1,2,DOWN,NONE,False,True,9,,,,False,False,False,0,INVALID_BELIEF
corridor,2,11,4,12,5,1,1,2,DOWN,NONE,False,True,9,,,,False,False,False,0,INVALID_BELIEF
corridor,2,11,4,13,4,2,0,2,DOWN,DOWN,True,False,9,9,0,0.0,False,False,True,0,ADEQUATE
corridor,2,13,4,11,4,-2,0,2,DOWN,DOWN,True,False,3,3,0,0.0,False,False,True,0,ADEQUATE
corridor,2,13,4,12,3,-1,-1,2,DOWN,NONE,False,True,3,,,,False,False,False,0,INVALID_BELIEF
corridor,2,13,4,12,5,-1,1,2,DOWN,NONE,False,True,3,,,,False,False,False,0,INVALID_BELIEF
corridor,2,13,4,13,2,0,-2,2,DOWN,DOWN,True,False,3,3,0,0.0,False,False,True,0,ADEQUATE
corridor,2,13,4,13,6,0,2,2,DOWN,DOWN,True,False,3,3,0,0.0,False,False,True,0,ADEQUATE
corridor,2,13,4,14,3,1,-1,2,DOWN,NONE,False,True,3,,,,False,False,False,0,INVALID_BELIEF
corridor,2,13,4,14,5,1,1,2,DOWN,NONE,False,True,3,,,,False,False,False,0,INVALID_BELIEF
corridor,2,13,4,15,4,2,0,2,DOWN,NONE,False,True,3,,,,False,False,False,0,INVALID_BELIEF
corridor,2,1,5,-1,5,-2,0,2,DOWN,NONE,False,True,14,,,,False,False,False,0,INVALID_BELIEF
corridor,2,1,5,0,4,-1,-1,2,DOWN,NONE,False,True,14,,,,False,False,False,0,INVALID_BELIEF
corridor,2,1,5,0,6,-1,1,2,DOWN,NONE,False,True,14,,,,False,False,False,0,INVALID_BELIEF
corridor,2,1,5,1,3,0,-2,2,DOWN,DOWN,True,False,14,14,0,0.0,False,False,True,0,ADEQUATE
corridor,2,1,5,1,7,0,2,2,DOWN,RIGHT,True,True,14,16,2,0.14285714285714285,False,False,False,0,INADEQUATE
corridor,2,1,5,2,4,1,-1,2,DOWN,NONE,False,True,14,,,,False,False,False,0,INVALID_BELIEF
corridor,2,1,5,2,6,1,1,2,DOWN,NONE,False,True,14,,,,False,False,False,0,INVALID_BELIEF
corridor,2,1,5,3,5,2,0,2,DOWN,LEFT,True,True,14,15,1,0.07142857142857142,True,False,False,0,COLLISION
corridor,2,2,5,0,5,-2,0,2,LEFT,NONE,False,True,15,,,,False,False,False,0,INVALID_BELIEF
corridor,2,2,5,1,4,-1,-1,2,LEFT,DOWN,True,True,15,16,1,0.06666666666666667,True,False,False,0,COLLISION
corridor,2,2,5,1,6,-1,1,2,LEFT,DOWN,True,True,15,16,1,0.06666666666666667,True,False,False,0,COLLISION
corridor,2,2,5,2,3,0,-2,2,LEFT,LEFT,True,False,15,15,0,0.0,False,False,True,0,ADEQUATE
corridor,2,2,5,2,7,0,2,2,LEFT,RIGHT,True,True,15,17,2,0.13333333333333333,False,False,False,0,INADEQUATE
corridor,2,2,5,3,4,1,-1,2,LEFT,NONE,False,True,15,,,,False,False,False,0,INVALID_BELIEF
corridor,2,2,5,3,6,1,1,2,LEFT,NONE,False,True,15,,,,False,False,False,0,INVALID_BELIEF
corridor,2,2,5,4,5,2,0,2,LEFT,LEFT,True,False,15,15,0,0.0,False,False,True,0,ADEQUATE
corridor,2,3,5,1,5,-2,0,2,LEFT,DOWN,True,True,16,17,1,0.0625,True,False,False,0,COLLISION
corridor,2,3,5,2,4,-1,-1,2,LEFT,NONE,False,True,16,,,,False,False,False,0,INVALID_BELIEF
corridor,2,3,5,2,6,-1,1,2,LEFT,NONE,False,True,16,,,,False,False,False,0,INVALID_BELIEF
corridor,2,3,5,3,3,0,-2,2,LEFT,LEFT,True,False,16,16,0,0.0,False,False,True,0,ADEQUATE
corridor,2,3,5,3,7,0,2,2,LEFT,RIGHT,True,True,16,18,2,0.125,False,False,False,0,INADEQUATE
corridor,2,3,5,4,4,1,-1,2,LEFT,NONE,False,True,16,,,,False,False,False,0,INVALID_BELIEF
corridor,2,3,5,4,6,1,1,2,LEFT,NONE,False,True,16,,,,False,False,False,0,INVALID_BELIEF
corridor,2,3,5,5,5,2,0,2,LEFT,LEFT,True,False,16,16,0,0.0,False,False,True,0,ADEQUATE
corridor,2,4,5,2,5,-2,0,2,LEFT,LEFT,True,False,17,17,0,0.0,False,False,True,0,ADEQUATE
corridor,2,4,5,3,4,-1,-1,2,LEFT,NONE,False,True,17,,,,False,False,False,0,INVALID_BELIEF
corridor,2,4,5,3,6,-1,1,2,LEFT,NONE,False,True,17,,,,False,False,False,0,INVALID_BELIEF
corridor,2,4,5,4,3,0,-2,2,LEFT,RIGHT,True,True,17,19,2,0.11764705882352941,False,False,False,0,INADEQUATE
corridor,2,4,5,4,7,0,2,2,LEFT,RIGHT,True,True,17,19,2,0.11764705882352941,False,False,False,0,INADEQUATE
corridor,2,4,5,5,4,1,-1,2,LEFT,NONE,False,True,17,,,,False,False,False,0,INVALID_BELIEF
corridor,2,4,5,5,6,1,1,2,LEFT,NONE,False,True,17,,,,False,False,False,0,INVALID_BELIEF
corridor,2,4,5,6,5,2,0,2,LEFT,RIGHT,True,True,17,19,2,0.11764705882352941,False,False,False,0,INADEQUATE
corridor,2,5,5,3,5,-2,0,2,LEFT,LEFT,True,False,18,18,0,0.0,False,False,True,0,ADEQUATE
corridor,2,5,5,4,4,-1,-1,2,LEFT,NONE,False,True,18,,,,False,False,False,0,INVALID_BELIEF
corridor,2,5,5,4,6,-1,1,2,LEFT,NONE,False,True,18,,,,False,False,False,0,INVALID_BELIEF
corridor,2,5,5,5,3,0,-2,2,LEFT,UP,True,True,18,19,1,0.05555555555555555,True,False,False,0,COLLISION
corridor,2,5,5,5,7,0,2,2,LEFT,RIGHT,True,True,18,18,0,0.0,False,False,True,0,ADEQUATE
corridor,2,5,5,6,4,1,-1,2,LEFT,NONE,False,True,18,,,,False,False,False,0,INVALID_BELIEF
corridor,2,5,5,6,6,1,1,2,LEFT,NONE,False,True,18,,,,False,False,False,0,INVALID_BELIEF
corridor,2,5,5,7,5,2,0,2,LEFT,UP,True,True,18,19,1,0.05555555555555555,True,False,False,0,COLLISION
corridor,2,6,5,4,5,-2,0,2,RIGHT,LEFT,True,True,17,19,2,0.11764705882352941,False,False,False,0,INADEQUATE
corridor,2,6,5,5,4,-1,-1,2,RIGHT,NONE,False,True,17,,,,False,False,False,0,INVALID_BELIEF
corridor,2,6,5,5,6,-1,1,2,RIGHT,NONE,False,True,17,,,,False,False,False,0,INVALID_BELIEF
corridor,2,6,5,6,3,0,-2,2,RIGHT,NONE,False,True,17,,,,False,False,False,0,INVALID_BELIEF
corridor,2,6,5,6,7,0,2,2,RIGHT,RIGHT,True,False,17,17,0,0.0,False,False,True,0,ADEQUATE
corridor,2,6,5,7,4,1,-1,2,RIGHT,UP,True,True,17,18,1,0.058823529411764705,True,False,False,0,COLLISION
corridor,2,6,5,7,6,1,1,2,RIGHT,NONE,False,True,17,,,,False,False,False,0,INVALID_BELIEF
corridor,2,6,5,8,5,2,0,2,RIGHT,NONE,False,True,17,,,,False,False,False,0,INVALID_BELIEF
corridor,2,7,5,5,5,-2,0,2,UP,LEFT,True,True,16,18,2,0.125,False,False,False,0,INADEQUATE
corridor,2,7,5,6,4,-1,-1,2,UP,NONE,False,True,16,,,,False,False,False,0,INVALID_BELIEF
corridor,2,7,5,6,6,-1,1,2,UP,NONE,False,True,16,,,,False,False,False,0,INVALID_BELIEF
corridor,2,7,5,7,3,0,-2,2,UP,RIGHT,True,True,16,17,1,0.0625,True,False,False,0,COLLISION
corridor,2,7,5,7,7,0,2,2,UP,RIGHT,True,True,16,17,1,0.0625,True,False,False,0,COLLISION
corridor,2,7,5,8,4,1,-1,2,UP,NONE,False,True,16,,,,False,False,False,0,INVALID_BELIEF
corridor,2,7,5,8,6,1,1,2,UP,NONE,False,True,16,,,,False,False,False,0,INVALID_BELIEF
corridor,2,7,5,9,5,2,0,2,UP,DOWN,True,True,16,17,1,0.0625,True,False,False,0,COLLISION
corridor,2,9,5,7,5,-2,0,2,DOWN,UP,True,True,6,7,1,0.16666666666666666,True,False,False,0,COLLISION
corridor,2,9,5,8,4,-1,-1,2,DOWN,NONE,False,True,6,,,,False,False,False,0,INVALID_BELIEF
corridor,2,9,5,8,6,-1,1,2,DOWN,NONE,False,True,6,,,,False,False,False,0,INVALID_BELIEF
corridor,2,9,5,9,3,0,-2,2,DOWN,RIGHT,True,True,6,8,2,0.3333333333333333,False,False,False,0,INADEQUATE
corridor,2,9,5,9,7,0,2,2,DOWN,RIGHT,True,True,6,8,2,0.3333333333333333,False,False,False,0,INADEQUATE
corridor,2,9,5,10,4,1,-1,2,DOWN,NONE,False,True,6,,,,False,False,False,0,INVALID_BELIEF
corridor,2,9,5,10,6,1,1,2,DOWN,NONE,False,True,6,,,,False,False,False,0,INVALID_BELIEF
corridor,2,9,5,11,5,2,0,2,DOWN,LEFT,True,True,6,7,1,0.16666666666666666,True,False,False,0,COLLISION
corridor,2,10,5,8,5,-2,0,2,LEFT,NONE,False,True,7,,,,False,False,False,0,INVALID_BELIEF
corridor,2,10,5,9,4,-1,-1,2,LEFT,NONE,False,True,7,,,,False,False,False,0,INVALID_BELIEF
corridor,2,10,5,9,6,-1,1,2,LEFT,DOWN,True,True,7,8,1,0.14285714285714285,True,False,False,0,COLLISION
corridor,2,10,5,10,3,0,-2,2,LEFT,RIGHT,True,True,7,9,2,0.2857142857142857,False,False,False,0,INADEQUATE
corridor,2,10,5,10,7,0,2,2,LEFT,RIGHT,True,True,7,9,2,0.2857142857142857,False,False,False,0,INADEQUATE
corridor,2,10,5,11,4,1,-1,2,LEFT,DOWN,True,True,7,8,1,0.14285714285714285,True,False,False,0,COLLISION
corridor,2,10,5,11,6,1,1,2,LEFT,NONE,False,True,7,,,,False,False,False,0,INVALID_BELIEF
corridor,2,10,5,12,5,2,0,2,LEFT,NONE,False,True,7,,,,False,False,False,0,INVALID_BELIEF
corridor,2,11,5,9,5,-2,0,2,LEFT,DOWN,True,True,8,9,1,0.125,True,False,False,0,COLLISION
corridor,2,11,5,10,4,-1,-1,2,LEFT,NONE,False,True,8,,,,False,False,False,0,INVALID_BELIEF
corridor,2,11,5,10,6,-1,1,2,LEFT,NONE,False,True,8,,,,False,False,False,0,INVALID_BELIEF
corridor,2,11,5,11,3,0,-2,2,LEFT,DOWN,True,True,8,9,1,0.125,True,False,False,0,COLLISION
corridor,2,11,5,11,7,0,2,2,LEFT,RIGHT,True,True,8,9,1,0.125,True,False,False,0,COLLISION
corridor,2,11,5,12,4,1,-1,2,LEFT,NONE,False,True,8,,,,False,False,False,0,INVALID_BELIEF
corridor,2,11,5,12,6,1,1,2,LEFT,NONE,False,True,8,,,,False,False,False,0,INVALID_BELIEF
corridor,2,11,5,13,5,2,0,2,LEFT,DOWN,True,True,8,9,1,0.125,True,False,False,0,COLLISION
corridor,2,13,5,11,5,-2,0,2,DOWN,LEFT,True,True,2,3,1,0.5,True,False,False,0,COLLISION
corridor,2,13,5,12,4,-1,-1,2,DOWN,NONE,False,True,2,,,,False,False,False,0,INVALID_BELIEF
corridor,2,13,5,12,6,-1,1,2,DOWN,NONE,False,True,2,,,,False,False,False,0,INVALID_BELIEF
corridor,2,13,5,13,3,0,-2,2,DOWN,DOWN,True,False,2,2,0,0.0,False,False,True,0,ADEQUATE
corridor,2,13,5,13,7,0,2,2,DOWN,NONE,True,True,2,,,,False,True,False,0,FALSE_TERMINAL
corridor,2,13,5,14,4,1,-1,2,DOWN,NONE,False,True,2,,,,False,False,False,0,INVALID_BELIEF
corridor,2,13,5,14,6,1,1,2,DOWN,NONE,False,True,2,,,,False,False,False,0,INVALID_BELIEF
corridor,2,13,5,15,5,2,0,2,DOWN,NONE,False,True,2,,,,False,False,False,0,INVALID_BELIEF
corridor,2,1,6,-1,6,-2,0,2,DOWN,NONE,False,True,13,,,,False,False,False,0,INVALID_BELIEF
corridor,2,1,6,0,5,-1,-1,2,DOWN,NONE,False,True,13,,,,False,False,False,0,INVALID_BELIEF
corridor,2,1,6,0,7,-1,1,2,DOWN,NONE,False,True,13,,,,False,False,False,0,INVALID_BELIEF
corridor,2,1,6,1,4,0,-2,2,DOWN,DOWN,True,False,13,13,0,0.0,False,False,True,0,ADEQUATE
corridor,2,1,6,1,8,0,2,2,DOWN,NONE,False,True,13,,,,False,False,False,0,INVALID_BELIEF
corridor,2,1,6,2,5,1,-1,2,DOWN,LEFT,True,True,13,14,1,0.07692307692307693,True,False,False,0,COLLISION
corridor,2,1,6,2,7,1,1,2,DOWN,RIGHT,True,True,13,14,1,0.07692307692307693,True,False,False,0,COLLISION
corridor,2,1,6,3,6,2,0,2,DOWN,NONE,False,True,13,,,,False,False,False,0,INVALID_BELIEF
corridor,2,9,6,7,6,-2,0,2,DOWN,NONE,False,True,5,,,,False,False,False,0,INVALID_BELIEF
corridor,2,9,6,8,5,-1,-1,2,DOWN,NONE,False,True,5,,,,False,False,False,0,INVALID_BELIEF
corridor,2,9,6,8,7,-1,1,2,DOWN,RIGHT,True,True,5,6,1,0.2,True,False,False,0,COLLISION
corridor,2,9,6,9,4,0,-2,2,DOWN,NONE,False,True,5,,,,False,False,False,0,INVALID_BELIEF
corridor,2,9,6,9,8,0,2,2,DOWN,NONE,False,True,5,,,,False,False,False,0,INVALID_BELIEF
corridor,2,9,6,10,5,1,-1,2,DOWN,LEFT,True,True,5,6,1,0.2,True,False,False,0,COLLISION
corridor,2,9,6,10,7,1,1,2,DOWN,RIGHT,True,True,5,6,1,0.2,True,False,False,0,COLLISION
corridor,2,9,6,11,6,2,0,2,DOWN,NONE,False,True,5,,,,False,False,False,0,INVALID_BELIEF
corridor,2,13,6,11,6,-2,0,2,DOWN,NONE,False,True,1,,,,False,False,False,0,INVALID_BELIEF
corridor,2,13,6,12,5,-1,-1,2,DOWN,NONE,False,True,1,,,,False,False,False,0,INVALID_BELIEF
corridor,2,13,6,12,7,-1,1,2,DOWN,RIGHT,True,True,1,2,1,1.0,True,False,False,0,COLLISION
corridor,2,13,6,13,4,0,-2,2,DOWN,DOWN,True,False,1,1,0,0.0,False,False,True,0,ADEQUATE
corridor,2,13,6,13,8,0,2,2,DOWN,NONE,False,True,1,,,,False,False,False,0,INVALID_BELIEF
corridor,2,13,6,14,5,1,-1,2,DOWN,NONE,False,True,1,,,,False,False,False,0,INVALID_BELIEF
corridor,2,13,6,14,7,1,1,2,DOWN,NONE,False,True,1,,,,False,False,False,0,INVALID_BELIEF
corridor,2,13,6,15,6,2,0,2,DOWN,NONE,False,True,1,,,,False,False,False,0,INVALID_BELIEF
corridor,2,1,7,-1,7,-2,0,2,RIGHT,NONE,False,True,12,,,,False,False,False,0,INVALID_BELIEF
corridor,2,1,7,0,6,-1,-1,2,RIGHT,NONE,False,True,12,,,,False,False,False,0,INVALID_BELIEF
corridor,2,1,7,0,8,-1,1,2,RIGHT,NONE,False,True,12,,,,False,False,False,0,INVALID_BELIEF
corridor,2,1,7,1,5,0,-2,2,RIGHT,DOWN,True,True,12,13,1,0.08333333333333333,True,False,False,0,COLLISION
corridor,2,1,7,1,9,0,2,2,RIGHT,NONE,False,True,12,,,,False,False,False,0,INVALID_BELIEF
corridor,2,1,7,2,6,1,-1,2,RIGHT,NONE,False,True,12,,,,False,False,False,0,INVALID_BELIEF
corridor,2,1,7,2,8,1,1,2,RIGHT,NONE,False,True,12,,,,False,False,False,0,INVALID_BELIEF
corridor,2,1,7,3,7,2,0,2,RIGHT,RIGHT,True,False,12,12,0,0.0,False,False,True,0,ADEQUATE
corridor,2,2,7,0,7,-2,0,2,RIGHT,NONE,False,True,11,,,,False,False,False,0,INVALID_BELIEF
corridor,2,2,7,1,6,-1,-1,2,RIGHT,DOWN,True,True,11,12,1,0.09090909090909091,True,False,False,0,COLLISION
corridor,2,2,7,1,8,-1,1,2,RIGHT,NONE,False,True,11,,,,False,False,False,0,INVALID_BELIEF
corridor,2,2,7,2,5,0,-2,2,RIGHT,LEFT,True,True,11,13,2,0.18181818181818182,False,False,False,0,INADEQUATE
corridor,2,2,7,2,9,0,2,2,RIGHT,NONE,False,True,11,,,,False,False,False,0,INVALID_BELIEF
corridor,2,2,7,3,6,1,-1,2,RIGHT,NONE,False,True,11,,,,False,False,False,0,INVALID_BELIEF
corridor,2,2,7,3,8,1,1,2,RIGHT,NONE,False,True,11,,,,False,False,False,0,INVALID_BELIEF
corridor,2,2,7,4,7,2,0,2,RIGHT,RIGHT,True,False,11,11,0,0.0,False,False,True,0,ADEQUATE
corridor,2,3,7,1,7,-2,0,2,RIGHT,RIGHT,True,False,10,10,0,0.0,False,False,True,0,ADEQUATE
corridor,2,3,7,2,6,-1,-1,2,RIGHT,NONE,False,True,10,,,,False,False,False,0,INVALID_BELIEF
corridor,2,3,7,2,8,-1,1,2,RIGHT,NONE,False,True,10,,,,False,False,False,0,INVALID_BELIEF
corridor,2,3,7,3,5,0,-2,2,RIGHT,LEFT,True,True,10,12,2,0.2,False,False,False,0,INADEQUATE
corridor,2,3,7,3,9,0,2,2,RIGHT,NONE,False,True,10,,,,False,False,False,0,INVALID_BELIEF
corridor,2,3,7,4,6,1,-1,2,RIGHT,NONE,False,True,10,,,,False,False,False,0,INVALID_BELIEF
corridor,2,3,7,4,8,1,1,2,RIGHT,NONE,False,True,10,,,,False,False,False,0,INVALID_BELIEF
corridor,2,3,7,5,7,2,0,2,RIGHT,RIGHT,True,False,10,10,0,0.0,False,False,True,0,ADEQUATE
corridor,2,4,7,2,7,-2,0,2,RIGHT,RIGHT,True,False,9,9,0,0.0,False,False,True,0,ADEQUATE
corridor,2,4,7,3,6,-1,-1,2,RIGHT,NONE,False,True,9,,,,False,False,False,0,INVALID_BELIEF
corridor,2,4,7,3,8,-1,1,2,RIGHT,NONE,False,True,9,,,,False,False,False,0,INVALID_BELIEF
corridor,2,4,7,4,5,0,-2,2,RIGHT,LEFT,True,True,9,11,2,0.2222222222222222,False,False,False,0,INADEQUATE
corridor,2,4,7,4,9,0,2,2,RIGHT,NONE,False,True,9,,,,False,False,False,0,INVALID_BELIEF
corridor,2,4,7,5,6,1,-1,2,RIGHT,NONE,False,True,9,,,,False,False,False,0,INVALID_BELIEF
corridor,2,4,7,5,8,1,1,2,RIGHT,NONE,False,True,9,,,,False,False,False,0,INVALID_BELIEF
corridor,2,4,7,6,7,2,0,2,RIGHT,RIGHT,True,False,9,9,0,0.0,False,False,True,0,ADEQUATE
corridor,2,5,7,3,7,-2,0,2,RIGHT,RIGHT,True,False,8,8,0,0.0,False,False,True,0,ADEQUATE
corridor,2,5,7,4,6,-1,-1,2,RIGHT,NONE,False,True,8,,,,False,False,False,0,INVALID_BELIEF
corridor,2,5,7,4,8,-1,1,2,RIGHT,NONE,False,True,8,,,,False,False,False,0,INVALID_BELIEF
corridor,2,5,7,5,5,0,-2,2,RIGHT,LEFT,True,True,8,10,2,0.25,False,False,False,0,INADEQUATE
corridor,2,5,7,5,9,0,2,2,RIGHT,NONE,False,True,8,,,,False,False,False,0,INVALID_BELIEF
corridor,2,5,7,6,6,1,-1,2,RIGHT,NONE,False,True,8,,,,False,False,False,0,INVALID_BELIEF
corridor,2,5,7,6,8,1,1,2,RIGHT,NONE,False,True,8,,,,False,False,False,0,INVALID_BELIEF
corridor,2,5,7,7,7,2,0,2,RIGHT,RIGHT,True,False,8,8,0,0.0,False,False,True,0,ADEQUATE
corridor,2,6,7,4,7,-2,0,2,RIGHT,RIGHT,True,False,7,7,0,0.0,False,False,True,0,ADEQUATE
corridor,2,6,7,5,6,-1,-1,2,RIGHT,NONE,False,True,7,,,,False,False,False,0,INVALID_BELIEF
corridor,2,6,7,5,8,-1,1,2,RIGHT,NONE,False,True,7,,,,False,False,False,0,INVALID_BELIEF
corridor,2,6,7,6,5,0,-2,2,RIGHT,RIGHT,True,False,7,7,0,0.0,False,False,True,0,ADEQUATE
corridor,2,6,7,6,9,0,2,2,RIGHT,NONE,False,True,7,,,,False,False,False,0,INVALID_BELIEF
corridor,2,6,7,7,6,1,-1,2,RIGHT,NONE,False,True,7,,,,False,False,False,0,INVALID_BELIEF
corridor,2,6,7,7,8,1,1,2,RIGHT,NONE,False,True,7,,,,False,False,False,0,INVALID_BELIEF
corridor,2,6,7,8,7,2,0,2,RIGHT,RIGHT,True,False,7,7,0,0.0,False,False,True,0,ADEQUATE
corridor,2,7,7,5,7,-2,0,2,RIGHT,RIGHT,True,False,6,6,0,0.0,False,False,True,0,ADEQUATE
corridor,2,7,7,6,6,-1,-1,2,RIGHT,NONE,False,True,6,,,,False,False,False,0,INVALID_BELIEF
corridor,2,7,7,6,8,-1,1,2,RIGHT,NONE,False,True,6,,,,False,False,False,0,INVALID_BELIEF
corridor,2,7,7,7,5,0,-2,2,RIGHT,UP,True,True,6,7,1,0.16666666666666666,True,False,False,0,COLLISION
corridor,2,7,7,7,9,0,2,2,RIGHT,NONE,False,True,6,,,,False,False,False,0,INVALID_BELIEF
corridor,2,7,7,8,6,1,-1,2,RIGHT,NONE,False,True,6,,,,False,False,False,0,INVALID_BELIEF
corridor,2,7,7,8,8,1,1,2,RIGHT,NONE,False,True,6,,,,False,False,False,0,INVALID_BELIEF
corridor,2,7,7,9,7,2,0,2,RIGHT,RIGHT,True,False,6,6,0,0.0,False,False,True,0,ADEQUATE
corridor,2,8,7,6,7,-2,0,2,RIGHT,RIGHT,True,False,5,5,0,0.0,False,False,True,0,ADEQUATE
corridor,2,8,7,7,6,-1,-1,2,RIGHT,NONE,False,True,5,,,,False,False,False,0,INVALID_BELIEF
corridor,2,8,7,7,8,-1,1,2,RIGHT,NONE,False,True,5,,,,False,False,False,0,INVALID_BELIEF
corridor,2,8,7,8,5,0,-2,2,RIGHT,NONE,False,True,5,,,,False,False,False,0,INVALID_BELIEF
corridor,2,8,7,8,9,0,2,2,RIGHT,NONE,False,True,5,,,,False,False,False,0,INVALID_BELIEF
corridor,2,8,7,9,6,1,-1,2,RIGHT,DOWN,True,True,5,6,1,0.2,True,False,False,0,COLLISION
corridor,2,8,7,9,8,1,1,2,RIGHT,NONE,False,True,5,,,,False,False,False,0,INVALID_BELIEF
corridor,2,8,7,10,7,2,0,2,RIGHT,RIGHT,True,False,5,5,0,0.0,False,False,True,0,ADEQUATE
corridor,2,9,7,7,7,-2,0,2,RIGHT,RIGHT,True,False,4,4,0,0.0,False,False,True,0,ADEQUATE
corridor,2,9,7,8,6,-1,-1,2,RIGHT,NONE,False,True,4,,,,False,False,False,0,INVALID_BELIEF
corridor,2,9,7,8,8,-1,1,2,RIGHT,NONE,False,True,4,,,,False,False,False,0,INVALID_BELIEF
corridor,2,9,7,9,5,0,-2,2,RIGHT,DOWN,True,True,4,5,1,0.25,True,False,False,0,COLLISION
corridor,2,9,7,9,9,0,2,2,RIGHT,NONE,False,True,4,,,,False,False,False,0,INVALID_BELIEF
corridor,2,9,7,10,6,1,-1,2,RIGHT,NONE,False,True,4,,,,False,False,False,0,INVALID_BELIEF
corridor,2,9,7,10,8,1,1,2,RIGHT,NONE,False,True,4,,,,False,False,False,0,INVALID_BELIEF
corridor,2,9,7,11,7,2,0,2,RIGHT,RIGHT,True,False,4,4,0,0.0,False,False,True,0,ADEQUATE
corridor,2,10,7,8,7,-2,0,2,RIGHT,RIGHT,True,False,3,3,0,0.0,False,False,True,0,ADEQUATE
corridor,2,10,7,9,6,-1,-1,2,RIGHT,DOWN,True,True,3,4,1,0.3333333333333333,True,False,False,0,COLLISION
corridor,2,10,7,9,8,-1,1,2,RIGHT,NONE,False,True,3,,,,False,False,False,0,INVALID_BELIEF
corridor,2,10,7,10,5,0,-2,2,RIGHT,LEFT,True,True,3,5,2,0.6666666666666666,False,False,False,0,INADEQUATE
corridor,2,10,7,10,9,0,2,2,RIGHT,NONE,False,True,3,,,,False,False,False,0,INVALID_BELIEF
corridor,2,10,7,11,6,1,-1,2,RIGHT,NONE,False,True,3,,,,False,False,False,0,INVALID_BELIEF
corridor,2,10,7,11,8,1,1,2,RIGHT,NONE,False,True,3,,,,False,False,False,0,INVALID_BELIEF
corridor,2,10,7,12,7,2,0,2,RIGHT,RIGHT,True,False,3,3,0,0.0,False,False,True,0,ADEQUATE
corridor,2,11,7,9,7,-2,0,2,RIGHT,RIGHT,True,False,2,2,0,0.0,False,False,True,0,ADEQUATE
corridor,2,11,7,10,6,-1,-1,2,RIGHT,NONE,False,True,2,,,,False,False,False,0,INVALID_BELIEF
corridor,2,11,7,10,8,-1,1,2,RIGHT,NONE,False,True,2,,,,False,False,False,0,INVALID_BELIEF
corridor,2,11,7,11,5,0,-2,2,RIGHT,LEFT,True,True,2,4,2,1.0,False,False,False,0,INADEQUATE
corridor,2,11,7,11,9,0,2,2,RIGHT,NONE,False,True,2,,,,False,False,False,0,INVALID_BELIEF
corridor,2,11,7,12,6,1,-1,2,RIGHT,NONE,False,True,2,,,,False,False,False,0,INVALID_BELIEF
corridor,2,11,7,12,8,1,1,2,RIGHT,NONE,False,True,2,,,,False,False,False,0,INVALID_BELIEF
corridor,2,11,7,13,7,2,0,2,RIGHT,NONE,True,True,2,,,,False,True,False,0,FALSE_TERMINAL
corridor,2,12,7,10,7,-2,0,2,RIGHT,RIGHT,True,False,1,1,0,0.0,False,False,True,0,ADEQUATE
corridor,2,12,7,11,6,-1,-1,2,RIGHT,NONE,False,True,1,,,,False,False,False,0,INVALID_BELIEF
corridor,2,12,7,11,8,-1,1,2,RIGHT,NONE,False,True,1,,,,False,False,False,0,INVALID_BELIEF
corridor,2,12,7,12,5,0,-2,2,RIGHT,NONE,False,True,1,,,,False,False,False,0,INVALID_BELIEF
corridor,2,12,7,12,9,0,2,2,RIGHT,NONE,False,True,1,,,,False,False,False,0,INVALID_BELIEF
corridor,2,12,7,13,6,1,-1,2,RIGHT,DOWN,True,True,1,2,1,1.0,True,False,False,0,COLLISION
corridor,2,12,7,13,8,1,1,2,RIGHT,NONE,False,True,1,,,,False,False,False,0,INVALID_BELIEF
corridor,2,12,7,14,7,2,0,2,RIGHT,NONE,False,True,1,,,,False,False,False,0,INVALID_BELIEF
corridor,3,1,1,-2,1,-3,0,3,RIGHT,NONE,False,True,18,,,,False,False,False,0,INVALID_BELIEF
corridor,3,1,1,-1,0,-2,-1,3,RIGHT,NONE,False,True,18,,,,False,False,False,0,INVALID_BELIEF
corridor,3,1,1,-1,2,-2,1,3,RIGHT,NONE,False,True,18,,,,False,False,False,0,INVALID_BELIEF
corridor,3,1,1,0,-1,-1,-2,3,RIGHT,NONE,False,True,18,,,,False,False,False,0,INVALID_BELIEF
corridor,3,1,1,0,3,-1,2,3,RIGHT,NONE,False,True,18,,,,False,False,False,0,INVALID_BELIEF
corridor,3,1,1,1,-2,0,-3,3,RIGHT,NONE,False,True,18,,,,False,False,False,0,INVALID_BELIEF
corridor,3,1,1,1,4,0,3,3,RIGHT,DOWN,True,True,18,19,1,0.05555555555555555,True,False,False,0,COLLISION
corridor,3,1,1,2,-1,1,-2,3,RIGHT,NONE,False,True,18,,,,False,False,False,0,INVALID_BELIEF
corridor,3,1,1,2,3,1,2,3,RIGHT,LEFT,True,True,18,19,1,0.05555555555555555,True,False,False,0,COLLISION
corridor,3,1,1,3,0,2,-1,3,RIGHT,NONE,False,True,18,,,,False,False,False,0,INVALID_BELIEF
corridor,3,1,1,3,2,2,1,3,RIGHT,NONE,False,True,18,,,,False,False,False,0,INVALID_BELIEF
corridor,3,1,1,4,1,3,0,3,RIGHT,RIGHT,True,False,18,18,0,0.0,False,False,True,0,ADEQUATE
corridor,3,2,1,-1,1,-3,0,3,RIGHT,NONE,False,True,17,,,,False,False,False,0,INVALID_BELIEF
corridor,3,2,1,0,0,-2,-1,3,RIGHT,NONE,False,True,17,,,,False,False,False,0,INVALID_BELIEF
corridor,3,2,1,0,2,-2,1,3,RIGHT,NONE,False,True,17,,,,False,False,False,0,INVALID_BELIEF
corridor,3,2,1,1,-1,-1,-2,3,RIGHT,NONE,False,True,17,,,,False,False,False,0,INVALID_BELIEF
corridor,3,2,1,1,3,-1,2,3,RIGHT,DOWN,True,True,17,18,1,0.058823529411764705,True,False,False,0,COLLISION
corridor,3,2,1,2,-2,0,-3,3,RIGHT,NONE,False,True,17,,,,False,False,False,0,INVALID_BELIEF
corridor,3,2,1,2,4,0,3,3,RIGHT,NONE,False,True,17,,,,False,False,False,0,INVALID_BELIEF
corridor,3,2,1,3,-1,1,-2,3,RIGHT,NONE,False,True,17,,,,False,False,False,0,INVALID_BELIEF
corridor,3,2,1,3,3,1,2,3,RIGHT,LEFT,True,True,17,19,2,0.11764705882352941,False,False,False,0,INADEQUATE
corridor,3,2,1,4,0,2,-1,3,RIGHT,NONE,False,True,17,,,,False,False,False,0,INVALID_BELIEF
corridor,3,2,1,4,2,2,1,3,RIGHT,NONE,False,True,17,,,,False,False,False,0,INVALID_BELIEF
corridor,3,2,1,5,1,3,0,3,RIGHT,RIGHT,True,False,17,17,0,0.0,False,False,True,0,ADEQUATE
corridor,3,3,1,0,1,-3,0,3,RIGHT,NONE,False,True,16,,,,False,False,False,0,INVALID_BELIEF
corridor,3,3,1,1,0,-2,-1,3,RIGHT,NONE,False,True,16,,,,False,False,False,0,INVALID_BELIEF
corridor,3,3,1,1,2,-2,1,3,RIGHT,NONE,False,True,16,,,,False,False,False,0,INVALID_BELIEF
corridor,3,3,1,2,-1,-1,-2,3,RIGHT,NONE,False,True,16,,,,False,False,False,0,INVALID_BELIEF
corridor,3,3,1,2,3,-1,2,3,RIGHT,LEFT,True,True,16,18,2,0.125,False,False,False,0,INADEQUATE
corridor,3,3,1,3,-2,0,-3,3,RIGHT,NONE,False,True,16,,,,False,False,False,0,INVALID_BELIEF
corridor,3,3,1,3,4,0,3,3,RIGHT,NONE,False,True,16,,,,False,False,False,0,INVALID_BELIEF
corridor,3,3,1,4,-1,1,-2,3,RIGHT,NONE,False,True,16,,,,False,False,False,0,INVALID_BELIEF
corridor,3,3,1,4,3,1,2,3,RIGHT,RIGHT,True,False,16,16,0,0.0,False,False,True,0,ADEQUATE
corridor,3,3,1,5,0,2,-1,3,RIGHT,NONE,False,True,16,,,,False,False,False,0,INVALID_BELIEF
corridor,3,3,1,5,2,2,1,3,RIGHT,UP,True,True,16,17,1,0.0625,True,False,False,0,COLLISION
corridor,3,3,1,6,1,3,0,3,RIGHT,RIGHT,True,False,16,16,0,0.0,False,False,True,0,ADEQUATE
corridor,3,4,1,1,1,-3,0,3,RIGHT,RIGHT,True,False,15,15,0,0.0,False,False,True,0,ADEQUATE
corridor,3,4,1,2,0,-2,-1,3,RIGHT,NONE,False,True,15,,,,False,False,False,0,INVALID_BELIEF
corridor,3,4,1,2,2,-2,1,3,RIGHT,NONE,False,True,15,,,,False,False,False,0,INVALID_BELIEF
corridor,3,4,1,3,-1,-1,-2,3,RIGHT,NONE,False,True,15,,,,False,False,False,0,INVALID_BELIEF
corridor,3,4,1,3,3,-1,2,3,RIGHT,LEFT,True,True,15,17,2,0.13333333333333333,False,False,False,0,INADEQUATE
corridor,3,4,1,4,-2,0,-3,3,RIGHT,NONE,False,True,15,,,,False,False,False,0,INVALID_BELIEF
corridor,3,4,1,4,4,0,3,3,RIGHT,NONE,False,True,15,,,,False,False,False,0,INVALID_BELIEF
corridor,3,4,1,5,-1,1,-2,3,RIGHT,NONE,False,True,15,,,,False,False,False,0,INVALID_BELIEF
corridor,3,4,1,5,3,1,2,3,RIGHT,UP,True,True,15,16,1,0.06666666666666667,True,False,False,0,COLLISION
corridor,3,4,1,6,0,2,-1,3,RIGHT,NONE,False,True,15,,,,False,False,False,0,INVALID_BELIEF
corridor,3,4,1,6,2,2,1,3,RIGHT,NONE,False,True,15,,,,False,False,False,0,INVALID_BELIEF
corridor,3,4,1,7,1,3,0,3,RIGHT,RIGHT,True,False,15,15,0,0.0,False,False,True,0,ADEQUATE
corridor,3,5,1,2,1,-3,0,3,RIGHT,RIGHT,True,False,14,14,0,0.0,False,False,True,0,ADEQUATE
corridor,3,5,1,3,0,-2,-1,3,RIGHT,NONE,False,True,14,,,,False,False,False,0,INVALID_BELIEF
corridor,3,5,1,3,2,-2,1,3,RIGHT,NONE,False,True,14,,,,False,False,False,0,INVALID_BELIEF
corridor,3,5,1,4,-1,-1,-2,3,RIGHT,NONE,False,True,14,,,,False,False,False,0,INVALID_BELIEF
corridor,3,5,1,4,3,-1,2,3,RIGHT,RIGHT,True,False,14,14,0,0.0,False,False,True,0,ADEQUATE
corridor,3,5,1,5,-2,0,-3,3,RIGHT,NONE,False,True,14,,,,False,False,False,0,INVALID_BELIEF
corridor,3,5,1,5,4,0,3,3,RIGHT,NONE,False,True,14,,,,False,False,False,0,INVALID_BELIEF
corridor,3,5,1,6,-1,1,-2,3,RIGHT,NONE,False,True,14,,,,False,False,False,0,INVALID_BELIEF
corridor,3,5,1,6,3,1,2,3,RIGHT,NONE,False,True,14,,,,False,False,False,0,INVALID_BELIEF
corridor,3,5,1,7,0,2,-1,3,RIGHT,NONE,False,True,14,,,,False,False,False,0,INVALID_BELIEF
corridor,3,5,1,7,2,2,1,3,RIGHT,NONE,False,True,14,,,,False,False,False,0,INVALID_BELIEF
corridor,3,5,1,8,1,3,0,3,RIGHT,RIGHT,True,False,14,14,0,0.0,False,False,True,0,ADEQUATE
corridor,3,6,1,3,1,-3,0,3,RIGHT,RIGHT,True,False,13,13,0,0.0,False,False,True,0,ADEQUATE
corridor,3,6,1,4,0,-2,-1,3,RIGHT,NONE,False,True,13,,,,False,False,False,0,INVALID_BELIEF
corridor,3,6,1,4,2,-2,1,3,RIGHT,NONE,False,True,13,,,,False,False,False,0,INVALID_BELIEF
corridor,3,6,1,5,-1,-1,-2,3,RIGHT,NONE,False,True,13,,,,False,False,False,0,INVALID_BELIEF
corridor,3,6,1,5,3,-1,2,3,RIGHT,UP,True,True,13,14,1,0.07692307692307693,True,False,False,0,COLLISION
corridor,3,6,1,6,-2,0,-3,3,RIGHT,NONE,False,True,13,,,,False,False,False,0,INVALID_BELIEF
corridor,3,6,1,6,4,0,3,3,RIGHT,NONE,False,True,13,,,,False,False,False,0,INVALID_BELIEF
corridor,3,6,1,7,-1,1,-2,3,RIGHT,NONE,False,True,13,,,,False,False,False,0,INVALID_BELIEF
corridor,3,6,1,7,3,1,2,3,RIGHT,RIGHT,True,False,13,13,0,0.0,False,False,True,0,ADEQUATE
corridor,3,6,1,8,0,2,-1,3,RIGHT,NONE,False,True,13,,,,False,False,False,0,INVALID_BELIEF
corridor,3,6,1,8,2,2,1,3,RIGHT,NONE,False,True,13,,,,False,False,False,0,INVALID_BELIEF
corridor,3,6,1,9,1,3,0,3,RIGHT,RIGHT,True,False,13,13,0,0.0,False,False,True,0,ADEQUATE
corridor,3,7,1,4,1,-3,0,3,RIGHT,RIGHT,True,False,12,12,0,0.0,False,False,True,0,ADEQUATE
corridor,3,7,1,5,0,-2,-1,3,RIGHT,NONE,False,True,12,,,,False,False,False,0,INVALID_BELIEF
corridor,3,7,1,5,2,-2,1,3,RIGHT,UP,True,True,12,13,1,0.08333333333333333,True,False,False,0,COLLISION
corridor,3,7,1,6,-1,-1,-2,3,RIGHT,NONE,False,True,12,,,,False,False,False,0,INVALID_BELIEF
corridor,3,7,1,6,3,-1,2,3,RIGHT,NONE,False,True,12,,,,False,False,False,0,INVALID_BELIEF
corridor,3,7,1,7,-2,0,-3,3,RIGHT,NONE,False,True,12,,,,False,False,False,0,INVALID_BELIEF
corridor,3,7,1,7,4,0,3,3,RIGHT,UP,True,True,12,13,1,0.08333333333333333,True,False,False,0,COLLISION
corridor,3,7,1,8,-1,1,-2,3,RIGHT,NONE,False,True,12,,,,False,False,False,0,INVALID_BELIEF
corridor,3,7,1,8,3,1,2,3,RIGHT,RIGHT,True,False,12,12,0,0.0,False,False,True,0,ADEQUATE
corridor,3,7,1,9,0,2,-1,3,RIGHT,NONE,False,True,12,,,,False,False,False,0,INVALID_BELIEF
corridor,3,7,1,9,2,2,1,3,RIGHT,NONE,False,True,12,,,,False,False,False,0,INVALID_BELIEF
corridor,3,7,1,10,1,3,0,3,RIGHT,RIGHT,True,False,12,12,0,0.0,False,False,True,0,ADEQUATE
corridor,3,8,1,5,1,-3,0,3,RIGHT,RIGHT,True,False,11,11,0,0.0,False,False,True,0,ADEQUATE
corridor,3,8,1,6,0,-2,-1,3,RIGHT,NONE,False,True,11,,,,False,False,False,0,INVALID_BELIEF
corridor,3,8,1,6,2,-2,1,3,RIGHT,NONE,False,True,11,,,,False,False,False,0,INVALID_BELIEF
corridor,3,8,1,7,-1,-1,-2,3,RIGHT,NONE,False,True,11,,,,False,False,False,0,INVALID_BELIEF
corridor,3,8,1,7,3,-1,2,3,RIGHT,RIGHT,True,False,11,11,0,0.0,False,False,True,0,ADEQUATE
corridor,3,8,1,8,-2,0,-3,3,RIGHT,NONE,False,True,11,,,,False,False,False,0,INVALID_BELIEF
corridor,3,8,1,8,4,0,3,3,RIGHT,NONE,False,True,11,,,,False,False,False,0,INVALID_BELIEF
corridor,3,8,1,9,-1,1,-2,3,RIGHT,NONE,False,True,11,,,,False,False,False,0,INVALID_BELIEF
corridor,3,8,1,9,3,1,2,3,RIGHT,RIGHT,True,False,11,11,0,0.0,False,False,True,0,ADEQUATE
corridor,3,8,1,10,0,2,-1,3,RIGHT,NONE,False,True,11,,,,False,False,False,0,INVALID_BELIEF
corridor,3,8,1,10,2,2,1,3,RIGHT,NONE,False,True,11,,,,False,False,False,0,INVALID_BELIEF
corridor,3,8,1,11,1,3,0,3,RIGHT,RIGHT,True,False,11,11,0,0.0,False,False,True,0,ADEQUATE
corridor,3,9,1,6,1,-3,0,3,RIGHT,RIGHT,True,False,10,10,0,0.0,False,False,True,0,ADEQUATE
corridor,3,9,1,7,0,-2,-1,3,RIGHT,NONE,False,True,10,,,,False,False,False,0,INVALID_BELIEF
corridor,3,9,1,7,2,-2,1,3,RIGHT,NONE,False,True,10,,,,False,False,False,0,INVALID_BELIEF
corridor,3,9,1,8,-1,-1,-2,3,RIGHT,NONE,False,True,10,,,,False,False,False,0,INVALID_BELIEF
corridor,3,9,1,8,3,-1,2,3,RIGHT,RIGHT,True,False,10,10,0,0.0,False,False,True,0,ADEQUATE
corridor,3,9,1,9,-2,0,-3,3,RIGHT,NONE,False,True,10,,,,False,False,False,0,INVALID_BELIEF
corridor,3,9,1,9,4,0,3,3,RIGHT,NONE,False,True,10,,,,False,False,False,0,INVALID_BELIEF
corridor,3,9,1,10,-1,1,-2,3,RIGHT,NONE,False,True,10,,,,False,False,False,0,INVALID_BELIEF
corridor,3,9,1,10,3,1,2,3,RIGHT,RIGHT,True,False,10,10,0,0.0,False,False,True,0,ADEQUATE
corridor,3,9,1,11,0,2,-1,3,RIGHT,NONE,False,True,10,,,,False,False,False,0,INVALID_BELIEF
corridor,3,9,1,11,2,2,1,3,RIGHT,NONE,False,True,10,,,,False,False,False,0,INVALID_BELIEF
corridor,3,9,1,12,1,3,0,3,RIGHT,RIGHT,True,False,10,10,0,0.0,False,False,True,0,ADEQUATE
corridor,3,10,1,7,1,-3,0,3,RIGHT,RIGHT,True,False,9,9,0,0.0,False,False,True,0,ADEQUATE
corridor,3,10,1,8,0,-2,-1,3,RIGHT,NONE,False,True,9,,,,False,False,False,0,INVALID_BELIEF
corridor,3,10,1,8,2,-2,1,3,RIGHT,NONE,False,True,9,,,,False,False,False,0,INVALID_BELIEF
corridor,3,10,1,9,-1,-1,-2,3,RIGHT,NONE,False,True,9,,,,False,False,False,0,INVALID_BELIEF
corridor,3,10,1,9,3,-1,2,3,RIGHT,RIGHT,True,False,9,9,0,0.0,False,False,True,0,ADEQUATE
corridor,3,10,1,10,-2,0,-3,3,RIGHT,NONE,False,True,9,,,,False,False,False,0,INVALID_BELIEF
corridor,3,10,1,10,4,0,3,3,RIGHT,NONE,False,True,9,,,,False,False,False,0,INVALID_BELIEF
corridor,3,10,1,11,-1,1,-2,3,RIGHT,NONE,False,True,9,,,,False,False,False,0,INVALID_BELIEF
corridor,3,10,1,11,3,1,2,3,RIGHT,DOWN,True,True,9,10,1,0.1111111111111111,True,False,False,0,COLLISION
corridor,3,10,1,12,0,2,-1,3,RIGHT,NONE,False,True,9,,,,False,False,False,0,INVALID_BELIEF
corridor,3,10,1,12,2,2,1,3,RIGHT,NONE,False,True,9,,,,False,False,False,0,INVALID_BELIEF
corridor,3,10,1,13,1,3,0,3,RIGHT,DOWN,True,True,9,10,1,0.1111111111111111,True,False,False,0,COLLISION
corridor,3,11,1,8,1,-3,0,3,RIGHT,RIGHT,True,False,8,8,0,0.0,False,False,True,0,ADEQUATE
corridor,3,11,1,9,0,-2,-1,3,RIGHT,NONE,False,True,8,,,,False,False,False,0,INVALID_BELIEF
corridor,3,11,1,9,2,-2,1,3,RIGHT,NONE,False,True,8,,,,False,False,False,0,INVALID_BELIEF
corridor,3,11,1,10,-1,-1,-2,3,RIGHT,NONE,False,True,8,,,,False,False,False,0,INVALID_BELIEF
corridor,3,11,1,10,3,-1,2,3,RIGHT,RIGHT,True,False,8,8,0,0.0,False,False,True,0,ADEQUATE
corridor,3,11,1,11,-2,0,-3,3,RIGHT,NONE,False,True,8,,,,False,False,False,0,INVALID_BELIEF
corridor,3,11,1,11,4,0,3,3,RIGHT,DOWN,True,True,8,9,1,0.125,True,False,False,0,COLLISION
corridor,3,11,1,12,-1,1,-2,3,RIGHT,NONE,False,True,8,,,,False,False,False,0,INVALID_BELIEF
corridor,3,11,1,12,3,1,2,3,RIGHT,NONE,False,True,8,,,,False,False,False,0,INVALID_BELIEF
corridor,3,11,1,13,0,2,-1,3,RIGHT,NONE,False,True,8,,,,False,False,False,0,INVALID_BELIEF
corridor,3,11,1,13,2,2,1,3,RIGHT,DOWN,True,True,8,9,1,0.125,True,False,False,0,COLLISION
corridor,3,11,1,14,1,3,0,3,RIGHT,NONE,False,True,8,,,,False,False,False,0,INVALID_BELIEF
corridor,3,12,1,9,1,-3,0,3,RIGHT,RIGHT,True,False,7,7,0,0.0,False,False,True,0,ADEQUATE
corridor,3,12,1,10,0,-2,-1,3,RIGHT,NONE,False,True,7,,,,False,False,False,0,INVALID_BELIEF
corridor,3,12,1,10,2,-2,1,3,RIGHT,NONE,False,True,7,,,,False,False,False,0,INVALID_BELIEF
corridor,3,12,1,11,-1,-1,-2,3,RIGHT,NONE,False,True,7,,,,False,False,False,0,INVALID_BELIEF
corridor,3,12,1,11,3,-1,2,3,RIGHT,DOWN,True,True,7,8,1,0.14285714285714285,True,False,False,0,COLLISION
corridor,3,12,1,12,-2,0,-3,3,RIGHT,NONE,False,True,7,,,,False,False,False,0,INVALID_BELIEF
corridor,3,12,1,12,4,0,3,3,RIGHT,NONE,False,True,7,,,,False,False,False,0,INVALID_BELIEF
corridor,3,12,1,13,-1,1,-2,3,RIGHT,NONE,False,True,7,,,,False,False,False,0,INVALID_BELIEF
corridor,3,12,1,13,3,1,2,3,RIGHT,DOWN,True,True,7,8,1,0.14285714285714285,True,False,False,0,COLLISION
corridor,3,12,1,14,0,2,-1,3,RIGHT,NONE,False,True,7,,,,False,False,False,0,INVALID_BELIEF
corridor,3,12,1,14,2,2,1,3,RIGHT,NONE,False,True,7,,,,False,False,False,0,INVALID_BELIEF
corridor,3,12,1,15,1,3,0,3,RIGHT,NONE,False,True,7,,,,False,False,False,0,INVALID_BELIEF
corridor,3,13,1,10,1,-3,0,3,DOWN,RIGHT,True,True,6,7,1,0.16666666666666666,True,False,False,0,COLLISION
corridor,3,13,1,11,0,-2,-1,3,DOWN,NONE,False,True,6,,,,False,False,False,0,INVALID_BELIEF
corridor,3,13,1,11,2,-2,1,3,DOWN,NONE,False,True,6,,,,False,False,False,0,INVALID_BELIEF
corridor,3,13,1,12,-1,-1,-2,3,DOWN,NONE,False,True,6,,,,False,False,False,0,INVALID_BELIEF
corridor,3,13,1,12,3,-1,2,3,DOWN,NONE,False,True,6,,,,False,False,False,0,INVALID_BELIEF
corridor,3,13,1,13,-2,0,-3,3,DOWN,NONE,False,True,6,,,,False,False,False,0,INVALID_BELIEF
corridor,3,13,1,13,4,0,3,3,DOWN,DOWN,True,False,6,6,0,0.0,False,False,True,0,ADEQUATE
corridor,3,13,1,14,-1,1,-2,3,DOWN,NONE,False,True,6,,,,False,False,False,0,INVALID_BELIEF
corridor,3,13,1,14,3,1,2,3,DOWN,NONE,False,True,6,,,,False,False,False,0,INVALID_BELIEF
corridor,3,13,1,15,0,2,-1,3,DOWN,NONE,False,True,6,,,,False,False,False,0,INVALID_BELIEF
corridor,3,13,1,15,2,2,1,3,DOWN,NONE,False,True,6,,,,False,False,False,0,INVALID_BELIEF
corridor,3,13,1,16,1,3,0,3,DOWN,NONE,False,True,6,,,,False,False,False,0,INVALID_BELIEF
corridor,3,5,2,2,2,-3,0,3,UP,NONE,False,True,15,,,,False,False,False,0,INVALID_BELIEF
corridor,3,5,2,3,1,-2,-1,3,UP,RIGHT,True,True,15,16,1,0.06666666666666667,True,False,False,0,COLLISION
corridor,3,5,2,3,3,-2,1,3,UP,LEFT,True,True,15,16,1,0.06666666666666667,True,False,False,0,COLLISION
corridor,3,5,2,4,0,-1,-2,3,UP,NONE,False,True,15,,,,False,False,False,0,INVALID_BELIEF
corridor,3,5,2,4,4,-1,2,3,UP,NONE,False,True,15,,,,False,False,False,0,INVALID_BELIEF
corridor,3,5,2,5,-1,0,-3,3,UP,NONE,False,True,15,,,,False,False,False,0,INVALID_BELIEF
corridor,3,5,2,5,5,0,3,3,UP,LEFT,True,True,15,16,1,0.06666666666666667,True,False,False,0,COLLISION
corridor,3,5,2,6,0,1,-2,3,UP,NONE,False,True,15,,,,False,False,False,0,INVALID_BELIEF
corridor,3,5,2,6,4,1,2,3,UP,NONE,False,True,15,,,,False,False,False,0,INVALID_BELIEF
corridor,3,5,2,7,1,2,-1,3,UP,RIGHT,True,True,15,16,1,0.06666666666666667,True,False,False,0,COLLISION
corridor,3,5,2,7,3,2,1,3,UP,RIGHT,True,True,15,16,1,0.06666666666666667,True,False,False,0,COLLISION
corridor,3,5,2,8,2,3,0,3,UP,NONE,False,True,15,,,,False,False,False,0,INVALID_BELIEF
corridor,3,13,2,10,2,-3,0,3,DOWN,NONE,False,True,5,,,,False,False,False,0,INVALID_BELIEF
corridor,3,13,2,11,1,-2,-1,3,DOWN,RIGHT,True,True,5,6,1,0.2,True,False,False,0,COLLISION
corridor,3,13,2,11,3,-2,1,3,DOWN,DOWN,True,False,5,5,0,0.0,False,False,True,0,ADEQUATE
corridor,3,13,2,12,0,-1,-2,3,DOWN,NONE,False,True,5,,,,False,False,False,0,INVALID_BELIEF
corridor,3,13,2,12,4,-1,2,3,DOWN,NONE,False,True,5,,,,False,False,False,0,INVALID_BELIEF
corridor,3,13,2,13,-1,0,-3,3,DOWN,NONE,False,True,5,,,,False,False,False,0,INVALID_BELIEF
corridor,3,13,2,13,5,0,3,3,DOWN,DOWN,True,False,5,5,0,0.0,False,False,True,0,ADEQUATE
corridor,3,13,2,14,0,1,-2,3,DOWN,NONE,False,True,5,,,,False,False,False,0,INVALID_BELIEF
corridor,3,13,2,14,4,1,2,3,DOWN,NONE,False,True,5,,,,False,False,False,0,INVALID_BELIEF
corridor,3,13,2,15,1,2,-1,3,DOWN,NONE,False,True,5,,,,False,False,False,0,INVALID_BELIEF
corridor,3,13,2,15,3,2,1,3,DOWN,NONE,False,True,5,,,,False,False,False,0,INVALID_BELIEF
corridor,3,13,2,16,2,3,0,3,DOWN,NONE,False,True,5,,,,False,False,False,0,INVALID_BELIEF
corridor,3,1,3,-2,3,-3,0,3,DOWN,NONE,False,True,16,,,,False,False,False,0,INVALID_BELIEF
corridor,3,1,3,-1,2,-2,-1,3,DOWN,NONE,False,True,16,,,,False,False,False,0,INVALID_BELIEF
corridor,3,1,3,-1,4,-2,1,3,DOWN,NONE,False,True,16,,,,False,False,False,0,INVALID_BELIEF
corridor,3,1,3,0,1,-1,-2,3,DOWN,NONE,False,True,16,,,,False,False,False,0,INVALID_BELIEF
corridor,3,1,3,0,5,-1,2,3,DOWN,NONE,False,True,16,,,,False,False,False,0,INVALID_BELIEF
corridor,3,1,3,1,0,0,-3,3,DOWN,NONE,False,True,16,,,,False,False,False,0,INVALID_BELIEF
corridor,3,1,3,1,6,0,3,3,DOWN,DOWN,True,False,16,16,0,0.0,False,False,True,0,ADEQUATE
corridor,3,1,3,2,1,1,-2,3,DOWN,RIGHT,True,True,16,18,2,0.125,False,False,False,0,INADEQUATE
corridor,3,1,3,2,5,1,2,3,DOWN,LEFT,True,True,16,17,1,0.0625,True,False,False,0,COLLISION
corridor,3,1,3,3,2,2,-1,3,DOWN,NONE,False,True,16,,,,False,False,False,0,INVALID_BELIEF
corridor,3,1,3,3,4,2,1,3,DOWN,NONE,False,True,16,,,,False,False,False,0,INVALID_BELIEF
corridor,3,1,3,4,3,3,0,3,DOWN,RIGHT,True,True,16,18,2,0.125,False,False,False,0,INADEQUATE
corridor,3,2,3,-1,3,-3,0,3,LEFT,NONE,False,True,17,,,,False,False,False,0,INVALID_BELIEF
corridor,3,2,3,0,2,-2,-1,3,LEFT,NONE,False,True,17,,,,False,False,False,0,INVALID_BELIEF
corridor,3,2,3,0,4,-2,1,3,LEFT,NONE,False,True,17,,,,False,False,False,0,INVALID_BELIEF
corridor,3,2,3,1,1,-1,-2,3,LEFT,RIGHT,True,True,17,19,2,0.11764705882352941,False,False,False,0,INADEQUATE
corridor,3,2,3,1,5,-1,2,3,LEFT,DOWN,True,True,17,18,1,0.058823529411764705,True,False,False,0,COLLISION
corridor,3,2,3,2,0,0,-3,3,LEFT,NONE,False,True,17,,,,False,False,False,0,INVALID_BELIEF
corridor,3,2,3,2,6,0,3,3,LEFT,NONE,False,True,17,,,,False,False,False,0,INVALID_BELIEF
corridor,3,2,3,3,1,1,-2,3,LEFT,RIGHT,True,True,17,19,2,0.11764705882352941,False,False,False,0,INADEQUATE
corridor,3,2,3,3,5,1,2,3,LEFT,LEFT,True,False,17,17,0,0.0,False,False,True,0,ADEQUATE
corridor,3,2,3,4,2,2,-1,3,LEFT,NONE,False,True,17,,,,False,False,False,0,INVALID_BELIEF
corridor,3,2,3,4,4,2,1,3,LEFT,NONE,False,True,17,,,,False,False,False,0,INVALID_BELIEF
corridor,3,2,3,5,3,3,0,3,LEFT,UP,True,True,17,18,1,0.058823529411764705,True,False,False,0,COLLISION
corridor,3,3,3,0,3,-3,0,3,LEFT,NONE,False,True,18,,,,False,False,False,0,INVALID_BELIEF
corridor,3,3,3,1,2,-2,-1,3,LEFT,NONE,False,True,18,,,,False,False,False,0,INVALID_BELIEF
corridor,3,3,3,1,4,-2,1,3,LEFT,DOWN,True,True,18,19,1,0.05555555555555555,True,False,False,0,COLLISION
corridor,3,3,3,2,1,-1,-2,3,LEFT,RIGHT,True,True,18,18,0,0.0,False,False,True,0,ADEQUATE
corridor,3,3,3,2,5,-1,2,3,LEFT,LEFT,True,False,18,18,0,0.0,False,False,True,0,ADEQUATE
corridor,3,3,3,3,0,0,-3,3,LEFT,NONE,False,True,18,,,,False,False,False,0,INVALID_BELIEF
corridor,3,3,3,3,6,0,3,3,LEFT,NONE,False,True,18,,,,False,False,False,0,INVALID_BELIEF
corridor,3,3,3,4,1,1,-2,3,LEFT,RIGHT,True,True,18,18,0,0.0,False,False,True,0,ADEQUATE
corridor,3,3,3,4,5,1,2,3,LEFT,LEFT,True,False,18,18,0,0.0,False,False,True,0,ADEQUATE
corridor,3,3,3,5,2,2,-1,3,LEFT,UP,True,True,18,19,1,0.05555555555555555,True,False,False,0,COLLISION
corridor,3,3,3,5,4,2,1,3,LEFT,NONE,False,True,18,,,,False,False,False,0,INVALID_BELIEF
corridor,3,3,3,6,3,3,0,3,LEFT,NONE,False,True,18,,,,False,False,False,0,INVALID_BELIEF
corridor,3,4,3,1,3,-3,0,3,RIGHT,DOWN,True,True,17,18,1,0.058823529411764705,True,False,False,0,COLLISION
corridor,3,4,3,2,2,-2,-1,3,RIGHT,NONE,False,True,17,,,,False,False,False,0,INVALID_BELIEF
corridor,3,4,3,2,4,-2,1,3,RIGHT,NONE,False,True,17,,,,False,False,False,0,INVALID_BELIEF
corridor,3,4,3,3,1,-1,-2,3,RIGHT,RIGHT,True,False,17,17,0,0.0,False,False,True,0,ADEQUATE
corridor,3,4,3,3,5,-1,2,3,RIGHT,LEFT,True,True,17,19,2,0.11764705882352941,False,False,False,0,INADEQUATE
corridor,3,4,3,4,0,0,-3,3,RIGHT,NONE,False,True,17,,,,False,False,False,0,INVALID_BELIEF
corridor,3,4,3,4,6,0,3,3,RIGHT,NONE,False,True,17,,,,False,False,False,0,INVALID_BELIEF
corridor,3,4,3,5,1,1,-2,3,RIGHT,RIGHT,True,False,17,17,0,0.0,False,False,True,0,ADEQUATE
corridor,3,4,3,5,5,1,2,3,RIGHT,LEFT,True,True,17,19,2,0.11764705882352941,False,False,False,0,INADEQUATE
corridor,3,4,3,6,2,2,-1,3,RIGHT,NONE,False,True,17,,,,False,False,False,0,INVALID_BELIEF
corridor,3,4,3,6,4,2,1,3,RIGHT,NONE,False,True,17,,,,False,False,False,0,INVALID_BELIEF
corridor,3,4,3,7,3,3,0,3,RIGHT,RIGHT,True,False,17,17,0,0.0,False,False,True,0,ADEQUATE
corridor,3,5,3,2,3,-3,0,3,UP,LEFT,True,True,16,18,2,0.125,False,False,False,0,INADEQUATE
corridor,3,5,3,3,2,-2,-1,3,UP,NONE,False,True,16,,,,False,False,False,0,INVALID_BELIEF
corridor,3,5,3,3,4,-2,1,3,UP,NONE,False,True,16,,,,False,False,False,0,INVALID_BELIEF
corridor,3,5,3,4,1,-1,-2,3,UP,RIGHT,True,True,16,17,1,0.0625,True,False,False,0,COLLISION
corridor,3,5,3,4,5,-1,2,3,UP,LEFT,True,True,16,18,2,0.125,False,False,False,0,INADEQUATE
corridor,3,5,3,5,0,0,-3,3,UP,NONE,False,True,16,,,,False,False,False,0,INVALID_BELIEF
corridor,3,5,3,5,6,0,3,3,UP,NONE,False,True,16,,,,False,False,False,0,INVALID_BELIEF
corridor,3,5,3,6,1,1,-2,3,UP,RIGHT,True,True,16,17,1,0.0625,True,False,False,0,COLLISION
corridor,3,5,3,6,5,1,2,3,UP,RIGHT,True,True,16,17,1,0.0625,True,False,False,0,COLLISION
corridor,3,5,3,7,2,2,-1,3,UP,NONE,False,True,16,,,,False,False,False,0,INVALID_BELIEF
corridor,3,5,3,7,4,2,1,3,UP,UP,True,False,16,16,0,0.0,False,False,True,0,ADEQUATE
corridor,3,5,3,8,3,3,0,3,UP,RIGHT,True,True,16,17,1,0.0625,True,False,False,0,COLLISION
corridor,3,7,3,4,3,-3,0,3,RIGHT,RIGHT,True,False,14,14,0,0.0,False,False,True,0,ADEQUATE
corridor,3,7,3,5,2,-2,-1,3,RIGHT,UP,True,True,14,15,1,0.07142857142857142,True,False,False,0,COLLISION
corridor,3,7,3,5,4,-2,1,3,RIGHT,NONE,False,True,14,,,,False,False,False,0,INVALID_BELIEF
corridor,3,7,3,6,1,-1,-2,3,RIGHT,RIGHT,True,False,14,14,0,0.0,False,False,True,0,ADEQUATE
corridor,3,7,3,6,5,-1,2,3,RIGHT,RIGHT,True,False,14,14,0,0.0,False,False,True,0,ADEQUATE
corridor,3,7,3,7,0,0,-3,3,RIGHT,NONE,False,True,14,,,,False,False,False,0,INVALID_BELIEF
corridor,3,7,3,7,6,0,3,3,RIGHT,NONE,False,True,14,,,,False,False,False,0,INVALID_BELIEF
corridor,3,7,3,8,1,1,-2,3,RIGHT,RIGHT,True,False,14,14,0,0.0,False,False,True,0,ADEQUATE
corridor,3,7,3,8,5,1,2,3,RIGHT,NONE,False,True,14,,,,False,False,False,0,INVALID_BELIEF
corridor,3,7,3,9,2,2,-1,3,RIGHT,NONE,False,True,14,,,,False,False,False,0,INVALID_BELIEF
corridor,3,7,3,9,4,2,1,3,RIGHT,NONE,False,True,14,,,,False,False,False,0,INVALID_BELIEF
corridor,3,7,3,10,3,3,0,3,RIGHT,RIGHT,True,False,14,14,0,0.0,False,False,True,0,ADEQUATE
corridor,3,8,3,5,3,-3,0,3,RIGHT,UP,True,True,13,14,1,0.07692307692307693,True,False,False,0,COLLISION
corridor,3,8,3,6,2,-2,-1,3,RIGHT,NONE,False,True,13,,,,False,False,False,0,INVALID_BELIEF
corridor,3,8,3,6,4,-2,1,3,RIGHT,NONE,False,True,13,,,,False,False,False,0,INVALID_BELIEF
corridor,3,8,3,7,1,-1,-2,3,RIGHT,RIGHT,True,False,13,13,0,0.0,False,False,True,0,ADEQUATE
corridor,3,8,3,7,5,-1,2,3,RIGHT,UP,True,True,13,14,1,0.07692307692307693,True,False,False,0,COLLISION
corridor,3,8,3,8,0,0,-3,3,RIGHT,NONE,False,True,13,,,,False,False,False,0,INVALID_BELIEF
corridor,3,8,3,8,6,0,3,3,RIGHT,NONE,False,True,13,,,,False,False,False,0,INVALID_BELIEF
corridor,3,8,3,9,1,1,-2,3,RIGHT,RIGHT,True,False,13,13,0,0.0,False,False,True,0,ADEQUATE
corridor,3,8,3,9,5,1,2,3,RIGHT,DOWN,True,True,13,14,1,0.07692307692307693,True,False,False,0,COLLISION
corridor,3,8,3,10,2,2,-1,3,RIGHT,NONE,False,True,13,,,,False,False,False,0,INVALID_BELIEF
corridor,3,8,3,10,4,2,1,3,RIGHT,NONE,False,True,13,,,,False,False,False,0,INVALID_BELIEF
corridor,3,8,3,11,3,3,0,3,RIGHT,DOWN,True,True,13,14,1,0.07692307692307693,True,False,False,0,COLLISION
corridor,3,9,3,6,3,-3,0,3,RIGHT,NONE,False,True,12,,,,False,False,False,0,INVALID_BELIEF
corridor,3,9,3,7,2,-2,-1,3,RIGHT,NONE,False,True,12,,,,False,False,False,0,INVALID_BELIEF
corridor,3,9,3,7,4,-2,1,3,RIGHT,UP,True,True,12,13,1,0.08333333333333333,True,False,False,0,COLLISION
corridor,3,9,3,8,1,-1,-2,3,RIGHT,RIGHT,True,False,12,12,0,0.0,False,False,True,0,ADEQUATE
corridor,3,9,3,8,5,-1,2,3,RIGHT,NONE,False,True,12,,,,False,False,False,0,INVALID_BELIEF
corridor,3,9,3,9,0,0,-3,3,RIGHT,NONE,False,True,12,,,,False,False,False,0,INVALID_BELIEF
corridor,3,9,3,9,6,0,3,3,RIGHT,DOWN,True,True,12,13,1,0.08333333333333333,True,False,False,0,COLLISION
corridor,3,9,3,10,1,1,-2,3,RIGHT,RIGHT,True,False,12,12,0,0.0,False,False,True,0,ADEQUATE
corridor,3,9,3,10,5,1,2,3,RIGHT,LEFT,True,True,12,14,2,0.16666666666666666,False,False,False,0,INADEQUATE
corridor,3,9,3,11,2,2,-1,3,RIGHT,NONE,False,True,12,,,,False,False,False,0,INVALID_BELIEF
corridor,3,9,3,11,4,2,1,3,RIGHT,DOWN,True,True,12,13,1,0.08333333333333333,True,False,False,0,COLLISION
corridor,3,9,3,12,3,3,0,3,RIGHT,NONE,False,True,12,,,,False,False,False,0,INVALID_BELIEF
corridor,3,10,3,7,3,-3,0,3,RIGHT,RIGHT,True,False,11,11,0,0.0,False,False,True,0,ADEQUATE
corridor,3,10,3,8,2,-2,-1,3,RIGHT,NONE,False,True,11,,,,False,False,False,0,INVALID_BELIEF
corridor,3,10,3,8,4,-2,1,3,RIGHT,NONE,False,True,11,,,,False,False,False,0,INVALID_BELIEF
corridor,3,10,3,9,1,-1,-2,3,RIGHT,RIGHT,True,False,11,11,0,0.0,False,False,True,0,ADEQUATE
corridor,3,10,3,9,5,-1,2,3,RIGHT,DOWN,True,True,11,12,1,0.09090909090909091,True,False,False,0,COLLISION
corridor,3,10,3,10,0,0,-3,3,RIGHT,NONE,False,True,11,,,,False,False,False,0,INVALID_BELIEF
corridor,3,10,3,10,6,0,3,3,RIGHT,NONE,False,True,11,,,,False,False,False,0,INVALID_BELIEF
corridor,3,10,3,11,1,1,-2,3,RIGHT,RIGHT,True,False,11,11,0,0.0,False,False,True,0,ADEQUATE
corridor,3,10,3,11,5,1,2,3,RIGHT,LEFT,True,True,11,13,2,0.18181818181818182,False,False,False,0,INADEQUATE
corridor,3,10,3,12,2,2,-1,3,RIGHT,NONE,False,True,11,,,,False,False,False,0,INVALID_BELIEF
corridor,3,10,3,12,4,2,1,3,RIGHT,NONE,False,True,11,,,,False,False,False,0,INVALID_BELIEF
corridor,3,10,3,13,3,3,0,3,RIGHT,DOWN,True,True,11,12,1,0.09090909090909091,True,False,False,0,COLLISION
corridor,3,11,3,8,3,-3,0,3,DOWN,RIGHT,True,True,10,11,1,0.1,True,False,False,0,COLLISION
corridor,3,11,3,9,2,-2,-1,3,DOWN,NONE,False,True,10,,,,False,False,False,0,INVALID_BELIEF
corridor,3,11,3,9,4,-2,1,3,DOWN,NONE,False,True,10,,,,False,False,False,0,INVALID_BELIEF
corridor,3,11,3,10,1,-1,-2,3,DOWN,RIGHT,True,True,10,11,1,0.1,True,False,False,0,COLLISION
corridor,3,11,3,10,5,-1,2,3,DOWN,LEFT,True,True,10,12,2,0.2,False,False,False,0,INADEQUATE
corridor,3,11,3,11,0,0,-3,3,DOWN,NONE,False,True,10,,,,False,False,False,0,INVALID_BELIEF
corridor,3,11,3,11,6,0,3,3,DOWN,NONE,False,True,10,,,,False,False,False,0,INVALID_BELIEF
corridor,3,11,3,12,1,1,-2,3,DOWN,RIGHT,True,True,10,11,1,0.1,True,False,False,0,COLLISION
corridor,3,11,3,12,5,1,2,3,DOWN,NONE,False,True,10,,,,False,False,False,0,INVALID_BELIEF
corridor,3,11,3,13,2,2,-1,3,DOWN,DOWN,True,False,10,10,0,0.0,False,False,True,0,ADEQUATE
corridor,3,11,3,13,4,2,1,3,DOWN,DOWN,True,False,10,10,0,0.0,False,False,True,0,ADEQUATE
corridor,3,11,3,14,3,3,0,3,DOWN,NONE,False,True,10,,,,False,False,False,0,INVALID_BELIEF
corridor,3,13,3,10,3,-3,0,3,DOWN,RIGHT,True,True,4,5,1,0.25,True,False,False,0,COLLISION
corridor,3,13,3,11,2,-2,-1,3,DOWN,NONE,False,True,4,,,,False,False,False,0,INVALID_BELIEF
corridor,3,13,3,11,4,-2,1,3,DOWN,DOWN,True,False,4,4,0,0.0,False,False,True,0,ADEQUATE
corridor,3,13,3,12,1,-1,-2,3,DOWN,RIGHT,True,True,4,5,1,0.25,True,False,False,0,COLLISION
corridor,3,13,3,12,5,-1,2,3,DOWN,NONE,False,True,4,,,,False,False,False,0,INVALID_BELIEF
corridor,3,13,3,13,0,0,-3,3,DOWN,NONE,False,True,4,,,,False,False,False,0,INVALID_BELIEF
corridor,3,13,3,13,6,0,3,3,DOWN,DOWN,True,False,4,4,0,0.0,False,False,True,0,ADEQUATE
corridor,3,13,3,14,1,1,-2,3,DOWN,NONE,False,True,4,,,,False,False,False,0,INVALID_BELIEF
corridor,3,13,3,14,5,1,2,3,DOWN,NONE,False,True,4,,,,False,False,False,0,INVALID_BELIEF
corridor,3,13,3,15,2,2,-1,3,DOWN,NONE,False,True,4,,,,False,False,False,0,INVALID_BELIEF
corridor,3,13,3,15,4,2,1,3,DOWN,NONE,False,True,4,,,,False,False,False,0,INVALID_BELIEF
corridor,3,13,3,16,3,3,0,3,DOWN,NONE,False,True,4,,,,False,False,False,0,INVALID_BELIEF
corridor,3,1,4,-2,4,-3,0,3,DOWN,NONE,False,True,15,,,,False,False,False,0,INVALID_BELIEF
corridor,3,1,4,-1,3,-2,-1,3,DOWN,NONE,False,True,15,,,,False,False,False,0,INVALID_BELIEF
corridor,3,1,4,-1,5,-2,1,3,DOWN,NONE,False,True,15,,,,False,False,False,0,INVALID_BELIEF
corridor,3,1,4,0,2,-1,-2,3,DOWN,NONE,False,True,15,,,,False,False,False,0,INVALID_BELIEF
corridor,3,1,4,0,6,-1,2,3,DOWN,NONE,False,True,15,,,,False,False,False,0,INVALID_BELIEF
corridor,3,1,4,1,1,0,-3,3,DOWN,RIGHT,True,True,15,16,1,0.06666666666666667,True,False,False,0,COLLISION
corridor,3,1,4,1,7,0,3,3,DOWN,RIGHT,True,True,15,16,1,0.06666666666666667,True,False,False,0,COLLISION
corridor,3,1,4,2,2,1,-2,3,DOWN,NONE,False,True,15,,,,False,False,False,0,INVALID_BELIEF
corridor,3,1,4,2,6,1,2,3,DOWN,NONE,False,True,15,,,,False,False,False,0,INVALID_BELIEF
corridor,3,1,4,3,3,2,-1,3,DOWN,LEFT,True,True,15,16,1,0.06666666666666667,True,False,False,0,COLLISION
corridor,3,1,4,3,5,2,1,3,DOWN,LEFT,True,True,15,16,1,0.06666666666666667,True,False,False,0,COLLISION
corridor,3,1,4,4,4,3,0,3,DOWN,NONE,False,True,15,,,,False,False,False,0,INVALID_BELIEF
corridor,3,7,4,4,4,-3,0,3,UP,NONE,False,True,15,,,,False,False,False,0,INVALID_BELIEF
corridor,3,7,4,5,3,-2,-1,3,UP,UP,True,False,15,15,0,0.0,False,False,True,0,ADEQUATE
corridor,3,7,4,5,5,-2,1,3,UP,LEFT,True,True,15,16,1,0.06666666666666667,True,False,False,0,COLLISION
corridor,3,7,4,6,2,-1,-2,3,UP,NONE,False,True,15,,,,False,False,False,0,INVALID_BELIEF
corridor,3,7,4,6,6,-1,2,3,UP,NONE,False,True,15,,,,False,False,False,0,INVALID_BELIEF
corridor,3,7,4,7,1,0,-3,3,UP,RIGHT,True,True,15,16,1,0.06666666666666667,True,False,False,0,COLLISION
corridor,3,7,4,7,7,0,3,3,UP,RIGHT,True,True,15,16,1,0.06666666666666667,True,False,False,0,COLLISION
corridor,3,7,4,8,2,1,-2,3,UP,NONE,False,True,15,,,,False,False,False,0,INVALID_BELIEF
corridor,3,7,4,8,6,1,2,3,UP,NONE,False,True,15,,,,False,False,False,0,INVALID_BELIEF
corridor,3,7,4,9,3,2,-1,3,UP,RIGHT,True,True,15,16,1,0.06666666666666667,True,False,False,0,COLLISION
corridor,3,7,4,9,5,2,1,3,UP,DOWN,True,True,15,17,2,0.13333333333333333,False,False,False,0,INADEQUATE
corridor,3,7,4,10,4,3,0,3,UP,NONE,False,True,15,,,,False,False,False,0,INVALID_BELIEF
corridor,3,11,4,8,4,-3,0,3,DOWN,NONE,False,True,9,,,,False,False,False,0,INVALID_BELIEF
corridor,3,11,4,9,3,-2,-1,3,DOWN,RIGHT,True,True,9,10,1,0.1111111111111111,True,False,False,0,COLLISION
corridor,3,11,4,9,5,-2,1,3,DOWN,DOWN,True,False,9,9,0,0.0,False,False,True,0,ADEQUATE
corridor,3,11,4,10,2,-1,-2,3,DOWN,NONE,False,True,9,,,,False,False,False,0,INVALID_BELIEF
corridor,3,11,4,10,6,-1,2,3,DOWN,NONE,False,True,9,,,,False,False,False,0,INVALID_BELIEF
corridor,3,11,4,11,1,0,-3,3,DOWN,RIGHT,True,True,9,10,1,0.1111111111111111,True,False,False,0,COLLISION
corridor,3,11,4,11,7,0,3,3,DOWN,RIGHT,True,True,9,10,1,0.1111111111111111,True,False,False,0,COLLISION
corridor,3,11,4,12,2,1,-2,3,DOWN,NONE,False,True,9,,,,False,False,False,0,INVALID_BELIEF
corridor,3,11,4,12,6,1,2,3,DOWN,NONE,False,True,9,,,,False,False,False,0,INVALID_BELIEF
corridor,3,11,4,13,3,2,-1,3,DOWN,DOWN,True,False,9,9,0,0.0,False,False,True,0,ADEQUATE
corridor,3,11,4,13,5,2,1,3,DOWN,DOWN,True,False,9,9,0,0.0,False,False,True,0,ADEQUATE
corridor,3,11,4,14,4,3,0,3,DOWN,NONE,False,True,9,,,,False,False,False,0,INVALID_BELIEF
corridor,3,13,4,10,4,-3,0,3,DOWN,NONE,False,True,3,,,,False,False,False,0,INVALID_BELIEF
corridor,3,13,4,11,3,-2,-1,3,DOWN,DOWN,True,False,3,3,0,0.0,False,False,True,0,ADEQUATE
corridor,3,13,4,11,5,-2,1,3,DOWN,LEFT,True,True,3,4,1,0.3333333333333333,True,False,False,0,COLLISION
corridor,3,13,4,12,2,-1,-2,3,DOWN,NONE,False,True,3,,,,False,False,False,0,INVALID_BELIEF
corridor,3,13,4,12,6,-1,2,3,DOWN,NONE,False,True,3,,,,False,False,False,0,INVALID_BELIEF
corridor,3,13,4,13,1,0,-3,3,DOWN,DOWN,True,False,3,3,0,0.0,False,False,True,0,ADEQUATE
corridor,3,13,4,13,7,0,3,3,DOWN,NONE,True,True,3,,,,False,True,False,0,FALSE_TERMINAL
corridor,3,13,4,14,2,1,-2,3,DOWN,NONE,False,True,3,,,,False,False,False,0,INVALID_BELIEF
corridor,3,13,4,14,6,1,2,3,DOWN,NONE,False,True,3,,,,False,False,False,0,INVALID_BELIEF
corridor,3,13,4,15,3,2,-1,3,DOWN,NONE,False,True,3,,,,False,False,False,0,INVALID_BELIEF
corridor,3,13,4,15,5,2,1,3,DOWN,NONE,False,True,3,,,,False,False,False,0,INVALID_BELIEF
corridor,3,13,4,16,4,3,0,3,DOWN,NONE,False,True,3,,,,False,False,False,0,INVALID_BELIEF
corridor,3,1,5,-2,5,-3,0,3,DOWN,NONE,False,True,14,,,,False,False,False,0,INVALID_BELIEF
corridor,3,1,5,-1,4,-2,-1,3,DOWN,NONE,False,True,14,,,,False,False,False,0,INVALID_BELIEF
corridor,3,1,5,-1,6,-2,1,3,DOWN,NONE,False,True,14,,,,False,False,False,0,INVALID_BELIEF
corridor,3,1,5,0,3,-1,-2,3,DOWN,NONE,False,True,14,,,,False,False,False,0,INVALID_BELIEF
corridor,3,1,5,0,7,-1,2,3,DOWN,NONE,False,True,14,,,,False,False,False,0,INVALID_BELIEF
corridor,3,1,5,1,2,0,-3,3,DOWN,NONE,False,True,14,,,,False,False,False,0,INVALID_BELIEF
corridor,3,1,5,1,8,0,3,3,DOWN,NONE,False,True,14,,,,False,False,False,0,INVALID_BELIEF
corridor,3,1,5,2,3,1,-2,3,DOWN,LEFT,True,True,14,15,1,0.07142857142857142,True,False,False,0,COLLISION
corridor,3,1,5,2,7,1,2,3,DOWN,RIGHT,True,True,14,16,2,0.14285714285714285,False,False,False,0,INADEQUATE
corridor,3,1,5,3,4,2,-1,3,DOWN,NONE,False,True,14,,,,False,False,False,0,INVALID_BELIEF
corridor,3,1,5,3,6,2,1,3,DOWN,NONE,False,True,14,,,,False,False,False,0,INVALID_BELIEF
corridor,3,1,5,4,5,3,0,3,DOWN,LEFT,True,True,14,15,1,0.07142857142857142,True,False,False,0,COLLISION
corridor,3,2,5,-1,5,-3,0,3,LEFT,NONE,False,True,15,,,,False,False,False,0,INVALID_BELIEF
corridor,3,2,5,0,4,-2,-1,3,LEFT,NONE,False,True,15,,,,False,False,False,0,INVALID_BELIEF
corridor,3,2,5,0,6,-2,1,3,LEFT,NONE,False,True,15,,,,False,False,False,0,INVALID_BELIEF
corridor,3,2,5,1,3,-1,-2,3,LEFT,DOWN,True,True,15,16,1,0.06666666666666667,True,False,False,0,COLLISION
corridor,3,2,5,1,7,-1,2,3,LEFT,RIGHT,True,True,15,17,2,0.13333333333333333,False,False,False,0,INADEQUATE
corridor,3,2,5,2,2,0,-3,3,LEFT,NONE,False,True,15,,,,False,False,False,0,INVALID_BELIEF
corridor,3,2,5,2,8,0,3,3,LEFT,NONE,False,True,15,,,,False,False,False,0,INVALID_BELIEF
corridor,3,2,5,3,3,1,-2,3,LEFT,LEFT,True,False,15,15,0,0.0,False,False,True,0,ADEQUATE
corridor,3,2,5,3,7,1,2,3,LEFT,RIGHT,True,True,15,17,2,0.13333333333333333,False,False,False,0,INADEQUATE
corridor,3,2,5,4,4,2,-1,3,LEFT,NONE,False,True,15,,,,False,False,False,0,INVALID_BELIEF
corridor,3,2,5,4,6,2,1,3,LEFT,NONE,False,True,15,,,,False,False,False,0,INVALID_BELIEF
corridor,3,2,5,5,5,3,0,3,LEFT,LEFT,True,False,15,15,0,0.0,False,False,True,0,ADEQUATE
corridor,3,3,5,0,5,-3,0,3,LEFT,NONE,False,True,16,,,,False,False,False,0,INVALID_BELIEF
corridor,3,3,5,1,4,-2,-1,3,LEFT,DOWN,True,True,16,17,1,0.0625,True,False,False,0,COLLISION
corridor,3,3,5,1,6,-2,1,3,LEFT,DOWN,True,True,16,17,1,0.0625,True,False,False,0,COLLISION
corridor,3,3,5,2,3,-1,-2,3,LEFT,LEFT,True,False,16,16,0,0.0,False,False,True,0,ADEQUATE
corridor,3,3,5,2,7,-1,2,3,LEFT,RIGHT,True,True,16,18,2,0.125,False,False,False,0,INADEQUATE
corridor,3,3,5,3,2,0,-3,3,LEFT,NONE,False,True,16,,,,False,False,False,0,INVALID_BELIEF
corridor,3,3,5,3,8,0,3,3,LEFT,NONE,False,True,16,,,,False,False,False,0,INVALID_BELIEF
corridor,3,3,5,4,3,1,-2,3,LEFT,RIGHT,True,True,16,18,2,0.125,False,False,False,0,INADEQUATE
corridor,3,3,5,4,7,1,2,3,LEFT,RIGHT,True,True,16,18,2,0.125,False,False,False,0,INADEQUATE
corridor,3,3,5,5,4,2,-1,3,LEFT,NONE,False,True,16,,,,False,False,False,0,INVALID_BELIEF
corridor,3,3,5,5,6,2,1,3,LEFT,NONE,False,True,16,,,,False,False,False,0,INVALID_BELIEF
corridor,3,3,5,6,5,3,0,3,LEFT,RIGHT,True,True,16,18,2,0.125,False,False,False,0,INADEQUATE
corridor,3,4,5,1,5,-3,0,3,LEFT,DOWN,True,True,17,18,1,0.058823529411764705,True,False,False,0,COLLISION
corridor,3,4,5,2,4,-2,-1,3,LEFT,NONE,False,True,17,,,,False,False,False,0,INVALID_BELIEF
corridor,3,4,5,2,6,-2,1,3,LEFT,NONE,False,True,17,,,,False,False,False,0,INVALID_BELIEF
corridor,3,4,5,3,3,-1,-2,3,LEFT,LEFT,True,False,17,17,0,0.0,False,False,True,0,ADEQUATE
corridor,3,4,5,3,7,-1,2,3,LEFT,RIGHT,True,True,17,19,2,0.11764705882352941,False,False,False,0,INADEQUATE
corridor,3,4,5,4,2,0,-3,3,LEFT,NONE,False,True,17,,,,False,False,False,0,INVALID_BELIEF
corridor,3,4,5,4,8,0,3,3,LEFT,NONE,False,True,17,,,,False,False,False,0,INVALID_BELIEF
corridor,3,4,5,5,3,1,-2,3,LEFT,UP,True,True,17,18,1,0.058823529411764705,True,False,False,0,COLLISION
corridor,3,4,5,5,7,1,2,3,LEFT,RIGHT,True,True,17,19,2,0.11764705882352941,False,False,False,0,INADEQUATE
corridor,3,4,5,6,4,2,-1,3,LEFT,NONE,False,True,17,,,,False,False,False,0,INVALID_BELIEF
corridor,3,4,5,6,6,2,1,3,LEFT,NONE,False,True,17,,,,False,False,False,0,INVALID_BELIEF
corridor,3,4,5,7,5,3,0,3,LEFT,UP,True,True,17,18,1,0.058823529411764705,True,False,False,0,COLLISION
corridor,3,5,5,2,5,-3,0,3,LEFT,LEFT,True,False,18,18,0,0.0,False,False,True,0,ADEQUATE
corridor,3,5,5,3,4,-2,-1,3,LEFT,NONE,False,True,18,,,,False,False,False,0,INVALID_BELIEF
corridor,3,5,5,3,6,-2,1,3,LEFT,NONE,False,True,18,,,,False,False,False,0,INVALID_BELIEF
corridor,3,5,5,4,3,-1,-2,3,LEFT,RIGHT,True,True,18,18,0,0.0,False,False,True,0,ADEQUATE
corridor,3,5,5,4,7,-1,2,3,LEFT,RIGHT,True,True,18,18,0,0.0,False,False,True,0,ADEQUATE
corridor,3,5,5,5,2,0,-3,3,LEFT,UP,True,True,18,19,1,0.05555555555555555,True,False,False,0,COLLISION
corridor,3,5,5,5,8,0,3,3,LEFT,NONE,False,True,18,,,,False,False,False,0,INVALID_BELIEF
corridor,3,5,5,6,3,1,-2,3,LEFT,NONE,False,True,18,,,,False,False,False,0,INVALID_BELIEF
corridor,3,5,5,6,7,1,2,3,LEFT,RIGHT,True,True,18,18,0,0.0,False,False,True,0,ADEQUATE
corridor,3,5,5,7,4,2,-1,3,LEFT,UP,True,True,18,19,1,0.05555555555555555,True,False,False,0,COLLISION
corridor,3,5,5,7,6,2,1,3,LEFT,NONE,False,True,18,,,,False,False,False,0,INVALID_BELIEF
corridor,3,5,5,8,5,3,0,3,LEFT,NONE,False,True,18,,,,False,False,False,0,INVALID_BELIEF
corridor,3,6,5,3,5,-3,0,3,RIGHT,LEFT,True,True,17,19,2,0.11764705882352941,False,False,False,0,INADEQUATE
corridor,3,6,5,4,4,-2,-1,3,RIGHT,NONE,False,True,17,,,,False,False,False,0,INVALID_BELIEF
corridor,3,6,5,4,6,-2,1,3,RIGHT,NONE,False,True,17,,,,False,False,False,0,INVALID_BELIEF
corridor,3,6,5,5,3,-1,-2,3,RIGHT,UP,True,True,17,18,1,0.058823529411764705,True,False,False,0,COLLISION
corridor,3,6,5,5,7,-1,2,3,RIGHT,RIGHT,True,False,17,17,0,0.0,False,False,True,0,ADEQUATE
corridor,3,6,5,6,2,0,-3,3,RIGHT,NONE,False,True,17,,,,False,False,False,0,INVALID_BELIEF
corridor,3,6,5,6,8,0,3,3,RIGHT,NONE,False,True,17,,,,False,False,False,0,INVALID_BELIEF
corridor,3,6,5,7,3,1,-2,3,RIGHT,RIGHT,True,False,17,17,0,0.0,False,False,True,0,ADEQUATE
corridor,3,6,5,7,7,1,2,3,RIGHT,RIGHT,True,False,17,17,0,0.0,False,False,True,0,ADEQUATE
corridor,3,6,5,8,4,2,-1,3,RIGHT,NONE,False,True,17,,,,False,False,False,0,INVALID_BELIEF
corridor,3,6,5,8,6,2,1,3,RIGHT,NONE,False,True,17,,,,False,False,False,0,INVALID_BELIEF
corridor,3,6,5,9,5,3,0,3,RIGHT,DOWN,True,True,17,18,1,0.058823529411764705,True,False,False,0,COLLISION
corridor,3,7,5,4,5,-3,0,3,UP,LEFT,True,True,16,18,2,0.125,False,False,False,0,INADEQUATE
corridor,3,7,5,5,4,-2,-1,3,UP,NONE,False,True,16,,,,False,False,False,0,INVALID_BELIEF
corridor,3,7,5,5,6,-2,1,3,UP,NONE,False,True,16,,,,False,False,False,0,INVALID_BELIEF
corridor,3,7,5,6,3,-1,-2,3,UP,NONE,False,True,16,,,,False,False,False,0,INVALID_BELIEF
corridor,3,7,5,6,7,-1,2,3,UP,RIGHT,True,True,16,17,1,0.0625,True,False,False,0,COLLISION
corridor,3,7,5,7,2,0,-3,3,UP,NONE,False,True,16,,,,False,False,False,0,INVALID_BELIEF
corridor,3,7,5,7,8,0,3,3,UP,NONE,False,True,16,,,,False,False,False,0,INVALID_BELIEF
corridor,3,7,5,8,3,1,-2,3,UP,RIGHT,True,True,16,17,1,0.0625,True,False,False,0,COLLISION
corridor,3,7,5,8,7,1,2,3,UP,RIGHT,True,True,16,17,1,0.0625,True,False,False,0,COLLISION
corridor,3,7,5,9,4,2,-1,3,UP,NONE,False,True,16,,,,False,False,False,0,INVALID_BELIEF
corridor,3,7,5,9,6,2,1,3,UP,DOWN,True,True,16,17,1,0.0625,True,False,False,0,COLLISION
corridor,3,7,5,10,5,3,0,3,UP,LEFT,True,True,16,18,2,0.125,False,False,False,0,INADEQUATE
corridor,3,9,5,6,5,-3,0,3,DOWN,RIGHT,True,True,6,8,2,0.3333333333333333,False,False,False,0,INADEQUATE
corridor,3,9,5,7,4,-2,-1,3,DOWN,UP,True,True,6,7,1,0.16666666666666666,True,False,False,0,COLLISION
corridor,3,9,5,7,6,-2,1,3,DOWN,NONE,False,True,6,,,,False,False,False,0,INVALID_BELIEF
corridor,3,9,5,8,3,-1,-2,3,DOWN,RIGHT,True,True,6,8,2,0.3333333333333333,False,False,False,0,INADEQUATE
corridor,3,9,5,8,7,-1,2,3,DOWN,RIGHT,True,True,6,8,2,0.3333333333333333,False,False,False,0,INADEQUATE
corridor,3,9,5,9,2,0,-3,3,DOWN,NONE,False,True,6,,,,False,False,False,0,INVALID_BELIEF
corridor,3,9,5,9,8,0,3,3,DOWN,NONE,False,True,6,,,,False,False,False,0,INVALID_BELIEF
corridor,3,9,5,10,3,1,-2,3,DOWN,RIGHT,True,True,6,8,2,0.3333333333333333,False,False,False,0,INADEQUATE
corridor,3,9,5,10,7,1,2,3,DOWN,RIGHT,True,True,6,8,2,0.3333333333333333,False,False,False,0,INADEQUATE
corridor,3,9,5,11,4,2,-1,3,DOWN,DOWN,True,False,6,6,0,0.0,False,False,True,0,ADEQUATE
corridor,3,9,5,11,6,2,1,3,DOWN,NONE,False,True,6,,,,False,False,False,0,INVALID_BELIEF
corridor,3,9,5,12,5,3,0,3,DOWN,NONE,False,True,6,,,,False,False,False,0,INVALID_BELIEF
corridor,3,10,5,7,5,-3,0,3,LEFT,UP,True,True,7,8,1,0.14285714285714285,True,False,False,0,COLLISION
corridor,3,10,5,8,4,-2,-1,3,LEFT,NONE,False,True,7,,,,False,False,False,0,INVALID_BELIEF
corridor,3,10,5,8,6,-2,1,3,LEFT,NONE,False,True,7,,,,False,False,False,0,INVALID_BELIEF
corridor,3,10,5,9,3,-1,-2,3,LEFT,RIGHT,True,True,7,9,2,0.2857142857142857,False,False,False,0,INADEQUATE
corridor,3,10,5,9,7,-1,2,3,LEFT,RIGHT,True,True,7,9,2,0.2857142857142857,False,False,False,0,INADEQUATE
corridor,3,10,5,10,2,0,-3,3,LEFT,NONE,False,True,7,,,,False,False,False,0,INVALID_BELIEF
corridor,3,10,5,10,8,0,3,3,LEFT,NONE,False,True,7,,,,False,False,False,0,INVALID_BELIEF
corridor,3,10,5,11,3,1,-2,3,LEFT,DOWN,True,True,7,8,1,0.14285714285714285,True,False,False,0,COLLISION
corridor,3,10,5,11,7,1,2,3,LEFT,RIGHT,True,True,7,9,2,0.2857142857142857,False,False,False,0,INADEQUATE
corridor,3,10,5,12,4,2,-1,3,LEFT,NONE,False,True,7,,,,False,False,False,0,INVALID_BELIEF
corridor,3,10,5,12,6,2,1,3,LEFT,NONE,False,True,7,,,,False,False,False,0,INVALID_BELIEF
corridor,3,10,5,13,5,3,0,3,LEFT,DOWN,True,True,7,8,1,0.14285714285714285,True,False,False,0,COLLISION
corridor,3,11,5,8,5,-3,0,3,LEFT,NONE,False,True,8,,,,False,False,False,0,INVALID_BELIEF
corridor,3,11,5,9,4,-2,-1,3,LEFT,NONE,False,True,8,,,,False,False,False,0,INVALID_BELIEF
corridor,3,11,5,9,6,-2,1,3,LEFT,DOWN,True,True,8,9,1,0.125,True,False,False,0,COLLISION
corridor,3,11,5,10,3,-1,-2,3,LEFT,RIGHT,True,True,8,9,1,0.125,True,False,False,0,COLLISION
corridor,3,11,5,10,7,-1,2,3,LEFT,RIGHT,True,True,8,9,1,0.125,True,False,False,0,COLLISION
corridor,3,11,5,11,2,0,-3,3,LEFT,NONE,False,True,8,,,,False,False,False,0,INVALID_BELIEF
corridor,3,11,5,11,8,0,3,3,LEFT,NONE,False,True,8,,,,False,False,False,0,INVALID_BELIEF
corridor,3,11,5,12,3,1,-2,3,LEFT,NONE,False,True,8,,,,False,False,False,0,INVALID_BELIEF
corridor,3,11,5,12,7,1,2,3,LEFT,RIGHT,True,True,8,9,1,0.125,True,False,False,0,COLLISION
corridor,3,11,5,13,4,2,-1,3,LEFT,DOWN,True,True,8,9,1,0.125,True,False,False,0,COLLISION
corridor,3,11,5,13,6,2,1,3,LEFT,DOWN,True,True,8,9,1,0.125,True,False,False,0,COLLISION
corridor,3,11,5,14,5,3,0,3,LEFT,NONE,False,True,8,,,,False,False,False,0,INVALID_BELIEF
corridor,3,13,5,10,5,-3,0,3,DOWN,LEFT,True,True,2,3,1,0.5,True,False,False,0,COLLISION
corridor,3,13,5,11,4,-2,-1,3,DOWN,DOWN,True,False,2,2,0,0.0,False,False,True,0,ADEQUATE
corridor,3,13,5,11,6,-2,1,3,DOWN,NONE,False,True,2,,,,False,False,False,0,INVALID_BELIEF
corridor,3,13,5,12,3,-1,-2,3,DOWN,NONE,False,True,2,,,,False,False,False,0,INVALID_BELIEF
corridor,3,13,5,12,7,-1,2,3,DOWN,RIGHT,True,True,2,3,1,0.5,True,False,False,0,COLLISION
corridor,3,13,5,13,2,0,-3,3,DOWN,DOWN,True,False,2,2,0,0.0,False,False,True,0,ADEQUATE
corridor,3,13,5,13,8,0,3,3,DOWN,NONE,False,True,2,,,,False,False,False,0,INVALID_BELIEF
corridor,3,13,5,14,3,1,-2,3,DOWN,NONE,False,True,2,,,,False,False,False,0,INVALID_BELIEF
corridor,3,13,5,14,7,1,2,3,DOWN,NONE,False,True,2,,,,False,False,False,0,INVALID_BELIEF
corridor,3,13,5,15,4,2,-1,3,DOWN,NONE,False,True,2,,,,False,False,False,0,INVALID_BELIEF
corridor,3,13,5,15,6,2,1,3,DOWN,NONE,False,True,2,,,,False,False,False,0,INVALID_BELIEF
corridor,3,13,5,16,5,3,0,3,DOWN,NONE,False,True,2,,,,False,False,False,0,INVALID_BELIEF
corridor,3,1,6,-2,6,-3,0,3,DOWN,NONE,False,True,13,,,,False,False,False,0,INVALID_BELIEF
corridor,3,1,6,-1,5,-2,-1,3,DOWN,NONE,False,True,13,,,,False,False,False,0,INVALID_BELIEF
corridor,3,1,6,-1,7,-2,1,3,DOWN,NONE,False,True,13,,,,False,False,False,0,INVALID_BELIEF
corridor,3,1,6,0,4,-1,-2,3,DOWN,NONE,False,True,13,,,,False,False,False,0,INVALID_BELIEF
corridor,3,1,6,0,8,-1,2,3,DOWN,NONE,False,True,13,,,,False,False,False,0,INVALID_BELIEF
corridor,3,1,6,1,3,0,-3,3,DOWN,DOWN,True,False,13,13,0,0.0,False,False,True,0,ADEQUATE
corridor,3,1,6,1,9,0,3,3,DOWN,NONE,False,True,13,,,,False,False,False,0,INVALID_BELIEF
corridor,3,1,6,2,4,1,-2,3,DOWN,NONE,False,True,13,,,,False,False,False,0,INVALID_BELIEF
corridor,3,1,6,2,8,1,2,3,DOWN,NONE,False,True,13,,,,False,False,False,0,INVALID_BELIEF
corridor,3,1,6,3,5,2,-1,3,DOWN,LEFT,True,True,13,14,1,0.07692307692307693,True,False,False,0,COLLISION
corridor,3,1,6,3,7,2,1,3,DOWN,RIGHT,True,True,13,14,1,0.07692307692307693,True,False,False,0,COLLISION
corridor,3,1,6,4,6,3,0,3,DOWN,NONE,False,True,13,,,,False,False,False,0,INVALID_BELIEF
corridor,3,9,6,6,6,-3,0,3,DOWN,NONE,False,True,5,,,,False,False,False,0,INVALID_BELIEF
corridor,3,9,6,7,5,-2,-1,3,DOWN,UP,True,True,5,7,2,0.4,False,False,False,0,INADEQUATE
corridor,3,9,6,7,7,-2,1,3,DOWN,RIGHT,True,True,5,6,1,0.2,True,False,False,0,COLLISION
corridor,3,9,6,8,4,-1,-2,3,DOWN,NONE,False,True,5,,,,False,False,False,0,INVALID_BELIEF
corridor,3,9,6,8,8,-1,2,3,DOWN,NONE,False,True,5,,,,False,False,False,0,INVALID_BELIEF
corridor,3,9,6,9,3,0,-3,3,DOWN,RIGHT,True,True,5,6,1,0.2,True,False,False,0,COLLISION
corridor,3,9,6,9,9,0,3,3,DOWN,NONE,False,True,5,,,,False,False,False,0,INVALID_BELIEF
corridor,3,9,6,10,4,1,-2,3,DOWN,NONE,False,True,5,,,,False,False,False,0,INVALID_BELIEF
corridor,3,9,6,10,8,1,2,3,DOWN,NONE,False,True,5,,,,False,False,False,0,INVALID_BELIEF
corridor,3,9,6,11,5,2,-1,3,DOWN,LEFT,True,True,5,6,1,0.2,True,False,False,0,COLLISION
corridor,3,9,6,11,7,2,1,3,DOWN,RIGHT,True,True,5,6,1,0.2,True,False,False,0,COLLISION
corridor,3,9,6,12,6,3,0,3,DOWN,NONE,False,True,5,,,,False,False,False,0,INVALID_BELIEF
corridor,3,13,6,10,6,-3,0,3,DOWN,NONE,False,True,1,,,,False,False,False,0,INVALID_BELIEF
corridor,3,13,6,11,5,-2,-1,3,DOWN,LEFT,True,True,1,2,1,1.0,True,False,False,0,COLLISION
corridor,3,13,6,11,7,-2,1,3,DOWN,RIGHT,True,True,1,2,1,1.0,True,False,False,0,COLLISION
corridor,3,13,6,12,4,-1,-2,3,DOWN,NONE,False,True,1,,,,False,False,False,0,INVALID_BELIEF
corridor,3,13,6,12,8,-1,2,3,DOWN,NONE,False,True,1,,,,False,False,False,0,INVALID_BELIEF
corridor,3,13,6,13,3,0,-3,3,DOWN,DOWN,True,False,1,1,0,0.0,False,False,True,0,ADEQUATE
corridor,3,13,6,13,9,0,3,3,DOWN,NONE,False,True,1,,,,False,False,False,0,INVALID_BELIEF
corridor,3,13,6,14,4,1,-2,3,DOWN,NONE,False,True,1,,,,False,False,False,0,INVALID_BELIEF
corridor,3,13,6,14,8,1,2,3,DOWN,NONE,False,True,1,,,,False,False,False,0,INVALID_BELIEF
corridor,3,13,6,15,5,2,-1,3,DOWN,NONE,False,True,1,,,,False,False,False,0,INVALID_BELIEF
corridor,3,13,6,15,7,2,1,3,DOWN,NONE,False,True,1,,,,False,False,False,0,INVALID_BELIEF
corridor,3,13,6,16,6,3,0,3,DOWN,NONE,False,True,1,,,,False,False,False,0,INVALID_BELIEF
corridor,3,1,7,-2,7,-3,0,3,RIGHT,NONE,False,True,12,,,,False,False,False,0,INVALID_BELIEF
corridor,3,1,7,-1,6,-2,-1,3,RIGHT,NONE,False,True,12,,,,False,False,False,0,INVALID_BELIEF
corridor,3,1,7,-1,8,-2,1,3,RIGHT,NONE,False,True,12,,,,False,False,False,0,INVALID_BELIEF
corridor,3,1,7,0,5,-1,-2,3,RIGHT,NONE,False,True,12,,,,False,False,False,0,INVALID_BELIEF
corridor,3,1,7,0,9,-1,2,3,RIGHT,NONE,False,True,12,,,,False,False,False,0,INVALID_BELIEF
corridor,3,1,7,1,4,0,-3,3,RIGHT,DOWN,True,True,12,13,1,0.08333333333333333,True,False,False,0,COLLISION
corridor,3,1,7,1,10,0,3,3,RIGHT,NONE,False,True,12,,,,False,False,False,0,INVALID_BELIEF
corridor,3,1,7,2,5,1,-2,3,RIGHT,LEFT,True,True,12,13,1,0.08333333333333333,True,False,False,0,COLLISION
corridor,3,1,7,2,9,1,2,3,RIGHT,NONE,False,True,12,,,,False,False,False,0,INVALID_BELIEF
corridor,3,1,7,3,6,2,-1,3,RIGHT,NONE,False,True,12,,,,False,False,False,0,INVALID_BELIEF
corridor,3,1,7,3,8,2,1,3,RIGHT,NONE,False,True,12,,,,False,False,False,0,INVALID_BELIEF
corridor,3,1,7,4,7,3,0,3,RIGHT,RIGHT,True,False,12,12,0,0.0,False,False,True,0,ADEQUATE
corridor,3,2,7,-1,7,-3,0,3,RIGHT,NONE,False,True,11,,,,False,False,False,0,INVALID_BELIEF
corridor,3,2,7,0,6,-2,-1,3,RIGHT,NONE,False,True,11,,,,False,False,False,0,INVALID_BELIEF
corridor,3,2,7,0,8,-2,1,3,RIGHT,NONE,False,True,11,,,,False,False,False,0,INVALID_BELIEF
corridor,3,2,7,1,5,-1,-2,3,RIGHT,DOWN,True,True,11,12,1,0.09090909090909091,True,False,False,0,COLLISION
corridor,3,2,7,1,9,-1,2,3,RIGHT,NONE,False,True,11,,,,False,False,False,0,INVALID_BELIEF
corridor,3,2,7,2,4,0,-3,3,RIGHT,NONE,False,True,11,,,,False,False,False,0,INVALID_BELIEF
corridor,3,2,7,2,10,0,3,3,RIGHT,NONE,False,True,11,,,,False,False,False,0,INVALID_BELIEF
corridor,3,2,7,3,5,1,-2,3,RIGHT,LEFT,True,True,11,13,2,0.18181818181818182,False,False,False,0,INADEQUATE
corridor,3,2,7,3,9,1,2,3,RIGHT,NONE,False,True,11,,,,False,False,False,0,INVALID_BELIEF
corridor,3,2,7,4,6,2,-1,3,RIGHT,NONE,False,True,11,,,,False,False,False,0,INVALID_BELIEF
corridor,3,2,7,4,8,2,1,3,RIGHT,NONE,False,True,11,,,,False,False,False,0,INVALID_BELIEF
corridor,3,2,7,5,7,3,0,3,RIGHT,RIGHT,True,False,11,11,0,0.0,False,False,True,0,ADEQUATE
corridor,3,3,7,0,7,-3,0,3,RIGHT,NONE,False,True,10,,,,False,False,False,0,INVALID_BELIEF
corridor,3,3,7,1,6,-2,-1,3,RIGHT,DOWN,True,True,10,11,1,0.1,True,False,False,0,COLLISION
corridor,3,3,7,1,8,-2,1,3,RIGHT,NONE,False,True,10,,,,False,False,False,0,INVALID_BELIEF
corridor,3,3,7,2,5,-1,-2,3,RIGHT,LEFT,True,True,10,12,2,0.2,False,False,False,0,INADEQUATE
corridor,3,3,7,2,9,-1,2,3,RIGHT,NONE,False,True,10,,,,False,False,False,0,INVALID_BELIEF
corridor,3,3,7,3,4,0,-3,3,RIGHT,NONE,False,True,10,,,,False,False,False,0,INVALID_BELIEF
corridor,3,3,7,3,10,0,3,3,RIGHT,NONE,False,True,10,,,,False,False,False,0,INVALID_BELIEF
corridor,3,3,7,4,5,1,-2,3,RIGHT,LEFT,True,True,10,12,2,0.2,False,False,False,0,INADEQUATE
corridor,3,3,7,4,9,1,2,3,RIGHT,NONE,False,True,10,,,,False,False,False,0,INVALID_BELIEF
corridor,3,3,7,5,6,2,-1,3,RIGHT,NONE,False,True,10,,,,False,False,False,0,INVALID_BELIEF
corridor,3,3,7,5,8,2,1,3,RIGHT,NONE,False,True,10,,,,False,False,False,0,INVALID_BELIEF
corridor,3,3,7,6,7,3,0,3,RIGHT,RIGHT,True,False,10,10,0,0.0,False,False,True,0,ADEQUATE
corridor,3,4,7,1,7,-3,0,3,RIGHT,RIGHT,True,False,9,9,0,0.0,False,False,True,0,ADEQUATE
corridor,3,4,7,2,6,-2,-1,3,RIGHT,NONE,False,True,9,,,,False,False,False,0,INVALID_BELIEF
corridor,3,4,7,2,8,-2,1,3,RIGHT,NONE,False,True,9,,,,False,False,False,0,INVALID_BELIEF
corridor,3,4,7,3,5,-1,-2,3,RIGHT,LEFT,True,True,9,11,2,0.2222222222222222,False,False,False,0,INADEQUATE
corridor,3,4,7,3,9,-1,2,3,RIGHT,NONE,False,True,9,,,,False,False,False,0,INVALID_BELIEF
corridor,3,4,7,4,4,0,-3,3,RIGHT,NONE,False,True,9,,,,False,False,False,0,INVALID_BELIEF
corridor,3,4,7,4,10,0,3,3,RIGHT,NONE,False,True,9,,,,False,False,False,0,INVALID_BELIEF
corridor,3,4,7,5,5,1,-2,3,RIGHT,LEFT,True,True,9,11,2,0.2222222222222222,False,False,False,0,INADEQUATE
corridor,3,4,7,5,9,1,2,3,RIGHT,NONE,False,True,9,,,,False,False,False,0,INVALID_BELIEF
corridor,3,4,7,6,6,2,-1,3,RIGHT,NONE,False,True,9,,,,False,False,False,0,INVALID_BELIEF
corridor,3,4,7,6,8,2,1,3,RIGHT,NONE,False,True,9,,,,False,False,False,0,INVALID_BELIEF
corridor,3,4,7,7,7,3,0,3,RIGHT,RIGHT,True,False,9,9,0,0.0,False,False,True,0,ADEQUATE
corridor,3,5,7,2,7,-3,0,3,RIGHT,RIGHT,True,False,8,8,0,0.0,False,False,True,0,ADEQUATE
corridor,3,5,7,3,6,-2,-1,3,RIGHT,NONE,False,True,8,,,,False,False,False,0,INVALID_BELIEF
corridor,3,5,7,3,8,-2,1,3,RIGHT,NONE,False,True,8,,,,False,False,False,0,INVALID_BELIEF
corridor,3,5,7,4,5,-1,-2,3,RIGHT,LEFT,True,True,8,10,2,0.25,False,False,False,0,INADEQUATE
corridor,3,5,7,4,9,-1,2,3,RIGHT,NONE,False,True,8,,,,False,False,False,0,INVALID_BELIEF
corridor,3,5,7,5,4,0,-3,3,RIGHT,NONE,False,True,8,,,,False,False,False,0,INVALID_BELIEF
corridor,3,5,7,5,10,0,3,3,RIGHT,NONE,False,True,8,,,,False,False,False,0,INVALID_BELIEF
corridor,3,5,7,6,5,1,-2,3,RIGHT,RIGHT,True,False,8,8,0,0.0,False,False,True,0,ADEQUATE
corridor,3,5,7,6,9,1,2,3,RIGHT,NONE,False,True,8,,,,False,False,False,0,INVALID_BELIEF
corridor,3,5,7,7,6,2,-1,3,RIGHT,NONE,False,True,8,,,,False,False,False,0,INVALID_BELIEF
corridor,3,5,7,7,8,2,1,3,RIGHT,NONE,False,True,8,,,,False,False,False,0,INVALID_BELIEF
corridor,3,5,7,8,7,3,0,3,RIGHT,RIGHT,True,False,8,8,0,0.0,False,False,True,0,ADEQUATE
corridor,3,6,7,3,7,-3,0,3,RIGHT,RIGHT,True,False,7,7,0,0.0,False,False,True,0,ADEQUATE
corridor,3,6,7,4,6,-2,-1,3,RIGHT,NONE,False,True,7,,,,False,False,False,0,INVALID_BELIEF
corridor,3,6,7,4,8,-2,1,3,RIGHT,NONE,False,True,7,,,,False,False,False,0,INVALID_BELIEF
corridor,3,6,7,5,5,-1,-2,3,RIGHT,LEFT,True,True,7,9,2,0.2857142857142857,False,False,False,0,INADEQUATE
corridor,3,6,7,5,9,-1,2,3,RIGHT,NONE,False,True,7,,,,False,False,False,0,INVALID_BELIEF
corridor,3,6,7,6,4,0,-3,3,RIGHT,NONE,False,True,7,,,,False,False,False,0,INVALID_BELIEF
corridor,3,6,7,6,10,0,3,3,RIGHT,NONE,False,True,7,,,,False,False,False,0,INVALID_BELIEF
corridor,3,6,7,7,5,1,-2,3,RIGHT,UP,True,True,7,8,1,0.14285714285714285,True,False,False,0,COLLISION
corridor,3,6,7,7,9,1,2,3,RIGHT,NONE,False,True,7,,,,False,False,False,0,INVALID_BELIEF
corridor,3,6,7,8,6,2,-1,3,RIGHT,NONE,False,True,7,,,,False,False,False,0,INVALID_BELIEF
corridor,3,6,7,8,8,2,1,3,RIGHT,NONE,False,True,7,,,,False,False,False,0,INVALID_BELIEF
corridor,3,6,7,9,7,3,0,3,RIGHT,RIGHT,True,False,7,7,0,0.0,False,False,True,0,ADEQUATE
corridor,3,7,7,4,7,-3,0,3,RIGHT,RIGHT,True,False,6,6,0,0.0,False,False,True,0,ADEQUATE
corridor,3,7,7,5,6,-2,-1,3,RIGHT,NONE,False,True,6,,,,False,False,False,0,INVALID_BELIEF
corridor,3,7,7,5,8,-2,1,3,RIGHT,NONE,False,True,6,,,,False,False,False,0,INVALID_BELIEF
corridor,3,7,7,6,5,-1,-2,3,RIGHT,RIGHT,True,False,6,6,0,0.0,False,False,True,0,ADEQUATE
corridor,3,7,7,6,9,-1,2,3,RIGHT,NONE,False,True,6,,,,False,False,False,0,INVALID_BELIEF
corridor,3,7,7,7,4,0,-3,3,RIGHT,UP,True,True,6,7,1,0.16666666666666666,True,False,False,0,COLLISION
corridor,3,7,7,7,10,0,3,3,RIGHT,NONE,False,True,6,,,,False,False,False,0,INVALID_BELIEF
corridor,3,7,7,8,5,1,-2,3,RIGHT,NONE,False,True,6,,,,False,False,False,0,INVALID_BELIEF
corridor,3,7,7,8,9,1,2,3,RIGHT,NONE,False,True,6,,,,False,False,False,0,INVALID_BELIEF
corridor,3,7,7,9,6,2,-1,3,RIGHT,DOWN,True,True,6,7,1,0.16666666666666666,True,False,False,0,COLLISION
corridor,3,7,7,9,8,2,1,3,RIGHT,NONE,False,True,6,,,,False,False,False,0,INVALID_BELIEF
corridor,3,7,7,10,7,3,0,3,RIGHT,RIGHT,True,False,6,6,0,0.0,False,False,True,0,ADEQUATE
corridor,3,8,7,5,7,-3,0,3,RIGHT,RIGHT,True,False,5,5,0,0.0,False,False,True,0,ADEQUATE
corridor,3,8,7,6,6,-2,-1,3,RIGHT,NONE,False,True,5,,,,False,False,False,0,INVALID_BELIEF
corridor,3,8,7,6,8,-2,1,3,RIGHT,NONE,False,True,5,,,,False,False,False,0,INVALID_BELIEF
corridor,3,8,7,7,5,-1,-2,3,RIGHT,UP,True,True,5,6,1,0.2,True,False,False,0,COLLISION
corridor,3,8,7,7,9,-1,2,3,RIGHT,NONE,False,True,5,,,,False,False,False,0,INVALID_BELIEF
corridor,3,8,7,8,4,0,-3,3,RIGHT,NONE,False,True,5,,,,False,False,False,0,INVALID_BELIEF
corridor,3,8,7,8,10,0,3,3,RIGHT,NONE,False,True,5,,,,False,False,False,0,INVALID_BELIEF
corridor,3,8,7,9,5,1,-2,3,RIGHT,DOWN,True,True,5,6,1,0.2,True,False,False,0,COLLISION
corridor,3,8,7,9,9,1,2,3,RIGHT,NONE,False,True,5,,,,False,False,False,0,INVALID_BELIEF
corridor,3,8,7,10,6,2,-1,3,RIGHT,NONE,False,True,5,,,,False,False,False,0,INVALID_BELIEF
corridor,3,8,7,10,8,2,1,3,RIGHT,NONE,False,True,5,,,,False,False,False,0,INVALID_BELIEF
corridor,3,8,7,11,7,3,0,3,RIGHT,RIGHT,True,False,5,5,0,0.0,False,False,True,0,ADEQUATE
corridor,3,9,7,6,7,-3,0,3,RIGHT,RIGHT,True,False,4,4,0,0.0,False,False,True,0,ADEQUATE
corridor,3,9,7,7,6,-2,-1,3,RIGHT,NONE,False,True,4,,,,False,False,False,0,INVALID_BELIEF
corridor,3,9,7,7,8,-2,1,3,RIGHT,NONE,False,True,4,,,,False,False,False,0,INVALID_BELIEF
corridor,3,9,7,8,5,-1,-2,3,RIGHT,NONE,False,True,4,,,,False,False,False,0,INVALID_BELIEF
corridor,3,9,7,8,9,-1,2,3,RIGHT,NONE,False,True,4,,,,False,False,False,0,INVALID_BELIEF
corridor,3,9,7,9,4,0,-3,3,RIGHT,NONE,False,True,4,,,,False,False,False,0,INVALID_BELIEF
corridor,3,9,7,9,10,0,3,3,RIGHT,NONE,False,True,4,,,,False,False,False,0,INVALID_BELIEF
corridor,3,9,7,10,5,1,-2,3,RIGHT,LEFT,True,True,4,6,2,0.5,False,False,False,0,INADEQUATE
corridor,3,9,7,10,9,1,2,3,RIGHT,NONE,False,True,4,,,,False,False,False,0,INVALID_BELIEF
corridor,3,9,7,11,6,2,-1,3,RIGHT,NONE,False,True,4,,,,False,False,False,0,INVALID_BELIEF
corridor,3,9,7,11,8,2,1,3,RIGHT,NONE,False,True,4,,,,False,False,False,0,INVALID_BELIEF
corridor,3,9,7,12,7,3,0,3,RIGHT,RIGHT,True,False,4,4,0,0.0,False,False,True,0,ADEQUATE
corridor,3,10,7,7,7,-3,0,3,RIGHT,RIGHT,True,False,3,3,0,0.0,False,False,True,0,ADEQUATE
corridor,3,10,7,8,6,-2,-1,3,RIGHT,NONE,False,True,3,,,,False,False,False,0,INVALID_BELIEF
corridor,3,10,7,8,8,-2,1,3,RIGHT,NONE,False,True,3,,,,False,False,False,0,INVALID_BELIEF
corridor,3,10,7,9,5,-1,-2,3,RIGHT,DOWN,True,True,3,4,1,0.3333333333333333,True,False,False,0,COLLISION
corridor,3,10,7,9,9,-1,2,3,RIGHT,NONE,False,True,3,,,,False,False,False,0,INVALID_BELIEF
corridor,3,10,7,10,4,0,-3,3,RIGHT,NONE,False,True,3,,,,False,False,False,0,INVALID_BELIEF
corridor,3,10,7,10,10,0,3,3,RIGHT,NONE,False,True,3,,,,False,False,False,0,INVALID_BELIEF
corridor,3,10,7,11,5,1,-2,3,RIGHT,LEFT,True,True,3,5,2,0.6666666666666666,False,False,False,0,INADEQUATE
corridor,3,10,7,11,9,1,2,3,RIGHT,NONE,False,True,3,,,,False,False,False,0,INVALID_BELIEF
corridor,3,10,7,12,6,2,-1,3,RIGHT,NONE,False,True,3,,,,False,False,False,0,INVALID_BELIEF
corridor,3,10,7,12,8,2,1,3,RIGHT,NONE,False,True,3,,,,False,False,False,0,INVALID_BELIEF
corridor,3,10,7,13,7,3,0,3,RIGHT,NONE,True,True,3,,,,False,True,False,0,FALSE_TERMINAL
corridor,3,11,7,8,7,-3,0,3,RIGHT,RIGHT,True,False,2,2,0,0.0,False,False,True,0,ADEQUATE
corridor,3,11,7,9,6,-2,-1,3,RIGHT,DOWN,True,True,2,3,1,0.5,True,False,False,0,COLLISION
corridor,3,11,7,9,8,-2,1,3,RIGHT,NONE,False,True,2,,,,False,False,False,0,INVALID_BELIEF
corridor,3,11,7,10,5,-1,-2,3,RIGHT,LEFT,True,True,2,4,2,1.0,False,False,False,0,INADEQUATE
corridor,3,11,7,10,9,-1,2,3,RIGHT,NONE,False,True,2,,,,False,False,False,0,INVALID_BELIEF
corridor,3,11,7,11,4,0,-3,3,RIGHT,DOWN,True,True,2,3,1,0.5,True,False,False,0,COLLISION
corridor,3,11,7,11,10,0,3,3,RIGHT,NONE,False,True,2,,,,False,False,False,0,INVALID_BELIEF
corridor,3,11,7,12,5,1,-2,3,RIGHT,NONE,False,True,2,,,,False,False,False,0,INVALID_BELIEF
corridor,3,11,7,12,9,1,2,3,RIGHT,NONE,False,True,2,,,,False,False,False,0,INVALID_BELIEF
corridor,3,11,7,13,6,2,-1,3,RIGHT,DOWN,True,True,2,3,1,0.5,True,False,False,0,COLLISION
corridor,3,11,7,13,8,2,1,3,RIGHT,NONE,False,True,2,,,,False,False,False,0,INVALID_BELIEF
corridor,3,11,7,14,7,3,0,3,RIGHT,NONE,False,True,2,,,,False,False,False,0,INVALID_BELIEF
corridor,3,12,7,9,7,-3,0,3,RIGHT,RIGHT,True,False,1,1,0,0.0,False,False,True,0,ADEQUATE
corridor,3,12,7,10,6,-2,-1,3,RIGHT,NONE,False,True,1,,,,False,False,False,0,INVALID_BELIEF
corridor,3,12,7,10,8,-2,1,3,RIGHT,NONE,False,True,1,,,,False,False,False,0,INVALID_BELIEF
corridor,3,12,7,11,5,-1,-2,3,RIGHT,LEFT,True,True,1,3,2,2.0,False,False,False,0,INADEQUATE
corridor,3,12,7,11,9,-1,2,3,RIGHT,NONE,False,True,1,,,,False,False,False,0,INVALID_BELIEF
corridor,3,12,7,12,4,0,-3,3,RIGHT,NONE,False,True,1,,,,False,False,False,0,INVALID_BELIEF
corridor,3,12,7,12,10,0,3,3,RIGHT,NONE,False,True,1,,,,False,False,False,0,INVALID_BELIEF
corridor,3,12,7,13,5,1,-2,3,RIGHT,DOWN,True,True,1,2,1,1.0,True,False,False,0,COLLISION
corridor,3,12,7,13,9,1,2,3,RIGHT,NONE,False,True,1,,,,False,False,False,0,INVALID_BELIEF
corridor,3,12,7,14,6,2,-1,3,RIGHT,NONE,False,True,1,,,,False,False,False,0,INVALID_BELIEF
corridor,3,12,7,14,8,2,1,3,RIGHT,NONE,False,True,1,,,,False,False,False,0,INVALID_BELIEF
corridor,3,12,7,15,7,3,0,3,RIGHT,NONE,False,True,1,,,,False,False,False,0,INVALID_BELIEF
corridor,4,1,1,-3,1,-4,0,4,RIGHT,NONE,False,True,18,,,,False,False,False,0,INVALID_BELIEF
corridor,4,1,1,-2,0,-3,-1,4,RIGHT,NONE,False,True,18,,,,False,False,False,0,INVALID_BELIEF
corridor,4,1,1,-2,2,-3,1,4,RIGHT,NONE,False,True,18,,,,False,False,False,0,INVALID_BELIEF
corridor,4,1,1,-1,-1,-2,-2,4,RIGHT,NONE,False,True,18,,,,False,False,False,0,INVALID_BELIEF
corridor,4,1,1,-1,3,-2,2,4,RIGHT,NONE,False,True,18,,,,False,False,False,0,INVALID_BELIEF
corridor,4,1,1,0,-2,-1,-3,4,RIGHT,NONE,False,True,18,,,,False,False,False,0,INVALID_BELIEF
corridor,4,1,1,0,4,-1,3,4,RIGHT,NONE,False,True,18,,,,False,False,False,0,INVALID_BELIEF
corridor,4,1,1,1,-3,0,-4,4,RIGHT,NONE,False,True,18,,,,False,False,False,0,INVALID_BELIEF
corridor,4,1,1,1,5,0,4,4,RIGHT,DOWN,True,True,18,19,1,0.05555555555555555,True,False,False,0,COLLISION
corridor,4,1,1,2,-2,1,-3,4,RIGHT,NONE,False,True,18,,,,False,False,False,0,INVALID_BELIEF
corridor,4,1,1,2,4,1,3,4,RIGHT,NONE,False,True,18,,,,False,False,False,0,INVALID_BELIEF
corridor,4,1,1,3,-1,2,-2,4,RIGHT,NONE,False,True,18,,,,False,False,False,0,INVALID_BELIEF
corridor,4,1,1,3,3,2,2,4,RIGHT,LEFT,True,True,18,19,1,0.05555555555555555,True,False,False,0,COLLISION
corridor,4,1,1,4,0,3,-1,4,RIGHT,NONE,False,True,18,,,,False,False,False,0,INVALID_BELIEF
corridor,4,1,1,4,2,3,1,4,RIGHT,NONE,False,True,18,,,,False,False,False,0,INVALID_BELIEF
corridor,4,1,1,5,1,4,0,4,RIGHT,RIGHT,True,False,18,18,0,0.0,False,False,True,0,ADEQUATE
corridor,4,2,1,-2,1,-4,0,4,RIGHT,NONE,False,True,17,,,,False,False,False,0,INVALID_BELIEF
corridor,4,2,1,-1,0,-3,-1,4,RIGHT,NONE,False,True,17,,,,False,False,False,0,INVALID_BELIEF
corridor,4,2,1,-1,2,-3,1,4,RIGHT,NONE,False,True,17,,,,False,False,False,0,INVALID_BELIEF
corridor,4,2,1,0,-1,-2,-2,4,RIGHT,NONE,False,True,17,,,,False,False,False,0,INVALID_BELIEF
corridor,4,2,1,0,3,-2,2,4,RIGHT,NONE,False,True,17,,,,False,False,False,0,INVALID_BELIEF
corridor,4,2,1,1,-2,-1,-3,4,RIGHT,NONE,False,True,17,,,,False,False,False,0,INVALID_BELIEF
corridor,4,2,1,1,4,-1,3,4,RIGHT,DOWN,True,True,17,18,1,0.058823529411764705,True,False,False,0,COLLISION
corridor,4,2,1,2,-3,0,-4,4,RIGHT,NONE,False,True,17,,,,False,False,False,0,INVALID_BELIEF
corridor,4,2,1,2,5,0,4,4,RIGHT,LEFT,True,True,17,19,2,0.11764705882352941,False,False,False,0,INADEQUATE
corridor,4,2,1,3,-2,1,-3,4,RIGHT,NONE,False,True,17,,,,False,False,False,0,INVALID_BELIEF
corridor,4,2,1,3,4,1,3,4,RIGHT,NONE,False,True,17,,,,False,False,False,0,INVALID_BELIEF
corridor,4,2,1,4,-1,2,-2,4,RIGHT,NONE,False,True,17,,,,False,False,False,0,INVALID_BELIEF
corridor,4,2,1,4,3,2,2,4,RIGHT,RIGHT,True,False,17,17,0,0.0,False,False,True,0,ADEQUATE
corridor,4,2,1,5,0,3,-1,4,RIGHT,NONE,False,True,17,,,,False,False,False,0,INVALID_BELIEF
corridor,4,2,1,5,2,3,1,4,RIGHT,UP,True,True,17,18,1,0.058823529411764705,True,False,False,0,COLLISION
corridor,4,2,1,6,1,4,0,4,RIGHT,RIGHT,True,False,17,17,0,0.0,False,False,True,0,ADEQUATE
corridor,4,3,1,-1,1,-4,0,4,RIGHT,NONE,False,True,16,,,,False,False,False,0,INVALID_BELIEF
corridor,4,3,1,0,0,-3,-1,4,RIGHT,NONE,False,True,16,,,,False,False,False,0,INVALID_BELIEF
corridor,4,3,1,0,2,-3,1,4,RIGHT,NONE,False,True,16,,,,False,False,False,0,INVALID_BELIEF
corridor,4,3,1,1,-1,-2,-2,4,RIGHT,NONE,False,True,16,,,,False,False,False,0,INVALID_BELIEF
corridor,4,3,1,1,3,-2,2,4,RIGHT,DOWN,True,True,16,17,1,0.0625,True,False,False,0,COLLISION
corridor,4,3,1,2,-2,-1,-3,4,RIGHT,NONE,False,True,16,,,,False,False,False,0,INVALID_BELIEF
corridor,4,3,1,2,4,-1,3,4,RIGHT,NONE,False,True,16,,,,False,False,False,0,INVALID_BELIEF
corridor,4,3,1,3,-3,0,-4,4,RIGHT,NONE,False,True,16,,,,False,False,False,0,INVALID_BELIEF
corridor,4,3,1,3,5,0,4,4,RIGHT,LEFT,True,True,16,18,2,0.125,False,False,False,0,INADEQUATE
corridor,4,3,1,4,-2,1,-3,4,RIGHT,NONE,False,True,16,,,,False,False,False,0,INVALID_BELIEF
corridor,4,3,1,4,4,1,3,4,RIGHT,NONE,False,True,16,,,,False,False,False,0,INVALID_BELIEF
corridor,4,3,1,5,-1,2,-2,4,RIGHT,NONE,False,True,16,,,,False,False,False,0,INVALID_BELIEF
corridor,4,3,1,5,3,2,2,4,RIGHT,UP,True,True,16,17,1,0.0625,True,False,False,0,COLLISION
corridor,4,3,1,6,0,3,-1,4,RIGHT,NONE,False,True,16,,,,False,False,False,0,INVALID_BELIEF
corridor,4,3,1,6,2,3,1,4,RIGHT,NONE,False,True,16,,,,False,False,False,0,INVALID_BELIEF
corridor,4,3,1,7,1,4,0,4,RIGHT,RIGHT,True,False,16,16,0,0.0,False,False,True,0,ADEQUATE
corridor,4,4,1,0,1,-4,0,4,RIGHT,NONE,False,True,15,,,,False,False,False,0,INVALID_BELIEF
corridor,4,4,1,1,0,-3,-1,4,RIGHT,NONE,False,True,15,,,,False,False,False,0,INVALID_BELIEF
corridor,4,4,1,1,2,-3,1,4,RIGHT,NONE,False,True,15,,,,False,False,False,0,INVALID_BELIEF
corridor,4,4,1,2,-1,-2,-2,4,RIGHT,NONE,False,True,15,,,,False,False,False,0,INVALID_BELIEF
corridor,4,4,1,2,3,-2,2,4,RIGHT,LEFT,True,True,15,17,2,0.13333333333333333,False,False,False,0,INADEQUATE
corridor,4,4,1,3,-2,-1,-3,4,RIGHT,NONE,False,True,15,,,,False,False,False,0,INVALID_BELIEF
corridor,4,4,1,3,4,-1,3,4,RIGHT,NONE,False,True,15,,,,False,False,False,0,INVALID_BELIEF
corridor,4,4,1,4,-3,0,-4,4,RIGHT,NONE,False,True,15,,,,False,False,False,0,INVALID_BELIEF
corridor,4,4,1,4,5,0,4,4,RIGHT,LEFT,True,True,15,17,2,0.13333333333333333,False,False,False,0,INADEQUATE
corridor,4,4,1,5,-2,1,-3,4,RIGHT,NONE,False,True,15,,,,False,False,False,0,INVALID_BELIEF
corridor,4,4,1,5,4,1,3,4,RIGHT,NONE,False,True,15,,,,False,False,False,0,INVALID_BELIEF
corridor,4,4,1,6,-1,2,-2,4,RIGHT,NONE,False,True,15,,,,False,False,False,0,INVALID_BELIEF
corridor,4,4,1,6,3,2,2,4,RIGHT,NONE,False,True,15,,,,False,False,False,0,INVALID_BELIEF
corridor,4,4,1,7,0,3,-1,4,RIGHT,NONE,False,True,15,,,,False,False,False,0,INVALID_BELIEF
corridor,4,4,1,7,2,3,1,4,RIGHT,NONE,False,True,15,,,,False,False,False,0,INVALID_BELIEF
corridor,4,4,1,8,1,4,0,4,RIGHT,RIGHT,True,False,15,15,0,0.0,False,False,True,0,ADEQUATE
corridor,4,5,1,1,1,-4,0,4,RIGHT,RIGHT,True,False,14,14,0,0.0,False,False,True,0,ADEQUATE
corridor,4,5,1,2,0,-3,-1,4,RIGHT,NONE,False,True,14,,,,False,False,False,0,INVALID_BELIEF
corridor,4,5,1,2,2,-3,1,4,RIGHT,NONE,False,True,14,,,,False,False,False,0,INVALID_BELIEF
corridor,4,5,1,3,-1,-2,-2,4,RIGHT,NONE,False,True,14,,,,False,False,False,0,INVALID_BELIEF
corridor,4,5,1,3,3,-2,2,4,RIGHT,LEFT,True,True,14,16,2,0.14285714285714285,False,False,False,0,INADEQUATE
corridor,4,5,1,4,-2,-1,-3,4,RIGHT,NONE,False,True,14,,,,False,False,False,0,INVALID_BELIEF
corridor,4,5,1,4,4,-1,3,4,RIGHT,NONE,False,True,14,,,,False,False,False,0,INVALID_BELIEF
corridor,4,5,1,5,-3,0,-4,4,RIGHT,NONE,False,True,14,,,,False,False,False,0,INVALID_BELIEF
corridor,4,5,1,5,5,0,4,4,RIGHT,LEFT,True,True,14,16,2,0.14285714285714285,False,False,False,0,INADEQUATE
corridor,4,5,1,6,-2,1,-3,4,RIGHT,NONE,False,True,14,,,,False,False,False,0,INVALID_BELIEF
corridor,4,5,1,6,4,1,3,4,RIGHT,NONE,False,True,14,,,,False,False,False,0,INVALID_BELIEF
corridor,4,5,1,7,-1,2,-2,4,RIGHT,NONE,False,True,14,,,,False,False,False,0,INVALID_BELIEF
corridor,4,5,1,7,3,2,2,4,RIGHT,RIGHT,True,False,14,14,0,0.0,False,False,True,0,ADEQUATE
corridor,4,5,1,8,0,3,-1,4,RIGHT,NONE,False,True,14,,,,False,False,False,0,INVALID_BELIEF
corridor,4,5,1,8,2,3,1,4,RIGHT,NONE,False,True,14,,,,False,False,False,0,INVALID_BELIEF
corridor,4,5,1,9,1,4,0,4,RIGHT,RIGHT,True,False,14,14,0,0.0,False,False,True,0,ADEQUATE
corridor,4,6,1,2,1,-4,0,4,RIGHT,RIGHT,True,False,13,13,0,0.0,False,False,True,0,ADEQUATE
corridor,4,6,1,3,0,-3,-1,4,RIGHT,NONE,False,True,13,,,,False,False,False,0,INVALID_BELIEF
corridor,4,6,1,3,2,-3,1,4,RIGHT,NONE,False,True,13,,,,False,False,False,0,INVALID_BELIEF
corridor,4,6,1,4,-1,-2,-2,4,RIGHT,NONE,False,True,13,,,,False,False,False,0,INVALID_BELIEF
corridor,4,6,1,4,3,-2,2,4,RIGHT,RIGHT,True,False,13,13,0,0.0,False,False,True,0,ADEQUATE
corridor,4,6,1,5,-2,-1,-3,4,RIGHT,NONE,False,True,13,,,,False,False,False,0,INVALID_BELIEF
corridor,4,6,1,5,4,-1,3,4,RIGHT,NONE,False,True,13,,,,False,False,False,0,INVALID_BELIEF
corridor,4,6,1,6,-3,0,-4,4,RIGHT,NONE,False,True,13,,,,False,False,False,0,INVALID_BELIEF
corridor,4,6,1,6,5,0,4,4,RIGHT,RIGHT,True,False,13,13,0,0.0,False,False,True,0,ADEQUATE
corridor,4,6,1,7,-2,1,-3,4,RIGHT,NONE,False,True,13,,,,False,False,False,0,INVALID_BELIEF
corridor,4,6,1,7,4,1,3,4,RIGHT,UP,True,True,13,14,1,0.07692307692307693,True,False,False,0,COLLISION
corridor,4,6,1,8,-1,2,-2,4,RIGHT,NONE,False,True,13,,,,False,False,False,0,INVALID_BELIEF
corridor,4,6,1,8,3,2,2,4,RIGHT,RIGHT,True,False,13,13,0,0.0,False,False,True,0,ADEQUATE
corridor,4,6,1,9,0,3,-1,4,RIGHT,NONE,False,True,13,,,,False,False,False,0,INVALID_BELIEF
corridor,4,6,1,9,2,3,1,4,RIGHT,NONE,False,True,13,,,,False,False,False,0,INVALID_BELIEF
corridor,4,6,1,10,1,4,0,4,RIGHT,RIGHT,True,False,13,13,0,0.0,False,False,True,0,ADEQUATE
corridor,4,7,1,3,1,-4,0,4,RIGHT,RIGHT,True,False,12,12,0,0.0,False,False,True,0,ADEQUATE
corridor,4,7,1,4,0,-3,-1,4,RIGHT,NONE,False,True,12,,,,False,False,False,0,INVALID_BELIEF
corridor,4,7,1,4,2,-3,1,4,RIGHT,NONE,False,True,12,,,,False,False,False,0,INVALID_BELIEF
corridor,4,7,1,5,-1,-2,-2,4,RIGHT,NONE,False,True,12,,,,False,False,False,0,INVALID_BELIEF
corridor,4,7,1,5,3,-2,2,4,RIGHT,UP,True,True,12,13,1,0.08333333333333333,True,False,False,0,COLLISION
corridor,4,7,1,6,-2,-1,-3,4,RIGHT,NONE,False,True,12,,,,False,False,False,0,INVALID_BELIEF
corridor,4,7,1,6,4,-1,3,4,RIGHT,NONE,False,True,12,,,,False,False,False,0,INVALID_BELIEF
corridor,4,7,1,7,-3,0,-4,4,RIGHT,NONE,False,True,12,,,,False,False,False,0,INVALID_BELIEF
corridor,4,7,1,7,5,0,4,4,RIGHT,UP,True,True,12,13,1,0.08333333333333333,True,False,False,0,COLLISION
corridor,4,7,1,8,-2,1,-3,4,RIGHT,NONE,False,True,12,,,,False,False,False,0,INVALID_BELIEF
corridor,4,7,1,8,4,1,3,4,RIGHT,NONE,False,True,12,,,,False,False,False,0,INVALID_BELIEF
corridor,4,7,1,9,-1,2,-2,4,RIGHT,NONE,False,True,12,,,,False,False,False,0,INVALID_BELIEF
corridor,4,7,1,9,3,2,2,4,RIGHT,RIGHT,True,False,12,12,0,0.0,False,False,True,0,ADEQUATE
corridor,4,7,1,10,0,3,-1,4,RIGHT,NONE,False,True,12,,,,False,False,False,0,INVALID_BELIEF
corridor,4,7,1,10,2,3,1,4,RIGHT,NONE,False,True,12,,,,False,False,False,0,INVALID_BELIEF
corridor,4,7,1,11,1,4,0,4,RIGHT,RIGHT,True,False,12,12,0,0.0,False,False,True,0,ADEQUATE
corridor,4,8,1,4,1,-4,0,4,RIGHT,RIGHT,True,False,11,11,0,0.0,False,False,True,0,ADEQUATE
corridor,4,8,1,5,0,-3,-1,4,RIGHT,NONE,False,True,11,,,,False,False,False,0,INVALID_BELIEF
corridor,4,8,1,5,2,-3,1,4,RIGHT,UP,True,True,11,12,1,0.09090909090909091,True,False,False,0,COLLISION
corridor,4,8,1,6,-1,-2,-2,4,RIGHT,NONE,False,True,11,,,,False,False,False,0,INVALID_BELIEF
corridor,4,8,1,6,3,-2,2,4,RIGHT,NONE,False,True,11,,,,False,False,False,0,INVALID_BELIEF
corridor,4,8,1,7,-2,-1,-3,4,RIGHT,NONE,False,True,11,,,,False,False,False,0,INVALID_BELIEF
corridor,4,8,1,7,4,-1,3,4,RIGHT,UP,True,True,11,12,1,0.09090909090909091,True,False,False,0,COLLISION
corridor,4,8,1,8,-3,0,-4,4,RIGHT,NONE,False,True,11,,,,False,False,False,0,INVALID_BELIEF
corridor,4,8,1,8,5,0,4,4,RIGHT,NONE,False,True,11,,,,False,False,False,0,INVALID_BELIEF
corridor,4,8,1,9,-2,1,-3,4,RIGHT,NONE,False,True,11,,,,False,False,False,0,INVALID_BELIEF
corridor,4,8,1,9,4,1,3,4,RIGHT,NONE,False,True,11,,,,False,False,False,0,INVALID_BELIEF
corridor,4,8,1,10,-1,2,-2,4,RIGHT,NONE,False,True,11,,,,False,False,False,0,INVALID_BELIEF
corridor,4,8,1,10,3,2,2,4,RIGHT,RIGHT,True,False,11,11,0,0.0,False,False,True,0,ADEQUATE
corridor,4,8,1,11,0,3,-1,4,RIGHT,NONE,False,True,11,,,,False,False,False,0,INVALID_BELIEF
corridor,4,8,1,11,2,3,1,4,RIGHT,NONE,False,True,11,,,,False,False,False,0,INVALID_BELIEF
corridor,4,8,1,12,1,4,0,4,RIGHT,RIGHT,True,False,11,11,0,0.0,False,False,True,0,ADEQUATE
corridor,4,9,1,5,1,-4,0,4,RIGHT,RIGHT,True,False,10,10,0,0.0,False,False,True,0,ADEQUATE
corridor,4,9,1,6,0,-3,-1,4,RIGHT,NONE,False,True,10,,,,False,False,False,0,INVALID_BELIEF
corridor,4,9,1,6,2,-3,1,4,RIGHT,NONE,False,True,10,,,,False,False,False,0,INVALID_BELIEF
corridor,4,9,1,7,-1,-2,-2,4,RIGHT,NONE,False,True,10,,,,False,False,False,0,INVALID_BELIEF
corridor,4,9,1,7,3,-2,2,4,RIGHT,RIGHT,True,False,10,10,0,0.0,False,False,True,0,ADEQUATE
corridor,4,9,1,8,-2,-1,-3,4,RIGHT,NONE,False,True,10,,,,False,False,False,0,INVALID_BELIEF
corridor,4,9,1,8,4,-1,3,4,RIGHT,NONE,False,True,10,,,,False,False,False,0,INVALID_BELIEF
corridor,4,9,1,9,-3,0,-4,4,RIGHT,NONE,False,True,10,,,,False,False,False,0,INVALID_BELIEF
corridor,4,9,1,9,5,0,4,4,RIGHT,DOWN,True,True,10,11,1,0.1,True,False,False,0,COLLISION
corridor,4,9,1,10,-2,1,-3,4,RIGHT,NONE,False,True,10,,,,False,False,False,0,INVALID_BELIEF
corridor,4,9,1,10,4,1,3,4,RIGHT,NONE,False,True,10,,,,False,False,False,0,INVALID_BELIEF
corridor,4,9,1,11,-1,2,-2,4,RIGHT,NONE,False,True,10,,,,False,False,False,0,INVALID_BELIEF
corridor,4,9,1,11,3,2,2,4,RIGHT,DOWN,True,True,10,11,1,0.1,True,False,False,0,COLLISION
corridor,4,9,1,12,0,3,-1,4,RIGHT,NONE,False,True,10,,,,False,False,False,0,INVALID_BELIEF
corridor,4,9,1,12,2,3,1,4,RIGHT,NONE,False,True,10,,,,False,False,False,0,INVALID_BELIEF
corridor,4,9,1,13,1,4,0,4,RIGHT,DOWN,True,True,10,11,1,0.1,True,False,False,0,COLLISION
corridor,4,10,1,6,1,-4,0,4,RIGHT,RIGHT,True,False,9,9,0,0.0,False,False,True,0,ADEQUATE
corridor,4,10,1,7,0,-3,-1,4,RIGHT,NONE,False,True,9,,,,False,False,False,0,INVALID_BELIEF
corridor,4,10,1,7,2,-3,1,4,RIGHT,NONE,False,True,9,,,,False,False,False,0,INVALID_BELIEF
corridor,4,10,1,8,-1,-2,-2,4,RIGHT,NONE,False,True,9,,,,False,False,False,0,INVALID_BELIEF
corridor,4,10,1,8,3,-2,2,4,RIGHT,RIGHT,True,False,9,9,0,0.0,False,False,True,0,ADEQUATE
corridor,4,10,1,9,-2,-1,-3,4,RIGHT,NONE,False,True,9,,,,False,False,False,0,INVALID_BELIEF
corridor,4,10,1,9,4,-1,3,4,RIGHT,NONE,False,True,9,,,,False,False,False,0,INVALID_BELIEF
corridor,4,10,1,10,-3,0,-4,4,RIGHT,NONE,False,True,9,,,,False,False,False,0,INVALID_BELIEF
corridor,4,10,1,10,5,0,4,4,RIGHT,LEFT,True,True,9,11,2,0.2222222222222222,False,False,False,0,INADEQUATE
corridor,4,10,1,11,-2,1,-3,4,RIGHT,NONE,False,True,9,,,,False,False,False,0,INVALID_BELIEF
corridor,4,10,1,11,4,1,3,4,RIGHT,DOWN,True,True,9,10,1,0.1111111111111111,True,False,False,0,COLLISION
corridor,4,10,1,12,-1,2,-2,4,RIGHT,NONE,False,True,9,,,,False,False,False,0,INVALID_BELIEF
corridor,4,10,1,12,3,2,2,4,RIGHT,NONE,False,True,9,,,,False,False,False,0,INVALID_BELIEF
corridor,4,10,1,13,0,3,-1,4,RIGHT,NONE,False,True,9,,,,False,False,False,0,INVALID_BELIEF
corridor,4,10,1,13,2,3,1,4,RIGHT,DOWN,True,True,9,10,1,0.1111111111111111,True,False,False,0,COLLISION
corridor,4,10,1,14,1,4,0,4,RIGHT,NONE,False,True,9,,,,False,False,False,0,INVALID_BELIEF
corridor,4,11,1,7,1,-4,0,4,RIGHT,RIGHT,True,False,8,8,0,0.0,False,False,True,0,ADEQUATE
corridor,4,11,1,8,0,-3,-1,4,RIGHT,NONE,False,True,8,,,,False,False,False,0,INVALID_BELIEF
corridor,4,11,1,8,2,-3,1,4,RIGHT,NONE,False,True,8,,,,False,False,False,0,INVALID_BELIEF
corridor,4,11,1,9,-1,-2,-2,4,RIGHT,NONE,False,True,8,,,,False,False,False,0,INVALID_BELIEF
corridor,4,11,1,9,3,-2,2,4,RIGHT,RIGHT,True,False,8,8,0,0.0,False,False,True,0,ADEQUATE
corridor,4,11,1,10,-2,-1,-3,4,RIGHT,NONE,False,True,8,,,,False,False,False,0,INVALID_BELIEF
corridor,4,11,1,10,4,-1,3,4,RIGHT,NONE,False,True,8,,,,False,False,False,0,INVALID_BELIEF
corridor,4,11,1,11,-3,0,-4,4,RIGHT,NONE,False,True,8,,,,False,False,False,0,INVALID_BELIEF
corridor,4,11,1,11,5,0,4,4,RIGHT,LEFT,True,True,8,10,2,0.25,False,False,False,0,INADEQUATE
corridor,4,11,1,12,-2,1,-3,4,RIGHT,NONE,False,True,8,,,,False,False,False,0,INVALID_BELIEF
corridor,4,11,1,12,4,1,3,4,RIGHT,NONE,False,True,8,,,,False,False,False,0,INVALID_BELIEF
corridor,4,11,1,13,-1,2,-2,4,RIGHT,NONE,False,True,8,,,,False,False,False,0,INVALID_BELIEF
corridor,4,11,1,13,3,2,2,4,RIGHT,DOWN,True,True,8,9,1,0.125,True,False,False,0,COLLISION
corridor,4,11,1,14,0,3,-1,4,RIGHT,NONE,False,True,8,,,,False,False,False,0,INVALID_BELIEF
corridor,4,11,1,14,2,3,1,4,RIGHT,NONE,False,True,8,,,,False,False,False,0,INVALID_BELIEF
corridor,4,11,1,15,1,4,0,4,RIGHT,NONE,False,True,8,,,,False,False,False,0,INVALID_BELIEF
corridor,4,12,1,8,1,-4,0,4,RIGHT,RIGHT,True,False,7,7,0,0.0,False,False,True,0,ADEQUATE
corridor,4,12,1,9,0,-3,-1,4,RIGHT,NONE,False,True,7,,,,False,False,False,0,INVALID_BELIEF
corridor,4,12,1,9,2,-3,1,4,RIGHT,NONE,False,True,7,,,,False,False,False,0,INVALID_BELIEF
corridor,4,12,1,10,-1,-2,-2,4,RIGHT,NONE,False,True,7,,,,False,False,False,0,INVALID_BELIEF
corridor,4,12,1,10,3,-2,2,4,RIGHT,RIGHT,True,False,7,7,0,0.0,False,False,True,0,ADEQUATE
corridor,4,12,1,11,-2,-1,-3,4,RIGHT,NONE,False,True,7,,,,False,False,False,0,INVALID_BELIEF
corridor,4,12,1,11,4,-1,3,4,RIGHT,DOWN,True,True,7,8,1,0.14285714285714285,True,False,False,0,COLLISION
corridor,4,12,1,12,-3,0,-4,4,RIGHT,NONE,False,True,7,,,,False,False,False,0,INVALID_BELIEF
corridor,4,12,1,12,5,0,4,4,RIGHT,NONE,False,True,7,,,,False,False,False,0,INVALID_BELIEF
corridor,4,12,1,13,-2,1,-3,4,RIGHT,NONE,False,True,7,,,,False,False,False,0,INVALID_BELIEF
corridor,4,12,1,13,4,1,3,4,RIGHT,DOWN,True,True,7,8,1,0.14285714285714285,True,False,False,0,COLLISION
corridor,4,12,1,14,-1,2,-2,4,RIGHT,NONE,False,True,7,,,,False,False,False,0,INVALID_BELIEF
corridor,4,12,1,14,3,2,2,4,RIGHT,NONE,False,True,7,,,,False,False,False,0,INVALID_BELIEF
corridor,4,12,1,15,0,3,-1,4,RIGHT,NONE,False,True,7,,,,False,False,False,0,INVALID_BELIEF
corridor,4,12,1,15,2,3,1,4,RIGHT,NONE,False,True,7,,,,False,False,False,0,INVALID_BELIEF
corridor,4,12,1,16,1,4,0,4,RIGHT,NONE,False,True,7,,,,False,False,False,0,INVALID_BELIEF
corridor,4,13,1,9,1,-4,0,4,DOWN,RIGHT,True,True,6,7,1,0.16666666666666666,True,False,False,0,COLLISION
corridor,4,13,1,10,0,-3,-1,4,DOWN,NONE,False,True,6,,,,False,False,False,0,INVALID_BELIEF
corridor,4,13,1,10,2,-3,1,4,DOWN,NONE,False,True,6,,,,False,False,False,0,INVALID_BELIEF
corridor,4,13,1,11,-1,-2,-2,4,DOWN,NONE,False,True,6,,,,False,False,False,0,INVALID_BELIEF
corridor,4,13,1,11,3,-2,2,4,DOWN,DOWN,True,False,6,6,0,0.0,False,False,True,0,ADEQUATE
corridor,4,13,1,12,-2,-1,-3,4,DOWN,NONE,False,True,6,,,,False,False,False,0,INVALID_BELIEF
corridor,4,13,1,12,4,-1,3,4,DOWN,NONE,False,True,6,,,,False,False,False,0,INVALID_BELIEF
corridor,4,13,1,13,-3,0,-4,4,DOWN,NONE,False,True,6,,,,False,False,False,0,INVALID_BELIEF
corridor,4,13,1,13,5,0,4,4,DOWN,DOWN,True,False,6,6,0,0.0,False,False,True,0,ADEQUATE
corridor,4,13,1,14,-2,1,-3,4,DOWN,NONE,False,True,6,,,,False,False,False,0,INVALID_BELIEF
corridor,4,13,1,14,4,1,3,4,DOWN,NONE,False,True,6,,,,False,False,False,0,INVALID_BELIEF
corridor,4,13,1,15,-1,2,-2,4,DOWN,NONE,False,True,6,,,,False,False,False,0,INVALID_BELIEF
corridor,4,13,1,15,3,2,2,4,DOWN,NONE,False,True,6,,,,False,False,False,0,INVALID_BELIEF
corridor,4,13,1,16,0,3,-1,4,DOWN,NONE,False,True,6,,,,False,False,False,0,INVALID_BELIEF
corridor,4,13,1,16,2,3,1,4,DOWN,NONE,False,True,6,,,,False,False,False,0,INVALID_BELIEF
corridor,4,13,1,17,1,4,0,4,DOWN,NONE,False,True,6,,,,False,False,False,0,INVALID_BELIEF
corridor,4,5,2,1,2,-4,0,4,UP,NONE,False,True,15,,,,False,False,False,0,INVALID_BELIEF
corridor,4,5,2,2,1,-3,-1,4,UP,RIGHT,True,True,15,16,1,0.06666666666666667,True,False,False,0,COLLISION
corridor,4,5,2,2,3,-3,1,4,UP,LEFT,True,True,15,16,1,0.06666666666666667,True,False,False,0,COLLISION
corridor,4,5,2,3,0,-2,-2,4,UP,NONE,False,True,15,,,,False,False,False,0,INVALID_BELIEF
corridor,4,5,2,3,4,-2,2,4,UP,NONE,False,True,15,,,,False,False,False,0,INVALID_BELIEF
corridor,4,5,2,4,-1,-1,-3,4,UP,NONE,False,True,15,,,,False,False,False,0,INVALID_BELIEF
corridor,4,5,2,4,5,-1,3,4,UP,LEFT,True,True,15,16,1,0.06666666666666667,True,False,False,0,COLLISION
corridor,4,5,2,5,-2,0,-4,4,UP,NONE,False,True,15,,,,False,False,False,0,INVALID_BELIEF
corridor,4,5,2,5,6,0,4,4,UP,NONE,False,True,15,,,,False,False,False,0,INVALID_BELIEF
corridor,4,5,2,6,-1,1,-3,4,UP,NONE,False,True,15,,,,False,False,False,0,INVALID_BELIEF
corridor,4,5,2,6,5,1,3,4,UP,RIGHT,True,True,15,16,1,0.06666666666666667,True,False,False,0,COLLISION
corridor,4,5,2,7,0,2,-2,4,UP,NONE,False,True,15,,,,False,False,False,0,INVALID_BELIEF
corridor,4,5,2,7,4,2,2,4,UP,UP,True,False,15,15,0,0.0,False,False,True,0,ADEQUATE
corridor,4,5,2,8,1,3,-1,4,UP,RIGHT,True,True,15,16,1,0.06666666666666667,True,False,False,0,COLLISION
corridor,4,5,2,8,3,3,1,4,UP,RIGHT,True,True,15,16,1,0.06666666666666667,True,False,False,0,COLLISION
corridor,4,5,2,9,2,4,0,4,UP,NONE,False,True,15,,,,False,False,False,0,INVALID_BELIEF
corridor,4,13,2,9,2,-4,0,4,DOWN,NONE,False,True,5,,,,False,False,False,0,INVALID_BELIEF
corridor,4,13,2,10,1,-3,-1,4,DOWN,RIGHT,True,True,5,6,1,0.2,True,False,False,0,COLLISION
corridor,4,13,2,10,3,-3,1,4,DOWN,RIGHT,True,True,5,6,1,0.2,True,False,False,0,COLLISION
corridor,4,13,2,11,0,-2,-2,4,DOWN,NONE,False,True,5,,,,False,False,False,0,INVALID_BELIEF
corridor,4,13,2,11,4,-2,2,4,DOWN,DOWN,True,False,5,5,0,0.0,False,False,True,0,ADEQUATE
corridor,4,13,2,12,-1,-1,-3,4,DOWN,NONE,False,True,5,,,,False,False,False,0,INVALID_BELIEF
corridor,4,13,2,12,5,-1,3,4,DOWN,NONE,False,True,5,,,,False,False,False,0,INVALID_BELIEF
corridor,4,13,2,13,-2,0,-4,4,DOWN,NONE,False,True,5,,,,False,False,False,0,INVALID_BELIEF
corridor,4,13,2,13,6,0,4,4,DOWN,DOWN,True,False,5,5,0,0.0,False,False,True,0,ADEQUATE
corridor,4,13,2,14,-1,1,-3,4,DOWN,NONE,False,True,5,,,,False,False,False,0,INVALID_BELIEF
corridor,4,13,2,14,5,1,3,4,DOWN,NONE,False,True,5,,,,False,False,False,0,INVALID_BELIEF
corridor,4,13,2,15,0,2,-2,4,DOWN,NONE,False,True,5,,,,False,False,False,0,INVALID_BELIEF
corridor,4,13,2,15,4,2,2,4,DOWN,NONE,False,True,5,,,,False,False,False,0,INVALID_BELIEF
corridor,4,13,2,16,1,3,-1,4,DOWN,NONE,False,True,5,,,,False,False,False,0,INVALID_BELIEF
corridor,4,13,2,16,3,3,1,4,DOWN,NONE,False,True,5,,,,False,False,False,0,INVALID_BELIEF
corridor,4,13,2,17,2,4,0,4,DOWN,NONE,False,True,5,,,,False,False,False,0,INVALID_BELIEF
corridor,4,1,3,-3,3,-4,0,4,DOWN,NONE,False,True,16,,,,False,False,False,0,INVALID_BELIEF
corridor,4,1,3,-2,2,-3,-1,4,DOWN,NONE,False,True,16,,,,False,False,False,0,INVALID_BELIEF
corridor,4,1,3,-2,4,-3,1,4,DOWN,NONE,False,True,16,,,,False,False,False,0,INVALID_BELIEF
corridor,4,1,3,-1,1,-2,-2,4,DOWN,NONE,False,True,16,,,,False,False,False,0,INVALID_BELIEF
corridor,4,1,3,-1,5,-2,2,4,DOWN,NONE,False,True,16,,,,False,False,False,0,INVALID_BELIEF
corridor,4,1,3,0,0,-1,-3,4,DOWN,NONE,False,True,16,,,,False,False,False,0,INVALID_BELIEF
corridor,4,1,3,0,6,-1,3,4,DOWN,NONE,False,True,16,,,,False,False,False,0,INVALID_BELIEF
corridor,4,1,3,1,-1,0,-4,4,DOWN,NONE,False,True,16,,,,False,False,False,0,INVALID_BELIEF
corridor,4,1,3,1,7,0,4,4,DOWN,RIGHT,True,True,16,18,2,0.125,False,False,False,0,INADEQUATE
corridor,4,1,3,2,0,1,-3,4,DOWN,NONE,False,True,16,,,,False,False,False,0,INVALID_BELIEF
corridor,4,1,3,2,6,1,3,4,DOWN,NONE,False,True,16,,,,False,False,False,0,INVALID_BELIEF
corridor,4,1,3,3,1,2,-2,4,DOWN,RIGHT,True,True,16,18,2,0.125,False,False,False,0,INADEQUATE
corridor,4,1,3,3,5,2,2,4,DOWN,LEFT,True,True,16,17,1,0.0625,True,False,False,0,COLLISION
corridor,4,1,3,4,2,3,-1,4,DOWN,NONE,False,True,16,,,,False,False,False,0,INVALID_BELIEF
corridor,4,1,3,4,4,3,1,4,DOWN,NONE,False,True,16,,,,False,False,False,0,INVALID_BELIEF
corridor,4,1,3,5,3,4,0,4,DOWN,UP,True,True,16,17,1,0.0625,True,False,False,0,COLLISION
corridor,4,2,3,-2,3,-4,0,4,LEFT,NONE,False,True,17,,,,False,False,False,0,INVALID_BELIEF
corridor,4,2,3,-1,2,-3,-1,4,LEFT,NONE,False,True,17,,,,False,False,False,0,INVALID_BELIEF
corridor,4,2,3,-1,4,-3,1,4,LEFT,NONE,False,True,17,,,,False,False,False,0,INVALID_BELIEF
corridor,4,2,3,0,1,-2,-2,4,LEFT,NONE,False,True,17,,,,False,False,False,0,INVALID_BELIEF
corridor,4,2,3,0,5,-2,2,4,LEFT,NONE,False,True,17,,,,False,False,False,0,INVALID_BELIEF
corridor,4,2,3,1,0,-1,-3,4,LEFT,NONE,False,True,17,,,,False,False,False,0,INVALID_BELIEF
corridor,4,2,3,1,6,-1,3,4,LEFT,DOWN,True,True,17,18,1,0.058823529411764705,True,False,False,0,COLLISION
corridor,4,2,3,2,-1,0,-4,4,LEFT,NONE,False,True,17,,,,False,False,False,0,INVALID_BELIEF
corridor,4,2,3,2,7,0,4,4,LEFT,RIGHT,True,True,17,19,2,0.11764705882352941,False,False,False,0,INADEQUATE
corridor,4,2,3,3,0,1,-3,4,LEFT,NONE,False,True,17,,,,False,False,False,0,INVALID_BELIEF
corridor,4,2,3,3,6,1,3,4,LEFT,NONE,False,True,17,,,,False,False,False,0,INVALID_BELIEF
corridor,4,2,3,4,1,2,-2,4,LEFT,RIGHT,True,True,17,19,2,0.11764705882352941,False,False,False,0,INADEQUATE
corridor,4,2,3,4,5,2,2,4,LEFT,LEFT,True,False,17,17,0,0.0,False,False,True,0,ADEQUATE
corridor,4,2,3,5,2,3,-1,4,LEFT,UP,True,True,17,18,1,0.058823529411764705,True,False,False,0,COLLISION
corridor,4,2,3,5,4,3,1,4,LEFT,NONE,False,True,17,,,,False,False,False,0,INVALID_BELIEF
corridor,4,2,3,6,3,4,0,4,LEFT,NONE,False,True,17,,,,False,False,False,0,INVALID_BELIEF
corridor,4,3,3,-1,3,-4,0,4,LEFT,NONE,False,True,18,,,,False,False,False,0,INVALID_BELIEF
corridor,4,3,3,0,2,-3,-1,4,LEFT,NONE,False,True,18,,,,False,False,False,0,INVALID_BELIEF
corridor,4,3,3,0,4,-3,1,4,LEFT,NONE,False,True,18,,,,False,False,False,0,INVALID_BELIEF
corridor,4,3,3,1,1,-2,-2,4,LEFT,RIGHT,True,True,18,18,0,0.0,False,False,True,0,ADEQUATE
corridor,4,3,3,1,5,-2,2,4,LEFT,DOWN,True,True,18,19,1,0.05555555555555555,True,False,False,0,COLLISION
corridor,4,3,3,2,0,-1,-3,4,LEFT,NONE,False,True,18,,,,False,False,False,0,INVALID_BELIEF
corridor,4,3,3,2,6,-1,3,4,LEFT,NONE,False,True,18,,,,False,False,False,0,INVALID_BELIEF
corridor,4,3,3,3,-1,0,-4,4,LEFT,NONE,False,True,18,,,,False,False,False,0,INVALID_BELIEF
corridor,4,3,3,3,7,0,4,4,LEFT,RIGHT,True,True,18,18,0,0.0,False,False,True,0,ADEQUATE
corridor,4,3,3,4,0,1,-3,4,LEFT,NONE,False,True,18,,,,False,False,False,0,INVALID_BELIEF
corridor,4,3,3,4,6,1,3,4,LEFT,NONE,False,True,18,,,,False,False,False,0,INVALID_BELIEF
corridor,4,3,3,5,1,2,-2,4,LEFT,RIGHT,True,True,18,18,0,0.0,False,False,True,0,ADEQUATE
corridor,4,3,3,5,5,2,2,4,LEFT,LEFT,True,False,18,18,0,0.0,False,False,True,0,ADEQUATE
corridor,4,3,3,6,2,3,-1,4,LEFT,NONE,False,True,18,,,,False,False,False,0,INVALID_BELIEF
corridor,4,3,3,6,4,3,1,4,LEFT,NONE,False,True,18,,,,False,False,False,0,INVALID_BELIEF
corridor,4,3,3,7,3,4,0,4,LEFT,RIGHT,True,True,18,18,0,0.0,False,False,True,0,ADEQUATE
corridor,4,4,3,0,3,-4,0,4,RIGHT,NONE,False,True,17,,,,False,False,False,0,INVALID_BELIEF
corridor,4,4,3,1,2,-3,-1,4,RIGHT,NONE,False,True,17,,,,False,False,False,0,INVALID_BELIEF
corridor,4,4,3,1,4,-3,1,4,RIGHT,DOWN,True,True,17,18,1,0.058823529411764705,True,False,False,0,COLLISION
corridor,4,4,3,2,1,-2,-2,4,RIGHT,RIGHT,True,False,17,17,0,0.0,False,False,True,0,ADEQUATE
corridor,4,4,3,2,5,-2,2,4,RIGHT,LEFT,True,True,17,19,2,0.11764705882352941,False,False,False,0,INADEQUATE
corridor,4,4,3,3,0,-1,-3,4,RIGHT,NONE,False,True,17,,,,False,False,False,0,INVALID_BELIEF
corridor,4,4,3,3,6,-1,3,4,RIGHT,NONE,False,True,17,,,,False,False,False,0,INVALID_BELIEF
corridor,4,4,3,4,-1,0,-4,4,RIGHT,NONE,False,True,17,,,,False,False,False,0,INVALID_BELIEF
corridor,4,4,3,4,7,0,4,4,RIGHT,RIGHT,True,False,17,17,0,0.0,False,False,True,0,ADEQUATE
corridor,4,4,3,5,0,1,-3,4,RIGHT,NONE,False,True,17,,,,False,False,False,0,INVALID_BELIEF
corridor,4,4,3,5,6,1,3,4,RIGHT,NONE,False,True,17,,,,False,False,False,0,INVALID_BELIEF
corridor,4,4,3,6,1,2,-2,4,RIGHT,RIGHT,True,False,17,17,0,0.0,False,False,True,0,ADEQUATE
corridor,4,4,3,6,5,2,2,4,RIGHT,RIGHT,True,False,17,17,0,0.0,False,False,True,0,ADEQUATE
corridor,4,4,3,7,2,3,-1,4,RIGHT,NONE,False,True,17,,,,False,False,False,0,INVALID_BELIEF
corridor,4,4,3,7,4,3,1,4,RIGHT,UP,True,True,17,18,1,0.058823529411764705,True,False,False,0,COLLISION
corridor,4,4,3,8,3,4,0,4,RIGHT,RIGHT,True,False,17,17,0,0.0,False,False,True,0,ADEQUATE
corridor,4,5,3,1,3,-4,0,4,UP,DOWN,True,True,16,17,1,0.0625,True,False,False,0,COLLISION
corridor,4,5,3,2,2,-3,-1,4,UP,NONE,False,True,16,,,,False,False,False,0,INVALID_BELIEF
corridor,4,5,3,2,4,-3,1,4,UP,NONE,False,True,16,,,,False,False,False,0,INVALID_BELIEF
corridor,4,5,3,3,1,-2,-2,4,UP,RIGHT,True,True,16,17,1,0.0625,True,False,False,0,COLLISION
corridor,4,5,3,3,5,-2,2,4,UP,LEFT,True,True,16,18,2,0.125,False,False,False,0,INADEQUATE
corridor,4,5,3,4,0,-1,-3,4,UP,NONE,False,True,16,,,,False,False,False,0,INVALID_BELIEF
corridor,4,5,3,4,6,-1,3,4,UP,NONE,False,True,16,,,,False,False,False,0,INVALID_BELIEF
corridor,4,5,3,5,-1,0,-4,4,UP,NONE,False,True,16,,,,False,False,False,0,INVALID_BELIEF
corridor,4,5,3,5,7,0,4,4,UP,RIGHT,True,True,16,17,1,0.0625,True,False,False,0,COLLISION
corridor,4,5,3,6,0,1,-3,4,UP,NONE,False,True,16,,,,False,False,False,0,INVALID_BELIEF
corridor,4,5,3,6,6,1,3,4,UP,NONE,False,True,16,,,,False,False,False,0,INVALID_BELIEF
corridor,4,5,3,7,1,2,-2,4,UP,RIGHT,True,True,16,17,1,0.0625,True,False,False,0,COLLISION
corridor,4,5,3,7,5,2,2,4,UP,UP,True,False,16,16,0,0.0,False,False,True,0,ADEQUATE
corridor,4,5,3,8,2,3,-1,4,UP,NONE,False,True,16,,,,False,False,False,0,INVALID_BELIEF
corridor,4,5,3,8,4,3,1,4,UP,NONE,False,True,16,,,,False,False,False,0,INVALID_BELIEF
corridor,4,5,3,9,3,4,0,4,UP,RIGHT,True,True,16,17,1,0.0625,True,False,False,0,COLLISION
corridor,4,7,3,3,3,-4,0,4,RIGHT,LEFT,True,True,14,15,1,0.07142857142857142,True,False,False,0,COLLISION
corridor,4,7,3,4,2,-3,-1,4,RIGHT,NONE,False,True,14,,,,False,False,False,0,INVALID_BELIEF
corridor,4,7,3,4,4,-3,1,4,RIGHT,NONE,False,True,14,,,,False,False,False,0,INVALID_BELIEF
corridor,4,7,3,5,1,-2,-2,4,RIGHT,RIGHT,True,False,14,14,0,0.0,False,False,True,0,ADEQUATE
corridor,4,7,3,5,5,-2,2,4,RIGHT,LEFT,True,True,14,15,1,0.07142857142857142,True,False,False,0,COLLISION
corridor,4,7,3,6,0,-1,-3,4,RIGHT,NONE,False,True,14,,,,False,False,False,0,INVALID_BELIEF
corridor,4,7,3,6,6,-1,3,4,RIGHT,NONE,False,True,14,,,,False,False,False,0,INVALID_BELIEF
corridor,4,7,3,7,-1,0,-4,4,RIGHT,NONE,False,True,14,,,,False,False,False,0,INVALID_BELIEF
corridor,4,7,3,7,7,0,4,4,RIGHT,RIGHT,True,False,14,14,0,0.0,False,False,True,0,ADEQUATE
corridor,4,7,3,8,0,1,-3,4,RIGHT,NONE,False,True,14,,,,False,False,False,0,INVALID_BELIEF
corridor,4,7,3,8,6,1,3,4,RIGHT,NONE,False,True,14,,,,False,False,False,0,INVALID_BELIEF
corridor,4,7,3,9,1,2,-2,4,RIGHT,RIGHT,True,False,14,14,0,0.0,False,False,True,0,ADEQUATE
corridor,4,7,3,9,5,2,2,4,RIGHT,DOWN,True,True,14,16,2,0.14285714285714285,False,False,False,0,INADEQUATE
corridor,4,7,3,10,2,3,-1,4,RIGHT,NONE,False,True,14,,,,False,False,False,0,INVALID_BELIEF
corridor,4,7,3,10,4,3,1,4,RIGHT,NONE,False,True,14,,,,False,False,False,0,INVALID_BELIEF
corridor,4,7,3,11,3,4,0,4,RIGHT,DOWN,True,True,14,16,2,0.14285714285714285,False,False,False,0,INADEQUATE
corridor,4,8,3,4,3,-4,0,4,RIGHT,RIGHT,True,False,13,13,0,0.0,False,False,True,0,ADEQUATE
corridor,4,8,3,5,2,-3,-1,4,RIGHT,UP,True,True,13,14,1,0.07692307692307693,True,False,False,0,COLLISION
corridor,4,8,3,5,4,-3,1,4,RIGHT,NONE,False,True,13,,,,False,False,False,0,INVALID_BELIEF
corridor,4,8,3,6,1,-2,-2,4,RIGHT,RIGHT,True,False,13,13,0,0.0,False,False,True,0,ADEQUATE
corridor,4,8,3,6,5,-2,2,4,RIGHT,RIGHT,True,False,13,13,0,0.0,False,False,True,0,ADEQUATE
corridor,4,8,3,7,0,-1,-3,4,RIGHT,NONE,False,True,13,,,,False,False,False,0,INVALID_BELIEF
corridor,4,8,3,7,6,-1,3,4,RIGHT,NONE,False,True,13,,,,False,False,False,0,INVALID_BELIEF
corridor,4,8,3,8,-1,0,-4,4,RIGHT,NONE,False,True,13,,,,False,False,False,0,INVALID_BELIEF
corridor,4,8,3,8,7,0,4,4,RIGHT,RIGHT,True,False,13,13,0,0.0,False,False,True,0,ADEQUATE
corridor,4,8,3,9,0,1,-3,4,RIGHT,NONE,False,True,13,,,,False,False,False,0,INVALID_BELIEF
corridor,4,8,3,9,6,1,3,4,RIGHT,DOWN,True,True,13,14,1,0.07692307692307693,True,False,False,0,COLLISION
corridor,4,8,3,10,1,2,-2,4,RIGHT,RIGHT,True,False,13,13,0,0.0,False,False,True,0,ADEQUATE
corridor,4,8,3,10,5,2,2,4,RIGHT,LEFT,True,True,13,15,2,0.15384615384615385,False,False,False,0,INADEQUATE
corridor,4,8,3,11,2,3,-1,4,RIGHT,NONE,False,True,13,,,,False,False,False,0,INVALID_BELIEF
corridor,4,8,3,11,4,3,1,4,RIGHT,DOWN,True,True,13,14,1,0.07692307692307693,True,False,False,0,COLLISION
corridor,4,8,3,12,3,4,0,4,RIGHT,NONE,False,True,13,,,,False,False,False,0,INVALID_BELIEF
corridor,4,9,3,5,3,-4,0,4,RIGHT,UP,True,True,12,13,1,0.08333333333333333,True,False,False,0,COLLISION
corridor,4,9,3,6,2,-3,-1,4,RIGHT,NONE,False,True,12,,,,False,False,False,0,INVALID_BELIEF
corridor,4,9,3,6,4,-3,1,4,RIGHT,NONE,False,True,12,,,,False,False,False,0,INVALID_BELIEF
corridor,4,9,3,7,1,-2,-2,4,RIGHT,RIGHT,True,False,12,12,0,0.0,False,False,True,0,ADEQUATE
corridor,4,9,3,7,5,-2,2,4,RIGHT,UP,True,True,12,13,1,0.08333333333333333,True,False,False,0,COLLISION
corridor,4,9,3,8,0,-1,-3,4,RIGHT,NONE,False,True,12,,,,False,False,False,0,INVALID_BELIEF
corridor,4,9,3,8,6,-1,3,4,RIGHT,NONE,False,True,12,,,,False,False,False,0,INVALID_BELIEF
corridor,4,9,3,9,-1,0,-4,4,RIGHT,NONE,False,True,12,,,,False,False,False,0,INVALID_BELIEF
corridor,4,9,3,9,7,0,4,4,RIGHT,RIGHT,True,False,12,12,0,0.0,False,False,True,0,ADEQUATE
corridor,4,9,3,10,0,1,-3,4,RIGHT,NONE,False,True,12,,,,False,False,False,0,INVALID_BELIEF
corridor,4,9,3,10,6,1,3,4,RIGHT,NONE,False,True,12,,,,False,False,False,0,INVALID_BELIEF
corridor,4,9,3,11,1,2,-2,4,RIGHT,RIGHT,True,False,12,12,0,0.0,False,False,True,0,ADEQUATE
corridor,4,9,3,11,5,2,2,4,RIGHT,LEFT,True,True,12,14,2,0.16666666666666666,False,False,False,0,INADEQUATE
corridor,4,9,3,12,2,3,-1,4,RIGHT,NONE,False,True,12,,,,False,False,False,0,INVALID_BELIEF
corridor,4,9,3,12,4,3,1,4,RIGHT,NONE,False,True,12,,,,False,False,False,0,INVALID_BELIEF
corridor,4,9,3,13,3,4,0,4,RIGHT,DOWN,True,True,12,13,1,0.08333333333333333,True,False,False,0,COLLISION
corridor,4,10,3,6,3,-4,0,4,RIGHT,NONE,False,True,11,,,,False,False,False,0,INVALID_BELIEF
corridor,4,10,3,7,2,-3,-1,4,RIGHT,NONE,False,True,11,,,,False,False,False,0,INVALID_BELIEF
corridor,4,10,3,7,4,-3,1,4,RIGHT,UP,True,True,11,12,1,0.09090909090909091,True,False,False,0,COLLISION
corridor,4,10,3,8,1,-2,-2,4,RIGHT,RIGHT,True,False,11,11,0,0.0,False,False,True,0,ADEQUATE
corridor,4,10,3,8,5,-2,2,4,RIGHT,NONE,False,True,11,,,,False,False,False,0,INVALID_BELIEF
corridor,4,10,3,9,0,-1,-3,4,RIGHT,NONE,False,True,11,,,,False,False,False,0,INVALID_BELIEF
corridor,4,10,3,9,6,-1,3,4,RIGHT,DOWN,True,True,11,12,1,0.09090909090909091,True,False,False,0,COLLISION
corridor,4,10,3,10,-1,0,-4,4,RIGHT,NONE,False,True,11,,,,False,False,False,0,INVALID_BELIEF
corridor,4,10,3,10,7,0,4,4,RIGHT,RIGHT,True,False,11,11,0,0.0,False,False,True,0,ADEQUATE
corridor,4,10,3,11,0,1,-3,4,RIGHT,NONE,False,True,11,,,,False,False,False,0,INVALID_BELIEF
corridor,4,10,3,11,6,1,3,4,RIGHT,NONE,False,True,11,,,,False,False,False,0,INVALID_BELIEF
corridor,4,10,3,12,1,2,-2,4,RIGHT,RIGHT,True,False,11,11,0,0.0,False,False,True,0,ADEQUATE
corridor,4,10,3,12,5,2,2,4,RIGHT,NONE,False,True,11,,,,False,False,False,0,INVALID_BELIEF
corridor,4,10,3,13,2,3,-1,4,RIGHT,DOWN,True,True,11,12,1,0.09090909090909091,True,False,False,0,COLLISION
corridor,4,10,3,13,4,3,1,4,RIGHT,DOWN,True,True,11,12,1,0.09090909090909091,True,False,False,0,COLLISION
corridor,4,10,3,14,3,4,0,4,RIGHT,NONE,False,True,11,,,,False,False,False,0,INVALID_BELIEF
corridor,4,11,3,7,3,-4,0,4,DOWN,RIGHT,True,True,10,11,1,0.1,True,False,False,0,COLLISION
corridor,4,11,3,8,2,-3,-1,4,DOWN,NONE,False,True,10,,,,False,False,False,0,INVALID_BELIEF
corridor,4,11,3,8,4,-3,1,4,DOWN,NONE,False,True,10,,,,False,False,False,0,INVALID_BELIEF
corridor,4,11,3,9,1,-2,-2,4,DOWN,RIGHT,True,True,10,11,1,0.1,True,False,False,0,COLLISION
corridor,4,11,3,9,5,-2,2,4,DOWN,DOWN,True,False,10,10,0,0.0,False,False,True,0,ADEQUATE
corridor,4,11,3,10,0,-1,-3,4,DOWN,NONE,False,True,10,,,,False,False,False,0,INVALID_BELIEF
corridor,4,11,3,10,6,-1,3,4,DOWN,NONE,False,True,10,,,,False,False,False,0,INVALID_BELIEF
corridor,4,11,3,11,-1,0,-4,4,DOWN,NONE,False,True,10,,,,False,False,False,0,INVALID_BELIEF
corridor,4,11,3,11,7,0,4,4,DOWN,RIGHT,True,True,10,11,1,0.1,True,False,False,0,COLLISION
corridor,4,11,3,12,0,1,-3,4,DOWN,NONE,False,True,10,,,,False,False,False,0,INVALID_BELIEF
corridor,4,11,3,12,6,1,3,4,DOWN,NONE,False,True,10,,,,False,False,False,0,INVALID_BELIEF
corridor,4,11,3,13,1,2,-2,4,DOWN,DOWN,True,False,10,10,0,0.0,False,False,True,0,ADEQUATE
corridor,4,11,3,13,5,2,2,4,DOWN,DOWN,True,False,10,10,0,0.0,False,False,True,0,ADEQUATE
corridor,4,11,3,14,2,3,-1,4,DOWN,NONE,False,True,10,,,,False,False,False,0,INVALID_BELIEF
corridor,4,11,3,14,4,3,1,4,DOWN,NONE,False,True,10,,,,False,False,False,0,INVALID_BELIEF
corridor,4,11,3,15,3,4,0,4,DOWN,NONE,False,True,10,,,,False,False,False,0,INVALID_BELIEF
corridor,4,13,3,9,3,-4,0,4,DOWN,RIGHT,True,True,4,5,1,0.25,True,False,False,0,COLLISION
corridor,4,13,3,10,2,-3,-1,4,DOWN,NONE,False,True,4,,,,False,False,False,0,INVALID_BELIEF
corridor,4,13,3,10,4,-3,1,4,DOWN,NONE,False,True,4,,,,False,False,False,0,INVALID_BELIEF
corridor,4,13,3,11,1,-2,-2,4,DOWN,RIGHT,True,True,4,5,1,0.25,True,False,False,0,COLLISION
corridor,4,13,3,11,5,-2,2,4,DOWN,LEFT,True,True,4,5,1,0.25,True,False,False,0,COLLISION
corridor,4,13,3,12,0,-1,-3,4,DOWN,NONE,False,True,4,,,,False,False,False,0,INVALID_BELIEF
corridor,4,13,3,12,6,-1,3,4,DOWN,NONE,False,True,4,,,,False,False,False,0,INVALID_BELIEF
corridor,4,13,3,13,-1,0,-4,4,DOWN,NONE,False,True,4,,,,False,False,False,0,INVALID_BELIEF
corridor,4,13,3,13,7,0,4,4,DOWN,NONE,True,True,4,,,,False,True,False,0,FALSE_TERMINAL
corridor,4,13,3,14,0,1,-3,4,DOWN,NONE,False,True,4,,,,False,False,False,0,INVALID_BELIEF
corridor,4,13,3,14,6,1,3,4,DOWN,NONE,False,True,4,,,,False,False,False,0,INVALID_BELIEF
corridor,4,13,3,15,1,2,-2,4,DOWN,NONE,False,True,4,,,,False,False,False,0,INVALID_BELIEF
corridor,4,13,3,15,5,2,2,4,DOWN,NONE,False,True,4,,,,False,False,False,0,INVALID_BELIEF
corridor,4,13,3,16,2,3,-1,4,DOWN,NONE,False,True,4,,,,False,False,False,0,INVALID_BELIEF
corridor,4,13,3,16,4,3,1,4,DOWN,NONE,False,True,4,,,,False,False,False,0,INVALID_BELIEF
corridor,4,13,3,17,3,4,0,4,DOWN,NONE,False,True,4,,,,False,False,False,0,INVALID_BELIEF
corridor,4,1,4,-3,4,-4,0,4,DOWN,NONE,False,True,15,,,,False,False,False,0,INVALID_BELIEF
corridor,4,1,4,-2,3,-3,-1,4,DOWN,NONE,False,True,15,,,,False,False,False,0,INVALID_BELIEF
corridor,4,1,4,-2,5,-3,1,4,DOWN,NONE,False,True,15,,,,False,False,False,0,INVALID_BELIEF
corridor,4,1,4,-1,2,-2,-2,4,DOWN,NONE,False,True,15,,,,False,False,False,0,INVALID_BELIEF
corridor,4,1,4,-1,6,-2,2,4,DOWN,NONE,False,True,15,,,,False,False,False,0,INVALID_BELIEF
corridor,4,1,4,0,1,-1,-3,4,DOWN,NONE,False,True,15,,,,False,False,False,0,INVALID_BELIEF
corridor,4,1,4,0,7,-1,3,4,DOWN,NONE,False,True,15,,,,False,False,False,0,INVALID_BELIEF
corridor,4,1,4,1,0,0,-4,4,DOWN,NONE,False,True,15,,,,False,False,False,0,INVALID_BELIEF
corridor,4,1,4,1,8,0,4,4,DOWN,NONE,False,True,15,,,,False,False,False,0,INVALID_BELIEF
corridor,4,1,4,2,1,1,-3,4,DOWN,RIGHT,True,True,15,16,1,0.06666666666666667,True,False,False,0,COLLISION
corridor,4,1,4,2,7,1,3,4,DOWN,RIGHT,True,True,15,16,1,0.06666666666666667,True,False,False,0,COLLISION
corridor,4,1,4,3,2,2,-2,4,DOWN,NONE,False,True,15,,,,False,False,False,0,INVALID_BELIEF
corridor,4,1,4,3,6,2,2,4,DOWN,NONE,False,True,15,,,,False,False,False,0,INVALID_BELIEF
corridor,4,1,4,4,3,3,-1,4,DOWN,RIGHT,True,True,15,16,1,0.06666666666666667,True,False,False,0,COLLISION
corridor,4,1,4,4,5,3,1,4,DOWN,LEFT,True,True,15,16,1,0.06666666666666667,True,False,False,0,COLLISION
corridor,4,1,4,5,4,4,0,4,DOWN,NONE,False,True,15,,,,False,False,False,0,INVALID_BELIEF
corridor,4,7,4,3,4,-4,0,4,UP,NONE,False,True,15,,,,False,False,False,0,INVALID_BELIEF
corridor,4,7,4,4,3,-3,-1,4,UP,RIGHT,True,True,15,16,1,0.06666666666666667,True,False,False,0,COLLISION
corridor,4,7,4,4,5,-3,1,4,UP,LEFT,True,True,15,16,1,0.06666666666666667,True,False,False,0,COLLISION
corridor,4,7,4,5,2,-2,-2,4,UP,UP,True,False,15,15,0,0.0,False,False,True,0,ADEQUATE
corridor,4,7,4,5,6,-2,2,4,UP,NONE,False,True,15,,,,False,False,False,0,INVALID_BELIEF
corridor,4,7,4,6,1,-1,-3,4,UP,RIGHT,True,True,15,16,1,0.06666666666666667,True,False,False,0,COLLISION
corridor,4,7,4,6,7,-1,3,4,UP,RIGHT,True,True,15,16,1,0.06666666666666667,True,False,False,0,COLLISION
corridor,4,7,4,7,0,0,-4,4,UP,NONE,False,True,15,,,,False,False,False,0,INVALID_BELIEF
corridor,4,7,4,7,8,0,4,4,UP,NONE,False,True,15,,,,False,False,False,0,INVALID_BELIEF
corridor,4,7,4,8,1,1,-3,4,UP,RIGHT,True,True,15,16,1,0.06666666666666667,True,False,False,0,COLLISION
corridor,4,7,4,8,7,1,3,4,UP,RIGHT,True,True,15,16,1,0.06666666666666667,True,False,False,0,COLLISION
corridor,4,7,4,9,2,2,-2,4,UP,NONE,False,True,15,,,,False,False,False,0,INVALID_BELIEF
corridor,4,7,4,9,6,2,2,4,UP,DOWN,True,True,15,17,2,0.13333333333333333,False,False,False,0,INADEQUATE
corridor,4,7,4,10,3,3,-1,4,UP,RIGHT,True,True,15,16,1,0.06666666666666667,True,False,False,0,COLLISION
corridor,4,7,4,10,5,3,1,4,UP,LEFT,True,True,15,16,1,0.06666666666666667,True,False,False,0,COLLISION
corridor,4,7,4,11,4,4,0,4,UP,DOWN,True,True,15,17,2,0.13333333333333333,False,False,False,0,INADEQUATE
corridor,4,11,4,7,4,-4,0,4,DOWN,UP,True,True,9,11,2,0.2222222222222222,False,False,False,0,INADEQUATE
corridor,4,11,4,8,3,-3,-1,4,DOWN,RIGHT,True,True,9,10,1,0.1111111111111111,True,False,False,0,COLLISION
corridor,4,11,4,8,5,-3,1,4,DOWN,NONE,False,True,9,,,,False,False,False,0,INVALID_BELIEF
corridor,4,11,4,9,2,-2,-2,4,DOWN,NONE,False,True,9,,,,False,False,False,0,INVALID_BELIEF
corridor,4,11,4,9,6,-2,2,4,DOWN,DOWN,True,False,9,9,0,0.0,False,False,True,0,ADEQUATE
corridor,4,11,4,10,1,-1,-3,4,DOWN,RIGHT,True,True,9,10,1,0.1111111111111111,True,False,False,0,COLLISION
corridor,4,11,4,10,7,-1,3,4,DOWN,RIGHT,True,True,9,10,1,0.1111111111111111,True,False,False,0,COLLISION
corridor,4,11,4,11,0,0,-4,4,DOWN,NONE,False,True,9,,,,False,False,False,0,INVALID_BELIEF
corridor,4,11,4,11,8,0,4,4,DOWN,NONE,False,True,9,,,,False,False,False,0,INVALID_BELIEF
corridor,4,11,4,12,1,1,-3,4,DOWN,RIGHT,True,True,9,10,1,0.1111111111111111,True,False,False,0,COLLISION
corridor,4,11,4,12,7,1,3,4,DOWN,RIGHT,True,True,9,10,1,0.1111111111111111,True,False,False,0,COLLISION
corridor,4,11,4,13,2,2,-2,4,DOWN,DOWN,True,False,9,9,0,0.0,False,False,True,0,ADEQUATE
corridor,4,11,4,13,6,2,2,4,DOWN,DOWN,True,False,9,9,0,0.0,False,False,True,0,ADEQUATE
corridor,4,11,4,14,3,3,-1,4,DOWN,NONE,False,True,9,,,,False,False,False,0,INVALID_BELIEF
corridor,4,11,4,14,5,3,1,4,DOWN,NONE,False,True,9,,,,False,False,False,0,INVALID_BELIEF
corridor,4,11,4,15,4,4,0,4,DOWN,NONE,False,True,9,,,,False,False,False,0,INVALID_BELIEF
corridor,4,13,4,9,4,-4,0,4,DOWN,NONE,False,True,3,,,,False,False,False,0,INVALID_BELIEF
corridor,4,13,4,10,3,-3,-1,4,DOWN,RIGHT,True,True,3,4,1,0.3333333333333333,True,False,False,0,COLLISION
corridor,4,13,4,10,5,-3,1,4,DOWN,LEFT,True,True,3,4,1,0.3333333333333333,True,False,False,0,COLLISION
corridor,4,13,4,11,2,-2,-2,4,DOWN,NONE,False,True,3,,,,False,False,False,0,INVALID_BELIEF
corridor,4,13,4,11,6,-2,2,4,DOWN,NONE,False,True,3,,,,False,False,False,0,INVALID_BELIEF
corridor,4,13,4,12,1,-1,-3,4,DOWN,RIGHT,True,True,3,4,1,0.3333333333333333,True,False,False,0,COLLISION
corridor,4,13,4,12,7,-1,3,4,DOWN,RIGHT,True,True,3,4,1,0.3333333333333333,True,False,False,0,COLLISION
corridor,4,13,4,13,0,0,-4,4,DOWN,NONE,False,True,3,,,,False,False,False,0,INVALID_BELIEF
corridor,4,13,4,13,8,0,4,4,DOWN,NONE,False,True,3,,,,False,False,False,0,INVALID_BELIEF
corridor,4,13,4,14,1,1,-3,4,DOWN,NONE,False,True,3,,,,False,False,False,0,INVALID_BELIEF
corridor,4,13,4,14,7,1,3,4,DOWN,NONE,False,True,3,,,,False,False,False,0,INVALID_BELIEF
corridor,4,13,4,15,2,2,-2,4,DOWN,NONE,False,True,3,,,,False,False,False,0,INVALID_BELIEF
corridor,4,13,4,15,6,2,2,4,DOWN,NONE,False,True,3,,,,False,False,False,0,INVALID_BELIEF
corridor,4,13,4,16,3,3,-1,4,DOWN,NONE,False,True,3,,,,False,False,False,0,INVALID_BELIEF
corridor,4,13,4,16,5,3,1,4,DOWN,NONE,False,True,3,,,,False,False,False,0,INVALID_BELIEF
corridor,4,13,4,17,4,4,0,4,DOWN,NONE,False,True,3,,,,False,False,False,0,INVALID_BELIEF
corridor,4,1,5,-3,5,-4,0,4,DOWN,NONE,False,True,14,,,,False,False,False,0,INVALID_BELIEF
corridor,4,1,5,-2,4,-3,-1,4,DOWN,NONE,False,True,14,,,,False,False,False,0,INVALID_BELIEF
corridor,4,1,5,-2,6,-3,1,4,DOWN,NONE,False,True,14,,,,False,False,False,0,INVALID_BELIEF
corridor,4,1,5,-1,3,-2,-2,4,DOWN,NONE,False,True,14,,,,False,False,False,0,INVALID_BELIEF
corridor,4,1,5,-1,7,-2,2,4,DOWN,NONE,False,True,14,,,,False,False,False,0,INVALID_BELIEF
corridor,4,1,5,0,2,-1,-3,4,DOWN,NONE,False,True,14,,,,False,False,False,0,INVALID_BELIEF
corridor,4,1,5,0,8,-1,3,4,DOWN,NONE,False,True,14,,,,False,False,False,0,INVALID_BELIEF
corridor,4,1,5,1,1,0,-4,4,DOWN,RIGHT,True,True,14,16,2,0.14285714285714285,False,False,False,0,INADEQUATE
corridor,4,1,5,1,9,0,4,4,DOWN,NONE,False,True,14,,,,False,False,False,0,INVALID_BELIEF
corridor,4,1,5,2,2,1,-3,4,DOWN,NONE,False,True,14,,,,False,False,False,0,INVALID_BELIEF
corridor,4,1,5,2,8,1,3,4,DOWN,NONE,False,True,14,,,,False,False,False,0,INVALID_BELIEF
corridor,4,1,5,3,3,2,-2,4,DOWN,LEFT,True,True,14,15,1,0.07142857142857142,True,False,False,0,COLLISION
corridor,4,1,5,3,7,2,2,4,DOWN,RIGHT,True,True,14,16,2,0.14285714285714285,False,False,False,0,INADEQUATE
corridor,4,1,5,4,4,3,-1,4,DOWN,NONE,False,True,14,,,,False,False,False,0,INVALID_BELIEF
corridor,4,1,5,4,6,3,1,4,DOWN,NONE,False,True,14,,,,False,False,False,0,INVALID_BELIEF
corridor,4,1,5,5,5,4,0,4,DOWN,LEFT,True,True,14,15,1,0.07142857142857142,True,False,False,0,COLLISION
corridor,4,2,5,-2,5,-4,0,4,LEFT,NONE,False,True,15,,,,False,False,False,0,INVALID_BELIEF
corridor,4,2,5,-1,4,-3,-1,4,LEFT,NONE,False,True,15,,,,False,False,False,0,INVALID_BELIEF
corridor,4,2,5,-1,6,-3,1,4,LEFT,NONE,False,True,15,,,,False,False,False,0,INVALID_BELIEF
corridor,4,2,5,0,3,-2,-2,4,LEFT,NONE,False,True,15,,,,False,False,False,0,INVALID_BELIEF
corridor,4,2,5,0,7,-2,2,4,LEFT,NONE,False,True,15,,,,False,False,False,0,INVALID_BELIEF
corridor,4,2,5,1,2,-1,-3,4,LEFT,NONE,False,True,15,,,,False,False,False,0,INVALID_BELIEF
corridor,4,2,5,1,8,-1,3,4,LEFT,NONE,False,True,15,,,,False,False,False,0,INVALID_BELIEF
corridor,4,2,5,2,1,0,-4,4,LEFT,RIGHT,True,True,15,17,2,0.13333333333333333,False,False,False,0,INADEQUATE
corridor,4,2,5,2,9,0,4,4,LEFT,NONE,False,True,15,,,,False,False,False,0,INVALID_BELIEF
corridor,4,2,5,3,2,1,-3,4,LEFT,NONE,False,True,15,,,,False,False,False,0,INVALID_BELIEF
corridor,4,2,5,3,8,1,3,4,LEFT,NONE,False,True,15,,,,False,False,False,0,INVALID_BELIEF
corridor,4,2,5,4,3,2,-2,4,LEFT,RIGHT,True,True,15,17,2,0.13333333333333333,False,False,False,0,INADEQUATE
corridor,4,2,5,4,7,2,2,4,LEFT,RIGHT,True,True,15,17,2,0.13333333333333333,False,False,False,0,INADEQUATE
corridor,4,2,5,5,4,3,-1,4,LEFT,NONE,False,True,15,,,,False,False,False,0,INVALID_BELIEF
corridor,4,2,5,5,6,3,1,4,LEFT,NONE,False,True,15,,,,False,False,False,0,INVALID_BELIEF
corridor,4,2,5,6,5,4,0,4,LEFT,RIGHT,True,True,15,17,2,0.13333333333333333,False,False,False,0,INADEQUATE
corridor,4,3,5,-1,5,-4,0,4,LEFT,NONE,False,True,16,,,,False,False,False,0,INVALID_BELIEF
corridor,4,3,5,0,4,-3,-1,4,LEFT,NONE,False,True,16,,,,False,False,False,0,INVALID_BELIEF
corridor,4,3,5,0,6,-3,1,4,LEFT,NONE,False,True,16,,,,False,False,False,0,INVALID_BELIEF
corridor,4,3,5,1,3,-2,-2,4,LEFT,DOWN,True,True,16,17,1,0.0625,True,False,False,0,COLLISION
corridor,4,3,5,1,7,-2,2,4,LEFT,RIGHT,True,True,16,18,2,0.125,False,False,False,0,INADEQUATE
corridor,4,3,5,2,2,-1,-3,4,LEFT,NONE,False,True,16,,,,False,False,False,0,INVALID_BELIEF
corridor,4,3,5,2,8,-1,3,4,LEFT,NONE,False,True,16,,,,False,False,False,0,INVALID_BELIEF
corridor,4,3,5,3,1,0,-4,4,LEFT,RIGHT,True,True,16,18,2,0.125,False,False,False,0,INADEQUATE
corridor,4,3,5,3,9,0,4,4,LEFT,NONE,False,True,16,,,,False,False,False,0,INVALID_BELIEF
corridor,4,3,5,4,2,1,-3,4,LEFT,NONE,False,True,16,,,,False,False,False,0,INVALID_BELIEF
corridor,4,3,5,4,8,1,3,4,LEFT,NONE,False,True,16,,,,False,False,False,0,INVALID_BELIEF
corridor,4,3,5,5,3,2,-2,4,LEFT,UP,True,True,16,17,1,0.0625,True,False,False,0,COLLISION
corridor,4,3,5,5,7,2,2,4,LEFT,RIGHT,True,True,16,18,2,0.125,False,False,False,0,INADEQUATE
corridor,4,3,5,6,4,3,-1,4,LEFT,NONE,False,True,16,,,,False,False,False,0,INVALID_BELIEF
corridor,4,3,5,6,6,3,1,4,LEFT,NONE,False,True,16,,,,False,False,False,0,INVALID_BELIEF
corridor,4,3,5,7,5,4,0,4,LEFT,UP,True,True,16,17,1,0.0625,True,False,False,0,COLLISION
corridor,4,4,5,0,5,-4,0,4,LEFT,NONE,False,True,17,,,,False,False,False,0,INVALID_BELIEF
corridor,4,4,5,1,4,-3,-1,4,LEFT,DOWN,True,True,17,18,1,0.058823529411764705,True,False,False,0,COLLISION
corridor,4,4,5,1,6,-3,1,4,LEFT,DOWN,True,True,17,18,1,0.058823529411764705,True,False,False,0,COLLISION
corridor,4,4,5,2,3,-2,-2,4,LEFT,LEFT,True,False,17,17,0,0.0,False,False,True,0,ADEQUATE
corridor,4,4,5,2,7,-2,2,4,LEFT,RIGHT,True,True,17,19,2,0.11764705882352941,False,False,False,0,INADEQUATE
corridor,4,4,5,3,2,-1,-3,4,LEFT,NONE,False,True,17,,,,False,False,False,0,INVALID_BELIEF
corridor,4,4,5,3,8,-1,3,4,LEFT,NONE,False,True,17,,,,False,False,False,0,INVALID_BELIEF
corridor,4,4,5,4,1,0,-4,4,LEFT,RIGHT,True,True,17,19,2,0.11764705882352941,False,False,False,0,INADEQUATE
corridor,4,4,5,4,9,0,4,4,LEFT,NONE,False,True,17,,,,False,False,False,0,INVALID_BELIEF
corridor,4,4,5,5,2,1,-3,4,LEFT,UP,True,True,17,18,1,0.058823529411764705,True,False,False,0,COLLISION
corridor,4,4,5,5,8,1,3,4,LEFT,NONE,False,True,17,,,,False,False,False,0,INVALID_BELIEF
corridor,4,4,5,6,3,2,-2,4,LEFT,NONE,False,True,17,,,,False,False,False,0,INVALID_BELIEF
corridor,4,4,5,6,7,2,2,4,LEFT,RIGHT,True,True,17,19,2,0.11764705882352941,False,False,False,0,INADEQUATE
corridor,4,4,5,7,4,3,-1,4,LEFT,UP,True,True,17,18,1,0.058823529411764705,True,False,False,0,COLLISION
corridor,4,4,5,7,6,3,1,4,LEFT,NONE,False,True,17,,,,False,False,False,0,INVALID_BELIEF
corridor,4,4,5,8,5,4,0,4,LEFT,NONE,False,True,17,,,,False,False,False,0,INVALID_BELIEF
corridor,4,5,5,1,5,-4,0,4,LEFT,DOWN,True,True,18,19,1,0.05555555555555555,True,False,False,0,COLLISION
corridor,4,5,5,2,4,-3,-1,4,LEFT,NONE,False,True,18,,,,False,False,False,0,INVALID_BELIEF
corridor,4,5,5,2,6,-3,1,4,LEFT,NONE,False,True,18,,,,False,False,False,0,INVALID_BELIEF
corridor,4,5,5,3,3,-2,-2,4,LEFT,LEFT,True,False,18,18,0,0.0,False,False,True,0,ADEQUATE
corridor,4,5,5,3,7,-2,2,4,LEFT,RIGHT,True,True,18,18,0,0.0,False,False,True,0,ADEQUATE
corridor,4,5,5,4,2,-1,-3,4,LEFT,NONE,False,True,18,,,,False,False,False,0,INVALID_BELIEF
corridor,4,5,5,4,8,-1,3,4,LEFT,NONE,False,True,18,,,,False,False,False,0,INVALID_BELIEF
corridor,4,5,5,5,1,0,-4,4,LEFT,RIGHT,True,True,18,18,0,0.0,False,False,True,0,ADEQUATE
corridor,4,5,5,5,9,0,4,4,LEFT,NONE,False,True,18,,,,False,False,False,0,INVALID_BELIEF
corridor,4,5,5,6,2,1,-3,4,LEFT,NONE,False,True,18,,,,False,False,False,0,INVALID_BELIEF
corridor,4,5,5,6,8,1,3,4,LEFT,NONE,False,True,18,,,,False,False,False,0,INVALID_BELIEF
corridor,4,5,5,7,3,2,-2,4,LEFT,RIGHT,True,True,18,18,0,0.0,False,False,True,0,ADEQUATE
corridor,4,5,5,7,7,2,2,4,LEFT,RIGHT,True,True,18,18,0,0.0,False,False,True,0,ADEQUATE
corridor,4,5,5,8,4,3,-1,4,LEFT,NONE,False,True,18,,,,False,False,False,0,INVALID_BELIEF
corridor,4,5,5,8,6,3,1,4,LEFT,NONE,False,True,18,,,,False,False,False,0,INVALID_BELIEF
corridor,4,5,5,9,5,4,0,4,LEFT,DOWN,True,True,18,19,1,0.05555555555555555,True,False,False,0,COLLISION
corridor,4,6,5,2,5,-4,0,4,RIGHT,LEFT,True,True,17,19,2,0.11764705882352941,False,False,False,0,INADEQUATE
corridor,4,6,5,3,4,-3,-1,4,RIGHT,NONE,False,True,17,,,,False,False,False,0,INVALID_BELIEF
corridor,4,6,5,3,6,-3,1,4,RIGHT,NONE,False,True,17,,,,False,False,False,0,INVALID_BELIEF
corridor,4,6,5,4,3,-2,-2,4,RIGHT,RIGHT,True,False,17,17,0,0.0,False,False,True,0,ADEQUATE
corridor,4,6,5,4,7,-2,2,4,RIGHT,RIGHT,True,False,17,17,0,0.0,False,False,True,0,ADEQUATE
corridor,4,6,5,5,2,-1,-3,4,RIGHT,UP,True,True,17,18,1,0.058823529411764705,True,False,False,0,COLLISION
corridor,4,6,5,5,8,-1,3,4,RIGHT,NONE,False,True,17,,,,False,False,False,0,INVALID_BELIEF
corridor,4,6,5,6,1,0,-4,4,RIGHT,RIGHT,True,False,17,17,0,0.0,False,False,True,0,ADEQUATE
corridor,4,6,5,6,9,0,4,4,RIGHT,NONE,False,True,17,,,,False,False,False,0,INVALID_BELIEF
corridor,4,6,5,7,2,1,-3,4,RIGHT,NONE,False,True,17,,,,False,False,False,0,INVALID_BELIEF
corridor,4,6,5,7,8,1,3,4,RIGHT,NONE,False,True,17,,,,False,False,False,0,INVALID_BELIEF
corridor,4,6,5,8,3,2,-2,4,RIGHT,RIGHT,True,False,17,17,0,0.0,False,False,True,0,ADEQUATE
corridor,4,6,5,8,7,2,2,4,RIGHT,RIGHT,True,False,17,17,0,0.0,False,False,True,0,ADEQUATE
corridor,4,6,5,9,4,3,-1,4,RIGHT,NONE,False,True,17,,,,False,False,False,0,INVALID_BELIEF
corridor,4,6,5,9,6,3,1,4,RIGHT,DOWN,True,True,17,18,1,0.058823529411764705,True,False,False,0,COLLISION
corridor,4,6,5,10,5,4,0,4,RIGHT,LEFT,True,True,17,19,2,0.11764705882352941,False,False,False,0,INADEQUATE
corridor,4,7,5,3,5,-4,0,4,UP,LEFT,True,True,16,18,2,0.125,False,False,False,0,INADEQUATE
corridor,4,7,5,4,4,-3,-1,4,UP,NONE,False,True,16,,,,False,False,False,0,INVALID_BELIEF
corridor,4,7,5,4,6,-3,1,4,UP,NONE,False,True,16,,,,False,False,False,0,INVALID_BELIEF
corridor,4,7,5,5,3,-2,-2,4,UP,UP,True,False,16,16,0,0.0,False,False,True,0,ADEQUATE
corridor,4,7,5,5,7,-2,2,4,UP,RIGHT,True,True,16,17,1,0.0625,True,False,False,0,COLLISION
corridor,4,7,5,6,2,-1,-3,4,UP,NONE,False,True,16,,,,False,False,False,0,INVALID_BELIEF
corridor,4,7,5,6,8,-1,3,4,UP,NONE,False,True,16,,,,False,False,False,0,INVALID_BELIEF
corridor,4,7,5,7,1,0,-4,4,UP,RIGHT,True,True,16,17,1,0.0625,True,False,False,0,COLLISION
corridor,4,7,5,7,9,0,4,4,UP,NONE,False,True,16,,,,False,False,False,0,INVALID_BELIEF
corridor,4,7,5,8,2,1,-3,4,UP,NONE,False,True,16,,,,False,False,False,0,INVALID_BELIEF
corridor,4,7,5,8,8,1,3,4,UP,NONE,False,True,16,,,,False,False,False,0,INVALID_BELIEF
corridor,4,7,5,9,3,2,-2,4,UP,RIGHT,True,True,16,17,1,0.0625,True,False,False,0,COLLISION
corridor,4,7,5,9,7,2,2,4,UP,RIGHT,True,True,16,17,1,0.0625,True,False,False,0,COLLISION
corridor,4,7,5,10,4,3,-1,4,UP,NONE,False,True,16,,,,False,False,False,0,INVALID_BELIEF
corridor,4,7,5,10,6,3,1,4,UP,NONE,False,True,16,,,,False,False,False,0,INVALID_BELIEF
corridor,4,7,5,11,5,4,0,4,UP,LEFT,True,True,16,18,2,0.125,False,False,False,0,INADEQUATE
corridor,4,9,5,5,5,-4,0,4,DOWN,LEFT,True,True,6,7,1,0.16666666666666666,True,False,False,0,COLLISION
corridor,4,9,5,6,4,-3,-1,4,DOWN,NONE,False,True,6,,,,False,False,False,0,INVALID_BELIEF
corridor,4,9,5,6,6,-3,1,4,DOWN,NONE,False,True,6,,,,False,False,False,0,INVALID_BELIEF
corridor,4,9,5,7,3,-2,-2,4,DOWN,RIGHT,True,True,6,8,2,0.3333333333333333,False,False,False,0,INADEQUATE
corridor,4,9,5,7,7,-2,2,4,DOWN,RIGHT,True,True,6,8,2,0.3333333333333333,False,False,False,0,INADEQUATE
corridor,4,9,5,8,2,-1,-3,4,DOWN,NONE,False,True,6,,,,False,False,False,0,INVALID_BELIEF
corridor,4,9,5,8,8,-1,3,4,DOWN,NONE,False,True,6,,,,False,False,False,0,INVALID_BELIEF
corridor,4,9,5,9,1,0,-4,4,DOWN,RIGHT,True,True,6,8,2,0.3333333333333333,False,False,False,0,INADEQUATE
corridor,4,9,5,9,9,0,4,4,DOWN,NONE,False,True,6,,,,False,False,False,0,INVALID_BELIEF
corridor,4,9,5,10,2,1,-3,4,DOWN,NONE,False,True,6,,,,False,False,False,0,INVALID_BELIEF
corridor,4,9,5,10,8,1,3,4,DOWN,NONE,False,True,6,,,,False,False,False,0,INVALID_BELIEF
corridor,4,9,5,11,3,2,-2,4,DOWN,DOWN,True,False,6,6,0,0.0,False,False,True,0,ADEQUATE
corridor,4,9,5,11,7,2,2,4,DOWN,RIGHT,True,True,6,8,2,0.3333333333333333,False,False,False,0,INADEQUATE
corridor,4,9,5,12,4,3,-1,4,DOWN,NONE,False,True,6,,,,False,False,False,0,INVALID_BELIEF
corridor,4,9,5,12,6,3,1,4,DOWN,NONE,False,True,6,,,,False,False,False,0,INVALID_BELIEF
corridor,4,9,5,13,5,4,0,4,DOWN,DOWN,True,False,6,6,0,0.0,False,False,True,0,ADEQUATE
corridor,4,10,5,6,5,-4,0,4,LEFT,RIGHT,True,True,7,9,2,0.2857142857142857,False,False,False,0,INADEQUATE
corridor,4,10,5,7,4,-3,-1,4,LEFT,UP,True,True,7,8,1,0.14285714285714285,True,False,False,0,COLLISION
corridor,4,10,5,7,6,-3,1,4,LEFT,NONE,False,True,7,,,,False,False,False,0,INVALID_BELIEF
corridor,4,10,5,8,3,-2,-2,4,LEFT,RIGHT,True,True,7,9,2,0.2857142857142857,False,False,False,0,INADEQUATE
corridor,4,10,5,8,7,-2,2,4,LEFT,RIGHT,True,True,7,9,2,0.2857142857142857,False,False,False,0,INADEQUATE
corridor,4,10,5,9,2,-1,-3,4,LEFT,NONE,False,True,7,,,,False,False,False,0,INVALID_BELIEF
corridor,4,10,5,9,8,-1,3,4,LEFT,NONE,False,True,7,,,,False,False,False,0,INVALID_BELIEF
corridor,4,10,5,10,1,0,-4,4,LEFT,RIGHT,True,True,7,9,2,0.2857142857142857,False,False,False,0,INADEQUATE
corridor,4,10,5,10,9,0,4,4,LEFT,NONE,False,True,7,,,,False,False,False,0,INVALID_BELIEF
corridor,4,10,5,11,2,1,-3,4,LEFT,NONE,False,True,7,,,,False,False,False,0,INVALID_BELIEF
corridor,4,10,5,11,8,1,3,4,LEFT,NONE,False,True,7,,,,False,False,False,0,INVALID_BELIEF
corridor,4,10,5,12,3,2,-2,4,LEFT,NONE,False,True,7,,,,False,False,False,0,INVALID_BELIEF
corridor,4,10,5,12,7,2,2,4,LEFT,RIGHT,True,True,7,9,2,0.2857142857142857,False,False,False,0,INADEQUATE
corridor,4,10,5,13,4,3,-1,4,LEFT,DOWN,True,True,7,8,1,0.14285714285714285,True,False,False,0,COLLISION
corridor,4,10,5,13,6,3,1,4,LEFT,DOWN,True,True,7,8,1,0.14285714285714285,True,False,False,0,COLLISION
corridor,4,10,5,14,5,4,0,4,LEFT,NONE,False,True,7,,,,False,False,False,0,INVALID_BELIEF
corridor,4,11,5,7,5,-4,0,4,LEFT,UP,True,True,8,10,2,0.25,False,False,False,0,INADEQUATE
corridor,4,11,5,8,4,-3,-1,4,LEFT,NONE,False,True,8,,,,False,False,False,0,INVALID_BELIEF
corridor,4,11,5,8,6,-3,1,4,LEFT,NONE,False,True,8,,,,False,False,False,0,INVALID_BELIEF
corridor,4,11,5,9,3,-2,-2,4,LEFT,RIGHT,True,True,8,9,1,0.125,True,False,False,0,COLLISION
corridor,4,11,5,9,7,-2,2,4,LEFT,RIGHT,True,True,8,9,1,0.125,True,False,False,0,COLLISION
corridor,4,11,5,10,2,-1,-3,4,LEFT,NONE,False,True,8,,,,False,False,False,0,INVALID_BELIEF
corridor,4,11,5,10,8,-1,3,4,LEFT,NONE,False,True,8,,,,False,False,False,0,INVALID_BELIEF
corridor,4,11,5,11,1,0,-4,4,LEFT,RIGHT,True,True,8,9,1,0.125,True,False,False,0,COLLISION
corridor,4,11,5,11,9,0,4,4,LEFT,NONE,False,True,8,,,,False,False,False,0,INVALID_BELIEF
corridor,4,11,5,12,2,1,-3,4,LEFT,NONE,False,True,8,,,,False,False,False,0,INVALID_BELIEF
corridor,4,11,5,12,8,1,3,4,LEFT,NONE,False,True,8,,,,False,False,False,0,INVALID_BELIEF
corridor,4,11,5,13,3,2,-2,4,LEFT,DOWN,True,True,8,9,1,0.125,True,False,False,0,COLLISION
corridor,4,11,5,13,7,2,2,4,LEFT,NONE,True,True,8,,,,False,True,False,0,FALSE_TERMINAL
corridor,4,11,5,14,4,3,-1,4,LEFT,NONE,False,True,8,,,,False,False,False,0,INVALID_BELIEF
corridor,4,11,5,14,6,3,1,4,LEFT,NONE,False,True,8,,,,False,False,False,0,INVALID_BELIEF
corridor,4,11,5,15,5,4,0,4,LEFT,NONE,False,True,8,,,,False,False,False,0,INVALID_BELIEF
corridor,4,13,5,9,5,-4,0,4,DOWN,DOWN,True,False,2,2,0,0.0,False,False,True,0,ADEQUATE
corridor,4,13,5,10,4,-3,-1,4,DOWN,NONE,False,True,2,,,,False,False,False,0,INVALID_BELIEF
corridor,4,13,5,10,6,-3,1,4,DOWN,NONE,False,True,2,,,,False,False,False,0,INVALID_BELIEF
corridor,4,13,5,11,3,-2,-2,4,DOWN,DOWN,True,False,2,2,0,0.0,False,False,True,0,ADEQUATE
corridor,4,13,5,11,7,-2,2,4,DOWN,RIGHT,True,True,2,3,1,0.5,True,False,False,0,COLLISION
corridor,4,13,5,12,2,-1,-3,4,DOWN,NONE,False,True,2,,,,False,False,False,0,INVALID_BELIEF
corridor,4,13,5,12,8,-1,3,4,DOWN,NONE,False,True,2,,,,False,False,False,0,INVALID_BELIEF
corridor,4,13,5,13,1,0,-4,4,DOWN,DOWN,True,False,2,2,0,0.0,False,False,True,0,ADEQUATE
corridor,4,13,5,13,9,0,4,4,DOWN,NONE,False,True,2,,,,False,False,False,0,INVALID_BELIEF
corridor,4,13,5,14,2,1,-3,4,DOWN,NONE,False,True,2,,,,False,False,False,0,INVALID_BELIEF
corridor,4,13,5,14,8,1,3,4,DOWN,NONE,False,True,2,,,,False,False,False,0,INVALID_BELIEF
corridor,4,13,5,15,3,2,-2,4,DOWN,NONE,False,True,2,,,,False,False,False,0,INVALID_BELIEF
corridor,4,13,5,15,7,2,2,4,DOWN,NONE,False,True,2,,,,False,False,False,0,INVALID_BELIEF
corridor,4,13,5,16,4,3,-1,4,DOWN,NONE,False,True,2,,,,False,False,False,0,INVALID_BELIEF
corridor,4,13,5,16,6,3,1,4,DOWN,NONE,False,True,2,,,,False,False,False,0,INVALID_BELIEF
corridor,4,13,5,17,5,4,0,4,DOWN,NONE,False,True,2,,,,False,False,False,0,INVALID_BELIEF
corridor,4,1,6,-3,6,-4,0,4,DOWN,NONE,False,True,13,,,,False,False,False,0,INVALID_BELIEF
corridor,4,1,6,-2,5,-3,-1,4,DOWN,NONE,False,True,13,,,,False,False,False,0,INVALID_BELIEF
corridor,4,1,6,-2,7,-3,1,4,DOWN,NONE,False,True,13,,,,False,False,False,0,INVALID_BELIEF
corridor,4,1,6,-1,4,-2,-2,4,DOWN,NONE,False,True,13,,,,False,False,False,0,INVALID_BELIEF
corridor,4,1,6,-1,8,-2,2,4,DOWN,NONE,False,True,13,,,,False,False,False,0,INVALID_BELIEF
corridor,4,1,6,0,3,-1,-3,4,DOWN,NONE,False,True,13,,,,False,False,False,0,INVALID_BELIEF
corridor,4,1,6,0,9,-1,3,4,DOWN,NONE,False,True,13,,,,False,False,False,0,INVALID_BELIEF
corridor,4,1,6,1,2,0,-4,4,DOWN,NONE,False,True,13,,,,False,False,False,0,INVALID_BELIEF
corridor,4,1,6,1,10,0,4,4,DOWN,NONE,False,True,13,,,,False,False,False,0,INVALID_BELIEF
corridor,4,1,6,2,3,1,-3,4,DOWN,LEFT,True,True,13,14,1,0.07692307692307693,True,False,False,0,COLLISION
corridor,4,1,6,2,9,1,3,4,DOWN,NONE,False,True,13,,,,False,False,False,0,INVALID_BELIEF
corridor,4,1,6,3,4,2,-2,4,DOWN,NONE,False,True,13,,,,False,False,False,0,INVALID_BELIEF
corridor,4,1,6,3,8,2,2,4,DOWN,NONE,False,True,13,,,,False,False,False,0,INVALID_BELIEF
corridor,4,1,6,4,5,3,-1,4,DOWN,LEFT,True,True,13,14,1,0.07692307692307693,True,False,False,0,COLLISION
corridor,4,1,6,4,7,3,1,4,DOWN,RIGHT,True,True,13,14,1,0.07692307692307693,True,False,False,0,COLLISION
corridor,4,1,6,5,6,4,0,4,DOWN,NONE,False,True,13,,,,False,False,False,0,INVALID_BELIEF
corridor,4,9,6,5,6,-4,0,4,DOWN,NONE,False,True,5,,,,False,False,False,0,INVALID_BELIEF
corridor,4,9,6,6,5,-3,-1,4,DOWN,RIGHT,True,True,5,6,1,0.2,True,False,False,0,COLLISION
corridor,4,9,6,6,7,-3,1,4,DOWN,RIGHT,True,True,5,6,1,0.2,True,False,False,0,COLLISION
corridor,4,9,6,7,4,-2,-2,4,DOWN,UP,True,True,5,7,2,0.4,False,False,False,0,INADEQUATE
corridor,4,9,6,7,8,-2,2,4,DOWN,NONE,False,True,5,,,,False,False,False,0,INVALID_BELIEF
corridor,4,9,6,8,3,-1,-3,4,DOWN,RIGHT,True,True,5,6,1,0.2,True,False,False,0,COLLISION
corridor,4,9,6,8,9,-1,3,4,DOWN,NONE,False,True,5,,,,False,False,False,0,INVALID_BELIEF
corridor,4,9,6,9,2,0,-4,4,DOWN,NONE,False,True,5,,,,False,False,False,0,INVALID_BELIEF
corridor,4,9,6,9,10,0,4,4,DOWN,NONE,False,True,5,,,,False,False,False,0,INVALID_BELIEF
corridor,4,9,6,10,3,1,-3,4,DOWN,RIGHT,True,True,5,6,1,0.2,True,False,False,0,COLLISION
corridor,4,9,6,10,9,1,3,4,DOWN,NONE,False,True,5,,,,False,False,False,0,INVALID_BELIEF
corridor,4,9,6,11,4,2,-2,4,DOWN,DOWN,True,False,5,5,0,0.0,False,False,True,0,ADEQUATE
corridor,4,9,6,11,8,2,2,4,DOWN,NONE,False,True,5,,,,False,False,False,0,INVALID_BELIEF
corridor,4,9,6,12,5,3,-1,4,DOWN,NONE,False,True,5,,,,False,False,False,0,INVALID_BELIEF
corridor,4,9,6,12,7,3,1,4,DOWN,RIGHT,True,True,5,6,1,0.2,True,False,False,0,COLLISION
corridor,4,9,6,13,6,4,0,4,DOWN,DOWN,True,False,5,5,0,0.0,False,False,True,0,ADEQUATE
corridor,4,13,6,9,6,-4,0,4,DOWN,DOWN,True,False,1,1,0,0.0,False,False,True,0,ADEQUATE
corridor,4,13,6,10,5,-3,-1,4,DOWN,LEFT,True,True,1,2,1,1.0,True,False,False,0,COLLISION
corridor,4,13,6,10,7,-3,1,4,DOWN,RIGHT,True,True,1,2,1,1.0,True,False,False,0,COLLISION
corridor,4,13,6,11,4,-2,-2,4,DOWN,DOWN,True,False,1,1,0,0.0,False,False,True,0,ADEQUATE
corridor,4,13,6,11,8,-2,2,4,DOWN,NONE,False,True,1,,,,False,False,False,0,INVALID_BELIEF
corridor,4,13,6,12,3,-1,-3,4,DOWN,NONE,False,True,1,,,,False,False,False,0,INVALID_BELIEF
corridor,4,13,6,12,9,-1,3,4,DOWN,NONE,False,True,1,,,,False,False,False,0,INVALID_BELIEF
corridor,4,13,6,13,2,0,-4,4,DOWN,DOWN,True,False,1,1,0,0.0,False,False,True,0,ADEQUATE
corridor,4,13,6,13,10,0,4,4,DOWN,NONE,False,True,1,,,,False,False,False,0,INVALID_BELIEF
corridor,4,13,6,14,3,1,-3,4,DOWN,NONE,False,True,1,,,,False,False,False,0,INVALID_BELIEF
corridor,4,13,6,14,9,1,3,4,DOWN,NONE,False,True,1,,,,False,False,False,0,INVALID_BELIEF
corridor,4,13,6,15,4,2,-2,4,DOWN,NONE,False,True,1,,,,False,False,False,0,INVALID_BELIEF
corridor,4,13,6,15,8,2,2,4,DOWN,NONE,False,True,1,,,,False,False,False,0,INVALID_BELIEF
corridor,4,13,6,16,5,3,-1,4,DOWN,NONE,False,True,1,,,,False,False,False,0,INVALID_BELIEF
corridor,4,13,6,16,7,3,1,4,DOWN,NONE,False,True,1,,,,False,False,False,0,INVALID_BELIEF
corridor,4,13,6,17,6,4,0,4,DOWN,NONE,False,True,1,,,,False,False,False,0,INVALID_BELIEF
corridor,4,1,7,-3,7,-4,0,4,RIGHT,NONE,False,True,12,,,,False,False,False,0,INVALID_BELIEF
corridor,4,1,7,-2,6,-3,-1,4,RIGHT,NONE,False,True,12,,,,False,False,False,0,INVALID_BELIEF
corridor,4,1,7,-2,8,-3,1,4,RIGHT,NONE,False,True,12,,,,False,False,False,0,INVALID_BELIEF
corridor,4,1,7,-1,5,-2,-2,4,RIGHT,NONE,False,True,12,,,,False,False,False,0,INVALID_BELIEF
corridor,4,1,7,-1,9,-2,2,4,RIGHT,NONE,False,True,12,,,,False,False,False,0,INVALID_BELIEF
corridor,4,1,7,0,4,-1,-3,4,RIGHT,NONE,False,True,12,,,,False,False,False,0,INVALID_BELIEF
corridor,4,1,7,0,10,-1,3,4,RIGHT,NONE,False,True,12,,,,False,False,False,0,INVALID_BELIEF
corridor,4,1,7,1,3,0,-4,4,RIGHT,DOWN,True,True,12,13,1,0.08333333333333333,True,False,False,0,COLLISION
corridor,4,1,7,1,11,0,4,4,RIGHT,NONE,False,True,12,,,,False,False,False,0,INVALID_BELIEF
corridor,4,1,7,2,4,1,-3,4,RIGHT,NONE,False,True,12,,,,False,False,False,0,INVALID_BELIEF
corridor,4,1,7,2,10,1,3,4,RIGHT,NONE,False,True,12,,,,False,False,False,0,INVALID_BELIEF
corridor,4,1,7,3,5,2,-2,4,RIGHT,LEFT,True,True,12,13,1,0.08333333333333333,True,False,False,0,COLLISION
corridor,4,1,7,3,9,2,2,4,RIGHT,NONE,False,True,12,,,,False,False,False,0,INVALID_BELIEF
corridor,4,1,7,4,6,3,-1,4,RIGHT,NONE,False,True,12,,,,False,False,False,0,INVALID_BELIEF
corridor,4,1,7,4,8,3,1,4,RIGHT,NONE,False,True,12,,,,False,False,False,0,INVALID_BELIEF
corridor,4,1,7,5,7,4,0,4,RIGHT,RIGHT,True,False,12,12,0,0.0,False,False,True,0,ADEQUATE
corridor,4,2,7,-2,7,-4,0,4,RIGHT,NONE,False,True,11,,,,False,False,False,0,INVALID_BELIEF
corridor,4,2,7,-1,6,-3,-1,4,RIGHT,NONE,False,True,11,,,,False,False,False,0,INVALID_BELIEF
corridor,4,2,7,-1,8,-3,1,4,RIGHT,NONE,False,True,11,,,,False,False,False,0,INVALID_BELIEF
corridor,4,2,7,0,5,-2,-2,4,RIGHT,NONE,False,True,11,,,,False,False,False,0,INVALID_BELIEF
corridor,4,2,7,0,9,-2,2,4,RIGHT,NONE,False,True,11,,,,False,False,False,0,INVALID_BELIEF
corridor,4,2,7,1,4,-1,-3,4,RIGHT,DOWN,True,True,11,12,1,0.09090909090909091,True,False,False,0,COLLISION
corridor,4,2,7,1,10,-1,3,4,RIGHT,NONE,False,True,11,,,,False,False,False,0,INVALID_BELIEF
corridor,4,2,7,2,3,0,-4,4,RIGHT,LEFT,True,True,11,13,2,0.18181818181818182,False,False,False,0,INADEQUATE
corridor,4,2,7,2,11,0,4,4,RIGHT,NONE,False,True,11,,,,False,False,False,0,INVALID_BELIEF
corridor,4,2,7,3,4,1,-3,4,RIGHT,NONE,False,True,11,,,,False,False,False,0,INVALID_BELIEF
corridor,4,2,7,3,10,1,3,4,RIGHT,NONE,False,True,11,,,,False,False,False,0,INVALID_BELIEF
corridor,4,2,7,4,5,2,-2,4,RIGHT,LEFT,True,True,11,13,2,0.18181818181818182,False,False,False,0,INADEQUATE
corridor,4,2,7,4,9,2,2,4,RIGHT,NONE,False,True,11,,,,False,False,False,0,INVALID_BELIEF
corridor,4,2,7,5,6,3,-1,4,RIGHT,NONE,False,True,11,,,,False,False,False,0,INVALID_BELIEF
corridor,4,2,7,5,8,3,1,4,RIGHT,NONE,False,True,11,,,,False,False,False,0,INVALID_BELIEF
corridor,4,2,7,6,7,4,0,4,RIGHT,RIGHT,True,False,11,11,0,0.0,False,False,True,0,ADEQUATE
corridor,4,3,7,-1,7,-4,0,4,RIGHT,NONE,False,True,10,,,,False,False,False,0,INVALID_BELIEF
corridor,4,3,7,0,6,-3,-1,4,RIGHT,NONE,False,True,10,,,,False,False,False,0,INVALID_BELIEF
corridor,4,3,7,0,8,-3,1,4,RIGHT,NONE,False,True,10,,,,False,False,False,0,INVALID_BELIEF
corridor,4,3,7,1,5,-2,-2,4,RIGHT,DOWN,True,True,10,11,1,0.1,True,False,False,0,COLLISION
corridor,4,3,7,1,9,-2,2,4,RIGHT,NONE,False,True,10,,,,False,False,False,0,INVALID_BELIEF
corridor,4,3,7,2,4,-1,-3,4,RIGHT,NONE,False,True,10,,,,False,False,False,0,INVALID_BELIEF
corridor,4,3,7,2,10,-1,3,4,RIGHT,NONE,False,True,10,,,,False,False,False,0,INVALID_BELIEF
corridor,4,3,7,3,3,0,-4,4,RIGHT,LEFT,True,True,10,12,2,0.2,False,False,False,0,INADEQUATE
corridor,4,3,7,3,11,0,4,4,RIGHT,NONE,False,True,10,,,,False,False,False,0,INVALID_BELIEF
corridor,4,3,7,4,4,1,-3,4,RIGHT,NONE,False,True,10,,,,False,False,False,0,INVALID_BELIEF
corridor,4,3,7,4,10,1,3,4,RIGHT,NONE,False,True,10,,,,False,False,False,0,INVALID_BELIEF
corridor,4,3,7,5,5,2,-2,4,RIGHT,LEFT,True,True,10,12,2,0.2,False,False,False,0,INADEQUATE
corridor,4,3,7,5,9,2,2,4,RIGHT,NONE,False,True,10,,,,False,False,False,0,INVALID_BELIEF
corridor,4,3,7,6,6,3,-1,4,RIGHT,NONE,False,True,10,,,,False,False,False,0,INVALID_BELIEF
corridor,4,3,7,6,8,3,1,4,RIGHT,NONE,False,True,10,,,,False,False,False,0,INVALID_BELIEF
corridor,4,3,7,7,7,4,0,4,RIGHT,RIGHT,True,False,10,10,0,0.0,False,False,True,0,ADEQUATE
corridor,4,4,7,0,7,-4,0,4,RIGHT,NONE,False,True,9,,,,False,False,False,0,INVALID_BELIEF
corridor,4,4,7,1,6,-3,-1,4,RIGHT,DOWN,True,True,9,10,1,0.1111111111111111,True,False,False,0,COLLISION
corridor,4,4,7,1,8,-3,1,4,RIGHT,NONE,False,True,9,,,,False,False,False,0,INVALID_BELIEF
corridor,4,4,7,2,5,-2,-2,4,RIGHT,LEFT,True,True,9,11,2,0.2222222222222222,False,False,False,0,INADEQUATE
corridor,4,4,7,2,9,-2,2,4,RIGHT,NONE,False,True,9,,,,False,False,False,0,INVALID_BELIEF
corridor,4,4,7,3,4,-1,-3,4,RIGHT,NONE,False,True,9,,,,False,False,False,0,INVALID_BELIEF
corridor,4,4,7,3,10,-1,3,4,RIGHT,NONE,False,True,9,,,,False,False,False,0,INVALID_BELIEF
corridor,4,4,7,4,3,0,-4,4,RIGHT,RIGHT,True,False,9,9,0,0.0,False,False,True,0,ADEQUATE
corridor,4,4,7,4,11,0,4,4,RIGHT,NONE,False,True,9,,,,False,False,False,0,INVALID_BELIEF
corridor,4,4,7,5,4,1,-3,4,RIGHT,NONE,False,True,9,,,,False,False,False,0,INVALID_BELIEF
corridor,4,4,7,5,10,1,3,4,RIGHT,NONE,False,True,9,,,,False,False,False,0,INVALID_BELIEF
corridor,4,4,7,6,5,2,-2,4,RIGHT,RIGHT,True,False,9,9,0,0.0,False,False,True,0,ADEQUATE
corridor,4,4,7,6,9,2,2,4,RIGHT,NONE,False,True,9,,,,False,False,False,0,INVALID_BELIEF
corridor,4,4,7,7,6,3,-1,4,RIGHT,NONE,False,True,9,,,,False,False,False,0,INVALID_BELIEF
corridor,4,4,7,7,8,3,1,4,RIGHT,NONE,False,True,9,,,,False,False,False,0,INVALID_BELIEF
corridor,4,4,7,8,7,4,0,4,RIGHT,RIGHT,True,False,9,9,0,0.0,False,False,True,0,ADEQUATE
corridor,4,5,7,1,7,-4,0,4,RIGHT,RIGHT,True,False,8,8,0,0.0,False,False,True,0,ADEQUATE
corridor,4,5,7,2,6,-3,-1,4,RIGHT,NONE,False,True,8,,,,False,False,False,0,INVALID_BELIEF
corridor,4,5,7,2,8,-3,1,4,RIGHT,NONE,False,True,8,,,,False,False,False,0,INVALID_BELIEF
corridor,4,5,7,3,5,-2,-2,4,RIGHT,LEFT,True,True,8,10,2,0.25,False,False,False,0,INADEQUATE
corridor,4,5,7,3,9,-2,2,4,RIGHT,NONE,False,True,8,,,,False,False,False,0,INVALID_BELIEF
corridor,4,5,7,4,4,-1,-3,4,RIGHT,NONE,False,True,8,,,,False,False,False,0,INVALID_BELIEF
corridor,4,5,7,4,10,-1,3,4,RIGHT,NONE,False,True,8,,,,False,False,False,0,INVALID_BELIEF
corridor,4,5,7,5,3,0,-4,4,RIGHT,UP,True,True,8,9,1,0.125,True,False,False,0,COLLISION
corridor,4,5,7,5,11,0,4,4,RIGHT,NONE,False,True,8,,,,False,False,False,0,INVALID_BELIEF
corridor,4,5,7,6,4,1,-3,4,RIGHT,NONE,False,True,8,,,,False,False,False,0,INVALID_BELIEF
corridor,4,5,7,6,10,1,3,4,RIGHT,NONE,False,True,8,,,,False,False,False,0,INVALID_BELIEF
corridor,4,5,7,7,5,2,-2,4,RIGHT,UP,True,True,8,9,1,0.125,True,False,False,0,COLLISION
corridor,4,5,7,7,9,2,2,4,RIGHT,NONE,False,True,8,,,,False,False,False,0,INVALID_BELIEF
corridor,4,5,7,8,6,3,-1,4,RIGHT,NONE,False,True,8,,,,False,False,False,0,INVALID_BELIEF
corridor,4,5,7,8,8,3,1,4,RIGHT,NONE,False,True,8,,,,False,False,False,0,INVALID_BELIEF
corridor,4,5,7,9,7,4,0,4,RIGHT,RIGHT,True,False,8,8,0,0.0,False,False,True,0,ADEQUATE
corridor,4,6,7,2,7,-4,0,4,RIGHT,RIGHT,True,False,7,7,0,0.0,False,False,True,0,ADEQUATE
corridor,4,6,7,3,6,-3,-1,4,RIGHT,NONE,False,True,7,,,,False,False,False,0,INVALID_BELIEF
corridor,4,6,7,3,8,-3,1,4,RIGHT,NONE,False,True,7,,,,False,False,False,0,INVALID_BELIEF
corridor,4,6,7,4,5,-2,-2,4,RIGHT,LEFT,True,True,7,9,2,0.2857142857142857,False,False,False,0,INADEQUATE
corridor,4,6,7,4,9,-2,2,4,RIGHT,NONE,False,True,7,,,,False,False,False,0,INVALID_BELIEF
corridor,4,6,7,5,4,-1,-3,4,RIGHT,NONE,False,True,7,,,,False,False,False,0,INVALID_BELIEF
corridor,4,6,7,5,10,-1,3,4,RIGHT,NONE,False,True,7,,,,False,False,False,0,INVALID_BELIEF
corridor,4,6,7,6,3,0,-4,4,RIGHT,NONE,False,True,7,,,,False,False,False,0,INVALID_BELIEF
corridor,4,6,7,6,11,0,4,4,RIGHT,NONE,False,True,7,,,,False,False,False,0,INVALID_BELIEF
corridor,4,6,7,7,4,1,-3,4,RIGHT,UP,True,True,7,8,1,0.14285714285714285,True,False,False,0,COLLISION
corridor,4,6,7,7,10,1,3,4,RIGHT,NONE,False,True,7,,,,False,False,False,0,INVALID_BELIEF
corridor,4,6,7,8,5,2,-2,4,RIGHT,NONE,False,True,7,,,,False,False,False,0,INVALID_BELIEF
corridor,4,6,7,8,9,2,2,4,RIGHT,NONE,False,True,7,,,,False,False,False,0,INVALID_BELIEF
corridor,4,6,7,9,6,3,-1,4,RIGHT,DOWN,True,True,7,8,1,0.14285714285714285,True,False,False,0,COLLISION
corridor,4,6,7,9,8,3,1,4,RIGHT,NONE,False,True,7,,,,False,False,False,0,INVALID_BELIEF
corridor,4,6,7,10,7,4,0,4,RIGHT,RIGHT,True,False,7,7,0,0.0,False,False,True,0,ADEQUATE
corridor,4,7,7,3,7,-4,0,4,RIGHT,RIGHT,True,False,6,6,0,0.0,False,False,True,0,ADEQUATE
corridor,4,7,7,4,6,-3,-1,4,RIGHT,NONE,False,True,6,,,,False,False,False,0,INVALID_BELIEF
corridor,4,7,7,4,8,-3,1,4,RIGHT,NONE,False,True,6,,,,False,False,False,0,INVALID_BELIEF
corridor,4,7,7,5,5,-2,-2,4,RIGHT,LEFT,True,True,6,8,2,0.3333333333333333,False,False,False,0,INADEQUATE
corridor,4,7,7,5,9,-2,2,4,RIGHT,NONE,False,True,6,,,,False,False,False,0,INVALID_BELIEF
corridor,4,7,7,6,4,-1,-3,4,RIGHT,NONE,False,True,6,,,,False,False,False,0,INVALID_BELIEF
corridor,4,7,7,6,10,-1,3,4,RIGHT,NONE,False,True,6,,,,False,False,False,0,INVALID_BELIEF
corridor,4,7,7,7,3,0,-4,4,RIGHT,RIGHT,True,False,6,6,0,0.0,False,False,True,0,ADEQUATE
corridor,4,7,7,7,11,0,4,4,RIGHT,NONE,False,True,6,,,,False,False,False,0,INVALID_BELIEF
corridor,4,7,7,8,4,1,-3,4,RIGHT,NONE,False,True,6,,,,False,False,False,0,INVALID_BELIEF
corridor,4,7,7,8,10,1,3,4,RIGHT,NONE,False,True,6,,,,False,False,False,0,INVALID_BELIEF
corridor,4,7,7,9,5,2,-2,4,RIGHT,DOWN,True,True,6,7,1,0.16666666666666666,True,False,False,0,COLLISION
corridor,4,7,7,9,9,2,2,4,RIGHT,NONE,False,True,6,,,,False,False,False,0,INVALID_BELIEF
corridor,4,7,7,10,6,3,-1,4,RIGHT,NONE,False,True,6,,,,False,False,False,0,INVALID_BELIEF
corridor,4,7,7,10,8,3,1,4,RIGHT,NONE,False,True,6,,,,False,False,False,0,INVALID_BELIEF
corridor,4,7,7,11,7,4,0,4,RIGHT,RIGHT,True,False,6,6,0,0.0,False,False,True,0,ADEQUATE
corridor,4,8,7,4,7,-4,0,4,RIGHT,RIGHT,True,False,5,5,0,0.0,False,False,True,0,ADEQUATE
corridor,4,8,7,5,6,-3,-1,4,RIGHT,NONE,False,True,5,,,,False,False,False,0,INVALID_BELIEF
corridor,4,8,7,5,8,-3,1,4,RIGHT,NONE,False,True,5,,,,False,False,False,0,INVALID_BELIEF
corridor,4,8,7,6,5,-2,-2,4,RIGHT,RIGHT,True,False,5,5,0,0.0,False,False,True,0,ADEQUATE
corridor,4,8,7,6,9,-2,2,4,RIGHT,NONE,False,True,5,,,,False,False,False,0,INVALID_BELIEF
corridor,4,8,7,7,4,-1,-3,4,RIGHT,UP,True,True,5,6,1,0.2,True,False,False,0,COLLISION
corridor,4,8,7,7,10,-1,3,4,RIGHT,NONE,False,True,5,,,,False,False,False,0,INVALID_BELIEF
corridor,4,8,7,8,3,0,-4,4,RIGHT,RIGHT,True,False,5,5,0,0.0,False,False,True,0,ADEQUATE
corridor,4,8,7,8,11,0,4,4,RIGHT,NONE,False,True,5,,,,False,False,False,0,INVALID_BELIEF
corridor,4,8,7,9,4,1,-3,4,RIGHT,NONE,False,True,5,,,,False,False,False,0,INVALID_BELIEF
corridor,4,8,7,9,10,1,3,4,RIGHT,NONE,False,True,5,,,,False,False,False,0,INVALID_BELIEF
corridor,4,8,7,10,5,2,-2,4,RIGHT,LEFT,True,True,5,7,2,0.4,False,False,False,0,INADEQUATE
corridor,4,8,7,10,9,2,2,4,RIGHT,NONE,False,True,5,,,,False,False,False,0,INVALID_BELIEF
corridor,4,8,7,11,6,3,-1,4,RIGHT,NONE,False,True,5,,,,False,False,False,0,INVALID_BELIEF
corridor,4,8,7,11,8,3,1,4,RIGHT,NONE,False,True,5,,,,False,False,False,0,INVALID_BELIEF
corridor,4,8,7,12,7,4,0,4,RIGHT,RIGHT,True,False,5,5,0,0.0,False,False,True,0,ADEQUATE
corridor,4,9,7,5,7,-4,0,4,RIGHT,RIGHT,True,False,4,4,0,0.0,False,False,True,0,ADEQUATE
corridor,4,9,7,6,6,-3,-1,4,RIGHT,NONE,False,True,4,,,,False,False,False,0,INVALID_BELIEF
corridor,4,9,7,6,8,-3,1,4,RIGHT,NONE,False,True,4,,,,False,False,False,0,INVALID_BELIEF
corridor,4,9,7,7,5,-2,-2,4,RIGHT,UP,True,True,4,6,2,0.5,False,False,False,0,INADEQUATE
corridor,4,9,7,7,9,-2,2,4,RIGHT,NONE,False,True,4,,,,False,False,False,0,INVALID_BELIEF
corridor,4,9,7,8,4,-1,-3,4,RIGHT,NONE,False,True,4,,,,False,False,False,0,INVALID_BELIEF
corridor,4,9,7,8,10,-1,3,4,RIGHT,NONE,False,True,4,,,,False,False,False,0,INVALID_BELIEF
corridor,4,9,7,9,3,0,-4,4,RIGHT,RIGHT,True,False,4,4,0,0.0,False,False,True,0,ADEQUATE
corridor,4,9,7,9,11,0,4,4,RIGHT,NONE,False,True,4,,,,False,False,False,0,INVALID_BELIEF
corridor,4,9,7,10,4,1,-3,4,RIGHT,NONE,False,True,4,,,,False,False,False,0,INVALID_BELIEF
corridor,4,9,7,10,10,1,3,4,RIGHT,NONE,False,True,4,,,,False,False,False,0,INVALID_BELIEF
corridor,4,9,7,11,5,2,-2,4,RIGHT,LEFT,True,True,4,6,2,0.5,False,False,False,0,INADEQUATE
corridor,4,9,7,11,9,2,2,4,RIGHT,NONE,False,True,4,,,,False,False,False,0,INVALID_BELIEF
corridor,4,9,7,12,6,3,-1,4,RIGHT,NONE,False,True,4,,,,False,False,False,0,INVALID_BELIEF
corridor,4,9,7,12,8,3,1,4,RIGHT,NONE,False,True,4,,,,False,False,False,0,INVALID_BELIEF
corridor,4,9,7,13,7,4,0,4,RIGHT,NONE,True,True,4,,,,False,True,False,0,FALSE_TERMINAL
corridor,4,10,7,6,7,-4,0,4,RIGHT,RIGHT,True,False,3,3,0,0.0,False,False,True,0,ADEQUATE
corridor,4,10,7,7,6,-3,-1,4,RIGHT,NONE,False,True,3,,,,False,False,False,0,INVALID_BELIEF
corridor,4,10,7,7,8,-3,1,4,RIGHT,NONE,False,True,3,,,,False,False,False,0,INVALID_BELIEF
corridor,4,10,7,8,5,-2,-2,4,RIGHT,NONE,False,True,3,,,,False,False,False,0,INVALID_BELIEF
corridor,4,10,7,8,9,-2,2,4,RIGHT,NONE,False,True,3,,,,False,False,False,0,INVALID_BELIEF
corridor,4,10,7,9,4,-1,-3,4,RIGHT,NONE,False,True,3,,,,False,False,False,0,INVALID_BELIEF
corridor,4,10,7,9,10,-1,3,4,RIGHT,NONE,False,True,3,,,,False,False,False,0,INVALID_BELIEF
corridor,4,10,7,10,3,0,-4,4,RIGHT,RIGHT,True,False,3,3,0,0.0,False,False,True,0,ADEQUATE
corridor,4,10,7,10,11,0,4,4,RIGHT,NONE,False,True,3,,,,False,False,False,0,INVALID_BELIEF
corridor,4,10,7,11,4,1,-3,4,RIGHT,DOWN,True,True,3,4,1,0.3333333333333333,True,False,False,0,COLLISION
corridor,4,10,7,11,10,1,3,4,RIGHT,NONE,False,True,3,,,,False,False,False,0,INVALID_BELIEF
corridor,4,10,7,12,5,2,-2,4,RIGHT,NONE,False,True,3,,,,False,False,False,0,INVALID_BELIEF
corridor,4,10,7,12,9,2,2,4,RIGHT,NONE,False,True,3,,,,False,False,False,0,INVALID_BELIEF
corridor,4,10,7,13,6,3,-1,4,RIGHT,DOWN,True,True,3,4,1,0.3333333333333333,True,False,False,0,COLLISION
corridor,4,10,7,13,8,3,1,4,RIGHT,NONE,False,True,3,,,,False,False,False,0,INVALID_BELIEF
corridor,4,10,7,14,7,4,0,4,RIGHT,NONE,False,True,3,,,,False,False,False,0,INVALID_BELIEF
corridor,4,11,7,7,7,-4,0,4,RIGHT,RIGHT,True,False,2,2,0,0.0,False,False,True,0,ADEQUATE
corridor,4,11,7,8,6,-3,-1,4,RIGHT,NONE,False,True,2,,,,False,False,False,0,INVALID_BELIEF
corridor,4,11,7,8,8,-3,1,4,RIGHT,NONE,False,True,2,,,,False,False,False,0,INVALID_BELIEF
corridor,4,11,7,9,5,-2,-2,4,RIGHT,DOWN,True,True,2,3,1,0.5,True,False,False,0,COLLISION
corridor,4,11,7,9,9,-2,2,4,RIGHT,NONE,False,True,2,,,,False,False,False,0,INVALID_BELIEF
corridor,4,11,7,10,4,-1,-3,4,RIGHT,NONE,False,True,2,,,,False,False,False,0,INVALID_BELIEF
corridor,4,11,7,10,10,-1,3,4,RIGHT,NONE,False,True,2,,,,False,False,False,0,INVALID_BELIEF
corridor,4,11,7,11,3,0,-4,4,RIGHT,DOWN,True,True,2,3,1,0.5,True,False,False,0,COLLISION
corridor,4,11,7,11,11,0,4,4,RIGHT,NONE,False,True,2,,,,False,False,False,0,INVALID_BELIEF
corridor,4,11,7,12,4,1,-3,4,RIGHT,NONE,False,True,2,,,,False,False,False,0,INVALID_BELIEF
corridor,4,11,7,12,10,1,3,4,RIGHT,NONE,False,True,2,,,,False,False,False,0,INVALID_BELIEF
corridor,4,11,7,13,5,2,-2,4,RIGHT,DOWN,True,True,2,3,1,0.5,True,False,False,0,COLLISION
corridor,4,11,7,13,9,2,2,4,RIGHT,NONE,False,True,2,,,,False,False,False,0,INVALID_BELIEF
corridor,4,11,7,14,6,3,-1,4,RIGHT,NONE,False,True,2,,,,False,False,False,0,INVALID_BELIEF
corridor,4,11,7,14,8,3,1,4,RIGHT,NONE,False,True,2,,,,False,False,False,0,INVALID_BELIEF
corridor,4,11,7,15,7,4,0,4,RIGHT,NONE,False,True,2,,,,False,False,False,0,INVALID_BELIEF
corridor,4,12,7,8,7,-4,0,4,RIGHT,RIGHT,True,False,1,1,0,0.0,False,False,True,0,ADEQUATE
corridor,4,12,7,9,6,-3,-1,4,RIGHT,DOWN,True,True,1,2,1,1.0,True,False,False,0,COLLISION
corridor,4,12,7,9,8,-3,1,4,RIGHT,NONE,False,True,1,,,,False,False,False,0,INVALID_BELIEF
corridor,4,12,7,10,5,-2,-2,4,RIGHT,LEFT,True,True,1,3,2,2.0,False,False,False,0,INADEQUATE
corridor,4,12,7,10,9,-2,2,4,RIGHT,NONE,False,True,1,,,,False,False,False,0,INVALID_BELIEF
corridor,4,12,7,11,4,-1,-3,4,RIGHT,DOWN,True,True,1,2,1,1.0,True,False,False,0,COLLISION
corridor,4,12,7,11,10,-1,3,4,RIGHT,NONE,False,True,1,,,,False,False,False,0,INVALID_BELIEF
corridor,4,12,7,12,3,0,-4,4,RIGHT,NONE,False,True,1,,,,False,False,False,0,INVALID_BELIEF
corridor,4,12,7,12,11,0,4,4,RIGHT,NONE,False,True,1,,,,False,False,False,0,INVALID_BELIEF
corridor,4,12,7,13,4,1,-3,4,RIGHT,DOWN,True,True,1,2,1,1.0,True,False,False,0,COLLISION
corridor,4,12,7,13,10,1,3,4,RIGHT,NONE,False,True,1,,,,False,False,False,0,INVALID_BELIEF
corridor,4,12,7,14,5,2,-2,4,RIGHT,NONE,False,True,1,,,,False,False,False,0,INVALID_BELIEF
corridor,4,12,7,14,9,2,2,4,RIGHT,NONE,False,True,1,,,,False,False,False,0,INVALID_BELIEF
corridor,4,12,7,15,6,3,-1,4,RIGHT,NONE,False,True,1,,,,False,False,False,0,INVALID_BELIEF
corridor,4,12,7,15,8,3,1,4,RIGHT,NONE,False,True,1,,,,False,False,False,0,INVALID_BELIEF
corridor,4,12,7,16,7,4,0,4,RIGHT,NONE,False,True,1,,,,False,False,False,0,INVALID_BELIEF
